1400618856.242569
5109265197.558863
6811473705.472715
6811473705.472715
1811120480.93262
10673089153.159702
14190948422.939175
14190948422.939175
22006323.249999996
165989091.6533276
290547841.94809115
28153769.99999999
271094073.66466945
454548240.36316675
41271.0
916354.0857142861
2789294.4175824174
2604204.958439979
11762584.461587695
17491073.924524028
17491073.924524028
1400618856.242569
5109265197.558863
6811473705.472715
6811473705.472715
1811120480.93262
10673089153.159702
14190948422.939175
14190948422.939175
3365896.9720053733
21186721.466117643
28422810.914539196
28422810.914539196
22006323.249999996
165989091.6533276
290547841.94809115
28153769.99999999
271094073.66466945
454548240.36316675
52729.66666666665
1047526.5632375526
2007195.8903654488
1400618856.242569
5109265197.558863
6811473705.472715
6811473705.472715
1811120480.93262
10673089153.159702
14190948422.939175
14190948422.939175
22006323.249999996
165989091.6533276
290547841.94809115
28153769.99999999
271094073.66466945
454548240.36316675
41271.0
916354.0857142862
2789294.4175824174
2604204.958439979
11762584.461587695
17491073.924524028
17491073.924524028
1400618856.242569
5109265197.558863
6811473705.472715
6811473705.472715
1811120480.93262
10673089153.159702
14190948422.939175
14190948422.939175
3365896.9720053733
21186721.466117643
28422810.914539196
28422810.914539196
22006323.249999996
165989091.6533276
290547841.94809115
28153769.99999999
271094073.66466945
454548240.36316675
52729.66666666665
1047526.5632375526
2007195.8903654488
5456949019.108282
9972812216.733902
9972812216.733904
6545643377.492795
11413825218.101917
23858127159.380287
23858127159.380287
169261619.89546832
437952838.0176695
119557480.16822588
277641968.64902586
800569842.9412584
919714.0857142867
3805519.515510937
12351942.151525402
23885628.596071675
23885628.596071675
5456949019.108282
9972812216.733902
9972812216.733904
6545643377.492795
11413825218.101917
23858127159.380287
23858127159.380287
13418951.79473809
22536953.111888498
47966842.59794198
47966842.59794198
169261619.89546832
437952838.0176695
119557480.16822588
277641968.64902586
800569842.9412584
478189.5777777783
1058586.9980341853
3581947.833303084
5456949019.108282
9972812216.733902
9972812216.733904
6545643377.492795
11413825218.101917
23858127159.380287
23858127159.380287
169261619.89546832
437952838.0176695
119557480.16822588
277641968.64902586
800569842.9412584
136373494.37077165
136373494.37077165
136373494.37077165
267464117.44097447
134837823.14294705
262828893.0471697
267464117.44097447
16567963.930454286
4671567.614641693
18149828.122143958
16577642.306599012
919714.0857142867
3805519.515510937
12351942.151525402
23885628.596071675
23885628.596071675
5456949019.108282
9972812216.733902
9972812216.733904
6545643377.492795
11413825218.101917
23858127159.380287
23858127159.380287
13418951.79473809
22536953.111888498
47966842.59794198
47966842.59794198
169261619.89546832
437952838.0176695
119557480.16822588
277641968.64902586
800569842.9412584
478189.5777777783
1058586.9980341853
3581947.833303084
381824.5414394283
381824.54143942834
381824.5414394283
136373494.37077165
136373494.37077165
136373494.37077165
267464117.44097447
134837823.14294705
262828893.0471697
267464117.44097447
577034.130546842
332878.2556095896
577034.130546842
577034.130546842
16567963.930454286
4671567.614641693
18149828.122143958
16577642.306599012
48383.00000000001
174475.0
174475.0
80667515956.14067
47996689882.211006
91438441596.42834
485439696.0
485439696.0
66030625371.21401
40919497.83297521
47267499.46624553
692496.0
692496.0
47267499.466245525
43542291.0459152
46886269.48069781
25095956520.886715
18271545809.53561
27605526875.233818
9813736734795.45
6766152466650.5205
10893088435158.883
8899727760.0
8899727760.0
8388261143912.961
53937744.0
53937744.0
20852685006.932606
12839104277.97177
14039670261.209572
12695760.0
12695760.0
14203455788.858904
76944.0
76944.0
46886269.480697796
1743072.0
1804632.0
2936842.0
5873684.0
9167336.130849155
43519193.13497989
95517864.55829981
127357152.74439976
14506397.711659964
31839288.18609994
43029036.15738081
38848738.66053992
135406187497.80756
80565872302.28276
153485955536.86185
485439696.0
485439696.0
84896518334.418
68686299.93392266
79341874.10405499
692496.0
692496.0
60772499.31374425
60731491537.71021
39888124932.74772
60731491537.71021
39888124932.74772
1440491356.359655
857083747.8966252
1632829314.2219348
15182872884.427553
9972031233.18693
12107150.380087
12107150.380087
1179118310.2002501
15182872884.427553
9972031233.18693
357714351.7784524
715428703.556905
34350977.22994944
80004853.23416656
106673137.64555538
357714351.7784524
715428703.5569049
43519193.13497989
95517864.55829981
127357152.74439976
730705.3184459858
844062.49046867
89428587.9446131
178857175.88922626
11450325.743316479
26668284.411388844
32501399.380437665
21284.193103448277
21284.193103448277
844062.4904686701
89428587.9446131
178857175.88922623
14506397.711659964
31839288.18609994
43029036.15738081
38848738.66053992
2492406795.6104
2434521197.907302
3323209060.8138676
27142955.11153461
20474445.11153461
36190606.81537948
1021273915.7569954
830802265.2034669
830802265.2034669
10179468.958044652
9047651.70384487
9047651.70384487
67944062.76119417
71959837.11247921
38350105461.15672
27862653978.835854
41901446062.50855
15303997518703.12
10458506127511.58
16945808482811.893
8899727760.0
8899727760.0
10962895228596.46
53937744.0
53937744.0
28301462961.77166
19419417908.97178
21026669600.063156
12695760.0
12695760.0
19415439864.31463
76944.0
76944.0
69265557.31876393
663977814.2328368
528638223.492397
709502318.8213333
284746191.5149675
194110437.51900807
1138984766.05987
776441750.0760323
364268848133.55634
229290211805.52853
364268848133.55634
243777785790.67227
1138984766.05987
776441750.0760323
213822451279.61066
155904542379.6889
233262193130.88318
91067212033.38908
57322552951.38213
211898280.0
211898280.0
172520021232.78177
91067212033.38908
60944446447.66807
1454347.4810098608
1454347.4810098608
527678129.11754847
284746191.5149675
194110437.51900807
11747368.0
23494736.0
27502008.392547462
20563153.392547462
36669344.52339662
2640603679.068264
5281207358.136528
2424058987.4279375
2204890539.92245
3232078649.9039173
2640603679.068264
5580103133.168688
2492406795.6104
2434521197.907302
3323209060.8138676
11747368.0
23494736.0
27142955.11153461
20474445.11153461
36190606.81537948
381372199.1624206
403241018.5898037
660150919.767066
1320301839.534132
808019662.4759793
302280.0
302280.0
373649277.44492614
660150919.767066
1395025783.292172
1021273915.7569954
830802265.2034669
830802265.2034669
3318.0
3318.0
1804632.0
2936842.0
5873684.0
10179468.958044652
9047651.70384487
9047651.70384487
1906652.000000001
23942624.000000004
1829919.771228071
1906652.0000000014
23942624.00000001
1829919.7712280713
80667515956.14067
47996689882.211006
91438441596.42834
485439696.0
485439696.0
66030625371.21401
40919497.83297521
47267499.46624553
692496.0
692496.0
47267499.466245525
43542291.0459152
46886269.48069781
25095956520.886715
18271545809.53561
27605526875.233818
9813736734795.45
6766152466650.5205
10893088435158.883
8899727760.0
8899727760.0
8388261143912.961
53937744.0
53937744.0
20852685006.932606
12839104277.97177
14039670261.209572
12695760.0
12695760.0
14203455788.858904
76944.0
76944.0
46886269.480697796
70868793067.40579
281273003121.4985
70909160450.79773
70868793067.40576
281273003121.4985
70909160450.79773
40333757978.070335
23998344941.105503
25174750225.066162
45719220798.21417
275622001071.4216
17717198266.851448
70318250780.37462
17727290112.699432
242719848.0
242719848.0
10601703671.886639
33015312685.607006
243789337431.75388
17717198266.85144
70318250780.37462
17727290112.699432
1181147805.82533
1181819340.8466306
1181147805.82533
1181819340.8466306
20459748.916487604
8571586.729678638
23633749.733122766
314332408.6815253
295286951.4563325
295454835.21165764
211699928.37947637
345134717.84205884
346248.0
346248.0
7186573.1296786405
23633749.733122762
314332408.6815253
295286951.4563325
295454835.21165764
8965551.157894738
86739659.99999997
86739659.99999997
211699928.37947637
345134717.84205884
15085586.651100164
1557523.7227979768
21771145.5229576
238099.63137996217
23443134.740348905
23443134.740348905
4628511.04230371
4628500.498439721
1906652.000000001
23942624.000000004
1829919.771228071
92174584.44376956
150814053.6142094
8164640501.48069
12547978260.443357
9135772904.767805
699298617.3629489
13802763437.616909
13802763437.616909
12008779654.387302
281226264.9207892
1116162710.7995956
281385557.3444358
1124905059.6831567
4464650843.198382
1125542229.3777432
507789974469.7263
2014941354383.4001
507968408668.0839
585340446042.0449
2014941354383.4001
507968408668.0839
1124905059.6831567
4464650843.198382
1125542229.3777432
4906868367397.725
3383076233325.2603
377621253375.99243
5446544217579.441
126947493617.43158
503735338595.85004
126992102167.02098
4449863880.0
4449863880.0
136055197122.54514
4194130571956.4805
3787337780039.4688
146335111510.51123
503735338595.85004
126992102167.02098
466112594.14849997
26968872.0
26968872.0
294491768.66351765
10426342503.466303
10426342503.466303
13802763437.616907
12557160149.143358
13802763437.616907
281226264.9207892
1116162710.7995956
281385557.3444358
18748487.367047034
18759037.156295717
8463178904.618378
8466140144.468063
9755686933.520588
8466140144.468063
18748487.367047034
18759037.156295717
6419552138.985885
128573800.94517958
7019835130.604786
2115794726.1545944
2116535036.1170158
8783935140.043615
13395598545.39579
6347880.0
6347880.0
92227688.49754256
7101727894.429452
5141531182.282793
2438921733.380147
2116535036.1170158
58335267.13550901
1264898274.4418437
1264898274.4418437
8783935140.043615
13395598545.39579
1303043.0000000163
15085586.651100168
1619013.7202590704
1557523.7227979768
38472.0
38472.0
199627.03137996225
23443134.740348898
23443134.7403489
23443134.740348898
23443134.7403489
23443134.7403489
23443134.740348905
4687121.841761759
4689759.289073929
1906652.0000000014
23942624.00000001
1829919.7712280715
5723849.623996604
47899545.71017451
47899545.71017451
92174584.44376956
150814053.6142094
34681204.2567376
29351023.29143358
37000984.547580086
31897974.844984822
31488184.85831578
1743072.0
1804632.0
2936842.0
12486321.467296083
43519193.13497989
95517864.55829981
127357152.74439976
14506397.711659964
31839288.18609994
43029036.15738081
38848738.66053992
135406187497.80756
80565872302.28276
153485955536.86185
485439696.0
485439696.0
84896518334.418
68686299.93392266
79341874.10405499
692496.0
692496.0
60772499.31374425
60731491537.71021
19944062466.373913
60731491537.71021
19944062466.373913
1440491356.359655
857083747.8966252
1632829314.2219348
15182872884.427553
4986015616.593478
12107150.380087
12107150.380087
1179118310.2002501
15182872884.427553
4986015616.593478
357714351.7784524
34350977.22994944
80004853.23416656
106673137.64555538
357714351.7784524
357714351.7784524
43519193.13497989
95517864.55829981
127357152.74439976
730705.3184459858
844062.49046867
89428587.9446131
11450325.743316479
26668284.411388844
32501399.380437665
21284.193103448277
21284.193103448277
844062.4904686701
89428587.9446131
89428587.9446131
14506397.711659964
31839288.18609994
43029036.15738081
38848738.66053992
2492406795.6104
2434521197.907302
3323209060.8138676
37934484.23450894
20474445.11153461
50579312.31267858
1097006360.7569954
830802265.2034669
830802265.2034669
13472183.958044652
12644828.078169646
12644828.078169646
67944062.76119417
71959837.11247921
38350105461.15672
27862653978.835854
41901446062.50855
15303997518703.12
10458506127511.58
16945808482811.893
8899727760.0
8899727760.0
10962895228596.46
53937744.0
53937744.0
28301462961.77166
19419417908.97178
21026669600.063156
12695760.0
12695760.0
19415439864.31463
76944.0
76944.0
69265557.31876393
663977814.2328368
528638223.492397
709502318.8213333
284746191.5149675
97055218.759504
1138984766.05987
388220875.038016
364268848133.55634
114645105902.76425
364268848133.55634
121888892895.33614
1138984766.05987
388220875.038016
213822451279.61066
155904542379.6889
233262193130.88318
91067212033.38908
28661276475.691063
211898280.0
211898280.0
172520021232.78177
91067212033.38908
30472223223.834034
1454347.4810098608
1454347.4810098608
527678129.11754847
284746191.5149675
97055218.759504
11747368.0
37458964.40188825
20563153.392547462
49945285.86918433
2640603679.068264
2626993145.4735384
2204890539.92245
3502657527.298053
2790051566.584343
2640603679.068264
2492406795.6104
2434521197.907302
3323209060.8138676
11747368.0
11747368.0
37934484.23450894
20474445.11153461
50579312.31267858
381372199.1624206
403241018.5898037
660150919.767066
875664381.8245132
302280.0
302280.0
373649277.44492614
697512891.6460857
660150919.767066
1097006360.7569954
830802265.2034669
830802265.2034669
3318.0
3318.0
1804632.0
2936842.0
2936842.0
13472183.958044652
12644828.078169646
12644828.078169646
21759596.567489944
47758932.279149905
63678576.37219988
7253198.855829982
15919644.09304997
21514518.078690406
19424369.33026996
112924866628.15262
1859907838568.3103
553247976395.9562
112924866628.15262
1859907838568.3103
553247976395.9562
67703093748.90378
40282936151.14138
76742977768.43092
415341697741.3199
485642956713.45966
28231216657.038155
464976959642.0776
138311994098.98904
242719848.0
242719848.0
42448259167.209
313443433840.8266
44662073433.37864
28231216657.038155
464976959642.0776
138311994098.98904
1882081110.469211
9624923810.307922
1882081110.469211
9624923810.307922
34343149.96696133
39670937.05202749
423512915.90920204
453423672.9668491
470520277.6173028
2406230952.5769806
345134717.84205884
346248.0
346248.0
30386249.656872123
404141668.30481815
59286179.96956224
470520277.6173028
2406230952.5769806
8965551.157894738
86739660.0
86739660.0
345134717.84205884
3664610952.8877206
30365745768.855106
9972031233.186956
551333378.9327855
3664610952.8877206
30365745768.855106
9972031233.186956
9972031233.186956
720245678.1798275
428541873.9483126
816414657.1109674
4921821447.703957
5669707181.450125
916152738.2219301
7591436442.213777
2493007808.296739
6053575.1900435
6053575.1900435
589559155.1001251
4353381025.567035
724594092.240963
137833344.73319638
916152738.2219301
7591436442.213777
2493007808.296739
2493007808.296739
134810353.76570088
178857175.8892262
17175488.61497472
40002426.61708328
53336568.82277769
18377779.297759518
134810353.76570088
178857175.8892262
178857175.8892262
21759596.567489944
47758932.279149905
63678576.37219988
365352.6592229929
422031.245234335
5613078.72645581
5931278.269622268
33702588.44142522
44714293.97230655
9017912.118727548
415554.73118897184
5725162.8716582395
13334142.205694422
16250699.690218832
10642.096551724138
10642.096551724138
422031.2452343351
5613078.72645581
1479612.3960431279
4594444.8244398795
33702588.44142522
44714293.97230655
44714293.97230655
588731.9999999999
2776409.9999999995
2776409.9999999995
9017912.118727548
473552.0
473552.0
37995.073684210525
7253198.855829982
15919644.09304997
21514518.078690406
19424369.33026996
382648.05182186235
1246203397.8052
1217260598.953651
1661604530.4069338
25347882.117254466
10237222.555767305
46371121.43755953
608069829.9808751
415401132.60173345
415401132.60173345
35835108.0
22797545.0
22797545.0
23273899.5575709
1665152.0581037947
33972031.380597085
37015083.523125224
35979918.556239605
8128458.321392331
58389742.10135577
34681204.2567376
29351023.291433576
150814053.6142094
11142402592.880537
19175052730.57836
13931326989.417927
21501832064.79189
20950723031.254276
17867341509.65474
487707499.28353995
8128538290.248647
2503517112.0159826
1950829997.1341598
32514153160.994587
10014068448.06393
770444041805.0461
12182376894362.383
3483175457091.743
827893414696.2712
12182376894362.383
3483175457091.743
1950829997.1341593
32514153160.994587
10014068448.06393
7651998759351.56
5229253063755.79
8472904241405.946
192611010451.26154
3045594223590.5957
870793864272.9358
4449863880.0
4449863880.0
5481447614298.23
528925581990.93744
5079375514960.723
206973353674.0678
3045594223590.5957
870793864272.9358
544125962.002734
26968872.0
26968872.0
14131560721.954048
14150731480.88583
22721059906.60905
1325846815.8012424
19027923706.009636
22721059906.60905
487707499.28353983
8128538290.248647
2503517112.0159826
32513833.285569325
233558968.40542307
12840734030.0841
67714380211.30127
13798223578.27119
67714380211.30127
32513833.285569325
233558968.40542307
9709708954.48589
10513334800.031578
3210183507.521025
16928595052.825317
13395598545.39579
6347880.0
6347880.0
9707719932.157314
527819760.48865163
7316350165.714701
3449555894.5677977
16928595052.825317
58335267.13550902
1264898274.4418435
1264898274.4418435
13395598545.39579
1367923.0000000137
19923758.04371905
1665152.0581037947
1665152.0581037947
38472.0
38472.0
34600594.38318678
36776342.54356033
34632778.65938196
41952712.53529358
2895507.5377928354
40590351.12502648
35979918.556239605
8128458.321392331
58389742.10135577
37000984.547580086
31897974.844984822
31488184.85831578
5723849.623996605
47899545.71017453
47899545.71017453
150814053.6142094
242439645.8423967
609989716.1446446
331988907.1164184
264319111.7461985
354751159.41066664
316099252.21810675
24263804.689876005
142373095.75748375
48527609.379752
48527609.379752
2439958864.5785785
97055218.75950402
569492383.029935
145582828.139256
194110437.519008
28661276475.691055
182134424066.77817
57322552951.382126
2799766014.2486753
28661276475.691055
182134424066.77817
60944446447.66807
57322552951.382126
2439958864.5785785
46074721.441765666
97055218.75950402
569492383.029935
145582828.139256
194110437.519008
194110437.519008
106911225639.80533
77952271189.84445
116631096565.44159
7165319118.922764
45533606016.69454
14330638237.845531
105949140.0
105949140.0
86260010616.39088
7834807964.332595
74527680462.60863
699941503.5621688
7165319118.922764
45533606016.69454
15236111611.917017
14330638237.845531
11647006.00000018
609989716.1446446
727173.7405049304
727173.7405049304
263839064.55877423
263839064.55877423
354751159.41066664
26265878.3480439
331127511.17584634
354751159.41066664
15368903.138247762
24263804.689876005
142373095.75748375
48527609.379752
48527609.379752
48527609.379752
10954840.0
4405263.0
5873684.0
26473635.636823967
10281576.696273731
71798175.77184193
1320301839.534132
1400986696.608962
1102445269.961225
2010708809.811501
1395025783.2921715
93325533.80828917
1320301839.534132
1246203397.8052
1217260598.953651
1661604530.4069338
10954840.0
4405263.0
5873684.0
1535982.6112841102
5873684.0
25347882.117254466
10237222.555767305
46371121.43755953
190686099.5812103
201620509.29490185
330075459.883533
502677202.45287526
151140.0
151140.0
186824638.72246307
11288007.590059109
118614192.60271877
348756445.82304287
23331383.452072293
330075459.883533
8259216.474378349
76939846.84301823
76939846.84301823
608069829.9808751
415401132.60173345
415401132.60173345
164226209.31013805
1670865.8268231049
502677202.45287526
85171.99999999997
719555.0
93096.0
93096.0
2738710.0
1659.0
1659.0
902316.0
902316.0
902316.0
902316.0
217713.52385429112
902316.0
902316.0
1468421.0
1468421.0
531264.0409868805
1468421.0
2793436.0
2793436.0
1778591.0
3857838.0
18258508.0
18258508.0
5587529.2858240865
12378919.0
35793597.0
35835108.0
22797545.0
22797545.0
14326163.999999998
41512.0
36244344.0
9181087423.433321
1926819215.3136432
9181087423.433321
2295271855.8583302
642273071.7712144
2295271855.8583302
29359441.456657324
29359441.456657324
22019581.09249299
7339860.364164331
7339860.364164331
7339860.364164331
7213329842.467733
4483568151.712336
7213329842.467733
4483568151.712336
3181363599.5205007
16697295.972501596
33394591.945003193
16697295.9725016
33394591.9450032
24349975.94454984
4590543711.71666
963409607.6568217
4590543711.71666
4590543711.71666
963409607.6568217
4590543711.71666
130074571.23065732
1147635927.929165
321136535.88560724
1147635927.929165
82006850.12498988
7404265638.571348
4594617681.876683
7404265638.571349
4594617681.876683
3181363599.5205007
130074571.23065732
1147635927.929165
321136535.88560724
1147635927.929165
82006850.12498988
56471927.44489544
14679720.72832866
14679720.72832866
11009790.546246495
14679720.728328664
14679720.728328664
11009790.546246497
400796.60465116275
3669930.182082165
3669930.182082165
801593.2093023255
17475643.852912396
34951287.70582479
17475643.8529124
34951287.7058248
24349975.94454984
400796.60465116275
3669930.182082166
3669930.182082166
3669930.182082166
801593.2093023255
515729.8492067012
153802125090.50366
25204091778.07528
153802125090.50366
626365835.7470366
82620622.93055004
626365835.7470366
38450531272.625916
8401363926.025092
38450531272.625916
156591458.93675914
27540207.643516686
156591458.93675914
771211391.0961485
771211391.0961485
578408543.3221114
7604584.959123003
7604584.959123003
5703438.719342251
192802847.77403712
192802847.77403712
192802847.77403712
1901146.2397807508
1901146.2397807508
1901146.2397807508
409268056156.7903
253842904290.963
431234950502.6161
267960980521.0218
117378017605.93086
801481093.6075258
498174239.0791483
801481093.6075258
498174239.0791483
372434112.9566668
926312483.920688
1852624967.841376
996513216.0188715
1993026432.037743
837665608.9617976
1855255.1080557334
3710510.2161114668
1855255.1080557334
3710510.2161114668
2897168.7984543494
409140.0764119602
950573.1198903753
950573.1198903753
818280.1528239204
26604520.136739697
78295729.46837959
13770103.821758341
78295729.46837959
10779066.902776651
313182917.87351835
41310311.46527502
313182917.87351835
72155313700.08376
11789931595.974571
72155313700.08376
76901062545.25183
12602045889.037642
76901062545.25183
313182917.87351835
41310311.46527502
313182917.87351835
7822482318.240009
18038828425.02094
3929977198.6581903
18038828425.02094
4194787076.4291077
417659817620.40344
257855209706.86743
439355203932.9781
271805631790.57928
118493204233.79053
8606522461.963793
19225265636.312958
4200681963.012546
19225265636.312958
4679612310.840138
1774066903.1966667
844062064.1376541
516937294.32960594
844062064.1376541
516937294.32960594
383761381.2695013
26604520.136739697
78295729.46837959
13770103.821758345
78295729.46837959
10779066.902776651
8622789.131591132
3802292.479561501
3802292.479561501
2851719.3596711257
391534817.4261971
391534817.4261971
293651113.06964785
385605695.54807425
385605695.54807425
289204271.6610557
3802292.4795615016
3802292.4795615016
2851719.3596711257
42578069.00103971
97883704.35654928
97883704.35654928
85156138.00207943
963917394.9209214
1927834789.841843
1033046505.59813
2066093011.19626
852461047.1969666
45966636.98959077
96401423.88701856
96401423.88701856
96401423.88701856
91933273.97918154
15993861.86862866
2051761.071281615
4103522.14256323
2051761.071281615
4103522.14256323
3053275.5212329766
409140.0764119602
950573.1198903754
950573.1198903754
950573.1198903754
818280.1528239204
86256.0
9181087423.433321
1926819215.3136432
9181087423.433321
2295271855.8583302
642273071.7712144
2295271855.8583302
29359441.456657324
29359441.456657324
22019581.09249299
7339860.364164331
7339860.364164331
7339860.364164331
7342363054.631416
4561995448.867179
7342363054.631416
4561995448.867179
3181363599.5205007
16951642.167162433
33903284.33432487
16951642.16716243
33903284.33432486
24349975.94454984
4590543711.71666
963409607.6568217
4590543711.71666
4590543711.71666
963409607.6568217
4590543711.71666
130456180.3210746
1147635927.929165
71936055.91011235
53354784.00000003
321136535.88560724
1147635927.929165
82205773.94447473
7533298850.735032
4673044979.031527
7533298850.735033
4673044979.031526
3181363599.5205007
130456180.32107458
1147635927.929165
529956.0
63581688.54545455
529956.0
321136535.88560724
1147635927.929165
82205773.94447471
56471927.44489544
14679720.72832866
14679720.72832866
11009790.546246495
14679720.728328664
14679720.728328664
11009790.546246497
400796.60465116275
3669930.182082165
49728.0
3669930.182082165
801593.2093023255
17729990.04757323
35459980.09514646
17729990.047573227
35459980.095146455
24349975.94454984
400796.60465116287
3669930.182082166
756.0
756.0
49728.0
3669930.182082166
3669930.182082166
801593.2093023257
515729.8492067012
153802125090.50366
25204091778.07528
153802125090.50366
626365835.7470366
82620622.93055004
626365835.7470366
38450531272.625916
8401363926.025092
38450531272.625916
156591458.93675914
27540207.643516686
156591458.93675914
771211391.0961485
771211391.0961485
578408543.3221114
7604584.959123003
7604584.959123003
5703438.719342251
192802847.77403712
192802847.77403712
192802847.77403712
1901146.2397807508
1901146.2397807508
1901146.2397807508
417689270064.82056
259009288263.5905
439085677400.1975
272739794446.1872
117378017605.93086
815818117.1812686
506888383.20746434
815818117.1812686
506888383.20746434
372434112.9566668
943930908.737493
1887861817.474986
1012143967.8001779
2024287935.6003559
837665608.9617976
1883515.7963513816
3767031.592702763
1883515.7963513816
3767031.592702763
2897168.7984543494
409140.0764119602
950573.1198903753
694405.0
950573.1198903753
818280.1528239204
26646921.146786064
78295729.46837959
93470720.31060685
77637307.00000001
13770103.821758341
78295729.46837959
10801169.549386078
313182917.87351835
41310311.46527502
313182917.87351835
72155313700.08376
11789931595.974571
72155313700.08376
76901062545.25183
12602045889.037642
76901062545.25183
313182917.87351835
41310311.46527502
313182917.87351835
7887309643.976276
18038828425.02094
20504835139.052727
16432426063.189877
3929977198.6581903
18038828425.02094
4234907123.6331367
426081031528.4337
263021593679.49493
447205930830.55945
276584445715.74475
118851699668.20915
8638456269.796211
19225265636.312958
9715860.0
15668577043.910149
9715860.0
4200681963.012546
19225265636.312958
4697629651.463463
1833816142.2664337
858399087.7113967
525651438.4579219
858399087.7113967
525651438.4579219
391197168.2071244
26646921.146786064
78295729.46837959
58884.0
68581891.36812814
58884.0
13770103.821758345
78295729.46837959
10801169.549386078
10458578.526939968
3802292.479561501
3802292.479561501
2851719.3596711257
391534817.4261971
391534817.4261971
293651113.06964785
385605695.54807425
385605695.54807425
289204271.6610557
3802292.4795615016
3802292.4795615016
2851719.3596711257
42721477.86770638
97883704.35654928
66469744.10773303
97883704.35654928
85442955.73541276
981535819.7377264
1963071639.475453
1048677257.3794364
2097354514.7588727
858435971.1039433
45997387.2802588
96401423.88701856
13860.0
13860.0
53628279.42185087
96401423.88701856
96401423.88701856
91994774.5605176
16989682.519791443
2080021.7595772631
4160043.5191545263
2080021.7595772631
4160043.5191545263
3231718.480475592
409140.0764119602
950573.1198903754
84.0
84.0
694405.0
950573.1198903754
950573.1198903754
818280.1528239204
166552.0
9181087423.43332
1926819215.3136432
9181087423.43332
2295271855.85833
642273071.7712144
2295271855.85833
29359441.45665732
29359441.45665732
22019581.09249299
7339860.36416433
7339860.36416433
7339860.36416433
7213329842.467733
4483568151.712336
7213329842.467733
4483568151.712336
3181363599.5205007
16697295.972501596
33394591.945003193
16697295.9725016
33394591.9450032
24349975.94454984
4590543711.71666
963409607.6568217
4590543711.71666
4590543711.71666
963409607.6568215
4590543711.71666
130074571.23065734
1147635927.929165
321136535.88560724
1147635927.929165
82006850.1249899
7404265638.571348
4594617681.876683
7404265638.571349
4594617681.876683
3181363599.5205007
130074571.23065735
1147635927.929165
321136535.8856072
1147635927.929165
82006850.1249899
56471927.44489544
14679720.72832866
14679720.72832866
11009790.546246495
14679720.72832866
14679720.72832866
11009790.546246495
400796.6046511628
3669930.182082165
3669930.182082165
801593.2093023256
17475643.852912396
34951287.70582479
17475643.8529124
34951287.7058248
24349975.94454984
400796.6046511628
3669930.182082165
3669930.182082165
3669930.182082165
801593.2093023256
515729.8492067012
153802125090.5037
25204091778.07528
153802125090.5037
626365835.7470365
82620622.93055004
626365835.7470365
38450531272.62592
8401363926.025092
38450531272.62592
156591458.9367591
27540207.643516682
156591458.9367591
771211391.0961484
771211391.0961484
578408543.3221112
7604584.959123002
7604584.959123002
5703438.71934225
192802847.7740371
192802847.7740371
192802847.7740371
1901146.2397807506
1901146.2397807506
1901146.2397807506
409268056156.7903
253842904290.963
431234950502.6161
267960980521.0218
117378017605.93086
801481093.6075258
498174239.0791483
801481093.6075258
498174239.0791483
372434112.9566668
926312483.920688
1852624967.841376
996513216.0188715
1993026432.037743
837665608.9617976
1855255.1080557334
3710510.2161114668
1855255.1080557334
3710510.2161114668
2897168.7984543494
409140.0764119602
950573.1198903753
950573.1198903753
818280.1528239204
26604520.13673971
78295729.46837957
13770103.821758341
78295729.46837957
10779066.902776655
313182917.8735183
41310311.46527502
313182917.8735183
72155313700.08376
11789931595.974571
72155313700.08376
76901062545.25185
12602045889.03764
76901062545.25185
313182917.8735183
41310311.46527502
313182917.8735183
7822482318.240007
18038828425.02094
3929977198.6581903
18038828425.02094
4194787076.4291067
417659817620.40356
257855209706.86743
439355203932.97815
271805631790.57928
118493204233.79053
8606522461.963793
19225265636.31296
4200681963.012546
19225265636.31296
4679612310.840138
1774066903.1966667
844062064.1376541
516937294.32960594
844062064.1376541
516937294.32960594
383761381.2695013
26604520.1367397
78295729.46837957
13770103.821758341
78295729.46837957
10779066.902776655
8622789.131591132
3802292.479561501
3802292.479561501
2851719.3596711257
391534817.4261971
391534817.4261971
293651113.0696478
385605695.5480742
385605695.5480742
289204271.6610556
3802292.479561501
3802292.479561501
2851719.359671125
42578069.00103972
97883704.35654928
97883704.35654928
85156138.00207944
963917394.9209216
1927834789.8418431
1033046505.5981299
2066093011.1962597
852461047.1969668
45966636.98959076
96401423.88701855
96401423.88701855
96401423.88701855
91933273.97918151
15993861.86862866
2051761.071281615
4103522.14256323
2051761.071281615
4103522.14256323
3053275.5212329766
409140.07641196006
950573.1198903753
950573.1198903753
950573.1198903753
818280.1528239201
86256.0
85941.0
85941.0
171882.0
9181087423.43332
1926819215.3136432
9181087423.43332
2295271855.85833
642273071.7712144
2295271855.85833
29359441.45665732
29359441.45665732
22019581.09249299
7339860.36416433
7339860.36416433
7339860.36416433
189677360.0
39122820.0
189677360.0
47419340.0
13040940.0
47419340.0
678272.0
73458.0
177324.0
236432.0
678272.0
508704.0
169568.0
24486.0
59108.0
82290.0
82290.0
169568.0
169568.0
7342363054.631416
4561995448.867179
7342363054.631416
4561995448.867179
3181363599.5205007
16951642.167162433
33903284.33432487
16951642.16716243
33903284.33432486
24349975.94454984
112228289.32642984
70883272.07873675
112228289.32642984
70883272.07873675
63038364.42787918
287295.475852438
574590.951704876
287295.4758524381
574590.9517048761
495262.86797892087
4590543711.71666
963409607.6568217
4590543711.71666
4590543711.71666
963409607.6568215
4590543711.71666
120749808.13483146
89559816.00000006
130456180.3210746
1147635927.929165
321136535.88560724
1147635927.929165
82205773.94447473
7533298850.735032
4673044979.031527
7533298850.735033
4673044979.031526
3181363599.5205007
529956.0
81747885.27272728
529956.0
130456180.3210746
1147635927.929165
321136535.8856072
1147635927.929165
82205773.94447474
56471927.44489544
14679720.72832866
14679720.72832866
11009790.546246495
14679720.72832866
14679720.72832866
11009790.546246495
83472.0
400796.6046511628
3669930.182082165
3669930.182082165
801593.2093023256
17729990.047573235
35459980.09514647
17729990.04757323
35459980.09514646
24349975.94454984
756.0
756.0
63936.0
400796.60465116287
3669930.182082165
3669930.182082165
3669930.182082165
801593.2093023257
515729.8492067012
94838680.00000001
95979144.0
19561410.0
94838680.00000001
66177792.0
94838680.00000003
95979144.0
19561410.0
94838680.00000003
66177792.0
1284572.426966292
952764.0000000005
5859738.000000002
23709670.000000004
23994786.0
6520470.0
23709670.000000004
3568476.0
16544448.0
139504831.6269463
86747490.67364348
139504831.62694633
86747490.6736435
63038364.42787918
19047.35172413793
1135387.2954545454
19047.35172413793
5859738.000000002
23709670.000000007
23994786.0
6520470.0
23709670.000000007
3568476.000000001
1273111.3870449478
16544448.0
339136.0
672488.0
73458.0
177324.0
236432.0
339136.0
254352.0
1344976.0
339136.0
672488.0
73458.0
177324.0
236432.0
339136.0
254352.0
1344976.0
888.0
21598.0
84784.0
168122.0
24486.0
59108.0
82290.0
84784.0
43196.0
336244.0
398488.03019683785
796976.0603936757
398488.03019683785
796976.0603936757
495262.86797892087
114.0
114.0
888.0
21598.0
84784.0
168122.0
24486.0
59108.0
82290.0
82290.0
84784.0
84784.0
43196.0
11868.00000000009
336244.0
153802125090.5037
25204091778.07528
153802125090.5037
626365835.7470365
82620622.93055004
626365835.7470365
38450531272.62592
8401363926.025092
38450531272.62592
156591458.9367591
27540207.643516682
156591458.9367591
771211391.0961484
771211391.0961484
578408543.3221112
7604584.959123002
7604584.959123002
5703438.71934225
192802847.7740371
192802847.7740371
192802847.7740371
1901146.2397807506
1901146.2397807506
1901146.2397807506
3861826101.3538795
508744554.3190954
3861826101.3538795
19515776.0
1904004.0
19515776.0
965456525.3384699
169581518.1063651
965456525.3384699
4878944.0
634668.0
4878944.0
13617018.0
12834780.19320137
18156024.0
36312048.0
36312048.0
27234036.0
257823.0
167708.0
343764.0
687528.0
687528.0
515646.0
5624768.419428589
4539006.0
4539006.0
9078012.0
9078012.0
9078012.0
85941.0
85941.0
85941.0
171882.0
171882.0
171882.0
417689270064.82056
259009288263.5905
439085677400.19745
272739794446.1872
117378017605.93086
815818117.1812686
506888383.20746434
815818117.1812685
506888383.20746434
372434112.9566668
943930908.737493
1887861817.474986
1012143967.800178
2024287935.600356
837665608.9617976
1883515.7963513816
3767031.592702763
1883515.7963513816
3767031.592702763
2897168.7984543494
5684681868.902218
3561593976.7302866
6525682234.201858
4113005969.6037035
2272175378.0535808
12469809.92515887
7875919.119859638
12469809.92515887
7875919.119859638
7875919.119859639
13756036.41626184
27512072.83252368
16529933.946922272
33059867.893844545
16626045.791991433
31921.71953915978
63843.43907831956
31921.71953915978
63843.43907831956
63843.43907831956
409140.0764119601
950573.1198903753
1146166.7932624114
950573.1198903753
818280.1528239202
26646921.146786064
78295729.46837957
151985671.41433978
131223549.63275912
13770103.821758341
78295729.46837957
10801169.54938608
313182917.8735183
41310311.46527502
313182917.8735183
72155313700.08376
11789931595.974571
72155313700.08376
76901062545.25185
12602045889.03764
76901062545.25185
313182917.8735183
41310311.46527502
313182917.8735183
7887309643.976276
18038828425.02094
32242501332.897423
26409789034.5074
3929977198.6581903
18038828425.02094
4234907123.6331367
426081031528.43384
263021593679.49493
447205930830.5595
276584445715.74475
118851699668.20915
8638456269.796211
19225265636.31296
9715860.0
21668719472.030643
9715860.0
4200681963.012546
19225265636.31296
4697629651.463463
1833816142.2664337
858399087.7113966
525651438.4579219
858399087.7113966
525651438.4579219
390488204.2302152
26646921.146786064
78295729.46837957
58884.0
99961529.5197376
58884.0
13770103.821758341
78295729.46837957
10801169.549386082
10104096.538485311
3802292.479561501
3802292.479561501
2851719.3596711257
391534817.4261971
391534817.4261971
293651113.0696478
385605695.5480742
385605695.5480742
289204271.6610556
3802292.479561501
3802292.479561501
2851719.359671125
42721477.86770638
97883704.35654928
109777468.68559279
97883704.35654928
85442955.73541276
981535819.7377264
1963071639.475453
1048677257.3794365
2097354514.758873
858435971.1039435
45997387.28025878
96401423.88701855
13860.0
13860.0
78190494.53044227
96401423.88701855
96401423.88701855
91994774.56051756
16989682.519791443
2080021.7595772631
4160043.5191545263
2080021.7595772631
4160043.5191545263
3182315.5267822808
409140.07641196006
950573.1198903753
84.0
84.0
946718.1341838238
950573.1198903753
950573.1198903753
818280.1528239201
166552.0
497836.0
2439472.0
2387052.0
6526994.307465179
5722177.000000004
317334.0
2439472.0
345576.0
634668.0
1991344.0
9757888.0
952002.0
9757888.0
1382304.0
545159443.1135794
1817482547.0349348
239941666.23309
1817482547.0349348
361528176.6679897
545159443.1135794
1930913050.67694
254372277.15954766
1930913050.67694
386856384.0
1991344.0
9757888.0
952002.0
9757888.0
1382304.0
136289860.77839485
454370636.7587337
431618880.66518533
798754706.179746
693546947.89003
79980555.41103
454370636.7587337
90382044.16699742
159961110.82206
6883504935.132681
4134780464.716629
7685718438.539301
4662241865.254771
2482701386.9504814
136289860.77839485
482728262.669235
467453630.0759621
231330.0
492117304.55493116
231330.0
84790759.05318254
482728262.669235
96714096.0
180577590.68499708
62581492.838342756
18552805.71517717
10556355.584210712
18552805.71517717
10556355.584210712
10556355.584210716
497836.0
2439472.0
2387052.0
3393.9999999999995
4586367.180441006
3393.9999999999995
317334.0
2439472.0
345576.0
634668.0
634668.0
343764.0
257823.0
167708.0
343764.0
343764.0
257823.0
687528.0
21525631.84548815
16144223.884116111
13297880.410018869
21525631.84548815
21525631.84548815
16144223.884116111
43051263.6909763
18156024.0
13617018.0
12834780.19320137
18156024.0
21525631.84548815
18156024.0
13617018.0
36312048.0
343764.0
257823.0
167708.0
343764.0
343764.0
343764.0
257823.0
687528.0
5381407.961372037
5381407.961372037
10762815.922744075
19128166.559152324
38256333.11830465
21748975.315387767
43497950.63077553
19593240.383726563
330.0
5605197.889461256
330.0
3648003.3831431638
5624768.419428589
4539006.0
4539006.0
5381407.961372037
4539006.0
4539006.0
11210395.778922511
705399.9999999999
9078012.0
59994.0
119988.0
59994.0
119988.0
119988.0
106.0
85941.0
106.0
85941.0
85941.0
85941.0
85941.0
85941.0
85941.0
85941.0
171882.0
171882.0
171882.0
1926819215.3136435
9181087423.433321
9181087423.433321
642273071.7712145
2295271855.8583302
2295271855.8583302
12730367.999999998
926149678.1859125
4065751217.3744874
29359441.45665732
29359441.45665732
22019581.09249299
7339860.36416433
7339860.36416433
172032.0
64501138.15721371
318593904.781671
2241784075.8561683
7213329842.467733
2241784075.8561683
1590681799.76025
7213329842.467733
16697295.972501598
16697295.972501602
16697295.972501602
12174987.972274914
963409607.6568215
4590543711.71666
963409607.656822
4590543711.71666
4590543711.71666
41003425.06249493
130074571.23065732
321136535.8856072
1147635927.929165
12730367.999999998
890253468.023454
2297308840.9383416
7404265638.571348
2297308840.9383416
1590681799.76025
7404265638.571348
41003425.06249495
28235963.72244772
130074571.23065732
321136535.88560724
1147635927.929165
1147635927.929165
12730367.999999998
1016437804.3436219
926149678.1859125
14679720.72832866
11009790.546246495
14679720.72832866
14679720.72832866
11009790.546246495
400796.60465116287
3669930.182082165
172032.0
71436181.31267084
17475643.852912396
17475643.852912396
17475643.852912396
12174987.972274914
400796.6046511629
400796.6046511629
257864.9246033506
3669930.182082165
3669930.182082165
172032.0
79648476.19541775
64501138.15721371
25204091778.07528
153802125090.50363
153802125090.50363
82620622.93055007
626365835.7470365
626365835.7470365
8401363926.025092
38450531272.62591
38450531272.62591
926149678.1859125
926149678.1859123
4065751217.3744874
27540207.64351667
156591458.9367591
156591458.9367591
2494657.029690299
2494657.0296902996
9978628.118761197
771211391.0961484
771211391.0961484
578408543.3221114
9570384.959123004
9570384.959123004
7177788.71934225
192802847.7740371
192802847.7740371
64501138.15721371
318593904.781671
2392596.239780751
2392596.239780751
940129.9999999997
3760519.999999999
126921452145.48154
409268056156.79034
133980490260.51091
58689008802.965416
431234950502.6161
249087119.53957424
801481093.607526
249087119.53957424
186217056.47833335
801481093.607526
926312483.9206882
996513216.0188717
996513216.0188717
418832804.4808986
1855255.108055733
1855255.108055733
1855255.108055733
1448584.399227174
556575.0764119602
1196298.119890375
940129.9999999998
5389533.4513883265
26604520.136739697
13770103.821758341
78295729.4683796
2494657.029690299
2494657.0296903
41310311.46527503
313182917.8735184
11789931595.974567
72155313700.08374
12602045889.03764
76901062545.25182
76901062545.25182
41310311.465275034
313182917.8735183
313182917.8735183
2097393538.2145538
7822482318.240007
3929977198.6581907
18038828425.020935
890253468.023454
890253468.0234541
128927604853.43372
417659817620.40356
135902815895.28966
59246602116.89526
439355203932.97815
2339806155.4200683
887033451.5983331
8606522461.963789
4200681963.012546
19225265636.312954
19225265636.312954
1016437804.3436219
926149678.1859125
926149678.1859123
258468647.16480303
844062064.1376541
258468647.16480303
191880690.6347506
844062064.1376538
5389533.451388327
4311394.565795565
26604520.1367397
13770103.821758337
78295729.46837957
78295729.46837957
2494657.029690299
2494657.029690299
2494657.0296902996
4785192.4795615
3588894.3596711257
411400566.24594826
308550424.68446106
385605695.5480742
385605695.5480742
289204271.6610557
4785192.479561502
4785192.479561502
3588894.359671125
45557931.32400237
102850141.56148706
71436181.31267084
963917394.9209214
1033046505.59813
1033046505.59813
426230523.59848326
49357641.98959075
49357641.98959075
7996930.934314328
96401423.88701855
96401423.88701855
79648476.19541775
64501138.15721371
2051761.0712816145
2051761.071281614
2051761.071281614
1526637.7606164876
556575.0764119602
556575.0764119602
43128.0
1196298.1198903755
1196298.1198903755
940129.9999999998
940129.9999999997
34634024.70722161
54313910.99322287
49535643.88532438
118482.00000000001
601470.0
601470.0
34634024.70722161
49535643.88532438
34634024.70722161
54313910.99322287
49535643.88532438
118482.00000000001
601470.0
118482.00000000001
601470.0
601470.0
3297064454.7779655
3297064454.7779655
963409607.6568217
4590543711.7166605
4590543711.7166605
5795544033.26117
824266113.6944914
824266113.6944914
321136535.88560724
1147635927.9291651
1147635927.9291651
1448886008.3152926
6365183.999999999
463074839.09295624
2032875608.6872437
14679720.72832866
14679720.72832866
14679720.72832866
14679720.72832866
11009790.546246495
18495590.654494084
3669930.182082165
3669930.182082165
3669930.182082165
3669930.182082165
4623897.663623521
86016.0
32250569.078606855
181745358.19654962
500918879.17504805
1120892037.9280841
2229138003.5024843
3606664921.2338667
455136564.1360974
1120892037.9280841
795340899.880125
2229138003.5024843
3606664921.2338667
45326552.2122036
8348647.986250799
6496308.000000001
45326552.21220361
8348647.986250801
8348647.986250801
7585609.402268287
6087493.986137457
3129075.5496412884
1648532227.388983
481704803.82841074
2295271855.85833
2969411721.2903237
1648532227.388983
1648532227.388983
481704803.828411
2295271855.85833
2295271855.85833
2897772016.6305857
12023898.139534885
20501712.531247467
31971565.73160772
65037285.61532866
412133056.84724575
160568267.9428036
573817963.9645824
742352930.3225809
69870127.40327454
6365183.999999999
311415133.59296167
445126734.011727
445126734.011727
524269315.587372
1148654420.4691708
2260392201.420401
3702132819.285674
478487000.5484212
1148654420.4691708
795340899.880125
2260392201.420401
3702132819.285674
12023898.13953489
20501712.531247474
14117981.86122386
31971565.731607728
65037285.61532866
412133056.84724575
412133056.84724575
160568267.94280362
573817963.9645824
573817963.9645824
724443004.1576464
69012106.09898897
6365183.999999999
319232364.3381171
508218902.1718109
463074839.09295624
508218902.1718109
7339860.36416433
7339860.36416433
5504895.273123248
9341653.548387099
7339860.36416433
7339860.36416433
7339860.36416433
7339860.36416433
5504895.273123248
9247795.327247042
2476433.0048076925
200398.30232558143
1834965.0910410825
2335413.3870967748
1181040.2499999998
86016.0
18465743.490410604
40816584.07782611
45326552.2122036
8737821.926456198
45326552.21220361
8737821.926456198
8737821.926456198
7974783.342473686
3129075.5496412884
6087493.986137457
2476433.0048076925
200398.30232558146
200398.30232558146
200398.3023255814
30852.000000057582
128932.4623016753
1834965.0910410825
1834965.0910410825
1834965.0910410825
1834965.0910410825
2311948.8318117606
1138529.9999999998
86016.0
17948076.83452182
45436339.549137406
32250569.078606855
54983441384.71562
54983441384.71562
12602045889.03764
76901062545.25182
76901062545.25182
92120990718.26242
268478213.5424556
268478213.5424556
41310311.465275034
313182917.8735182
313182917.8735182
361760072.12903225
138536098.82888645
217255643.97289148
198142575.54129753
13745860346.178905
13745860346.178905
4200681963.012546
19225265636.312954
19225265636.312954
23030247679.565605
463074839.09295624
463074839.0929561
2032875608.6872437
67119553.3856139
67119553.3856139
13770103.821758335
78295729.46837956
78295729.46837956
90440018.03225806
34634024.70722161
54313910.99322287
49535643.88532438
1247328.5148451496
1247328.5148451498
4989314.059380598
296777827.9406744
296777827.9406744
385605695.5480742
385605695.5480742
289204271.6610557
458949520.7554707
5117158.573737319
5117158.573737319
5191063.821159294
5191063.821159294
3840100.302901774
7721437.82777883
473928.00000000006
2405880.0
2405880.0
96401423.88701855
96401423.88701855
74194456.9851686
74194456.9851686
114737380.18886767
32250569.078606855
181745358.19654962
1351538.0
1351538.0
1351537.9999999998
1351537.9999999998
2517438.0000000005
118482.00000000001
601470.0
601470.0
1153797.9999999995
4615191.999999999
27789374517.620647
63460726072.74077
128213248154.93839
204634028078.39517
26032588608.575657
66990245130.255455
29344504401.482708
133405134929.75111
215617475251.30804
55657653.24167201
124543559.76978712
247682000.38916492
400740546.803763
50570729.34845524
124543559.76978712
93108528.23916668
247682000.38916492
400740546.803763
694918335.4686567
463156241.9603441
389778480.00000006
821395707.7909998
498256608.00943583
498256608.00943583
433876476.8095943
209416402.2404493
88343741.08368927
1819227.8450838712
927627.5540278665
721812.0
1819227.8450838716
927627.5540278665
927627.5540278665
842845.4891409208
724292.199613587
356008.6409078001
1337580.0
1193928.0
675812.9999999999
2497734.0
118482.00000000001
13521.0
2227.0
601470.0
1153865.0
170178.0
1153865.0
1752787.3488372096
2694766.7256941632
3969194.8590675243
13302260.068369849
33559776.69280696
6885051.9108791705
39147864.7341898
45653095.20967743
34634024.70722161
130194.22757230607
7096190.0
9594744.0
49535643.88532438
59033092.11912869
794276.9811932923
1247328.5148451496
1247328.51484515
1247328.5148451496
134239106.77122784
20655155.732637513
156591458.9367592
182612380.8387097
138536098.82888645
21288570.000000004
28784232.000000004
198142575.54129753
236132368.47651476
27392919749.390606
5894965797.987284
36077656850.04187
44271107819.81401
27491720692.35781
27491720692.35781
6301022944.51882
38450531272.62591
38450531272.62591
46060495359.13121
134239106.7712278
134239106.7712278
20655155.732637517
156591458.93675914
156591458.93675914
180880036.06451613
138536098.82888645
21288570.000000004
28784232.000000007
217255643.97289148
198142575.54129753
236827288.74193057
612140560.5700105
1048696769.1072769
1662150285.7155774
3911241159.1200037
6848229937.3476515
1964988599.3290954
9019414212.510468
11067776954.953503
69870127.40327454
311415133.59296167
445126734.011727
445126734.01172704
445126734.011727
28678230488.485435
64463802426.71686
129306723729.22574
208829908810.20178
26811145780.46201
67951407947.64483
29623301058.44763
134451265254.64334
219677601966.48907
607567159.4014376
1169903077.7100341
443516725.79916656
1841067257.5382957
4303261230.9818945
6872930173.089453
6872930173.089453
2100340981.506273
9612632818.156477
9612632818.156477
11515123839.782803
69012106.09898897
319232364.3381171
508218902.1718109
463074839.09295624
463074839.0929561
508218902.1718109
59858200.817757204
129234323.58240151
252760743.68809372
422031032.06882703
54771276.92454044
129234323.58240151
95940345.3173753
252760743.68809372
422031032.0688269
1752787.3488372099
2694766.7256941637
2155697.2828977825
3969194.8590675252
13302260.06836985
33559776.69280695
33559776.69280695
6885051.910879169
39147864.734189786
39147864.734189786
45220009.01612903
34634024.70722161
130194.22757230607
7096190.0
9594744.0
54313910.99322287
49535643.88532438
60115591.82111952
794276.9811932921
1247328.5148451496
1247328.5148451496
1247328.5148451498
1247328.5148451496
2661709.4784410256
2661709.4784410256
1920050.1514508873
7276623.816518965
473928.00000000006
1804410.0
816320.0000000001
2405880.0
4615191.999999999
208175468.94276088
208175468.94276088
155845733.2330741
271349579.01158625
148388913.9703372
148388913.9703372
192802847.7740371
192802847.7740371
144602135.83052784
229474760.37773535
2558579.2868686593
2558579.2868686593
2595531.910579647
2595531.910579647
1920050.151450887
3860718.913889415
473928.00000000006
1804409.9999999998
635624.9999999998
2405880.0
2405880.0
3797067.3996665655
56547060.3857681
25846210.868731063
52043867.23569022
67837394.75289656
1181040.2499999998
18465743.490410604
40816584.07782611
694918335.4686567
481958697.4604607
821395707.7909998
516523252.799065
516523252.799065
449807507.04516304
91897326.03654715
213115261.79924163
62691589.46994995
27552587.78070885
27552587.78070885
18799686.004808296
729087.1509434017
3998465.467157164
48200711.94350927
48200711.94350927
37097228.4925843
37097228.4925843
57368690.09443384
1138529.9999999998
17948076.83452182
45436339.549137406
32250569.078606855
1819227.8450838712
1025880.5356408072
1819227.8450838716
1025880.535640807
1025880.535640807
941098.4707538614
458801.45098942774
763318.8803082438
1337140.0
1193928.0
1193928.0
665750.9999999999
8573.000000000004
21564.0
675769.0
675769.0
675768.9999999999
675768.9999999999
1258719.0000000002
118482.00000000001
13486.000000000002
13402.396600566475
2227.0
211875.0000000001
601470.0
601470.0
601470.0
1153797.9999999995
170165.0
1153797.9999999998
1153797.9999999995
1926819215.3136432
9181087423.43332
9181087423.43332
642273071.7712145
2295271855.85833
2295271855.85833
12730367.999999998
926149678.1859125
4065751217.3744874
29359441.45665732
29359441.45665732
22019581.09249299
7339860.36416433
7339860.36416433
172032.0
64501138.15721371
318593904.7816711
2280997724.4335895
7342363054.631416
2280997724.4335895
1590681799.76025
7342363054.631416
16951642.167162433
16951642.16716243
16951642.16716243
12174987.972274916
963409607.6568215
4590543711.71666
963409607.6568215
4590543711.71666
4590543711.71666
41102886.972237356
130456180.32107458
321136535.8856072
1147635927.929165
71936055.91011235
53354784.00000003
12730367.999999998
890253468.023454
2336522489.5157633
7533298850.735032
2336522489.515763
1590681799.76025
7533298850.735031
41102886.97223736
28235963.72244772
130456180.32107459
321136535.88560724
1147635927.929165
1147635927.929165
529956.0
63581688.54545455
529956.0
12730367.999999998
1016437804.3436219
926149678.1859125
14679720.72832866
11009790.546246495
14679720.728328662
14679720.728328662
11009790.546246495
400796.60465116287
3669930.182082165
49728.0
172032.0
71436181.31267086
17729990.047573235
17729990.047573224
17729990.047573224
12174987.972274916
400796.60465116287
400796.60465116287
257864.92460335064
3669930.1820821655
3669930.1820821655
756.0
756.0
49728.0
172032.0
79648476.19541778
64501138.15721371
25204091778.075275
153802125090.50366
153802125090.50366
82620622.93055007
626365835.7470365
626365835.7470365
8401363926.025092
38450531272.625916
38450531272.625916
926149678.1859125
926149678.1859123
4065751217.3744874
27540207.643516675
156591458.9367591
156591458.9367591
2494657.0296902996
2494657.0296903
9978628.118761197
771211391.0961485
771211391.0961485
578408543.3221114
9570384.959123002
9570384.959123002
7177788.719342252
192802847.77403712
192802847.77403712
64501138.15721371
318593904.7816711
2392596.2397807506
2392596.2397807506
940129.9999999997
3760519.9999999995
129504644131.79526
417689270064.82056
136369897223.09363
58689008802.96542
439085677400.1975
253444191.6037322
815818117.1812687
253444191.6037322
186217056.4783334
815818117.1812687
943930908.737493
1012143967.800178
1012143967.800178
418832804.4808986
1883515.7963513816
1883515.7963513816
1883515.7963513816
1448584.3992271742
556575.0764119602
1196298.1198903753
940129.9999999998
5400584.77469304
26646921.146786064
13770103.821758341
78295729.4683796
2494657.029690299
102071095.31060685
2494657.0296903
81323182.00000001
41310311.46527503
313182917.8735184
11789931595.974567
72155313700.08376
12602045889.037638
76901062545.25183
76901062545.25183
41310311.46527503
313182917.8735182
313182917.8735182
2117453561.8165684
7887309643.976276
3929977198.6581907
18038828425.02094
890253468.023454
20678660441.225548
890253468.0234541
16506922621.26394
131510796839.74745
426081031528.4338
138292222857.87238
59425849834.10457
447205930830.55945
2348814825.7317314
916908071.133217
8638456269.79621
4200681963.012546
19225265636.312958
19225265636.312958
1016437804.3436219
926149678.1859125
9715860.0
15718459218.91014
926149678.1859123
9715860.0
262825719.22896096
858399087.7113968
262825719.22896096
195598584.10356218
858399087.7113967
5400584.77469304
5229289.263469983
26646921.146786064
13770103.821758337
78295729.46837956
78295729.46837956
2494657.029690299
2494657.0296902996
58884.0
75707916.36812812
2494657.0296903
58884.0
4785192.479561501
3588894.359671126
411400566.2459484
308550424.68446106
385605695.54807425
385605695.54807425
289204271.6610557
4785192.479561501
4785192.479561501
3588894.359671126
45701340.190669045
102850141.5614871
71436181.31267086
981535819.7377264
1048677257.3794365
1048677257.3794365
429217985.5519716
49388392.28025879
49388392.28025879
8494841.25989572
96401423.88701856
96401423.88701856
13860.0
13860.0
55348354.42185086
79648476.19541778
64501138.15721371
2080021.7595772631
2080021.759577263
2080021.759577263
1615859.2402377955
556575.0764119602
556575.0764119602
83276.0
1196298.1198903753
1196298.1198903753
84.0
84.0
940129.9999999998
940129.9999999999
940129.9999999997
3196755.8298
590551.811474456
962464.1207999999
46971877.83055831
62621752.69410565
59033092.11912868
3973427.559703063
1086304.864675244
1174097.9321171714
4638175.908259483
204734.99999999994
204734.99999999994
1153797.9999999998
1153797.9999999998
1153797.9999999998
1598377.9149
590551.811474456
962464.1207999999
1598377.9149
590551.811474456
962464.1207999999
46971877.83055831
59033092.11912868
46971877.83055831
62621752.69410565
59033092.11912868
2319087.9541297415
204734.99999999994
204734.99999999994
1153797.9999999998
1986713.7798515316
1086304.864675244
1174097.9321171714
1986713.7798515316
1086304.864675244
1174097.9321171714
2319087.9541297415
204734.99999999994
204734.99999999994
1153797.9999999998
1153797.9999999998
3297064454.7779655
3297064454.7779655
963409607.6568216
4590543711.71666
4590543711.71666
5795544033.26117
824266113.6944914
824266113.6944914
321136535.88560724
1147635927.929165
1147635927.929165
1448886008.3152926
6365183.999999999
463074839.09295624
2032875608.6872437
14679720.72832866
14679720.72832866
14679720.72832866
14679720.72832866
11009790.546246495
18495590.654494084
3669930.182082165
3669930.182082165
3669930.182082165
3669930.182082165
4623897.663623521
86016.0
32250569.078606855
181745358.19654968
508549265.0148732
1140498862.2167947
2272671048.524807
3671181527.315708
455136564.1360974
1140498862.2167947
795340899.880125
2272671048.524807
3671181527.315708
8475821.083581217
6650982.0
45326552.21220361
8475821.083581215
8475821.083581215
7585609.402268287
6087493.986137458
3129075.549641289
45326552.21220361
1648532227.388983
481704803.82841074
2295271855.85833
2969411721.2903237
76894829.50622465
305015079.5080129
76894557.85916299
1648532227.388983
1648532227.388983
481704803.82841074
2295271855.85833
2295271855.85833
2897772016.6305857
76894829.50622463
305015079.5080129
76894557.85916299
12023898.139534885
20551443.486118678
32162370.27681635
65228090.16053729
412133056.84724575
160568267.9428036
573817963.9645824
742352930.3225809
13216499.999999998
69870127.40327454
35968027.955056176
26677392.000000015
420226988.9213482
6365183.999999999
311415133.5929617
445126734.011727
445126734.011727
19223707.37655616
76253769.87700322
19223639.464790747
531899701.42719716
1168261244.7578816
2303925246.4427238
3766649425.367516
478487000.54842126
1168261244.7578814
795340899.880125
2303925246.4427238
3766649425.3675156
12023898.13953489
20551443.48611868
14117981.86122386
32162370.27681636
65228090.160537295
412133056.84724575
412133056.84724575
160568267.94280362
573817963.9645824
573817963.9645824
724443004.1576464
6213582.000000064
69012106.09898897
264978.0
31790844.272727273
264978.0
418287282.2638379
6365183.999999999
319232364.3381171
508218902.1718109
463074839.09295624
508218902.1718109
19223707.376556158
76253769.87700322
19223639.464790747
7339860.36416433
7339860.36416433
5504895.273123248
9341653.548387099
1281580.4917704104
1281575.964319383
7339860.36416433
7339860.36416433
7339860.364164331
7339860.364164331
5504895.273123248
9247795.327247042
1281580.4917704104
1281575.964319383
200398.30232558143
2476433.004807692
1834965.0910410825
2335413.3870967748
1406415.2479964541
1406415.2479964541
18.0
4499.999999999999
1181040.2499999998
720620.0
24864.0
644560.0
86016.0
18465743.490410607
40816584.07782612
320395.1229426026
320393.99107984576
1351482.64893617
8864995.023786617
45326552.21220361
8864995.023786612
8864995.023786612
7974783.342473686
3129075.549641289
6087493.986137458
45326552.21220361
200398.30232558143
200398.30232558143
200398.30232558143
30852.00000005758
128932.46230167532
2476433.0048076925
1834965.0910410827
1834965.0910410827
1834965.0910410825
1834965.0910410825
2311948.8318117606
1406415.2479964541
1406415.2479964541
18.0
4500.0
1138529.9999999998
42091.789473684206
222409.38461538457
222409.38461538457
720620.0
378.0
378.0
24864.0
644560.0
86016.0
17948076.834521823
45436339.54913742
32250569.078606855
320395.1229426026
320393.99107984576
1351482.64893617
12787023.3192
2362207.245897824
3849856.4831999997
3196755.8298
590551.811474456
962464.1207999999
54983441384.71562
54983441384.71562
12602045889.037638
76901062545.25183
76901062545.25183
92120990718.26242
268478213.5424556
268478213.5424556
41310311.465275034
313182917.8735182
313182917.8735182
361760072.12903225
187887511.32223323
250487010.7764226
236132368.47651473
13745860346.178905
13745860346.178905
4200681963.012546
19225265636.312958
19225265636.312958
23030247679.565605
463074839.09295624
463074839.0929561
2032875608.6872437
67119553.3856139
67119553.3856139
13770103.821758337
78295729.46837956
78295729.46837956
90440018.03225806
46971877.83055831
62621752.69410565
59033092.11912868
1247328.5148451498
1247328.51484515
4989314.059380598
296777827.9406745
296777827.9406745
385605695.54807425
385605695.54807425
289204271.6610557
458949520.75547075
15893710.238812253
4345219.458700976
4696391.728468685
5117158.573737319
5117158.573737319
5191063.821159293
5191063.821159293
3840100.302901775
7721437.827778828
14875383.633037932
818939.9999999998
818939.9999999998
4615191.999999999
4615191.999999999
4615191.999999999
96401423.88701856
96401423.88701856
74194456.98516862
74194456.98516862
114737380.18886769
32250569.078606855
181745358.19654968
3973427.559703063
1086304.864675244
1174097.9321171714
1351537.9999999998
1351537.9999999998
1351537.9999999998
1351537.9999999998
2517438.0
4995468.0
204734.99999999994
204734.99999999994
1153797.9999999998
1153797.9999999998
1153797.9999999995
4615192.0
1153797.9999999998
28317927262.124794
64752322065.89763
130970335061.56711
208844635032.41028
26032588608.575657
68184948611.546814
29344504401.48271
136040961356.58403
219542838700.09875
56505473.890541464
126722095.8018661
252519005.39164525
407909058.59063435
50570729.34845524
126722095.8018661
93108528.2391667
252519005.39164525
407909058.59063435
6393511.6596
2362207.245897824
3849856.4831999997
6393511.6596
2362207.245897824
3849856.4831999997
471965454.3687465
399058920.0
694918335.4686565
506071983.900089
506071983.900089
433876476.8095943
209416402.2404493
88343741.08368929
821395707.7909998
941757.8981756908
738998.0
1819227.8450838712
1598377.9149
590551.811474456
962464.1207999999
941757.8981756908
941757.8981756908
842845.4891409208
724292.1996135871
356008.6409078001
1819227.8450838716
1598377.9149
590551.811474456
962464.1207999999
1337580.0
1272134.0
675812.9999999999
2497734.0
204749.99999999994
75810.99999999997
204749.99999999994
13520.999999999998
2.0
125.0
2227.0
1153865.0
170178.0
675812.9999999999
1153865.0
5085.636872104803
5085.636872104803
2609129.0
1752787.3488372096
2700292.38734652
3990395.364090706
13323460.573393032
33559776.69280696
6885051.9108791705
39147864.7341898
45653095.20967743
46971877.83055831
367124.99999999994
130194.22757230607
62130546.14798756
794276.9811932927
54976919.69375729
7096190.000000002
9594744.000000002
1247328.5148451496
62621752.694105655
1247328.51484515
41522916.0
1247328.5148451496
59033092.11912868
305138.2123262883
1210377.2996349726
305137.13436175784
134239106.77122784
20655155.732637513
156591458.9367592
182612380.8387097
187887511.32223323
21288570.000000004
28784232.000000004
236132368.47651473
1220552.8493051531
4841509.19853989
1220548.5374470314
27392919749.39061
5894965797.987284
36077656850.04188
44271107819.81401
507152352.9561382
2011699561.4592984
507151149.9477224
27491720692.35781
27491720692.35781
6301022944.518819
38450531272.625916
38450531272.625916
46060495359.13121
628951317.6949643
2011699561.4592984
507151149.9477224
134239106.7712278
134239106.7712278
20655155.732637513
156591458.9367591
156591458.9367591
180880036.06451613
187887511.32223323
21288570.000000004
28784232.000000004
236827288.74193054
250487010.7764226
236132368.47651473
1220552.8493051531
4841509.19853989
1220548.5374470314
616442826.5700104
1058726780.9082842
1682732717.0837111
3943654821.988138
6848229937.347652
1964988599.3290954
9019414212.51047
11067776954.953503
198247499.99999997
69870127.40327454
311415133.5929617
445126734.011727
10434184719.361992
445126734.01172704
8263880326.647346
445126734.011727
126788088.23903455
502924890.3648246
126787787.4869306
29206783232.989582
65755398419.873726
132063810635.85448
213040515764.2169
26811145780.46201
69146111428.93619
29712924917.052284
137087091681.47624
223602965415.27972
607567159.4014378
1174407412.8658657
458454035.5666085
1854497262.474393
4319228134.898105
6872930173.089453
6872930173.089453
2100340981.506273
9612632818.156479
9612632818.156479
11515123839.782803
79740969.00000082
69012106.09898897
319232364.3381171
508218902.1718109
463074839.09295624
4857930.0
7874154478.896866
6717759501.6865635
463074839.0929561
4857930.0
508218902.1718109
157237829.42374107
502924890.3648246
126787787.4869306
60706021.46662665
131412859.61448048
257597748.69057405
429199543.8556984
54771276.924540415
131412859.61448048
97799292.05178109
257597748.69057405
429199543.85569835
1752787.3488372103
2700292.38734652
2614644.6317349914
3990395.364090706
13323460.573393032
33559776.69280695
33559776.69280695
6885051.910879169
39147864.73418978
39147864.73418978
45220009.01612903
46971877.83055831
172599.5000000018
130194.22757230607
40716005.213789605
794276.9811932922
1101436.5638170023
7096190.000000002
9594744.000000002
1247328.5148451496
1247328.5148451498
29442.0
45314869.75998419
60115591.82111951
51478095.710463755
1247328.51484515
29442.0
1247328.5148451496
60115591.82111951
62621752.69410565
59033092.11912868
305138.2123262883
1210377.2996349726
305137.13436175784
2661709.478441026
2661709.478441026
1920050.1514508876
7276623.816518965
7437691.816518966
818939.9999999998
818939.9999999998
2074845.0000000002
816320.0000000001
4615191.999999999
20342.547488419215
20342.475624117185
208175468.94276094
208175468.94276094
155845733.2330741
271349579.01158625
8452539.215935634
8452519.165795371
148388913.97033724
148388913.97033724
192802847.77403712
192802847.77403712
144602135.83052784
229474760.37773538
10482521.961582735
8452519.165795371
7946855.119406126
4345219.458700976
4696391.728468685
7946855.119406126
4345219.458700976
4696391.728468685
2558579.2868686593
2558579.2868686593
2595531.9105796465
2595531.9105796465
1920050.1514508876
3860718.913889414
7437691.816518966
818939.9999999998
818939.9999999998
2018503.4050524982
816319.9999999998
3797067.3996665655
4615191.999999999
4615191.999999999
20342.547488419215
20342.475624117185
56547060.385768116
25917915.302064404
52043867.235690236
67837394.75289656
34071802.64616037
34071802.64616037
1080.0
67499.99999999999
1181040.2499999998
18465743.490410607
40816584.07782612
2113134.8039839086
2113129.7914488427
63152279.11037263
694918335.4686565
490767909.8688632
821395707.7909998
524338628.68971825
524338628.68971825
449807507.04516304
91897326.03654717
214608992.7759858
62691589.46995
27567962.92604287
27567962.92604287
18799686.004808296
729087.1509434017
4247420.62994786
48200711.94350928
48200711.94350928
37097228.49258431
37097228.49258431
57368690.094433844
34071802.64616037
34071802.64616037
1080.0
57750.0
1138529.9999999998
17948076.834521823
375932.49261852266
5751317.535248531
5751317.535248531
6930.0
6930.0
28925163.45121078
45436339.54913742
32250569.078606855
12871056.000000002
40816584.07782612
2620630.490395684
2113129.7914488427
63152279.11037263
1819227.8450838712
1040010.8797886316
1986713.7798515316
1086304.864675244
1174097.9321171714
1819227.8450838716
1040010.8797886315
1040010.8797886315
941098.4707538614
523313.6254962866
807929.6201188978
1986713.7798515316
1086304.864675244
1174097.9321171714
1337140.0
1271989.0
1271989.0
1258719.0
16870.99999999999
41638.0
675768.9999999999
675768.9999999999
675768.9999999999
675768.9999999999
1258719.0
2497734.0
204734.99999999994
75758.0
75758.0
204734.99999999994
13486.000000000004
13402.396600566477
2.0
125.0
2227.0
763799.9999999999
1153798.0
170165.0
6909.830188679256
675768.9999999999
79165.99999999999
651186.0
651186.0
42.0
420390.99999999994
42.0
1153797.9999999998
1153798.0
1153797.9999999995
763800.0
1153797.9999999998
1153797.9999999998
5085.636872104804
5085.618906029296
2609129.0
1926819215.3136435
9181087423.43332
9181087423.43332
642273071.7712142
2295271855.85833
2295271855.85833
19777536.0
1489217624.0171328
6867632791.797249
29359441.456657317
29359441.456657317
22019581.09249299
7339860.364164329
7339860.364164329
267264.0
116863628.53726482
564911013.8950537
2241784075.856168
7213329842.467733
2241784075.856168
1590681799.7602503
7213329842.467733
16697295.972501596
16697295.9725016
16697295.9725016
12174987.97227492
963409607.6568217
4590543711.71666
963409607.6568216
4590543711.71666
4590543711.71666
41003425.06249495
130074571.23065735
321136535.88560724
1147635927.929165
21368832.0
1298760693.7749496
2297308840.9383416
7404265638.571348
2297308840.9383416
1590681799.7602503
7404265638.571349
41003425.06249495
28235963.722447716
130074571.23065735
321136535.8856072
1147635927.929165
1147635927.929165
19777536.0
1716908197.9493122
1489217624.0171328
14679720.72832866
11009790.546246495
14679720.728328658
14679720.728328658
11009790.546246495
400796.60465116275
3669930.182082165
288768.0
115737193.33151814
17475643.852912396
17475643.8529124
17475643.8529124
12174987.97227492
400796.60465116275
400796.60465116275
257864.9246033506
3669930.1820821646
3669930.1820821646
267264.0
141227753.47376344
116863628.53726482
25204091778.075275
153802125090.50366
153802125090.50366
82620622.93055005
626365835.7470365
626365835.7470365
1489217624.0171328
1489217624.0171328
8401363926.025091
38450531272.625916
38450531272.625916
6867632791.797249
4115185.5762990834
4115185.5762990834
27540207.643516675
156591458.9367591
156591458.9367591
17043696.373187244
771211391.0961484
771211391.0961484
578408543.3221114
9570384.959123004
9570384.959123004
7177788.719342251
116863628.53726482
192802847.7740371
192802847.7740371
564911013.8950537
1536248.6088379705
2392596.239780751
2392596.239780751
6144994.435351882
126921452145.4815
409268056156.7903
133980490260.51091
58689008802.96542
431234950502.6161
249087119.53957415
801481093.6075258
249087119.53957415
186217056.4783334
801481093.6075258
926312483.920688
996513216.0188715
996513216.0188715
418832804.48089874
1855255.1080557334
1855255.1080557334
1855255.1080557334
1448584.3992271747
556575.0764119602
1196298.1198903753
1441036.7932624114
5389533.451388327
26604520.13673971
13770103.82175834
78295729.46837957
3486484.071255188
3486484.071255188
41310311.465275034
313182917.8735183
11789931595.974571
72155313700.08376
12602045889.037638
76901062545.25183
76901062545.25183
41310311.46527503
313182917.8735183
313182917.8735183
2097393538.2145534
7822482318.240008
3929977198.65819
18038828425.02094
1298760693.7749496
1298760693.7749498
128927604853.4337
417659817620.4035
135902815895.28964
59246602116.89528
439355203932.97815
2339806155.4200687
887033451.5983334
8606522461.96379
4200681963.0125456
19225265636.312958
19225265636.312958
1716908197.9493122
1489217624.0171328
1489217624.0171328
258468647.16480297
844062064.1376541
258468647.16480297
191880690.63475063
844062064.1376541
5389533.451388327
4311394.565795565
26604520.1367397
13770103.82175834
78295729.46837957
78295729.46837957
4260924.093296811
4115185.5762990834
4115185.5762990834
4785192.479561501
3588894.3596711257
411400566.24594826
308550424.6844612
385605695.5480742
385605695.5480742
289204271.6610557
4785192.479561502
4785192.479561502
3588894.3596711257
45557931.324002385
102850141.56148706
115737193.33151814
963917394.9209214
1033046505.5981299
1033046505.5981299
426230523.5984833
49357641.98959076
49357641.98959076
7996930.93431433
96401423.88701855
96401423.88701855
141227753.47376344
116863628.53726482
2051761.071281615
2051761.0712816147
2051761.0712816147
1526637.7606164883
556575.0764119601
556575.0764119601
43128.0
1196298.1198903755
1196298.1198903755
1536248.6088379705
1536248.6088379705
80877198.77979365
75676361.0212798
1334882.9999999998
1334882.9999999998
75676361.0212798
80877198.77979365
75676361.0212798
840.0
1334882.9999999998
21000.0
720.0
840.0
1334882.9999999998
1334882.9999999998
18000.0
21000.0
3297064454.7779665
3297064454.7779665
963409607.6568217
4590543711.71666
4590543711.71666
5857839936.842302
824266113.6944916
824266113.6944916
321136535.8856071
1147635927.929165
1147635927.929165
1464459984.2105756
9888768.0
744608812.0085664
3433816395.8986244
14679720.728328658
14679720.728328658
14679720.728328658
14679720.728328658
11009790.546246495
18772461.337076887
3669930.1820821646
3669930.1820821646
3669930.1820821646
3669930.1820821646
4693115.334269222
133632.0
58431814.26863241
301441688.73214966
500918879.175048
1120892037.928084
2229138003.5024843
3606664921.2338667
455136564.1360972
1120892037.928084
795340899.8801252
2229138003.5024843
3606664921.2338667
45326552.21220361
8348647.986250798
6496308.0
45326552.21220361
8348647.9862508
8348647.9862508
7585609.402268286
6087493.98613746
3129075.5496412893
1648532227.388983
481704803.82841086
2295271855.85833
2357052003.5968127
1648532227.3889832
1648532227.3889832
481704803.8284108
2295271855.85833
2295271855.85833
2928919968.4211507
12023898.139534887
20501712.531247474
31971565.731607728
65037285.61532868
412133056.84724575
160568267.94280362
573817963.9645824
589263000.8992032
10684416.0
327831919.86599296
649380346.8874748
649380346.8874749
524269315.58737195
1148654420.4691708
2260392201.420401
3702132819.2856746
478487000.5484212
1148654420.4691708
795340899.8801252
2260392201.420401
3702132819.2856746
12023898.139534883
20501712.531247474
14117981.861223858
31971565.731607728
65037285.61532868
412133056.8472458
412133056.8472458
160568267.9428036
573817963.9645824
573817963.9645824
732229992.1052877
9888768.0
302944340.1701731
335043963.88648915
858454098.9746561
744608812.0085664
858454098.9746561
7339860.36416433
7339860.36416433
5504895.273123248
7499165.540425532
7339860.364164329
7339860.364164329
7339860.364164329
7339860.364164329
5504895.273123248
9386230.668538444
2476433.004807692
200398.30232558138
1834965.0910410825
1874791.385106383
144384.0
18577907.201344494
63152279.11037265
45326552.21220361
8737821.926456198
45326552.21220361
8737821.9264562
8737821.9264562
7974783.342473684
3129075.5496412893
6087493.98613746
2476433.004807692
200398.30232558138
200398.30232558138
200398.30232558135
30852.00000005758
128932.4623016753
1834965.0910410823
1834965.0910410823
1834965.0910410823
1834965.0910410823
2346557.667134611
133632.0
11630647.45313693
18030256.862261083
75360422.18303742
58431814.26863241
54983441384.71561
54983441384.71561
12602045889.037638
76901062545.25183
76901062545.25183
93117328741.20776
323508795.1191746
302705444.0851192
268478213.5424556
268478213.5424556
41310311.46527503
313182917.8735182
313182917.8735182
366624045.4468086
744608812.0085664
744608812.0085664
13745860346.178902
13745860346.178902
4200681963.0125456
19225265636.312958
19225265636.312958
23279332185.30194
3433816395.8986244
80877198.77979365
75676361.0212798
2057592.7881495417
2057592.7881495417
67119553.3856139
67119553.3856139
13770103.821758337
78295729.46837956
78295729.46837956
91656011.36170214
8521848.186593622
296777827.9406744
296777827.9406744
385605695.5480742
385605695.5480742
289204271.6610557
467454514.1490593
5339531.999999999
5339531.999999999
5117158.573737319
5117158.573737319
5191063.821159294
5191063.821159294
3840100.3029017756
7907382.652345823
58431814.26863241
96401423.88701855
96401423.88701855
74194456.9851686
74194456.9851686
116863628.53726482
301441688.73214966
1334882.9999999998
1334882.9999999998
1258719.0
1351538.0
1351538.0
1351537.9999999998
1351537.9999999998
2517438.0
10338208.0
27789374517.62064
63460726072.74075
128213248154.93837
204634028078.39514
26032588608.575657
66990245130.255455
29344504401.48271
133405134929.7511
215617475251.30804
55657653.241671994
124543559.76978707
247682000.38916484
400740546.8037629
50570729.34845525
124543559.76978707
93108528.2391667
247682000.38916484
400740546.8037629
694918335.4686567
463156241.960344
389778480.0
821395707.7909999
498256608.0094358
498256608.0094358
433876476.80959415
209416402.24044937
88343741.08368927
1819227.8450838714
927627.5540278667
721812.0
1819227.8450838714
927627.5540278667
927627.5540278667
842845.4891409207
724292.1996135873
356008.6409078002
2392370.0
1193928.0
17846.0
75758.0
674894.0
1196185.0
1334883.0
2669766.0
338918.0
1349788.0
2609129.0
1752787.3488372096
2694766.7256941637
3969194.859067525
13302260.068369854
2955790.000000001
3132245.043344544
31197322.229777955
10468420.813991044
14361607.627982087
75676361.0212798
108029300.89086804
820486.0342654221
33559776.692806944
6885051.91087917
39147864.734189786
40612088.16017537
1743242.035627594
1743242.035627594
1743242.0356275938
31405262.441973127
43084822.883946255
302705444.0851192
403445544.50319546
134239106.77122778
20655155.732637517
156591458.93675914
162448352.64070147
27392919749.39061
5894965797.987286
36077656850.04188
38665046578.15471
27491720692.357803
27491720692.357803
6301022944.518819
38450531272.625916
38450531272.625916
46558664370.60389
26407209.000000007
40969738.50000001
323508795.1191746
302705444.0851192
376639586.3302856
134239106.7712278
134239106.7712278
20655155.732637513
156591458.93675914
156591458.93675914
183312022.7234043
612140560.5700104
1048696769.1072767
1662150285.7155771
3911241159.120004
327831919.86599296
6848229937.347652
1964988599.329095
9019414212.51047
9666261644.538677
649380346.8874748
649380346.8874749
649380346.8874749
28678230488.48543
64463802426.71685
129306723729.22574
208829908810.20175
26811145780.46201
67951407947.64482
29623301058.44764
134451265254.64331
219677601966.48907
607567159.4014374
1169903077.7100344
443516725.7991667
1841067257.538296
4303261230.981895
302944340.1701731
335043963.88648915
6872930173.089451
6872930173.089451
2100340981.5062728
9612632818.156479
9612632818.156479
11639666092.650972
858454098.9746561
744608812.0085664
744608812.0085664
858454098.9746561
59858200.8177572
129234323.58240148
252760743.6880937
422031032.06882703
54771276.92454043
129234323.58240148
95940345.31737532
252760743.6880937
422031032.06882703
1752787.348837209
2694766.7256941637
2155697.2828977825
3969194.859067525
13302260.06836985
2955790.0000000005
3132245.043344544
31197322.22977796
8802403.0
13656579.5
80877198.77979365
75676361.0212798
95360872.32842915
820486.0342654221
820486.034265422
33559776.69280695
33559776.69280695
6885051.91087917
39147864.734189786
39147864.734189786
45828005.68085107
2130462.0466484055
2057592.7881495417
2057592.7881495417
2130462.0466484055
4702737.505880868
1907390.9999999998
1128691.9999999998
5339531.999999999
7566604.461382588
2661709.478441026
2661709.478441026
1920050.1514508873
6427830.528841607
208175468.9427609
208175468.9427609
155845733.23307413
252609116.4414906
148388913.9703372
148388913.9703372
192802847.7740371
192802847.7740371
144602135.83052784
233727257.07452965
1609056.0
2663004.0
1609055.9999999998
4702737.505880868
1891927.4557297893
635625.0
5339531.999999999
5339531.999999999
3953691.3261729116
2558579.2868686593
2558579.2868686593
2595531.910579647
2595531.910579647
1920050.1514508878
3953691.3261729116
56547060.3857681
25846210.868731067
18577907.201344494
52043867.23569023
63152279.11037265
694918335.4686567
481958697.4604607
821395707.7909999
516523252.79906493
516523252.79906493
449807507.0451629
91897326.03654718
213115261.79924166
62691589.46995
27552587.78070885
27552587.78070885
18799686.0048083
729087.150943402
3998465.467157165
11630647.45313693
18030256.862261083
48200711.94350927
48200711.94350927
37097228.4925843
37097228.4925843
75360422.18303742
58431814.26863241
58431814.26863241
1819227.8450838714
1025880.5356408075
1819227.8450838714
1025880.5356408074
1025880.5356408074
941098.4707538615
458801.4509894278
763318.8803082441
1337140.0
1193928.0
1193928.0
665751.0
8573.0
21564.0
17846.0
75758.0
674894.0
402264.0
665751.0
402263.99999999994
1196185.0000000002
211875.0
665751.0
1334882.9999999998
1334882.9999999998
1258719.0
170165.0000000001
170165.00000000006
675769.0
675769.0
675768.9999999999
675768.9999999999
2584552.0
1258719.0
1258719.0
763800.0
1926819215.3136432
9181087423.433317
9181087423.433317
642273071.7712144
2295271855.8583293
2295271855.8583293
19777536.0
1489217624.0171328
6867632791.797249
29359441.45665732
29359441.45665732
22019581.09249299
7339860.36416433
7339860.36416433
267264.0
116863628.53726485
564911013.8950539
39122820.0
189677360.0
189677360.0
13040940.0
47419340.0
47419340.0
227328.0
20841846.44339287
88664785.08077694
678272.0
678272.0
508704.0
73458.0
177324.0
236432.0
169568.0
169568.0
3072.0
24486.0
59108.0
82290.0
82290.0
4539006.0
27020413.677714355
2280997724.4335895
7342363054.631416
2280997724.4335895
1590681799.76025
7342363054.631416
16951642.167162433
16951642.16716243
16951642.16716243
12174987.97227492
35441636.039368376
112228289.32642984
35441636.039368376
31519182.213939585
112228289.32642984
287295.475852438
287295.4758524381
287295.4758524381
247631.43398946043
963409607.6568217
4590543711.71666
963409607.6568215
4590543711.716659
4590543711.716659
120749808.13483146
89559816.00000006
41102886.97223736
130456180.3210746
321136535.88560724
1147635927.929165
21368832.0
1298760693.77495
2336522489.5157633
7533298850.735032
2336522489.515763
1590681799.76025
7533298850.735033
529956.0
81747885.27272728
529956.0
41102886.97223736
28235963.722447716
130456180.3210746
321136535.8856072
1147635927.9291646
1147635927.9291646
19777536.0
1716908197.9493122
1489217624.0171328
14679720.72832866
11009790.546246495
14679720.72832866
14679720.72832866
11009790.546246495
83472.0
400796.6046511628
3669930.182082165
288768.0
115737193.33151814
17729990.047573235
17729990.04757323
17729990.04757323
12174987.97227492
756.0
756.0
63936.0
400796.60465116287
400796.60465116287
257864.9246033506
3669930.182082165
3669930.182082165
267264.0
141227753.47376347
116863628.53726485
19561410.0
94838680.00000001
95979144.0
33088896.0
19561410.0
94838680.00000003
94838680.00000003
95979144.0
33088896.0
1284572.426966292
952764.0000000005
1784238.0
5859738.000000002
6520470.0
23709670.000000004
23994786.0
8272224.0
227328.0
20108822.02741115
43373745.336821735
139504831.62694633
43373745.336821735
31519182.213939585
139504831.6269463
19047.35172413793
1135387.2954545454
19047.35172413793
1784238.0000000005
636555.6935224739
5859738.000000002
6520470.0
23709670.000000007
23709670.000000007
23994786.0
8272224.0
227328.0
22166196.270194236
20841846.44339287
339136.0
254352.0
672488.0
73458.0
177324.0
236432.0
339136.0
339136.0
254352.0
672488.0
672488.0
73458.0
177324.0
236432.0
888.0
21598.0
84784.0
168122.0
3072.0
24486.0
59108.0
82290.0
6374695.4023595955
398488.03019683785
398488.03019683785
398488.03019683785
247631.43398946043
114.0
114.0
888.0
21598.0
21598.0
5934.000000000045
84784.0
84784.0
168122.0
168122.0
3072.0
24486.0
59108.0
82290.0
82290.0
6755103.419428589
4539006.0
25204091778.075275
153802125090.5037
153802125090.5037
82620622.93055004
626365835.7470365
626365835.7470365
1489217624.0171328
1489217624.0171328
8401363926.025092
38450531272.62592
38450531272.62592
6867632791.797249
4115185.5762990834
4115185.5762990834
27540207.643516682
156591458.9367591
156591458.9367591
17043696.373187244
771211391.0961484
771211391.0961484
578408543.3221112
9570384.959123004
9570384.959123004
7177788.719342251
116863628.53726485
192802847.7740371
192802847.7740371
564911013.8950539
1536248.6088379705
2392596.239780751
2392596.239780751
6144994.435351882
508744554.31909525
3861826101.3538795
3861826101.3538795
1904004.0
19515776.0
19515776.0
20841846.44339287
20841846.443392873
169581518.1063651
965456525.3384699
965456525.3384699
88664785.08077694
64400.00000000001
64400.000000000015
634668.0
4878944.0
4878944.0
257600.00000000003
13617018.0
12834780.19320137
18156024.0
36312048.0
36312048.0
27234036.0
405258.0
167708.0
540344.0
1080688.0
1080688.0
810516.0
6755103.419428589
4539006.0
4539006.0
4539006.0
9078012.0
9078012.0
27020413.677714355
135086.0
135086.0
135086.0
135086.0
270172.0
270172.0
540344.0
129504644131.79529
417689270064.82056
136369897223.0936
58689008802.96543
439085677400.19745
253444191.6037322
815818117.1812686
253444191.6037322
186217056.4783334
815818117.1812685
943930908.737493
1012143967.800178
1012143967.800178
418832804.4808988
1883515.7963513816
1883515.7963513816
1883515.7963513816
1448584.3992271747
1780796988.365143
5684681868.902218
2056502984.8018517
1136087689.0267904
6525682234.201858
3937959.559929819
12469809.92515887
3937959.559929819
3937959.5599298193
12469809.92515887
13756036.41626184
16529933.946922272
16529933.946922272
8313022.895995717
31921.71953915978
31921.71953915978
31921.71953915978
31921.71953915978
556575.0764119602
1196298.1198903753
1441036.7932624114
5400584.77469304
26646921.146786064
13770103.821758341
78295729.46837957
3486484.071255188
162306121.41433978
3486484.071255188
135646599.63275912
41310311.46527502
313182917.8735183
11789931595.974571
72155313700.08376
12602045889.037638
76901062545.25185
76901062545.25185
41310311.46527502
313182917.8735183
313182917.8735183
2117453561.8165684
7887309643.976276
3929977198.6581903
18038828425.02094
1298760693.77495
32451091695.50481
1298760693.7749503
26499184904.196278
131510796839.74747
426081031528.43384
138292222857.87234
59425849834.104576
447205930830.5596
2348814825.7317314
916908071.1332169
8638456269.796211
4200681963.012546
19225265636.31296
19225265636.31296
1716908197.9493122
1489217624.0171328
9715860.0
21708625212.030643
1489217624.0171328
9715860.0
262825719.22896096
858399087.7113967
262825719.22896096
195244102.11510754
858399087.7113967
5400584.77469304
5052048.2692426555
26646921.146786064
13770103.821758341
78295729.46837957
78295729.46837957
4260924.093296811
4115185.5762990834
58884.0
105662349.5197376
4115185.5762990834
58884.0
4785192.479561501
3588894.359671126
411400566.2459483
308550424.6844612
385605695.5480742
385605695.5480742
289204271.6610556
4785192.479561502
4785192.479561502
3588894.3596711257
45701340.19066906
102850141.56148708
115737193.33151814
981535819.7377264
1048677257.3794365
1048677257.3794365
429217985.55197173
49388392.28025878
49388392.28025878
8494841.259895721
96401423.88701855
96401423.88701855
13860.0
13860.0
79566554.53044227
141227753.47376347
116863628.53726485
2080021.7595772631
2080021.7595772631
2080021.7595772631
1591157.7633911404
556575.0764119601
556575.0764119601
83276.0
1196298.1198903755
1196298.1198903755
84.0
84.0
1143298.134183824
1536248.6088379705
1536248.6088379705
497836.0
172788.0
317334.0
2439472.0
2387052.0
64400.00000000001
8247069.307465179
64400.000000000015
6459352.000000004
1991344.0
691152.0
952002.0
9757888.0
545159443.1135794
180764088.33399484
239941666.23309
1817482547.0349348
545159443.1135794
193428192.0
254372277.15954766
1930913050.67694
1930913050.67694
1991344.0
691152.0
952002.0
9757888.0
9757888.0
136289860.77839485
45191022.08349871
79980555.41103
454370636.7587337
431618880.66518533
20108822.02741115
833519766.6143106
20108822.027411155
708446259.5048435
2067390232.3583143
6883504935.132681
2331120932.6273856
1241350693.4752405
7685718438.539301
136289860.77839485
48357048.0
90288795.34249854
31290746.419171378
84790759.05318254
482728262.669235
482728262.669235
467453630.0759621
22166196.270194236
20841846.44339287
231330.0
502093739.55493116
20841846.443392873
231330.0
5278177.792105356
18552805.71517717
5278177.792105356
5278177.792105358
18552805.71517717
497836.0
172788.0
317334.0
317334.0
317334.0
2439472.0
2439472.0
2387052.0
64400.00000000001
64400.00000000001
3393.9999999999995
6011572.180441006
64400.000000000015
3393.9999999999995
540344.0
405258.0
405258.0
167708.0
540344.0
25498781.609438386
19124086.20707879
19124086.20707879
13297880.410018869
25498781.609438386
18156024.0
18156024.0
13617018.0
13617018.0
12834780.19320137
18156024.0
25498781.609438386
540344.0
540344.0
405258.0
405258.0
167708.0
540344.0
540344.0
6374695.402359596
19128166.559152324
21748975.315387767
21748975.315387767
9796620.191863282
6735532.889461255
330.0
6735532.889461255
330.0
3992018.3831431638
352699.99999999994
6755103.419428589
6755103.419428589
4539006.0
4539006.0
6374695.402359596
59994.0
59994.0
59994.0
59994.0
135086.0
106.0
135086.0
106.0
135086.0
135086.0
135086.0
135086.0
135086.0
135086.0
135086.0
149961.99999999997
149961.99999999997
149961.99999999997
149961.99999999997
149961.99999999997
149961.99999999997
1615564.7741999999
1263853.7991345532
3231129.5483999997
17186.8593
15960.85976957989
34373.7186
114534883.03154133
91459371.06611192
1723075.9673957026
3446151.934791405
2351316.1153456476
1856923.6322104018
1856923.6322104018
3713847.2644208036
10019671.261493035
9128938.156082826
29997.0
59994.0
459925.0
459925.0
459925.0
919850.0
1615564.7741999999
1263853.7991345532
1615564.7741999999
1263853.7991345532
17186.8593
15960.85976957989
17186.8593
15960.85976957989
91459371.06611192
114534883.03154133
91459371.06611192
910.0
1856923.6322104018
22750.0
1723075.9673957026
1723075.9673957026
720.0
870.0
2351316.1153456476
1856923.6322104018
18000.0
22750.0
9128938.156082826
10019671.261493035
9128938.156082826
10.0
459925.0
408654.0
36817.0
459925.0
250.0
4523930.0
4523930.0
2138983.2790928055
4499972.0
2269503.0
475891.0
29997.0
29997.0
10.0
10.0
459865.0
252893.0
36817.0
459925.0
459925.0
250.0
250.0
3297064454.7779665
3297064454.7779665
963409607.6568216
4590543711.71666
4590543711.71666
5857839936.842302
824266113.6944914
824266113.6944914
321136535.8856072
1147635927.9291646
1147635927.9291646
1464459984.2105756
9888768.0
744608812.0085661
3433816395.8986244
14679720.72832866
14679720.72832866
14679720.72832866
14679720.72832866
11009790.546246495
18772461.337076887
3669930.182082165
3669930.182082165
3669930.182082165
3669930.182082165
4693115.334269222
133632.0
58431814.26863241
301441688.7321496
10191520.000000002
94838680.00000001
29396872.000000007
75983232.00000001
75983232.00000001
19561410.0
94838680.00000001
94838680.00000001
2547880.0000000005
23709670.000000004
7349218.000000002
18995808.000000004
18995808.000000004
6520470.0
23709670.000000004
23709670.000000004
113664.0
10420923.221696433
44332392.540388465
34844.0
339136.0
102356.0
339136.0
339136.0
339136.0
339136.0
254352.0
36729.0
88662.0
118216.0
8711.0
84784.0
25589.0
84784.0
84784.0
84784.0
84784.0
1536.0
12243.0
29554.0
41145.0
41145.0
2269503.0
17999888.0
508549265.0148731
1140498862.2167947
2272671048.524807
3671181527.315709
455136564.13609725
1140498862.2167947
795340899.880125
2272671048.524807
3671181527.315708
8475821.083581217
6650982.0
45326552.21220361
8475821.083581215
8475821.083581215
7585609.402268286
6087493.98613746
3129075.54964129
45326552.21220361
8618864.275573144
17720818.019684188
32412267.905388776
56114144.66321492
8618864.275573144
17720818.019684188
15759591.106969792
32412267.905388772
56114144.66321492
43200.66857668367
269973.0
143647.737926219
77337.0
668461.0301968378
43200.66857668367
269973.0
143647.73792621904
143647.73792621904
143647.73792621904
123815.71699473022
72649.361341943
668461.0301968378
1648532227.3889832
481704803.82841074
2295271855.85833
2357052003.5968127
142157741.74669686
2545540057.404256
803881451.8723407
1648532227.3889832
1648532227.3889832
481704803.82841074
2295271855.85833
2295271855.85833
2928919968.4211507
142157741.74669683
2545540057.404256
803881451.8723407
60374904.06741573
44779908.00000002
12023898.139534885
20551443.486118678
32162370.276816353
65228090.1605373
569301531.3153238
619005555.3827395
412133056.8472458
160568267.94280362
573817963.9645824
589263000.8992032
35539435.436674215
636385014.351064
200970362.96808517
10684416.0
327831919.8659931
649380346.8874749
649380346.8874749
531899701.4271971
1168261244.7578816
2303925246.4427238
3766649425.3675165
478487000.54842126
1168261244.7578814
795340899.880125
2303925246.4427238
3766649425.3675165
264978.0
40873942.63636364
264978.0
12023898.139534885
20551443.48611868
14117981.86122386
32162370.27681636
65228090.1605373
537797934.3392202
33975019.00003737
412133056.84724575
412133056.84724575
160568267.9428036
573817963.9645824
573817963.9645824
732229992.1052877
35539435.43667421
636385014.351064
200970362.96808517
9888768.0
302944340.170173
335043963.8864891
858454098.9746561
744608812.0085661
858454098.9746561
7339860.36416433
7339860.36416433
5504895.273123248
7499165.540425532
2369295.69577828
15297876.780851062
7339860.36416433
7339860.36416433
7339860.36416433
7339860.36416433
5504895.273123248
9386230.668538444
2369295.69577828
15297876.780851062
1351482.64893617
41736.0
200398.30232558143
782462.8936170213
808030.8936170213
1834965.0910410825
1874791.385106383
592323.92394457
3824469.1952127656
144384.0
2476433.0048076925
18577907.20134449
63152279.11037265
8864995.023786617
45326552.21220361
8864995.023786616
8864995.023786616
7974783.342473684
3129075.54964129
6087493.98613746
45326552.21220361
42091.78947368421
222409.38461538462
222409.38461538462
1351482.64893617
378.0
378.0
31968.0
200398.30232558143
200398.30232558143
200398.30232558138
30852.00000005758
128932.4623016753
828720.0
68839.00000030381
1834965.0910410825
1834965.0910410825
1834965.0910410825
1834965.0910410825
2346557.667134611
592323.92394457
3824469.1952127656
133632.0
2476433.004807692
11630647.453136927
18030256.86226108
75360422.1830374
58431814.26863241
6161544.0
20876236.000000004
47419340.00000001
37991616.00000001
9780705.0
47419340.00000001
44329588.00000001
47989572.0
16544448.0
523800.0000021651
6161544.0
10191520.000000002
47419340.000000015
37991616.000000015
37991616.000000015
9780705.0
47419340.000000015
47419340.000000015
29396872.000000007
47989572.0
16544448.0
16544448.0
642286.213483146
476382.00000000023
647940.0000000001
892119.0
1148034.0
2929869.000000001
7504053.373595505
8032819.587078651
1540386.0
5219059.000000001
11854835.000000002
9497904.000000002
3260235.0
11854835.000000002
11082397.000000002
11997393.0
4136112.0
113664.0
352521.0
6439407.221060101
20259314.221060112
10054411.013705576
10054411.013705578
10054411.013705578
11954640.905905139
21686872.668410867
36877153.32223402
69752415.81347315
11954640.905905139
21686872.668410867
15759591.106969792
36877153.32223402
69752415.81347315
9523.675862068965
567693.6477272727
9523.675862068965
647940.0000000001
892119.0000000002
318277.84676123696
1148034.0000000002
2929869.000000001
7469415.754711391
644594.7777799341
130950.00000054127
1540386.0
2547880.0000000005
11854835.000000004
9497904.000000004
9497904.000000004
3260235.0
11854835.000000004
11854835.000000004
7349218.000000002
11997393.0
4136112.0
4136112.0
113664.0
352521.0
6439407.2210601
20259314.221060112
11083098.135097116
10420923.221696433
8404713.022753729
10420923.221696435
11083098.135097116
265888.0
83176.0
169568.0
169568.0
169568.0
127176.0
336244.0
36729.0
88662.0
118216.0
599847.9999999998
599847.9999999998
299923.9999999999
17460.000000072163
265888.0
34844.0
169568.0
169568.0
169568.0
169568.0
169568.0
102356.0
127176.0
336244.0
336244.0
36729.0
88662.0
118216.0
599847.9999999999
599847.9999999999
299923.99999999994
272.0
41840.0
444.0
272.0
10799.0
11510.0
11782.0
66472.0
20794.0
42392.0
42392.0
84061.0
1536.0
63438.0
12243.0
29554.0
41145.0
150055.0
4523930.0
43200.66857668367
269973.0
199244.01509841892
668461.0301968378
43200.66857668367
269973.0
199244.01509841892
199244.01509841892
199244.01509841892
72649.361341943
123815.71699473022
668461.0301968378
272.0
2764.0
7119.0
7119.0
41840.0
57.0
57.0
444.0
272.0
272.0
272.0
10799.0
10799.0
10799.0
873.0000000036082
2967.0000000000223
11510.0
2085.444444462314
4365.000000018041
66472.0
8711.0
42392.0
42392.0
42392.0
42392.0
42392.0
25589.0
84061.0
84061.0
1536.0
63438.0
12243.0
29554.0
41145.0
41145.0
3177.0
149961.99999999997
149961.99999999997
149961.99999999997
1384067.9999999993
4499972.0
2269503.0
6462259.0967999995
5055415.196538213
12924518.193599999
1615564.7741999999
1263853.7991345532
3231129.5483999997
68747.4372
63843.43907831956
137494.8744
17186.8593
15960.85976957989
34373.7186
54983441384.715614
54983441384.715614
12602045889.037638
76901062545.25185
76901062545.25185
93117328741.20776
432398292.12616533
355626708.88877904
268478213.54245555
268478213.54245555
41310311.46527502
313182917.8735182
313182917.8735182
366624045.4468086
744608812.0085664
744608812.0085664
13745860346.178904
13745860346.178904
4200681963.012546
19225265636.31296
19225265636.31296
23279332185.30194
3433816395.8986244
118144263.41670227
96749795.39821325
2057592.7881495417
2057592.7881495417
67119553.38561389
67119553.38561389
13770103.821758341
78295729.46837956
78295729.46837956
91656011.36170214
8521848.186593622
296777827.9406744
296777827.9406744
385605695.5480742
385605695.5480742
289204271.6610557
467454514.1490594
6892303.86958281
13784607.73916562
7566604.461382589
6508364.528841607
5117158.573737319
5117158.573737319
5191063.821159294
5191063.821159294
3840100.302901775
7907382.652345823
6508364.528841607
13016729.057683215
58431814.26863243
96401423.88701855
96401423.88701855
74194456.9851686
74194456.9851686
116863628.53726485
301441688.73214966
1723075.9673957026
3446151.934791405
2609129.0
2609129.0
1258719.0
1351538.0
1351538.0
1351537.9999999998
1351537.9999999998
2517438.0
10338208.0
2609129.0
5218258.0
450908144.00000006
450908144.00000006
1505799632.0
1505799632.0
254372277.15954766
1930913050.67694
1930913050.67694
4774904.0
4774904.0
33643375.045972146
31410364.93649695
9105280.0
9105280.0
952002.0
9757888.0
9757888.0
112727036.00000001
10420923.221696435
10420923.221696436
376449908.0
376449908.0
84790759.05318254
482728262.669235
482728262.669235
44332392.54038847
1193726.0
14835717.0
14185723.319510354
32200.000000000004
32200.000000000007
2276320.0
2276320.0
317334.0
2439472.0
2439472.0
128800.00000000001
1903564.0
1903564.0
6808509.0
6417390.096600685
9078012.0
10024759.999999998
10024759.999999998
18156024.0
18156024.0
13617018.0
119988.0
239976.0
192212.0
192212.0
335559.0
83854.0
758772.0
1380035.0
1380035.0
868704.0
868704.0
1517544.0
1517544.0
671118.0
1380035.0
2760070.0
4499972.0
2269503.0
2269503.0
475891.0
2269503.0
4539006.0
4539006.0
2506189.9999999995
2506189.9999999995
17999888.0
29997.0
59994.0
1478440.0
992072.0
992072.0
602403.0
1543262.0
1543264.0
992072.0
1984144.0
1984144.0
1204806.0
1204806.0
5913760.0
1543264.0
3086528.0
28317927262.124798
64752322065.89765
130970335061.56712
208844635032.41028
26032588608.57566
68184948611.54681
29344504401.482716
136040961356.58403
219542838700.09872
56505473.89054145
126722095.80186608
252519005.39164516
407909058.5906342
50570729.34845524
126722095.80186608
93108528.2391667
252519005.39164516
407909058.59063417
6462259.0967999995
5055415.196538213
6462259.0967999995
5055415.196538213
471965454.3687465
399058920.0
694918335.4686567
506071983.900089
506071983.900089
433876476.8095941
209416402.24044937
88343741.08368927
821395707.7909999
1615564.7741999999
941757.8981756908
1263853.7991345532
738998.0
1819227.8450838714
1615564.7741999999
941757.8981756908
941757.8981756908
842845.4891409207
724292.1996135873
1263853.7991345532
356008.64090780023
1819227.8450838714
412681092.48785526
890398494.1825715
1707467930.109507
2842340934.451109
434873581.6066934
1028251492.4009259
568043844.5133952
1899121566.479841
3262841117.100929
957651.5861747937
1968979.7799649097
3601363.1005987525
6234904.962579436
957651.5861747937
1968979.7799649097
1968979.7799649097
3601363.1005987525
6234904.962579436
68747.4372
63843.43907831956
68747.4372
63843.43907831956
6878018.20813092
4640220.0
9564083.279576162
8264966.973461136
8264966.973461136
7247893.026778221
4156511.447997858
1800151.3988227225
10885039.081104329
9564083.279576162
17186.8593
15960.85976957989
8593.0
29997.0
17186.8593
15960.85976957989
15960.85976957989
15960.85976957989
15960.85976957989
15960.85976957989
8593.0
29997.0
29997.0
88149351.60327807
1752787.3488372096
2700292.38734652
3990395.364090706
13323460.573393032
2955954.9999999995
820486.0342654221
33559776.69280695
6885051.9108791705
39147864.734189786
74174168.79374605
653100.0000000001
3132245.0433445442
37327164.734189786
12654516.189716313
15718155.418439716
12069820.313829785
3898463.138297872
40612088.16017537
1743242.035627594
104777863.5677904
1743242.035627594
68856889.81637955
1743242.0356275938
96749795.39821325
134239106.7712278
20655155.732637513
156591458.93675914
2612400.0000000005
37963548.569148935
47154466.25531915
48279281.25531914
15593852.553191489
162448352.64070147
355626708.88877904
27392919749.39061
5894965797.987286
36077656850.04188
869716954.5807257
15333120470.136566
4651042174.704996
38665046578.1547
27491720692.357807
27491720692.357807
6301022944.518819
38450531272.62592
38450531272.62592
960046238.7096776
15333120470.136566
4651042174.704996
46558664370.60389
134239106.77122778
134239106.77122778
20655155.73263751
156591458.93675914
156591458.93675914
2612400.0
26407209.000000004
46257851.77791462
48279281.25531914
15593852.553191489
183312022.7234043
376639586.33028567
432398292.12616533
355626708.88877904
616442826.5700104
1058726780.9082842
1682732717.0837111
3943654821.988138
327831919.86599296
6848229937.347652
1964988599.3290954
9019414212.51047
217429238.64518142
3833280117.5341415
1162760543.676249
9666261644.538675
649380346.887475
16324801777.083681
649380346.8874751
13262095271.316587
649380346.8874751
29206783232.989586
65755398419.87373
132063810635.85448
213040515764.21692
26811145780.46201
69146111428.93617
29712924917.052284
137087091681.47624
223602965415.27975
607567159.4014376
1174407412.8658657
458454035.5666084
1854497262.474393
4319228134.898106
302944340.1701731
335043963.88648915
6872930173.089452
6872930173.089452
2100340981.506273
9612632818.15648
9612632818.15648
240011559.6774194
3833280117.5341415
1162760543.676249
11639666092.650972
858454098.9746561
744608812.0085664
4857930.0
10866178789.177275
369204109.50001734
9768623303.598656
744608812.0085664
4857930.0
858454098.9746561
60706021.46662665
131412859.61448048
257597748.69057405
429199543.8556983
54771276.92454043
131412859.61448048
97622051.05755378
257597748.69057405
429199543.8556983
54525687.77651523
1752787.3488372094
2700292.38734652
2526024.1346213277
3990395.3640907067
13323460.573393032
2955955.0
820486.0342654221
820486.034265422
33559776.692806944
33559776.692806944
6885051.9108791705
39147864.734189786
39147864.734189786
1186375.389132735
653100.0
3132245.043344544
37327164.734189786
8802403.0
15419283.925971536
12069820.313829785
3898463.138297872
45828005.68085107
2130462.0466484055
2057592.7881495417
29442.0
60236280.172048524
95360872.32842916
1159324.6564294081
85735879.67978382
2057592.7881495417
29442.0
2130462.0466484055
95360872.32842916
118144263.41670227
96749795.39821325
2661709.478441026
2661709.478441026
1920050.1514508876
43540.0
4702751.6959123
6427830.528841607
2770872.7932624114
1333477.7848404255
6508364.528841607
208175468.94276094
208175468.94276094
155845733.23307413
14495282.576345423
252609116.4414906
252609116.4414906
148388913.9703372
148388913.9703372
192802847.7740371
192802847.7740371
144602135.83052784
16000770.64516129
233727257.0745297
252609116.4414906
6892303.86958281
6892303.86958281
2558579.2868686593
2558579.2868686593
2595531.910579647
2595531.910579647
1920050.1514508876
43540.0
2790411.3776047686
3292089.4630995793
2002796.2397807506
4702751.6959123
3953691.3261729116
2198352.6558009842
929140.0
3953691.3261729116
7566604.461382589
6508364.528841607
56547060.385768116
25917915.302064404
18577907.201344494
52043867.235690236
3623820.644086356
63152279.11037265
694918335.4686567
490767909.8688632
821395707.7909999
524338628.68971825
524338628.68971825
449807507.045163
91897326.03654718
214608992.77598584
62691589.46995
27567962.926042862
27567962.926042862
18799686.0048083
729087.150943402
4247420.629947861
11630647.45313693
18030256.862261083
48200711.94350927
48200711.94350927
37097228.4925843
37097228.4925843
4000192.6612903224
375932.4926185228
5751317.535248531
5751317.535248531
6930.0
6930.0
40777365.130950674
75360422.18303742
58431814.26863243
58431814.26863243
528531.0000000232
21387496.500593435
63152279.11037265
1819227.8450838714
1040010.8797886316
1723075.9673957026
1819227.8450838714
1040010.8797886316
1040010.8797886316
941098.4707538615
523313.6254962868
795578.8816955702
1723075.9673957026
763800.0
1258719.0
1337140.0
1271989.0
1271989.0
1258719.0
16870.999999999985
41638.0
17846.99999999999
170165.00000000006
170165.00000000003
675769.0
675769.0
675768.9999999999
675768.9999999999
6923.000000000001
675769.0000000001
10885.0
75758.0
75758.0
75758.0
675768.9999999999
763800.0
1258719.0
763800.0000000001
1337140.0
79166.0
651186.0
651186.0
42.0
420391.0
42.0
1258719.0
2584552.0
1258719.0
1258719.0
5512.999999999996
763800.0
2609129.0
2609129.0
172788.0
1212123.0
1398456.0
4552640.0
995672.0
259182.0
345576.0
476001.0
4878944.0
4774904.0
4774904.0
31410364.93649695
45191022.08349871
783046169.4305751
272579721.5567897
90382044.16699742
119970833.116545
908741273.5174674
863669761.3303707
863669761.3303707
2871479.999999999
45191022.08349871
752899816.0
752899816.0
272579721.5567897
96714096.0
90382044.16699742
127186138.57977383
965456525.33847
965456525.33847
450908144.00000006
450908144.00000006
97614.58122137748
172788.0
1212123.0
1398456.0
4552640.0
4552640.0
995672.0
259182.0
345576.0
345576.0
476001.0
4878944.0
4878944.0
4774904.0
4774904.0
24320070.857442603
33643375.045972146
31410364.93649695
11297755.520874677
1657873.9500000002
30623636.749204136
195761542.35764378
68144930.38919742
22595511.041749354
39990277.705515
227185318.37936684
50779534.724153
215809440.33259267
215917440.33259267
10054411.013705576
440167153.66030794
10054411.013705578
356306932.95549667
10054411.013705578
539660516.8971117
1033695116.1791571
1863678726.436273
3441752467.5663404
546096034.7333153
1165560466.3136928
620675346.7376202
2048568755.7501595
3842859219.2696505
717869.9999999998
11297755.520874677
1364085.0000000002
27967800.391279284
188224954.0
188224954.0
68144930.38919742
24178524.0
22595511.041749354
45144397.67124927
15645373.209585689
42395379.52659127
241364131.3346175
241364131.3346175
58132760.83791593
54033461.52659128
233726815.03798106
234161243.46862644
112727036.00000001
11083098.135097118
10420923.221696435
115665.0
254288105.8299098
5988730.888888921
168509318.67481568
8404713.022753732
10420923.221696436
115665.0
11083098.135097118
1557729.8113298197
2639088.896052678
4326897.857588585
9276402.857588585
1557729.81132982
2639088.896052678
2639088.896052679
4326897.857588585
9276402.857588585
43197.0
43197.0
3708.0
404041.0
466152.0
131536.0
1138160.0
1138160.0
248918.0
86394.0
86394.0
86394.0
158667.0
158667.0
158667.0
1219736.0
1219736.0
187102.0
187102.0
1193526.0
1193726.0
1193726.0
1006624.0
32200.000000000004
32200.000000000004
44727.99999999996
4580123.0
1696.9999999999998
7566523.0
7566523.0
35350.00000000001
4580123.0
32200.00000000001
32200.000000000007
1696.9999999999998
32200.000000000004
7566523.0
14835717.0
14835720.0
18095720.0
18095720.0
18095720.0
16148313.54191175
16148313.54191175
11062050.744154386
11062050.744154386
6648940.205009434
4017640.803339623
18095720.0
5012379.999999999
5012379.999999999
9078012.0
9078012.0
1903564.0
17999888.0
9078012.0
1903564.0
6808509.0
6808509.0
6417390.096600685
951782.0
9078012.0
95715.99999999996
18095720.0
119988.0
119988.0
434352.0
434352.0
758772.0
758772.0
192212.0
1379856.0
681184.0
192212.0
335559.0
335559.0
335559.0
83854.0
83854.0
83854.0
45262.0
473808.0
758772.0
3264.6920866647774
192212.0
1380035.0
1380035.0
9564083.279576162
10874487.657693883
10874487.657693883
9523754.489002319
2028891.708376339
4898310.095931641
10885039.081104329
9564083.279576162
70587.00000000001
572895.0
572895.0
4455749.0
165.0
4455749.0
165.0
2269503.0
1384067.9999999995
23928.99999999999
176349.99999999997
4499972.0
4499972.0
2269503.0
2269503.0
1253094.9999999998
1253094.9999999998
14893.388888888794
23928.99999999999
475891.0
44230.0
4523930.0
29997.0
29997.0
29997.0
25594.255266372485
29997.0
29997.0
29997.0
