0.0035316944122314453
0.002126932144165039
0.0015802383422851562
0.0014667510986328125
0.003805398941040039
0.002714872360229492
0.001920938491821289
0.0021643638610839844
0.0023734569549560547
0.0016820430755615234
0.001432657241821289
0.0034105777740478516
0.0023865699768066406
0.0019080638885498047
0.001951456069946289
0.0014617443084716797
0.0012118816375732422
0.002232074737548828
0.0017752647399902344
0.0013515949249267578
0.0012705326080322266
0.002281665802001953
0.0018112659454345703
0.0014078617095947266
0.0013217926025390625
0.0032515525817871094
0.0023610591888427734
0.0017819404602050781
0.001718282699584961
0.002985715866088867
0.002243518829345703
0.0016775131225585938
0.0016131401062011719
0.002095937728881836
0.0017039775848388672
0.001218557357788086
0.0027968883514404297
0.0021371841430664062
0.0015366077423095703
0.0026488304138183594
0.001996755599975586
0.0015230178833007812
0.0019648075103759766
0.0016732215881347656
0.0013129711151123047
0.0012180805206298828
0.003246784210205078
0.002209901809692383
0.001638650894165039
0.0015616416931152344
0.001718759536743164
0.0015189647674560547
0.001096963882446289
0.0025403499603271484
0.0018122196197509766
0.0014069080352783203
0.0014622211456298828
0.0011379718780517578
0.0008671283721923828
0.0017879009246826172
0.0014569759368896484
0.0011131763458251953
0.0010509490966796875
0.0018239021301269531
0.0015163421630859375
0.001184225082397461
0.0011017322540283203
0.0026879310607910156
0.0020284652709960938
0.0015323162078857422
0.0014853477478027344
0.002477407455444336
0.0018630027770996094
0.0014462471008300781
0.001367330551147461
0.001589059829711914
0.0012631416320800781
0.0009806156158447266
0.0023365020751953125
0.0016741752624511719
0.001260995864868164
0.002044677734375
0.0015420913696289062
0.001168966293334961
0.0008573532104492188
0.0006048679351806641
0.0005209445953369141
0.0019006729125976562
0.0013375282287597656
0.0008363723754882812
0.0007805824279785156
0.0005826950073242188
0.00041484832763671875
0.001501321792602539
0.001008749008178711
0.0005822181701660156
0.0003464221954345703
0.00030875205993652344
0.0006551742553710938
0.0004677772521972656
0.0003452301025390625
0.0007276535034179688
0.0005598068237304688
0.0004181861877441406
0.001605987548828125
0.0012125968933105469
0.0007193088531494141
0.0006732940673828125
0.001392364501953125
0.0010781288146972656
0.0006287097930908203
0.0005860328674316406
0.0004611015319824219
0.0003216266632080078
0.0012214183807373047
0.0008590221405029297
0.0004723072052001953
0.0009748935699462891
0.0007276535034179688
0.0003845691680908203
0.0007331371307373047
0.0005829334259033203
0.0004284381866455078
0.0016632080078125
0.0011548995971679688
0.0007715225219726562
0.0006735324859619141
0.0004994869232177734
0.00031948089599609375
0.0012772083282470703
0.000812530517578125
0.0005247592926025391
0.00045752525329589844
0.0005216598510742188
0.0003719329833984375
0.0006597042083740234
0.0012865066528320312
0.0008780956268310547
0.0005915164947509766
0.00022983551025390625
0.0008893013000488281
0.0004036426544189453
0.0005145072937011719
0.00025010108947753906
0.00011968612670898438
0.0005018711090087891
0.0003466606140136719
0.00025010108947753906
0.0005655288696289062
0.00037932395935058594
0.00029587745666503906
0.001371622085571289
0.0009882450103759766
0.0006010532379150391
0.0005669593811035156
0.0011360645294189453
0.0008668899536132812
0.0005269050598144531
0.0004763603210449219
0.00032520294189453125
0.0002124309539794922
0.0009768009185791016
0.0006604194641113281
0.00037741661071777344
0.0007321834564208984
0.0005428791046142578
0.0002884864807128906
0.00027179718017578125
0.0003428459167480469
0.00019240379333496094
0.0003268718719482422
0.00038051605224609375
0.00027251243591308594
0.0005116462707519531
0.0010056495666503906
0.0007240772247314453
0.000476837158203125
0.0004515647888183594
0.0007913112640380859
0.0005795955657958984
0.00041174888610839844
0.00013017654418945312
0.0006289482116699219
0.0003371238708496094
0.00038361549377441406
0.0003979206085205078
0.0001976490020751953
0.00021529197692871094
0.00602412223815918
0.005924224853515625
0.007761478424072266
0.010104179382324219
0.01047825813293457
0.01230931282043457
0.0055086612701416016
0.0075418949127197266
0.008939504623413086
0.008846282958984375
0.010995864868164062
0.0042035579681396484
0.005448818206787109
0.004892110824584961
0.004447460174560547
0.0057294368743896484
0.0045318603515625
0.004630565643310547
0.006208658218383789
0.007932662963867188
0.008447885513305664
0.009942293167114258
0.007701396942138672
0.008193492889404297
0.009022235870361328
0.004445314407348633
0.0055921077728271484
0.006989717483520508
0.006667375564575195
0.008618831634521484
0.006257057189941406
0.006101131439208984
0.008254766464233398
0.001813650131225586
0.002267599105834961
0.0028481483459472656
0.005731105804443359
0.00039887428283691406
0.006801605224609375
0.01546335220336914
0.015152692794799805
0.005684614181518555
0.014012575149536133
0.010671377182006836
0.011452674865722656
0.003803253173828125
0.0038673877716064453
0.004977226257324219
0.007584810256958008
0.008331298828125
0.00838327407836914
0.0035088062286376953
0.004527568817138672
0.006421327590942383
0.0061380863189697266
0.0070688724517822266
0.2863283157348633
0.19119858741760254
0.29492616653442383
0.2664356231689453
0.003695249557495117
0.003773212432861328
0.004843950271606445
0.2882254123687744
0.18657588958740234
0.007875919342041016
0.007751941680908203
0.007448673248291016
0.2879157066345215
0.2501494884490967
0.04033946990966797
0.0791633129119873
0.0038285255432128906
0.00882863998413086
0.007926225662231445
0.04017162322998047
0.10865640640258789
0.00557255744934082
0.012621402740478516
0.012313365936279297
0.0033211708068847656
0.0044901371002197266
0.0379033088684082
0.07644963264465332
0.0032815933227539062
0.007514476776123047
0.0066378116607666016
0.006027698516845703
0.0056610107421875
0.006435871124267578
0.039412736892700195
0.10019946098327637
0.004611015319824219
0.010973215103149414
0.007923126220703125
0.009355783462524414
0.001310110092163086
0.0014529228210449219
0.001211404800415039
0.0011303424835205078
0.001148223876953125
0.0010423660278320312
0.0009253025054931641
0.0012001991271972656
0.0012197494506835938
0.00091552734375
0.0010433197021484375
0.0009400844573974609
0.002027750015258789
0.0026018619537353516
0.002333402633666992
0.0024404525756835938
0.0030367374420166016
0.0025975704193115234
0.0025789737701416016
0.003275156021118164
0.00575566291809082
0.006012439727783203
0.006008625030517578
0.0048978328704833984
0.005255937576293945
0.0052640438079833984
0.0021829605102539062
0.0028493404388427734
0.004389047622680664
0.004163265228271484
0.005028724670410156
0.003699064254760742
0.003543376922607422
0.004204511642456055
0.002178192138671875
0.002237558364868164
0.0028533935546875
0.024776458740234375
0.016757488250732422
0.027301311492919922
0.01779460906982422
0.026945829391479492
0.018328189849853516
0.0282285213470459
0.02698040008544922
0.02672576904296875
0.024523258209228516
0.0023756027221679688
0.002434968948364258
0.0030896663665771484
0.02631211280822754
0.01751875877380371
0.005396366119384766
0.005315065383911133
0.0056154727935791016
0.028469085693359375
0.025318622589111328
0.004396200180053711
0.0045397281646728516
0.004936933517456055
0.026167869567871094
0.022838115692138672
0.0032036304473876953
0.006337165832519531
0.0005726814270019531
0.0005979537963867188
0.0004954338073730469
0.003494739532470703
0.006772279739379883
0.0006456375122070312
0.0006642341613769531
0.0005910396575927734
0.0036554336547851562
0.010021448135375977
0.000972747802734375
0.0009963512420654297
0.0008928775787353516
0.003396272659301758
0.008837699890136719
0.00080108642578125
0.0008399486541748047
0.0007581710815429688
0.0020096302032470703
0.0027620792388916016
0.003307819366455078
0.00646209716796875
0.0005276203155517578
0.0037195682525634766
0.0038852691650390625
0.004271507263183594
0.0035016536712646484
0.00905609130859375
0.0006566047668457031
0.0007767677307128906
0.0007750988006591797
0.003065824508666992
0.00292205810546875
0.003619670867919922
0.003480195999145508
0.00792241096496582
0.0005345344543457031
0.0006377696990966797
0.0006105899810791016
0.0012946128845214844
0.0012843608856201172
0.0012488365173339844
0.0018188953399658203
0.0016605854034423828
0.0016782283782958984
0.0053288936614990234
0.005503416061401367
0.007263660430908203
0.009787559509277344
0.009949445724487305
0.010982036590576172
0.004787921905517578
0.006463766098022461
0.008177518844604492
0.00834798812866211
0.009782075881958008
0.003421783447265625
0.004416465759277344
0.003594636917114258
0.0039937496185302734
0.004802227020263672
0.003981113433837891
0.0038933753967285156
0.005288362503051758
0.007364988327026367
0.008215665817260742
0.008912086486816406
0.00648188591003418
0.0070726871490478516
0.008036613464355469
0.0036115646362304688
0.004621028900146484
0.006177425384521484
0.0058155059814453125
0.007898807525634766
0.005678892135620117
0.00565648078918457
0.007155656814575195
0.11616992950439453
0.30033421516418457
0.10107827186584473
0.1596510410308838
0.3165557384490967
0.10448837280273438
0.005161762237548828
0.0052678585052490234
0.027535200119018555
0.006591796875
0.019658565521240234
0.11283135414123535
0.29421567916870117
0.09802103042602539
0.00963139533996582
0.009814262390136719
0.05430936813354492
0.010822534561157227
0.029668807983398438
0.1501636505126953
0.299487829208374
0.09960460662841797
0.04894757270812988
0.041353702545166016
0.06522345542907715
0.043035030364990234
0.004794597625732422
0.02556467056274414
0.0064275264739990234
0.018314123153686523
0.04759335517883301
0.04019665718078613
0.0015010833740234375
0.0008738040924072266
0.00848841667175293
0.0076792240142822266
0.04793214797973633
0.009697437286376953
0.026876211166381836
0.06287336349487305
0.04176902770996094
0.0030808448791503906
0.0020737648010253906
0.001985311508178711
0.0014998912811279297
0.0009083747863769531
0.0012819766998291016
0.0013244152069091797
0.0031447410583496094
0.004633426666259766
0.00456690788269043
0.003954648971557617
0.0038797855377197266
0.0030128955841064453
0.0009710788726806641
0.0010023117065429688
0.0010530948638916016
0.0008757114410400391
0.0002410411834716797
0.0014886856079101562
0.003598451614379883
0.0037419795989990234
0.00508570671081543
0.005288362503051758
0.00486302375793457
0.004469871520996094
0.010627031326293945
0.026339292526245117
0.00884246826171875
0.011230945587158203
0.027472257614135742
0.009205818176269531
0.011713981628417969
0.02925276756286621
0.009594202041625977
0.017780780792236328
0.03150796890258789
0.010208845138549805
0.016051769256591797
0.02848649024963379
0.009618520736694336
0.0038394927978515625
0.0037992000579833984
0.005426168441772461
0.005026102066040039
0.011049509048461914
0.027550458908081055
0.00960540771484375
0.007735729217529297
0.007978200912475586
0.01180577278137207
0.009327411651611328
0.007967233657836914
0.016895055770874023
0.02870035171508789
0.010154485702514648
0.003727436065673828
0.006533622741699219
0.00696563720703125
0.010041236877441406
0.009015798568725586
0.007917165756225586
0.0067882537841796875
0.007160186767578125
0.006385087966918945
0.014660120010375977
0.02826523780822754
0.009415388107299805
0.004828214645385742
0.003519296646118164
0.004484653472900391
0.003582477569580078
0.006623029708862305
0.003839254379272461
0.006275177001953125
0.003570556640625
0.0035424232482910156
0.005133390426635742
0.004544258117675781
0.004315853118896484
0.0034868717193603516
0.001129150390625
0.00039887428283691406
0.00666499137878418
0.005753993988037109
0.010584592819213867
0.008449077606201172
0.006885528564453125
0.006972789764404297
0.003962993621826172
0.002634763717651367
0.0016932487487792969
0.001581430435180664
0.0012006759643554688
0.0004703998565673828
0.003194093704223633
0.0025091171264648438
0.0026230812072753906
0.001430511474609375
0.005526065826416016
0.0057811737060546875
0.008751630783081055
0.007849454879760742
0.006552934646606445
0.0068857669830322266
0.00620269775390625
0.006386280059814453
0.004453897476196289
0.0057833194732666016
0.003402233123779297
0.0015635490417480469
0.0015535354614257812
0.0015282630920410156
0.0019533634185791016
0.001344919204711914
0.0013256072998046875
0.0009739398956298828
0.0003352165222167969
0.0003147125244140625
0.0003542900085449219
0.0005283355712890625
0.0007455348968505859
0.0007023811340332031
0.0010905265808105469
0.0013403892517089844
0.0016579627990722656
0.00012612342834472656
0.005631208419799805
0.012985706329345703
0.01197052001953125
0.004652500152587891
0.010936737060546875
0.008191347122192383
0.009450674057006836
0.003060579299926758
0.003281831741333008
0.003972530364990234
0.007017850875854492
0.007230520248413086
0.007512569427490234
0.0027284622192382812
0.0037932395935058594
0.005774736404418945
0.005379199981689453
0.006453990936279297
0.2330927848815918
0.0780494213104248
0.2442760467529297
0.11364865303039551
0.0029397010803222656
0.0030586719512939453
0.004151821136474609
0.22933316230773926
0.0762171745300293
0.006884574890136719
0.0067691802978515625
0.006694316864013672
0.24480700492858887
0.11064696311950684
0.03135323524475098
0.0028374195098876953
0.005906820297241211
0.005341768264770508
0.04434370994567871
0.032388925552368164
0.004296541213989258
0.009776115417480469
0.009150505065917969
0.002884387969970703
0.003368854522705078
0.029497623443603516
0.002666950225830078
0.005128622055053711
0.004698276519775391
0.00577092170715332
0.004884243011474609
0.005454301834106445
0.041208505630493164
0.03012681007385254
0.0034723281860351562
0.008100748062133789
0.0062978267669677734
0.007330656051635742
0.0011000633239746094
0.0010428428649902344
0.0009336471557617188
0.0008649826049804688
0.0008757114410400391
0.0007822513580322266
0.0007290840148925781
0.0008466243743896484
0.0008831024169921875
0.0006308555603027344
0.0007185935974121094
0.0007216930389404297
0.0013229846954345703
0.0016717910766601562
0.0016613006591796875
0.0017540454864501953
0.001920938491821289
0.001667022705078125
0.0019457340240478516
0.002336263656616211
0.0052585601806640625
0.005266904830932617
0.005040645599365234
0.004395246505737305
0.004377603530883789
0.00410008430480957
0.0013425350189208984
0.0017817020416259766
0.003939151763916016
0.003514528274536133
0.004244089126586914
0.0030393600463867188
0.002959728240966797
0.003079652786254883
0.0013663768768310547
0.0014526844024658203
0.0018537044525146484
0.017413616180419922
0.0056912899017333984
0.018795251846313477
0.006742715835571289
0.019754648208618164
0.006407022476196289
0.021944046020507812
0.01127767562866211
0.01904153823852539
0.009671211242675781
0.001529693603515625
0.0016052722930908203
0.001999378204345703
0.018010854721069336
0.006551027297973633
0.004355907440185547
0.004767179489135742
0.004239797592163086
0.019043684005737305
0.009768486022949219
0.0037615299224853516
0.0038404464721679688
0.0034914016723632812
0.018354177474975586
0.009196043014526367
0.0019299983978271484
0.0002963542938232422
0.00029850006103515625
0.00020074844360351562
0.002176046371459961
0.0003323554992675781
0.00035643577575683594
0.0002372264862060547
0.003709077835083008
0.0025186538696289062
0.0006990432739257812
0.0007050037384033203
0.000606536865234375
0.0031502246856689453
0.0019979476928710938
0.0005197525024414062
0.0004811286926269531
0.0004088878631591797
0.001207590103149414
0.0015568733215332031
0.0019321441650390625
0.00025773048400878906
0.0033621788024902344
0.0028638839721679688
0.003239870071411133
0.0033807754516601562
0.0021047592163085938
0.0003192424774169922
0.00041365623474121094
0.0004360675811767578
0.002241849899291992
0.002108335494995117
0.0027658939361572266
0.0030486583709716797
0.002054452896118164
0.0002541542053222656
0.0003509521484375
0.0003116130828857422
0.005787849426269531
0.012859582901000977
0.012026548385620117
0.004518270492553711
0.010777950286865234
0.007829666137695312
0.009423017501831055
0.08777809143066406
0.2387099266052246
0.07999920845031738
0.1334834098815918
0.2559349536895752
0.08480215072631836
0.003061056137084961
0.003431081771850586
0.003854036331176758
0.011755228042602539
0.01420283317565918
0.08562397956848145
0.23399114608764648
0.07839441299438477
0.0071179866790771484
0.007228374481201172
0.006886005401611328
0.019594430923461914
0.03901481628417969
0.12398481369018555
0.23879241943359375
0.0879669189453125
0.037221431732177734
0.03294229507446289
0.05276989936828613
0.03316926956176758
0.0026597976684570312
0.0038111209869384766
0.010863065719604492
0.012444019317626953
0.03369593620300293
0.029636859893798828
0.0007612705230712891
0.005861520767211914
0.0052890777587890625
0.006131649017333984
0.017563819885253906
0.03424549102783203
0.04873180389404297
0.030915021896362305
0.0019412040710449219
0.0011973381042480469
0.001135110855102539
0.0008058547973632812
0.027275800704956055
0.2277541160583496
0.07721257209777832
0.059290170669555664
0.029082298278808594
0.23612499237060547
0.11277437210083008
0.0782625675201416
0.002864360809326172
0.0028984546661376953
0.003692626953125
0.011124372482299805
0.013736963272094727
0.02655792236328125
0.22134947776794434
0.07374024391174316
0.006396055221557617
0.006579160690307617
0.006266593933105469
0.017747163772583008
0.034142494201660156
0.054035186767578125
0.027498245239257812
0.22744393348693848
0.10489249229431152
0.07544994354248047
0.02192234992980957
0.029672622680664062
0.0026721954345703125
0.005928754806518555
0.005022764205932617
0.04669451713562012
0.02204728126525879
0.04361128807067871
0.03078007698059082
0.004094839096069336
0.009224891662597656
0.008493900299072266
0.0023903846740722656
0.003121614456176758
0.009386062622070312
0.011310815811157227
0.01938652992248535
0.027014493942260742
0.0006532669067382812
0.00029754638671875
0.001981019973754883
0.004437923431396484
0.004097700119018555
0.005132198333740234
0.0046596527099609375
0.005422115325927734
0.015674352645874023
0.028370380401611328
0.04161381721496582
0.021056652069091797
0.03988337516784668
0.02887582778930664
0.0016508102416992188
0.0012199878692626953
0.0012202262878417969
0.0007412433624267578
0.0006697177886962891
0.00074005126953125
0.0009272098541259766
0.0033600330352783203
0.007595539093017578
0.005662202835083008
0.006830930709838867
0.009289979934692383
0.0010235309600830078
0.001001119613647461
0.0008862018585205078
0.0008177757263183594
0.0008373260498046875
0.0007343292236328125
0.0005984306335449219
0.0007748603820800781
0.0007619857788085938
0.00046896934509277344
0.0005958080291748047
0.0005681514739990234
0.0004994869232177734
0.0004706382751464844
0.0010268688201904297
0.001667022705078125
0.0015797615051269531
0.0021507740020751953
0.0016646385192871094
0.0002942085266113281
0.0002865791320800781
0.00014281272888183594
0.0006463527679443359
0.0014088153839111328
0.001519918441772461
0.0020139217376708984
0.0018398761749267578
0.0016417503356933594
0.006837129592895508
0.01698136329650879
0.005706787109375
0.007462978363037109
0.01818227767944336
0.006093740463256836
0.007585763931274414
0.019431114196777344
0.0064814090728759766
0.013744354248046875
0.02192974090576172
0.007665872573852539
0.011580705642700195
0.018948078155517578
0.00640869140625
0.001621246337890625
0.0016837120056152344
0.0020294189453125
0.0074748992919921875
0.01813507080078125
0.006302595138549805
0.0048906803131103516
0.005025386810302734
0.004786014556884766
0.007702827453613281
0.004277467727661133
0.01178431510925293
0.01930093765258789
0.006535053253173828
0.0019834041595458984
0.003948688507080078
0.004755735397338867
0.004687786102294922
0.004001617431640625
0.003282785415649414
0.006293535232543945
0.0036134719848632812
0.0029425621032714844
0.010596752166748047
0.018429994583129883
0.006179094314575195
0.0024013519287109375
0.0020830631256103516
0.0027740001678466797
0.0022115707397460938
0.0046083927154541016
0.002388477325439453
0.0041158199310302734
0.0022318363189697266
0.0012781620025634766
0.0016338825225830078
0.002402067184448242
0.002058267593383789
0.0002353191375732422
0.0035402774810791016
0.003251791000366211
0.0040547847747802734
0.005818843841552734
0.0032067298889160156
0.004097700119018555
0.002222776412963867
0.001115560531616211
0.0005052089691162109
0.0004916191101074219
0.00026679039001464844
0.0014472007751464844
0.0011167526245117188
0.0011475086212158203
0.0005304813385009766
0.0027844905853271484
0.0026140213012695312
0.0034732818603515625
0.0028743743896484375
0.002971172332763672
0.0024368762969970703
0.004627227783203125
0.0026788711547851562
0.0016701221466064453
0.0037577152252197266
0.001993417739868164
0.0004901885986328125
0.0005857944488525391
0.0005929470062255859
0.0007143020629882812
0.0003905296325683594
0.0003514289855957031
0.00020742416381835938
0.00047659873962402344
0.0007493495941162109
0.0011849403381347656
0.0012612342834472656
0.0015892982482910156
0.0013611316680908203
0.0026941299438476562
0.01553964614868164
0.0062062740325927734
0.0052683353424072266
0.0008738040924072266
0.002933502197265625
0.01730823516845703
0.007704496383666992
0.005745410919189453
0.003638029098510742
0.018735885620117188
0.006149768829345703
0.009064912796020508
0.003415346145629883
0.01891803741455078
0.010317087173461914
0.00677037239074707
0.0009627342224121094
0.0072557926177978516
0.0032715797424316406
0.01791548728942871
0.01176905632019043
0.009469032287597656
0.0061151981353759766
0.001444101333618164
0.0015175342559814453
0.0019044876098632812
0.0029935836791992188
0.017340898513793945
0.005820035934448242
0.004103422164916992
0.004622697830200195
0.0041429996490478516
0.006438255310058594
0.0036177635192871094
0.0074138641357421875
0.003156423568725586
0.018077850341796875
0.009650468826293945
0.0061244964599609375
0.0014629364013671875
0.0009200572967529297
0.0033092498779296875
0.003627777099609375
0.0036280155181884766
0.0033805370330810547
0.002848386764526367
0.0050048828125
0.0030603408813476562
0.0025038719177246094
0.006321907043457031
0.0032558441162109375
0.0171051025390625
0.009795904159545898
0.008409500122070312
0.005780220031738281
0.0007176399230957031
0.0021266937255859375
0.0016529560089111328
0.0002028942108154297
0.00020074844360351562
0.00011897087097167969
0.0019690990447998047
0.00029778480529785156
0.0002951622009277344
0.00019884109497070312
0.003742218017578125
0.00597691535949707
0.0021462440490722656
0.0005750656127929688
0.0005896091461181641
0.0004870891571044922
0.0007991790771484375
0.004007577896118164
0.0029294490814208984
0.004578113555908203
0.0019104480743408203
0.00044226646423339844
0.0004680156707763672
0.00034880638122558594
0.0010428428649902344
0.0013387203216552734
0.0016734600067138672
0.00015020370483398438
0.0028519630432128906
0.0026717185974121094
0.0030488967895507812
0.0046329498291015625
0.0027494430541992188
0.0032224655151367188
0.004976511001586914
0.002004384994506836
0.0008342266082763672
0.00043463706970214844
0.0003631114959716797
0.0002720355987548828
0.0003952980041503906
0.00036716461181640625
0.0004603862762451172
0.0005924701690673828
0.00021505355834960938
0.0009810924530029297
0.0007331371307373047
0.0007598400115966797
0.000377655029296875
0.0007042884826660156
0.0020885467529296875
0.001983165740966797
0.002371549606323242
0.0022995471954345703
0.0019834041595458984
0.0019392967224121094
0.0032825469970703125
0.0020949840545654297
0.0013365745544433594
0.0026471614837646484
0.0024318695068359375
0.003561735153198242
0.0016584396362304688
0.000362396240234375
0.00045418739318847656
0.0004398822784423828
0.00045108795166015625
0.0002713203430175781
0.00023102760314941406
0.0004115104675292969
0.0003037452697753906
0.0002498626708984375
0.00017189979553222656
0.0002522468566894531
0.0002536773681640625
0.0002722740173339844
0.00034737586975097656
0.0001392364501953125
0.20252752304077148
0.08128070831298828
0.2001955509185791
0.18728089332580566
0.0748453140258789
0.18660664558410645
0.017429590225219727
0.01756119728088379
0.01740717887878418
0.016087770462036133
0.016605138778686523
0.016083240509033203
0.023977041244506836
0.021181344985961914
0.02918100357055664
0.026152610778808594
0.03376507759094238
0.0025861263275146484
0.00491642951965332
0.0031342506408691406
0.005938291549682617
0.007441997528076172
0.06467676162719727
0.02654886245727539
0.0640876293182373
0.08899354934692383
0.036403656005859375
0.0881502628326416
0.021670818328857422
0.06159400939941406
0.02595686912536621
0.06057310104370117
0.019540786743164062
0.022348880767822266
0.019818782806396484
0.028066635131835938
0.024872303009033203
0.03287482261657715
0.026724815368652344
0.08251690864562988
0.033232688903808594
0.08175468444824219
0.024838924407958984
0.03213357925415039
0.006139993667602539
0.005973100662231445
0.0056819915771484375
0.007737159729003906
0.007597446441650391
0.007615089416503906
0.002349853515625
0.005311489105224609
0.005367279052734375
0.004533529281616211
0.0024018287658691406
0.004697561264038086
0.002919435501098633
0.005609035491943359
0.0071353912353515625
0.002814769744873047
0.006975889205932617
0.006945133209228516
0.007252216339111328
0.0054683685302734375
0.007151603698730469
0.041951656341552734
0.017062902450561523
0.04226398468017578
0.03890275955200195
0.015895366668701172
0.03853964805603027
0.0375514030456543
0.015506505966186523
0.037595510482788086
0.03557920455932617
0.014633893966674805
0.03571939468383789
0.003683328628540039
0.0036640167236328125
0.003692150115966797
0.0034008026123046875
0.0036377906799316406
0.003612995147705078
0.0033042430877685547
0.003300189971923828
0.003299236297607422
0.003045797348022461
0.003043651580810547
0.0030548572540283203
0.019631147384643555
0.017629146575927734
0.023689985275268555
0.0219271183013916
0.027679443359375
0.01940631866455078
0.017083168029785156
0.022812604904174805
0.020620107650756836
0.025145292282104492
0.0020585060119628906
0.0039560794830322266
0.002464771270751953
0.0052928924560546875
0.006300926208496094
0.0020105838775634766
0.0038619041442871094
0.002324819564819336
0.004502534866333008
0.005484580993652344
0.0018131732940673828
0.0009393692016601562
0.0009429454803466797
0.0034575462341308594
0.017445802688598633
0.010993003845214844
0.004534006118774414
0.011025428771972656
0.015523910522460938
0.012026071548461914
0.005013942718505859
0.011910438537597656
0.01228022575378418
0.005136728286743164
0.012451648712158203
0.017747879028320312
0.007725954055786133
0.018905162811279297
0.017293930053710938
0.006857633590698242
0.016840219497680664
0.018229246139526367
0.011393547058105469
0.0047228336334228516
0.011429548263549805
0.015920400619506836
0.01825261116027832
0.016227006912231445
0.023070812225341797
0.02037978172302246
0.026935338973999023
0.02177596092224121
0.016382694244384766
0.006615638732910156
0.01617121696472168
0.019507169723510742
0.026648521423339844
0.017685890197753906
0.015875816345214844
0.021361827850341797
0.019095897674560547
0.024139881134033203
0.0210573673248291
0.014857769012451172
0.006169319152832031
0.014961481094360352
0.018947124481201172
0.023776769638061523
0.0010993480682373047
0.0010752677917480469
0.0010907649993896484
0.0011544227600097656
0.001163482666015625
0.0011894702911376953
0.001604318618774414
0.0016162395477294922
0.0015990734100341797
0.001453399658203125
0.001444101333618164
0.0014514923095703125
0.0019183158874511719
0.0010614395141601562
0.0010390281677246094
0.0036432743072509766
0.002002239227294922
0.0037119388580322266
0.0023491382598876953
0.0044612884521484375
0.005891323089599609
0.0026535987854003906
0.0014607906341552734
0.0014042854309082031
0.0014522075653076172
0.004481315612792969
0.005629301071166992
0.001890420913696289
0.0036242008209228516
0.0021889209747314453
0.0042378902435302734
0.005188703536987305
0.002191781997680664
0.0012793540954589844
0.0012612342834472656
0.0012695789337158203
0.004170656204223633
0.005053520202636719
0.1890714168548584
0.07690858840942383
0.18890023231506348
0.17795801162719727
0.07094979286193848
0.17510247230529785
0.01659083366394043
0.01641392707824707
0.016249418258666992
0.015034675598144531
0.015178203582763672
0.014984607696533203
0.015056610107421875
0.013525724411010742
0.019801855087280273
0.01766800880432129
0.02462148666381836
0.0015513896942138672
0.002956867218017578
0.0020906925201416016
0.00383758544921875
0.0052204132080078125
0.06011629104614258
0.024564027786254883
0.060086727142333984
0.08242964744567871
0.03379940986633301
0.08263301849365234
0.01307988166809082
0.05671548843383789
0.001827239990234375
0.0018417835235595703
0.022858381271362305
0.056154727935791016
0.011831998825073242
0.013603687286376953
0.012642383575439453
0.01869940757751465
0.016922712326049805
0.023555517196655273
0.017679452896118164
0.07622027397155762
0.0030858516693115234
0.002686023712158203
0.0032262802124023438
0.030579566955566406
0.07705545425415039
0.016215801239013672
0.022681713104248047
0.00517582893371582
0.005129814147949219
0.0051746368408203125
0.006983041763305664
0.006979227066040039
0.007455587387084961
0.0013625621795654297
0.005048274993896484
0.0016982555389404297
0.004757404327392578
0.0025234222412109375
0.0014197826385498047
0.002662181854248047
0.0018758773803710938
0.003584623336791992
0.004988908767700195
0.0018012523651123047
0.0063631534576416016
0.0027184486389160156
0.002535104751586914
0.002398967742919922
0.0063037872314453125
0.006696939468383789
0.0033943653106689453
0.0047800540924072266
0.03889012336730957
0.01586771011352539
0.03869152069091797
0.03569149971008301
0.014802217483520508
0.0360562801361084
0.03484821319580078
0.014086008071899414
0.03468728065490723
0.03235745429992676
0.013128519058227539
0.03255176544189453
0.003307342529296875
0.003337383270263672
0.0033376216888427734
0.0031189918518066406
0.003250598907470703
0.0031576156616210938
0.0029854774475097656
0.003026247024536133
0.0029659271240234375
0.0027189254760742188
0.0027434825897216797
0.002964496612548828
0.010704517364501953
0.009965181350708008
0.014751434326171875
0.013334274291992188
0.019296646118164062
0.010224103927612305
0.009336709976196289
0.013429880142211914
0.012476921081542969
0.016643524169921875
0.0010557174682617188
0.0019791126251220703
0.0014255046844482422
0.002664804458618164
0.0039751529693603516
0.0010082721710205078
0.001882791519165039
0.0012743473052978516
0.0024254322052001953
0.003285646438598633
0.0007860660552978516
0.0008094310760498047
0.0011806488037109375
0.0008182525634765625
0.0014691352844238281
0.008748769760131836
0.009839057922363281
0.0012922286987304688
0.0013234615325927734
0.004136562347412109
0.00988459587097168
0.007852315902709961
0.010689020156860352
0.004798412322998047
0.010703086853027344
0.011364221572875977
0.004677772521972656
0.011141538619995117
0.016396522521972656
0.006741046905517578
0.016254901885986328
0.01522517204284668
0.006351470947265625
0.014879226684570312
0.008926868438720703
0.0102386474609375
0.0013740062713623047
0.0014111995697021484
0.004246234893798828
0.010456562042236328
0.008234977722167969
0.009449005126953125
0.008543968200683594
0.013540983200073242
0.01248478889465332
0.017931699752807617
0.01273202896118164
0.014323949813842773
0.002565622329711914
0.0022499561309814453
0.0025756359100341797
0.005950212478637695
0.014670133590698242
0.012216567993164062
0.01720118522644043
0.008952617645263672
0.008177042007446289
0.012798786163330078
0.011172771453857422
0.015601158142089844
0.011799097061157227
0.013278961181640625
0.0021381378173828125
0.001965761184692383
0.0022704601287841797
0.00548243522644043
0.014133214950561523
0.010677576065063477
0.014983177185058594
0.0009641647338867188
0.0009381771087646484
0.0009539127349853516
0.0010218620300292969
0.0010175704956054688
0.001035928726196289
0.0014488697052001953
0.0014312267303466797
0.0014758110046386719
0.0013530254364013672
0.001505136489868164
0.0012845993041992188
0.0008924007415771484
0.0009059906005859375
0.0012679100036621094
0.0008993148803710938
0.0016779899597167969
0.0009067058563232422
0.0017256736755371094
0.001306772232055664
0.0024521350860595703
0.0036172866821289062
0.0012631416320800781
0.0012784004211425781
0.0020067691802978516
0.0018725395202636719
0.0018832683563232422
0.0012311935424804688
0.0012373924255371094
0.0023839473724365234
0.0034208297729492188
0.0008656978607177734
0.0016090869903564453
0.0011260509490966797
0.002137422561645508
0.003011465072631836
0.0010762214660644531
0.001096487045288086
0.001710653305053711
0.0016107559204101562
0.0019216537475585938
0.001100301742553711
0.0011143684387207031
0.002070188522338867
0.002877473831176758
0.1737658977508545
0.07091331481933594
0.17412304878234863
0.15987801551818848
0.0645449161529541
0.15989255905151367
0.014738082885742188
0.014925718307495117
0.014949798583984375
0.014249324798583984
0.013349771499633789
0.01334524154663086
0.01947617530822754
0.01715230941772461
0.023296833038330078
0.020919322967529297
0.02704596519470215
0.0022644996643066406
0.003890514373779297
0.002452850341796875
0.004977703094482422
0.005949974060058594
0.0527644157409668
0.021788358688354492
0.05240988731384277
0.07517433166503906
0.030755281448364258
0.07600975036621094
0.01768803596496582
0.04910135269165039
0.020073413848876953
0.048963069915771484
0.015429019927978516
0.01777029037475586
0.01636028289794922
0.022451400756835938
0.020181894302368164
0.026688098907470703
0.021700382232666016
0.06972312927246094
0.028111696243286133
0.06885719299316406
0.019350290298461914
0.025615692138671875
0.004694223403930664
0.004475116729736328
0.004517078399658203
0.006649017333984375
0.006314992904663086
0.006304264068603516
0.0018541812896728516
0.00404810905456543
0.004059314727783203
0.003490924835205078
0.001875162124633789
0.0036072731018066406
0.0023314952850341797
0.004401445388793945
0.005632638931274414
0.0022192001342773438
0.0056362152099609375
0.005636930465698242
0.005616664886474609
0.0042345523834228516
0.005637168884277344
0.03517270088195801
0.014723777770996094
0.035065412521362305
0.032357215881347656
0.013291120529174805
0.03245401382446289
0.03170895576477051
0.01289224624633789
0.031055212020874023
0.029049158096313477
0.011705160140991211
0.02864360809326172
0.0029914379119873047
0.002970457077026367
0.0030202865600585938
0.002709627151489258
0.0027151107788085938
0.0027272701263427734
0.002644777297973633
0.0026569366455078125
0.002632617950439453
0.002355813980102539
0.0023508071899414062
0.002378225326538086
0.015476465225219727
0.013489961624145508
0.018599510192871094
0.01717853546142578
0.022578716278076172
0.014864206314086914
0.013341903686523438
0.017260074615478516
0.015691518783569336
0.019464969635009766
0.0015642642974853516
0.0029282569885253906
0.0018684864044189453
0.0035419464111328125
0.00461125373840332
0.0014882087707519531
0.0028901100158691406
0.0016856193542480469
0.0032913684844970703
0.0040378570556640625
0.001260519027709961
0.0006432533264160156
0.0006477832794189453
0.0024576187133789062
0.012838125228881836
0.008079051971435547
0.003358602523803711
0.008090496063232422
0.011558771133422852
0.008937835693359375
0.003804922103881836
0.009277820587158203
0.009358406066894531
0.003996133804321289
0.00948190689086914
0.014623165130615234
0.006248950958251953
0.014628410339355469
0.013310670852661133
0.005478620529174805
0.012994766235351562
0.013320684432983398
0.008437871932983398
0.003523588180541992
0.008384943008422852
0.01179957389831543
0.013739585876464844
0.012241125106811523
0.017327547073364258
0.015868663787841797
0.020972013473510742
0.01652979850769043
0.012976408004760742
0.005320310592651367
0.012539386749267578
0.014825820922851562
0.020022153854370117
0.013123273849487305
0.012164115905761719
0.01590704917907715
0.014576196670532227
0.018325090408325195
0.01555323600769043
0.011922597885131836
0.005002260208129883
0.011592864990234375
0.013958454132080078
0.018061399459838867
0.0007917881011962891
0.0007677078247070312
0.0007789134979248047
0.0008671283721923828
0.0008614063262939453
0.0008618831634521484
0.0012559890747070312
0.0012555122375488281
0.001272439956665039
0.0011105537414550781
0.0010867118835449219
0.0011131763458251953
0.0013935565948486328
0.0007345676422119141
0.0007424354553222656
0.0026197433471679688
0.0014216899871826172
0.0026962757110595703
0.0017154216766357422
0.003303050994873047
0.0043222904205322266
0.0016987323760986328
0.0011014938354492188
0.0011472702026367188
0.0011017322540283203
0.0031867027282714844
0.004174232482910156
0.0013570785522460938
0.0028350353240966797
0.0017404556274414062
0.0030126571655273438
0.0037496089935302734
0.0015971660614013672
0.0009374618530273438
0.0010132789611816406
0.0009427070617675781
0.0029506683349609375
0.0037212371826171875
0.00039696693420410156
0.00034546852111816406
0.0006458759307861328
0.16326498985290527
0.0666055679321289
0.16251778602600098
0.14892840385437012
0.05932164192199707
0.14759588241577148
0.013397455215454102
0.013306617736816406
0.013753414154052734
0.012407541275024414
0.012130975723266602
0.012304544448852539
0.14134860038757324
0.05824613571166992
0.14281344413757324
0.12986445426940918
0.05247616767883301
0.13077974319458008
0.011812210083007812
0.005957603454589844
0.01420140266418457
0.013231039047241211
0.011416196823120117
0.011644601821899414
0.010431528091430664
0.005128622055053711
0.012174367904663086
0.009300947189331055
0.010584354400634766
0.010293960571289062
0.01026296615600586
0.012554407119750977
0.011299371719360352
0.016487598419189453
0.014958858489990234
0.02068805694580078
0.0012829303741455078
0.002372264862060547
0.0016603469848632812
0.0030984878540039062
0.004254579544067383
0.01153707504272461
0.010330438613891602
0.015323638916015625
0.012971639633178711
0.017627954483032227
0.0011529922485351562
0.002152681350708008
0.0014383792877197266
0.0026543140411376953
0.003531932830810547
0.04832029342651367
0.019704580307006836
0.04919910430908203
0.07059550285339355
0.02828526496887207
0.06899833679199219
0.001125335693359375
0.0011157989501953125
0.01043558120727539
0.04425621032714844
0.01831531524658203
0.0442967414855957
0.009697675704956055
0.01094198226928711
0.009897470474243164
0.01575303077697754
0.013953447341918945
0.019613981246948242
0.002318143844604492
0.0017609596252441406
0.0023908615112304688
0.014719724655151367
0.06262755393981934
0.025387048721313477
0.06268119812011719
0.013634443283081055
0.018795013427734375
0.003978252410888672
0.0043315887451171875
0.0040514469146728516
0.005639553070068359
0.005572080612182617
0.00562739372253418
0.0009877681732177734
0.0010242462158203125
0.003597259521484375
0.003585338592529297
0.0019385814666748047
0.0011327266693115234
0.0020606517791748047
0.0015757083892822266
0.0028922557830810547
0.004003047943115234
0.001867055892944336
0.0017521381378173828
0.001440286636352539
0.0014033317565917969
0.005434513092041016
0.0051004886627197266
0.00519561767578125
0.0026679039001464844
0.004074573516845703
0.042886972427368164
0.045522451400756836
0.017487764358520508
0.04347825050354004
0.030871868133544922
0.05950045585632324
0.04743790626525879
0.024430513381958008
0.060202836990356445
0.042189836502075195
0.0010988712310791016
0.0010993480682373047
0.009813308715820312
0.03926682472229004
0.04467439651489258
0.015951871871948242
0.039243221282958984
0.008634090423583984
0.029783964157104492
0.01006627082824707
0.009111881256103516
0.01318049430847168
0.011855125427246094
0.016302824020385742
0.0020558834075927734
0.0015940666198730469
0.002114534378051758
0.013167619705200195
0.05293130874633789
0.0457918643951416
0.021469593048095703
0.052814483642578125
0.011375904083251953
0.015829086303710938
0.039629220962524414
0.0036857128143310547
0.00598454475402832
0.0036971569061279297
0.008014678955078125
0.007567167282104492
0.003399372100830078
0.003473997116088867
0.011907339096069336
0.00464630126953125
0.006233692169189453
0.004862308502197266
0.011063337326049805
0.010638236999511719
0.00463414192199707
0.004656791687011719
0.01595306396484375
0.0009000301361083984
0.0008733272552490234
0.0029816627502441406
0.005641937255859375
0.0030095577239990234
0.007188320159912109
0.006213665008544922
0.0029735565185546875
0.0016884803771972656
0.011205673217773438
0.0009884834289550781
0.001850128173828125
0.0012593269348144531
0.0023908615112304688
0.003231525421142578
0.0015606880187988281
0.001489877700805664
0.0012660026550292969
0.0011837482452392578
0.003984928131103516
0.005941867828369141
0.00398707389831543
0.009369373321533203
0.007269144058227539
0.008096694946289062
0.0041005611419677734
0.0040760040283203125
0.002254486083984375
0.0030994415283203125
0.014619827270507812
0.032132625579833984
0.013080120086669922
0.03145241737365723
0.028745651245117188
0.01175832748413086
0.028352022171020508
0.02744913101196289
0.011298894882202148
0.02758049964904785
0.025478363037109375
0.010322332382202148
0.025433778762817383
0.002665996551513672
0.002744913101196289
0.0026159286499023438
0.0023412704467773438
0.0023288726806640625
0.002351999282836914
0.002290964126586914
0.0022666454315185547
0.0022821426391601562
0.002013683319091797
0.0020189285278320312
0.002012491226196289
0.026022672653198242
0.010683774948120117
0.026094913482666016
0.023780345916748047
0.009785175323486328
0.023840904235839844
0.0227813720703125
0.009367942810058594
0.022905349731445312
0.020720720291137695
0.008484363555908203
0.021142005920410156
0.0011212825775146484
0.0011606216430664062
0.0010523796081542969
0.0020644664764404297
0.002098560333251953
0.0021011829376220703
0.0009708404541015625
0.0009911060333251953
0.0009050369262695312
0.0019948482513427734
0.0017807483673095703
0.001813650131225586
0.0008456707000732422
0.0009348392486572266
0.0009286403656005859
0.0017580986022949219
0.0017523765563964844
0.0017504692077636719
0.0007352828979492188
0.0007681846618652344
0.0007433891296386719
0.0014843940734863281
0.0014290809631347656
0.0014481544494628906
0.008126258850097656
0.007389545440673828
0.011389017105102539
0.010648250579833984
0.01509857177734375
0.007693290710449219
0.007029533386230469
0.010169267654418945
0.009249448776245117
0.012850284576416016
0.0007748603820800781
0.0014336109161376953
0.0010561943054199219
0.0019295215606689453
0.0029020309448242188
0.0007061958312988281
0.0013315677642822266
0.0009195804595947266
0.0016751289367675781
0.0023217201232910156
0.007130622863769531
0.006693363189697266
0.009498357772827148
0.008643865585327148
0.012191295623779297
0.006899356842041016
0.006264925003051758
0.008441448211669922
0.007704973220825195
0.009997129440307617
0.0006706714630126953
0.0011932849884033203
0.0008332729339599609
0.0015385150909423828
0.0022089481353759766
0.0005772113800048828
0.0010726451873779297
0.0007536411285400391
0.0015156269073486328
0.0016131401062011719
0.00048828125
0.0004813671112060547
0.0004265308380126953
0.00047659873962402344
0.0008673667907714844
0.005788326263427734
0.006670713424682617
0.0005609989166259766
0.0005753040313720703
0.0028274059295654297
0.006659984588623047
0.005285739898681641
0.007573843002319336
0.0032546520233154297
0.007558345794677734
0.007919788360595703
0.003412008285522461
0.007939338684082031
0.013397932052612305
0.005409717559814453
0.012991905212402344
0.011077165603637695
0.004689931869506836
0.011167526245117188
0.006129264831542969
0.007154226303100586
0.0006799697875976562
0.0006716251373291016
0.0029926300048828125
0.007052183151245117
0.0056231021881103516
0.0065534114837646484
0.00603795051574707
0.010285377502441406
0.009357690811157227
0.014029979705810547
0.009181022644042969
0.011179447174072266
0.0018451213836669922
0.0012254714965820312
0.0017468929290771484
0.004449605941772461
0.010667085647583008
0.008617877960205078
0.013016223907470703
0.006267547607421875
0.0057220458984375
0.008687973022460938
0.007938623428344727
0.011250019073486328
0.008204221725463867
0.009778022766113281
0.0012748241424560547
0.0009806156158447266
0.0013811588287353516
0.0039937496185302734
0.009475231170654297
0.0075588226318359375
0.0108795166015625
0.0006182193756103516
0.0006275177001953125
0.0006501674652099609
0.0006926059722900391
0.0006997585296630859
0.0007197856903076172
0.0010554790496826172
0.0010523796081542969
0.0010602474212646484
0.0009074211120605469
0.0009062290191650391
0.0008969306945800781
0.0005445480346679688
0.0006008148193359375
0.0004980564117431641
0.0005869865417480469
0.0010342597961425781
0.0006170272827148438
0.0011093616485595703
0.0008854866027832031
0.0016169548034667969
0.002597808837890625
0.0008521080017089844
0.0008637905120849609
0.0010576248168945312
0.0009920597076416016
0.0008974075317382812
0.0008497238159179688
0.0008552074432373047
0.0015866756439208984
0.002415180206298828
0.0005667209625244141
0.0010004043579101562
0.0007483959197998047
0.0013802051544189453
0.001986265182495117
0.0007097721099853516
0.0007126331329345703
0.0008020401000976562
0.0007698535919189453
0.0006830692291259766
0.0007138252258300781
0.0007178783416748047
0.0012974739074707031
0.001852273941040039
0.0033080577850341797
0.005290985107421875
0.00474238395690918
0.0004482269287109375
0.0005042552947998047
0.0022389888763427734
0.005346059799194336
0.002207040786743164
0.00438690185546875
0.003564119338989258
0.0064470767974853516
0.0027337074279785156
0.006412029266357422
0.0024063587188720703
0.003773927688598633
0.006692647933959961
0.0028765201568603516
0.006684303283691406
0.0025877952575683594
0.003991842269897461
0.009947061538696289
0.0042188167572021484
0.010304450988769531
0.003895998001098633
0.0037729740142822266
0.00905919075012207
0.003787994384765625
0.008934736251831055
0.0034592151641845703
0.0036797523498535156
0.005860567092895508
0.0053021907806396484
0.0005860328674316406
0.0005962848663330078
0.002468109130859375
0.0058248043060302734
0.0024263858795166016
0.00482177734375
0.00602269172668457
0.005209922790527344
0.007945060729980469
0.007305145263671875
0.010790586471557617
0.0037763118743896484
0.008425474166870117
0.007451534271240234
0.0012738704681396484
0.001018524169921875
0.0014138221740722656
0.003530740737915039
0.008648395538330078
0.0035071372985839844
0.006854057312011719
0.010302066802978516
0.005415439605712891
0.004963874816894531
0.006976127624511719
0.006379365921020508
0.00858306884765625
0.0035576820373535156
0.007418394088745117
0.00652623176574707
0.0010271072387695312
0.0007784366607666016
0.0011115074157714844
0.0031337738037109375
0.007545948028564453
0.0030889511108398438
0.005978822708129883
0.00826573371887207
0.0004792213439941406
0.0004634857177734375
0.0004940032958984375
0.00037407875061035156
0.00046181678771972656
0.0004425048828125
0.0008089542388916016
0.0006330013275146484
0.00061798095703125
0.0006055831909179688
0.00045990943908691406
0.0005440711975097656
0.0005304813385009766
0.0008587837219238281
0.0007824897766113281
0.0007922649383544922
0.0008041858673095703
0.0007040500640869141
0.0005362033843994141
0.0007698535919189453
0.0007658004760742188
0.0013036727905273438
0.0006322860717773438
0.0006389617919921875
0.0006632804870605469
0.0005354881286621094
0.00046634674072265625
0.0006086826324462891
0.0006396770477294922
0.0010385513305664062
0.00041103363037109375
0.0004146099090576172
0.0007531642913818359
0.0004687309265136719
0.0008862018585205078
0.0006721019744873047
0.001220703125
0.0018794536590576172
0.0008220672607421875
0.0006506443023681641
0.0008039474487304688
0.0007236003875732422
0.0005216598510742188
0.0006196498870849609
0.0006122589111328125
0.00047469139099121094
0.0006060600280761719
0.0005848407745361328
0.0011408329010009766
0.0017242431640625
0.0011141300201416016
0.0004374980926513672
0.0007355213165283203
0.0005452632904052734
0.0009815692901611328
0.0012598037719726562
0.0005834102630615234
0.0004355907440185547
0.0005519390106201172
0.0004553794860839844
0.00043082237243652344
0.0004286766052246094
0.00044536590576171875
0.0003769397735595703
0.0004360675811767578
0.0004582405090332031
0.0008268356323242188
0.0010864734649658203
0.0008184909820556641
0.07103466987609863
0.17190146446228027
0.17238950729370117
0.06622314453125
0.160719633102417
0.16170454025268555
0.01037740707397461
0.0024538040161132812
0.007973432540893555
0.014790058135986328
0.014853239059448242
0.01507568359375
0.01352238655090332
0.013557910919189453
0.008637666702270508
0.002084493637084961
0.006897926330566406
0.009924888610839844
0.020966529846191406
0.011991262435913086
0.015893220901489258
0.026187419891357422
0.0022330284118652344
0.0027294158935546875
0.0027489662170410156
0.003590822219848633
0.02149176597595215
0.052793264389038086
0.0317230224609375
0.07505440711975098
0.07532262802124023
0.008790969848632812
0.019394397735595703
0.019843578338623047
0.04875040054321289
0.006809711456298828
0.0015645027160644531
0.008934736251831055
0.01985645294189453
0.011289834976196289
0.015168428421020508
0.024768829345703125
0.011204719543457031
0.015677690505981445
0.025337934494018555
0.028072357177734375
0.06896114349365234
0.06925058364868164
0.008997201919555664
0.0018148422241210938
0.002063751220703125
0.00451207160949707
0.0044498443603515625
0.006310939788818359
0.006276845932006836
0.006707191467285156
0.0020592212677001953
0.003991603851318359
0.005566596984863281
0.0013661384582519531
0.0020990371704101562
0.0025839805603027344
0.0025832653045654297
0.003446340560913086
0.002496957778930664
0.002490997314453125
0.003334522247314453
0.005655050277709961
0.005666971206665039
0.007422924041748047
0.0015702247619628906
0.0017821788787841797
0.014274835586547852
0.034700870513916016
0.03430533409118652
0.013339996337890625
0.03234291076660156
0.03239130973815918
0.012891292572021484
0.032204389572143555
0.03258514404296875
0.002351045608520508
0.002402782440185547
0.00738072395324707
0.012089014053344727
0.029661893844604492
0.029263973236083984
0.002135038375854492
0.0022134780883789062
0.007107257843017578
0.003159761428833008
0.003063678741455078
0.003088235855102539
0.002804279327392578
0.00281524658203125
0.002834796905517578
0.0027277469635009766
0.002719879150390625
0.0020096302032470703
0.00653076171875
0.0024919509887695312
0.0024666786193847656
0.0018510818481445312
0.0062673091888427734
0.007794857025146484
0.016702651977539062
0.009612083435058594
0.013159513473510742
0.021301984786987305
0.007537126541137695
0.016367197036743164
0.009051799774169922
0.012177228927612305
0.020052671432495117
0.0017673969268798828
0.0021321773529052734
0.0024077892303466797
0.0029311180114746094
0.0017082691192626953
0.0020148754119873047
0.002016305923461914
0.002596616744995117
0.0014739036560058594
0.000644683837890625
0.001132965087890625
0.006606578826904297
0.014480113983154297
0.0033080577850341797
0.007764577865600586
0.001455068588256836
0.0013957023620605469
0.003686666488647461
0.008582592010498047
0.0038650035858154297
0.008949518203735352
0.005911588668823242
0.013890266418457031
0.013943195343017578
0.005479335784912109
0.0132598876953125
0.012919902801513672
0.006865262985229492
0.014917135238647461
0.0034749507904052734
0.00834202766418457
0.0015060901641845703
0.0014619827270507812
0.007013797760009766
0.015332460403442383
0.008921146392822266
0.012489557266235352
0.019893884658813477
0.008697032928466797
0.012380361557006836
0.018985748291015625
0.00523686408996582
0.012450456619262695
0.012413740158081055
0.0017597675323486328
0.001936197280883789
0.001987934112548828
0.0068399906158447266
0.015004873275756836
0.008398056030273438
0.01126861572265625
0.0185546875
0.008393287658691406
0.011037349700927734
0.017856121063232422
0.004819393157958984
0.011893272399902344
0.011409759521484375
0.0016355514526367188
0.0017843246459960938
0.0018553733825683594
0.0008134841918945312
0.0008022785186767578
0.0008292198181152344
0.0008161067962646484
0.0012383460998535156
0.0013146400451660156
0.0012335777282714844
0.0010714530944824219
0.0010800361633300781
0.0010848045349121094
0.0016217231750488281
0.0006842613220214844
0.0012025833129882812
0.0016148090362548828
0.0020627975463867188
0.0020165443420410156
0.0027964115142822266
0.0019998550415039062
0.0019834041595458984
0.0026738643646240234
0.0010669231414794922
0.0010411739349365234
0.0014324188232421875
0.0016357898712158203
0.0015606880187988281
0.001867055892944336
0.0018677711486816406
0.0024445056915283203
0.001840353012084961
0.0018398761749267578
0.002361297607421875
0.0009407997131347656
0.0009124279022216797
0.0013556480407714844
0.0016481876373291016
0.0031800270080566406
0.003326416015625
0.0030722618103027344
0.0028839111328125
0.003136157989501953
0.002956390380859375
0.002675294876098633
0.0028023719787597656
0.002712726593017578
0.002939939498901367
0.002801656723022461
0.0026121139526367188
0.0026025772094726562
0.002627849578857422
0.0028150081634521484
0.002674102783203125
0.07287788391113281
0.07320904731750488
0.07068228721618652
0.17197465896606445
0.17223048210144043
0.15761637687683105
0.06772446632385254
0.06746745109558105
0.06661868095397949
0.15923690795898438
0.16133761405944824
0.1458148956298828
0.01058650016784668
0.002393007278442383
0.007901191711425781
0.015842676162719727
0.016146421432495117
0.014575958251953125
0.014913320541381836
0.014803647994995117
0.01306295394897461
0.013379573822021484
0.013502836227416992
0.014465808868408203
0.014421701431274414
0.011940240859985352
0.008623600006103516
0.0020546913146972656
0.006913661956787109
0.005066394805908203
0.00945138931274414
0.018405437469482422
0.02095770835876465
0.006716728210449219
0.01163482666015625
0.015700101852416992
0.02275562286376953
0.02612137794494629
0.004120349884033203
0.0021941661834716797
0.002270936965942383
0.004790782928466797
0.002695322036743164
0.0027205944061279297
0.0029714107513427734
0.003609895706176758
0.003998756408691406
0.020055294036865234
0.02121734619140625
0.05169391632080078
0.04179239273071289
0.03169441223144531
0.03160357475280762
0.03106403350830078
0.07477951049804688
0.07506155967712402
0.06743431091308594
0.004484415054321289
0.008901357650756836
0.017025232315063477
0.018947124481201172
0.019485950469970703
0.01970958709716797
0.04795384407043457
0.03813934326171875
0.0025725364685058594
0.0066945552825927734
0.0021812915802001953
0.0014564990997314453
0.0014109611511230469
0.0045490264892578125
0.008837699890136719
0.017359495162963867
0.01937127113342285
0.0064544677734375
0.011107206344604492
0.015471220016479492
0.021863460540771484
0.024718761444091797
0.0064830780029296875
0.010906457901000977
0.01461935043334961
0.021195650100708008
0.023824453353881836
0.029283523559570312
0.02936077117919922
0.027948856353759766
0.06889963150024414
0.06831240653991699
0.060872793197631836
0.0035233497619628906
0.009118795394897461
0.0023903846740722656
0.0017666816711425781
0.00200653076171875
0.0017094612121582031
0.004302501678466797
0.004235029220581055
0.004686117172241211
0.0033600330352783203
0.00687098503112793
0.006752967834472656
0.006165742874145508
0.006196498870849609
0.0063323974609375
0.005391120910644531
0.0036895275115966797
0.0019991397857666016
0.0040721893310546875
0.00293731689453125
0.002149343490600586
0.005403995513916016
0.00160980224609375
0.0012640953063964844
0.003857135772705078
0.0020530223846435547
0.004502534866333008
0.002560138702392578
0.0025665760040283203
0.0028667449951171875
0.0038843154907226562
0.0033762454986572266
0.004265546798706055
0.0024814605712890625
0.002443075180053711
0.002854585647583008
0.0037331581115722656
0.003437519073486328
0.005585193634033203
0.005541324615478516
0.006217241287231445
0.006009817123413086
0.004782676696777344
0.0030770301818847656
0.0075566768646240234
0.0020296573638916016
0.0015289783477783203
0.0016937255859375
0.014812469482421875
0.014592647552490234
0.014266252517700195
0.034836769104003906
0.035315752029418945
0.031002283096313477
0.014726400375366211
0.013824701309204102
0.013396263122558594
0.03329181671142578
0.03199934959411621
0.028287172317504883
0.0024657249450683594
0.0026543140411376953
0.0026390552520751953
0.013469219207763672
0.013527154922485352
0.013171911239624023
0.03145194053649902
0.031044483184814453
0.027721405029296875
0.002248048782348633
0.0023331642150878906
0.007473468780517578
0.012831449508666992
0.012555837631225586
0.011824369430541992
0.029435396194458008
0.0289914608001709
0.025063514709472656
0.002432584762573242
0.0025835037231445312
0.002371549606323242
0.0020589828491210938
0.0023539066314697266
0.00714564323425293
0.003396749496459961
0.0032393932342529297
0.003080129623413086
0.0029578208923339844
0.002991914749145508
0.002543926239013672
0.0029249191284179688
0.0029201507568359375
0.002786397933959961
0.0027239322662353516
0.0027692317962646484
0.002298593521118164
0.002283811569213867
0.002460002899169922
0.002324819564819336
0.002650737762451172
0.002649068832397461
0.0028166770935058594
0.0028142929077148438
0.0023584365844726562
0.002081155776977539
0.00642848014831543
0.002424478530883789
0.002426624298095703
0.0025801658630371094
0.0025565624237060547
0.002175569534301758
0.0023713111877441406
0.0023546218872070312
0.002259969711303711
0.0017561912536621094
0.006081104278564453
0.003916025161743164
0.007506847381591797
0.014663219451904297
0.016466617584228516
0.005366802215576172
0.009447813034057617
0.01306295394897461
0.018299102783203125
0.020700931549072266
0.003758668899536133
0.007474184036254883
0.0145416259765625
0.01616048812866211
0.0051610469818115234
0.009469747543334961
0.011847257614135742
0.01767444610595703
0.019778013229370117
0.0009665489196777344
0.0017285346984863281
0.0017044544219970703
0.0011222362518310547
0.002103090286254883
0.002097606658935547
0.002344369888305664
0.002893686294555664
0.003258943557739258
0.0008606910705566406
0.0018820762634277344
0.0017285346984863281
0.0010344982147216797
0.001991748809814453
0.0019540786743164062
0.0021512508392333984
0.0025408267974853516
0.002777099609375
0.0005462169647216797
0.0011310577392578125
0.00044465065002441406
0.0002346038818359375
0.0015265941619873047
0.0008263587951660156
0.0014641284942626953
0.0014977455139160156
0.0010144710540771484
0.0010495185852050781
0.0008370876312255859
0.0032155513763427734
0.006374835968017578
0.0124664306640625
0.014050960540771484
0.0029189586639404297
0.0030875205993652344
0.0073354244232177734
0.0048389434814453125
0.0019729137420654297
0.002190113067626953
0.004189729690551758
0.008239269256591797
0.0020079612731933594
0.0013875961303710938
0.001672506332397461
0.0012507438659667969
0.0013844966888427734
0.001184701919555664
0.0033102035522460938
0.0035352706909179688
0.00836491584777832
0.005885124206542969
0.002046823501586914
0.004489898681640625
0.008879899978637695
0.0020782947540283203
0.0014538764953613281
0.0035469532012939453
0.0036728382110595703
0.008871316909790039
0.006216764450073242
0.006473541259765625
0.006038188934326172
0.005914926528930664
0.014299392700195312
0.013854742050170898
0.011821985244750977
0.005635499954223633
0.005733013153076172
0.005408525466918945
0.013020038604736328
0.012746334075927734
0.010781288146972656
0.0022029876708984375
0.006661176681518555
0.012166738510131836
0.002420663833618164
0.0021636486053466797
0.00189208984375
0.0034263134002685547
0.006786823272705078
0.013409852981567383
0.014964580535888672
0.00316619873046875
0.003325223922729492
0.007964372634887695
0.005414009094238281
0.002348661422729492
0.0017971992492675781
0.0013403892517089844
0.0014264583587646484
0.0012540817260742188
0.0035266876220703125
0.0068395137786865234
0.01356816291809082
0.015111446380615234
0.005135059356689453
0.008976221084594727
0.01232290267944336
0.01702117919921875
0.019196748733520508
0.0049173831939697266
0.008456230163574219
0.012144327163696289
0.017006635665893555
0.01872992515563965
0.0057070255279541016
0.005353212356567383
0.005065441131591797
0.012253046035766602
0.012190103530883789
0.010298013687133789
0.0032134056091308594
0.0022068023681640625
0.0016372203826904297
0.0018301010131835938
0.0019490718841552734
0.0016021728515625
0.003451108932495117
0.007131814956665039
0.013365983963012695
0.014708757400512695
0.004719257354736328
0.008237600326538086
0.011137723922729492
0.01643514633178711
0.018280744552612305
0.004830121994018555
0.008150815963745117
0.010937690734863281
0.015898704528808594
0.018180131912231445
0.004976511001586914
0.004866838455200195
0.004658937454223633
0.011196613311767578
0.01122426986694336
0.009382009506225586
0.0021164417266845703
0.002936124801635742
0.006035327911376953
0.010929346084594727
0.0022988319396972656
0.0021190643310546875
0.0017812252044677734
0.0020935535430908203
0.001538991928100586
0.0017399787902832031
0.0017642974853515625
0.0015256404876708984
0.0007681846618652344
0.0007345676422119141
0.0007183551788330078
0.0004143714904785156
0.0021407604217529297
0.002161264419555664
0.0021958351135253906
0.0019774436950683594
0.0013823509216308594
0.0007700920104980469
0.0007431507110595703
0.0007643699645996094
0.00045299530029296875
0.0013005733489990234
0.0012526512145996094
0.0011560916900634766
0.0011854171752929688
0.0011746883392333984
0.00095367431640625
0.0011298656463623047
0.0011327266693115234
0.0010728836059570312
0.0010306835174560547
0.0010709762573242188
0.0008153915405273438
0.002057313919067383
0.0027256011962890625
0.0028743743896484375
0.002215862274169922
0.0023157596588134766
0.0019142627716064453
0.0007927417755126953
0.0015385150909423828
0.0006554126739501953
0.0003418922424316406
0.002057313919067383
0.0015044212341308594
0.0012426376342773438
0.0008778572082519531
0.0016486644744873047
0.0010120868682861328
0.0019767284393310547
0.0020647048950195312
0.00238037109375
0.0033299922943115234
0.002933979034423828
0.0010061264038085938
0.002009153366088867
0.001989603042602539
0.0022439956665039062
0.002962350845336914
0.002610445022583008
0.0010409355163574219
0.0009968280792236328
0.0010867118835449219
0.001285552978515625
0.0009367465972900391
0.002618074417114258
0.0018842220306396484
0.0014657974243164062
0.0015456676483154297
0.0007345676422119141
0.001455068588256836
0.0009205341339111328
0.0018224716186523438
0.0018050670623779297
0.0019822120666503906
0.002628803253173828
0.0023932456970214844
0.0008795261383056641
0.0018572807312011719
0.0019063949584960938
0.0020017623901367188
0.0025115013122558594
0.0022830963134765625
0.0008969306945800781
0.0009157657623291016
0.0009577274322509766
0.0009377002716064453
0.0006613731384277344
0.0019683837890625
0.0013284683227539062
0.001386404037475586
0.0024099349975585938
0.002611398696899414
0.0024852752685546875
0.0021054744720458984
0.0019807815551757812
0.001798868179321289
0.0018792152404785156
0.0013349056243896484
0.0015845298767089844
0.0684504508972168
0.16304636001586914
0.16117238998413086
0.061876535415649414
0.15006732940673828
0.15032649040222168
0.009172201156616211
0.002132892608642578
0.007103681564331055
0.013704299926757812
0.013519048690795898
0.013637542724609375
0.012398242950439453
0.012279987335205078
0.0074961185455322266
0.001827239990234375
0.005925178527832031
0.005865335464477539
0.012293577194213867
0.00774836540222168
0.01136016845703125
0.016985654830932617
0.001249551773071289
0.0017001628875732422
0.001684427261352539
0.0024530887603759766
0.019594907760620117
0.048619747161865234
0.028827428817749023
0.06991219520568848
0.06896042823791504
0.0048482418060302734
0.010432243347167969
0.017925024032592773
0.04448127746582031
0.0016012191772460938
0.0015888214111328125
0.005857944488525391
0.0013272762298583984
0.0050961971282958984
0.010996103286743164
0.007186174392700195
0.011116504669189453
0.015464067459106445
0.006934165954589844
0.010376453399658203
0.015166759490966797
0.025882244110107422
0.06358075141906738
0.0642693042755127
0.0029158592224121094
0.00244140625
0.0030417442321777344
0.008346796035766602
0.001749277114868164
0.0018613338470458984
0.003953695297241211
0.0039331912994384766
0.005737781524658203
0.00569915771484375
0.006035804748535156
0.0010411739349365234
0.003522634506225586
0.0014133453369140625
0.004700183868408203
0.0011928081512451172
0.0012483596801757812
0.0015978813171386719
0.001542806625366211
0.002386808395385742
0.0014472007751464844
0.0014812946319580078
0.0023369789123535156
0.00506901741027832
0.005067586898803711
0.002559661865234375
0.0024526119232177734
0.0021212100982666016
0.006421566009521484
0.001302957534790039
0.0015075206756591797
0.013633251190185547
0.03191399574279785
0.03156566619873047
0.01214146614074707
0.029729127883911133
0.030205249786376953
0.011765241622924805
0.028455495834350586
0.02895975112915039
0.0020394325256347656
0.0020837783813476562
0.006666421890258789
0.010738611221313477
0.026335716247558594
0.02625560760498047
0.0018310546875
0.0019023418426513672
0.006135702133178711
0.002783536911010742
0.0027298927307128906
0.002718210220336914
0.002470731735229492
0.002435445785522461
0.0024962425231933594
0.0023522377014160156
0.0023469924926757812
0.0016582012176513672
0.005463838577270508
0.0021445751190185547
0.0021359920501708984
0.0015306472778320312
0.005133152008056641
0.003780841827392578
0.007940292358398438
0.005445718765258789
0.008925437927246094
0.011767864227294922
0.0036954879760742188
0.0077092647552490234
0.005059719085693359
0.0075969696044921875
0.010691404342651367
0.0008206367492675781
0.0012772083282470703
0.0011119842529296875
0.0018429756164550781
0.0006968975067138672
0.0009388923645019531
0.0009176731109619141
0.0014657974243164062
0.00048351287841796875
0.00047588348388671875
0.0009145736694335938
0.0027091503143310547
0.005890607833862305
0.002798795700073242
0.006616115570068359
0.001163482666015625
0.001024007797241211
0.0013146400451660156
0.0012204647064208984
0.003506183624267578
0.0075206756591796875
0.0034062862396240234
0.007883071899414062
0.0054090023040771484
0.012475967407226562
0.012544631958007812
0.004893064498901367
0.011432170867919922
0.011414766311645508
0.002878904342651367
0.006085395812988281
0.0029447078704833984
0.007031440734863281
0.001210927963256836
0.0010900497436523438
0.0012235641479492188
0.0011279582977294922
0.003142833709716797
0.006734371185302734
0.004770994186401367
0.007970094680786133
0.010162353515625
0.004511594772338867
0.007603168487548828
0.009735584259033203
0.004613161087036133
0.011196613311767578
0.010955810546875
0.0014524459838867188
0.0016338825225830078
0.002233266830444336
0.002056598663330078
0.0016961097717285156
0.00228118896484375
0.003118276596069336
0.006606101989746094
0.0044476985931396484
0.006852388381958008
0.009119987487792969
0.004022121429443359
0.0065174102783203125
0.008725643157958984
0.0043010711669921875
0.010079622268676758
0.00997161865234375
0.0013723373413085938
0.0015177726745605469
0.0018534660339355469
0.001664876937866211
0.0016868114471435547
0.0020017623901367188
0.000621795654296875
0.0006060600280761719
0.0006744861602783203
0.0006687641143798828
0.0010900497436523438
0.0010564327239990234
0.0010561943054199219
0.0009119510650634766
0.0008947849273681641
0.0009243488311767578
0.0005340576171875
0.0005648136138916016
0.0009813308715820312
0.0005772113800048828
0.0009136199951171875
0.0009036064147949219
0.001653432846069336
0.0008959770202636719
0.0008800029754638672
0.0015380382537841797
0.0008962154388427734
0.0008761882781982422
0.001711130142211914
0.0015976428985595703
0.0016045570373535156
0.0011718273162841797
0.0013527870178222656
0.0005254745483398438
0.0007569789886474609
0.00075531005859375
0.001314401626586914
0.0007679462432861328
0.0008287429809570312
0.0012614727020263672
0.0007870197296142578
0.0007576942443847656
0.0014579296112060547
0.0013670921325683594
0.00136566162109375
0.0010783672332763672
0.0011897087097167969
0.008839845657348633
0.0020287036895751953
0.006025791168212891
0.001918792724609375
0.002191781997680664
0.0019276142120361328
0.0025484561920166016
0.001909017562866211
0.001894235610961914
0.0024383068084716797
0.001847982406616211
0.0018165111541748047
0.002048015594482422
0.001840829849243164
0.0018377304077148438
0.0035190582275390625
0.0018358230590820312
0.005345582962036133
0.004212141036987305
0.0018603801727294922
0.005837202072143555
0.0016317367553710938
0.0016026496887207031
0.0016446113586425781
0.002129077911376953
0.0019757747650146484
0.001127004623413086
0.001505136489868164
0.0014662742614746094
0.001500844955444336
0.0010232925415039062
0.001531839370727539
0.0015714168548583984
0.0010745525360107422
0.0015940666198730469
0.0015943050384521484
0.0010159015655517578
0.0015480518341064453
0.0015285015106201172
0.0017764568328857422
0.0015723705291748047
0.06808233261108398
0.06787514686584473
0.06502962112426758
0.1610095500946045
0.15944385528564453
0.14865493774414062
0.0641014575958252
0.0640108585357666
0.06006765365600586
0.15412616729736328
0.1483018398284912
0.13612699508666992
0.009852409362792969
0.0022003650665283203
0.0067560672760009766
0.014478921890258789
0.014941215515136719
0.013332366943359375
0.013354063034057617
0.013653039932250977
0.012340545654296875
0.012206315994262695
0.012123346328735352
0.012985467910766602
0.0132598876953125
0.01088404655456543
0.007503509521484375
0.001756429672241211
0.005805015563964844
0.00293731689453125
0.005547285079956055
0.010617733001708984
0.012145757675170898
0.004775524139404297
0.0075304508209228516
0.01120901107788086
0.014863014221191406
0.01660633087158203
0.0012390613555908203
0.0011878013610839844
0.003168821334838867
0.0016391277313232422
0.0016088485717773438
0.001878976821899414
0.0024263858795166016
0.0028281211853027344
0.0037386417388916016
0.018541336059570312
0.019046306610107422
0.04660987854003906
0.03881716728210449
0.018900394439697266
0.04841113090515137
0.016367673873901367
0.029535531997680664
0.02971053123474121
0.027870893478393555
0.0679326057434082
0.06858444213867188
0.0622251033782959
0.02604818344116211
0.049698829650878906
0.01666736602783203
0.002437114715576172
0.004855632781982422
0.009068727493286133
0.010351181030273438
0.016906023025512695
0.017473459243774414
0.0432589054107666
0.03510880470275879
0.005997419357299805
0.002023935317993164
0.0014691352844238281
0.0014998912811279297
0.004179477691650391
0.005639076232910156
0.0015788078308105469
0.0012371540069580078
0.00116729736328125
0.018624544143676758
0.04759526252746582
0.01582503318786621
0.0025577545166015625
0.0049152374267578125
0.00962376594543457
0.011211395263671875
0.004464149475097656
0.0072247982025146484
0.010582208633422852
0.013664722442626953
0.01522970199584961
0.004093170166015625
0.006722688674926758
0.010454654693603516
0.013484954833984375
0.015887737274169922
0.026334762573242188
0.02678227424621582
0.025182485580444336
0.06206798553466797
0.0628812313079834
0.05638289451599121
0.011956214904785156
0.0029566287994384766
0.0027697086334228516
0.002362489700317383
0.0028688907623291016
0.006567716598510742
0.007942676544189453
0.0020673274993896484
0.0015006065368652344
0.001695394515991211
0.0015096664428710938
0.02449202537536621
0.04838156700134277
0.016164541244506836
0.003869295120239258
0.0037527084350585938
0.0038232803344726562
0.0029790401458740234
0.007879257202148438
0.006547689437866211
0.006322622299194336
0.006093502044677734
0.0058672428131103516
0.005591630935668945
0.005574226379394531
0.004883289337158203
0.010811090469360352
0.006671428680419922
0.0010368824005126953
0.002741098403930664
0.003406524658203125
0.0025343894958496094
0.0013966560363769531
0.001398324966430664
0.0013844966888427734
0.005857944488525391
0.0018146038055419922
0.0014781951904296875
0.0014753341674804688
0.003845691680908203
0.004702568054199219
0.0015289783477783203
0.001127481460571289
0.0073430538177490234
0.00635528564453125
0.0008819103240966797
0.0011265277862548828
0.002873659133911133
0.0015053749084472656
0.0015099048614501953
0.0017533302307128906
0.002716064453125
0.0022699832916259766
0.003467559814453125
0.0014417171478271484
0.0013883113861083984
0.0017728805541992188
0.0028312206268310547
0.0021486282348632812
0.0035033226013183594
0.005069255828857422
0.004908323287963867
0.0053501129150390625
0.005437374114990234
0.00428462028503418
0.0014386177062988281
0.0014157295227050781
0.0013554096221923828
0.009835481643676758
0.0024573802947998047
0.0027306079864501953
0.001894235610961914
0.0018134117126464844
0.0014331340789794922
0.0023517608642578125
0.002218961715698242
0.0021162033081054688
0.00552058219909668
0.00621485710144043
0.0017209053039550781
0.0012769699096679688
0.0014569759368896484
0.009828805923461914
0.0065424442291259766
0.0008389949798583984
0.004954099655151367
0.001432180404663086
0.004209041595458984
0.004894733428955078
0.001386880874633789
0.004083395004272461
0.013705253601074219
0.013319969177246094
0.01291036605834961
0.03126716613769531
0.030986785888671875
0.02792501449584961
0.01260685920715332
0.012379169464111328
0.011998653411865234
0.02893209457397461
0.02879500389099121
0.025583267211914062
0.0013446807861328125
0.0015375614166259766
0.0013537406921386719
0.01203775405883789
0.011981010437011719
0.011374473571777344
0.0280153751373291
0.028360843658447266
0.024705171585083008
0.001947641372680664
0.0020160675048828125
0.006426811218261719
0.011156320571899414
0.01096200942993164
0.010505914688110352
0.02571868896484375
0.025765419006347656
0.022500038146972656
0.001264333724975586
0.0014643669128417969
0.0013515949249267578
0.0017867088317871094
0.001856088638305664
0.0060651302337646484
0.0028722286224365234
0.002820253372192383
0.002596616744995117
0.002622365951538086
0.0028297901153564453
0.0022475719451904297
0.001336812973022461
0.0012805461883544922
0.0012912750244140625
0.0025529861450195312
0.002543926239013672
0.0025501251220703125
0.002602815628051758
0.0024411678314208984
0.002035856246948242
0.0011963844299316406
0.0011906623840332031
0.0011811256408691406
0.0014302730560302734
0.001237630844116211
0.0012135505676269531
0.0023136138916015625
0.002426624298095703
0.0028228759765625
0.0024657249450683594
0.001967906951904297
0.0016200542449951172
0.005555391311645508
0.001249551773071289
0.00122833251953125
0.0012128353118896484
0.0020585060119628906
0.0020699501037597656
0.0022292137145996094
0.002210378646850586
0.0016872882843017578
0.00109100341796875
0.0011835098266601562
0.001211404800415039
0.0013163089752197266
0.001177072525024414
0.0014641284942626953
0.005170106887817383
0.0011677742004394531
0.0019533634185791016
0.003612518310546875
0.006916999816894531
0.0076045989990234375
0.003343820571899414
0.0053865909576416016
0.00847768783569336
0.010358095169067383
0.011186838150024414
0.00177764892578125
0.003542661666870117
0.006622314453125
0.007347822189331055
0.0030100345611572266
0.004739999771118164
0.00722050666809082
0.00901174545288086
0.010207891464233398
0.001657724380493164
0.0011491775512695312
0.0033788681030273438
0.0017714500427246094
0.0011453628540039062
0.0034368038177490234
0.0006983280181884766
0.0006349086761474609
0.0006089210510253906
0.0009918212890625
0.000978708267211914
0.0011644363403320312
0.001744985580444336
0.0020918846130371094
0.0008118152618408203
0.0005974769592285156
0.0005745887756347656
0.0005238056182861328
0.0014486312866210938
0.0010192394256591797
0.003162860870361328
0.0008935928344726562
0.0008602142333984375
0.0010006427764892578
0.0014190673828125
0.0016102790832519531
0.0007252693176269531
0.0016150474548339844
0.0010747909545898438
0.003311634063720703
0.00026679039001464844
0.0002796649932861328
0.00030422210693359375
0.0001666545867919922
0.0005934238433837891
0.0007038116455078125
0.0005919933319091797
0.00054168701171875
0.00054168701171875
0.0007352828979492188
0.0009870529174804688
0.0006613731384277344
0.0007650852203369141
0.0007011890411376953
0.0005631446838378906
0.000461578369140625
0.0002639293670654297
0.000125885009765625
0.0012934207916259766
0.002511262893676758
0.004705190658569336
0.005292177200317383
0.002408742904663086
0.0025832653045654297
0.006184816360473633
0.004213571548461914
0.0008533000946044922
0.0010676383972167969
0.0017583370208740234
0.00112152099609375
0.0013921260833740234
0.0011527538299560547
0.0020520687103271484
0.003941774368286133
0.0010089874267578125
0.0009255409240722656
0.0011439323425292969
0.0011303424835205078
0.0010035037994384766
0.0008902549743652344
0.0016863346099853516
0.003536224365234375
0.0012352466583251953
0.002827167510986328
0.003070354461669922
0.007233858108520508
0.0052874088287353516
0.00093841552734375
0.002382040023803711
0.004485130310058594
0.0009620189666748047
0.0016846656799316406
0.003823995590209961
0.001428842544555664
0.003002166748046875
0.003245830535888672
0.007539272308349609
0.0056111812591552734
0.0018062591552734375
0.004029273986816406
0.0014159679412841797
0.005490779876708984
0.005298137664794922
0.00534820556640625
0.012102842330932617
0.012220144271850586
0.010632991790771484
0.0029578208923339844
0.004328250885009766
0.0015587806701660156
0.004815340042114258
0.004902362823486328
0.004697561264038086
0.011091470718383789
0.011134147644042969
0.009774446487426758
0.0010175704956054688
0.004254817962646484
0.007323741912841797
0.0014278888702392578
0.0012040138244628906
0.0010101795196533203
0.0024619102478027344
0.004000663757324219
0.0014338493347167969
0.0014171600341796875
0.0027494430541992188
0.005122661590576172
0.005778789520263672
0.0026624202728271484
0.0027959346771240234
0.0066792964935302734
0.004788875579833984
0.0011684894561767578
0.0019032955169677734
0.0014684200286865234
0.0010995864868164062
0.001062154769897461
0.0012416839599609375
0.001069784164428711
0.0010242462158203125
0.0017609596252441406
0.0038628578186035156
0.0014226436614990234
0.0017936229705810547
0.002966165542602539
0.0054836273193359375
0.00619196891784668
0.002985715866088867
0.004616498947143555
0.00788116455078125
0.008835077285766602
0.009773492813110352
0.0027632713317871094
0.00439000129699707
0.007374763488769531
0.008325576782226562
0.009734153747558594
0.0047643184661865234
0.004648447036743164
0.004553794860839844
0.010657787322998047
0.010629892349243164
0.009073257446289062
0.0024938583374023438
0.002594470977783203
0.0018401145935058594
0.0013468265533447266
0.0015072822570800781
0.0020384788513183594
0.001827239990234375
0.0015864372253417969
0.0015802383422851562
0.002164125442504883
0.0012776851654052734
0.002503633499145508
0.004063844680786133
0.0014567375183105469
0.0014431476593017578
0.0028073787689208984
0.005265235900878906
0.005919218063354492
0.0025627613067626953
0.004121065139770508
0.006682395935058594
0.007886886596679688
0.008835315704345703
0.002428770065307617
0.003907442092895508
0.006344318389892578
0.007502079010009766
0.008407115936279297
0.004221916198730469
0.004163503646850586
0.004000186920166016
0.009908437728881836
0.009644508361816406
0.008061408996582031
0.0009796619415283203
0.002091646194458008
0.0025370121002197266
0.001886129379272461
0.0018529891967773438
0.0025632381439208984
0.0037279129028320312
0.00646519660949707
0.0013043880462646484
0.0014209747314453125
0.0018944740295410156
0.0016222000122070312
0.0014030933380126953
0.00146484375
0.0014913082122802734
0.0019345283508300781
0.001196146011352539
0.0013031959533691406
0.0011172294616699219
0.000986337661743164
0.002356290817260742
0.003886699676513672
0.001341104507446289
0.0005891323089599609
0.0005214214324951172
0.000560760498046875
0.00030231475830078125
0.00024271011352539062
0.00087738037109375
0.0008578300476074219
0.0009441375732421875
0.0009562969207763672
0.0008783340454101562
0.0005843639373779297
0.00038743019104003906
0.0006165504455566406
0.0006132125854492188
0.0006206035614013672
0.00038552284240722656
0.0006461143493652344
0.0004398822784423828
0.0010986328125
0.0011665821075439453
0.0010874271392822266
0.0011799335479736328
0.0011150836944580078
0.0008082389831542969
0.0009593963623046875
0.0004951953887939453
0.0003273487091064453
0.0009613037109375
0.0009286403656005859
0.00040459632873535156
0.0009758472442626953
0.0009775161743164062
0.0009610652923583984
0.0009284019470214844
0.0008568763732910156
0.0008513927459716797
0.0008702278137207031
0.0006897449493408203
0.00030112266540527344
0.0009329319000244141
0.0009076595306396484
0.0015251636505126953
0.0016596317291259766
0.0012619495391845703
0.0011134147644042969
0.0009191036224365234
0.0008571147918701172
0.00045013427734375
0.000431060791015625
0.0004878044128417969
0.0004699230194091797
0.00026917457580566406
0.000865936279296875
0.0008423328399658203
0.0007770061492919922
0.0010151863098144531
0.0014963150024414062
0.001194000244140625
0.0008993148803710938
0.0005619525909423828
0.0003948211669921875
0.00023555755615234375
0.0004703998565673828
0.0005159378051757812
0.0006275177001953125
0.0008327960968017578
0.0008244514465332031
0.0010466575622558594
0.0019412040710449219
0.0015492439270019531
0.0006220340728759766
0.0008494853973388672
0.0008385181427001953
0.0010578632354736328
0.0018243789672851562
0.0014874935150146484
0.0008358955383300781
0.0008451938629150391
0.0009665489196777344
0.0009062290191650391
0.0006434917449951172
0.0009319782257080078
0.0009176731109619141
0.0008265972137451172
0.0019164085388183594
0.0021157264709472656
0.0015163421630859375
0.0019259452819824219
0.0012881755828857422
0.0012500286102294922
0.0016422271728515625
0.0015058517456054688
0.001523733139038086
0.0011250972747802734
0.0012552738189697266
0.0013320446014404297
0.0009644031524658203
0.0008702278137207031
0.00044155120849609375
0.0002796649932861328
0.0004260540008544922
0.00041103363037109375
0.00025153160095214844
0.0008587837219238281
0.0008640289306640625
0.0005929470062255859
0.000698089599609375
0.0006985664367675781
0.0008499622344970703
0.0014503002166748047
0.001255035400390625
0.0003294944763183594
0.000919342041015625
0.0009343624114990234
0.0005338191986083984
0.0006997585296630859
0.0007040500640869141
0.0008749961853027344
0.001361846923828125
0.0011577606201171875
0.0007154941558837891
0.0006918907165527344
0.0007433891296386719
0.0007445812225341797
0.0005233287811279297
0.00024819374084472656
0.0008673667907714844
0.0016880035400390625
0.0010752677917480469
0.0008304119110107422
0.0010402202606201172
0.0011031627655029297
0.0007448196411132812
0.001577138900756836
0.0018360614776611328
0.0015032291412353516
0.0012700557708740234
0.0013551712036132812
0.0020024776458740234
0.0017147064208984375
0.00167083740234375
0.0011878013610839844
0.0011303424835205078
0.0013644695281982422
0.0014369487762451172
0.0012879371643066406
0.0014028549194335938
0.0010628700256347656
0.001130819320678711
0.0011839866638183594
0.0010004043579101562
0.0008757114410400391
0.0007615089416503906
0.0003986358642578125
0.0002143383026123047
0.06171894073486328
0.15120291709899902
0.15079259872436523
0.05676555633544922
0.13651728630065918
0.1365344524383545
0.006146430969238281
0.0014083385467529297
0.003991842269897461
0.012272834777832031
0.012261152267456055
0.012381553649902344
0.010998964309692383
0.011080265045166016
0.004666328430175781
0.0010540485382080078
0.002960205078125
0.007673978805541992
0.017046689987182617
0.0095062255859375
0.013756036758422852
0.021176576614379883
0.0017609596252441406
0.0021331310272216797
0.0021123886108398438
0.0028281211853027344
0.017122268676757812
0.041345834732055664
0.025938749313354492
0.06287360191345215
0.06375503540039062
0.007636070251464844
0.014994621276855469
0.015428781509399414
0.03850388526916504
0.0032644271850585938
0.000606536865234375
0.007002115249633789
0.015301942825317383
0.008885622024536133
0.012067794799804688
0.01926398277282715
0.008883237838745117
0.011996030807495117
0.018744945526123047
0.02309584617614746
0.05748748779296875
0.057943105697631836
0.00493311882019043
0.0008013248443603516
0.0010006427764892578
0.003282785415649414
0.0033185482025146484
0.0050318241119384766
0.005025625228881836
0.005059719085693359
0.0016319751739501953
0.0029823780059814453
0.0022614002227783203
0.000423431396484375
0.0016918182373046875
0.002016782760620117
0.002008676528930664
0.0027208328247070312
0.0019154548645019531
0.0019228458404541016
0.002604246139526367
0.004380464553833008
0.004383087158203125
0.003423452377319336
0.0005147457122802734
0.0006783008575439453
0.01206660270690918
0.02837681770324707
0.02877974510192871
0.011325836181640625
0.026909589767456055
0.026259899139404297
0.0012378692626953125
0.0012905597686767578
0.0103759765625
0.0255126953125
0.025604248046875
0.0035886764526367188
0.0010807514190673828
0.0011954307556152344
0.009509086608886719
0.022995710372924805
0.02307724952697754
0.0032720565795898438
0.0023343563079833984
0.0024204254150390625
0.002401590347290039
0.002084016799926758
0.002057790756225586
0.0020720958709716797
0.0009145736694335938
0.002007007598876953
0.001998424530029297
0.002573728561401367
0.0007505416870117188
0.0017418861389160156
0.0017528533935546875
0.002256631851196289
0.005769014358520508
0.012480497360229492
0.007215738296508789
0.01007843017578125
0.01567530632019043
0.005814790725708008
0.011907100677490234
0.006675243377685547
0.009154558181762695
0.01483154296875
0.0013031959533691406
0.0015790462493896484
0.001573801040649414
0.002175569534301758
0.0012195110321044922
0.0013980865478515625
0.0014188289642333984
0.0018219947814941406
0.0009624958038330078
0.00030493736267089844
0.0001914501190185547
0.004609823226928711
0.010132074356079102
0.002183675765991211
0.005268096923828125
0.0005025863647460938
0.0004737377166748047
0.0025675296783447266
0.005964756011962891
0.002751588821411133
0.006255388259887695
0.0046465396881103516
0.011100053787231445
0.010921478271484375
0.004164934158325195
0.009869098663330078
0.010457038879394531
0.0050122737884521484
0.010398387908935547
0.002331972122192383
0.005548238754272461
0.0005249977111816406
0.0005886554718017578
0.00537562370300293
0.011393308639526367
0.006814479827880859
0.009386539459228516
0.015049934387207031
0.0072803497314453125
0.009678840637207031
0.01524662971496582
0.00448298454284668
0.01035618782043457
0.009896516799926758
0.0006959438323974609
0.0008385181427001953
0.0009126663208007812
0.005423784255981445
0.010911703109741211
0.006172657012939453
0.008240699768066406
0.013558149337768555
0.006338834762573242
0.008189201354980469
0.012901067733764648
0.0035393238067626953
0.008339166641235352
0.008542776107788086
0.0006287097930908203
0.0006966590881347656
0.0007884502410888672
0.0004069805145263672
0.0004298686981201172
0.0004570484161376953
0.0005419254302978516
0.0009596347808837891
0.0008471012115478516
0.0008668899536132812
0.0007054805755615234
0.0007085800170898438
0.0007088184356689453
0.0010657310485839844
0.0003662109375
0.0002491474151611328
0.0010933876037597656
0.0014166831970214844
0.0013742446899414062
0.0019838809967041016
0.0013360977172851562
0.0013508796691894531
0.0018925666809082031
0.0006918907165527344
0.0006763935089111328
0.0003819465637207031
0.000514984130859375
0.0010471343994140625
0.0012340545654296875
0.0012433528900146484
0.0016438961029052734
0.00118255615234375
0.0011715888977050781
0.0015761852264404297
0.0005939006805419922
0.0005242824554443359
0.0002968311309814453
0.00038313865661621094
0.002314329147338867
0.0019059181213378906
0.0021071434020996094
0.0019295215606689453
0.0015826225280761719
0.002068042755126953
0.0017895698547363281
0.0017940998077392578
0.0017158985137939453
0.0017199516296386719
0.002347230911254883
0.0020742416381835938
0.0018088817596435547
0.0015254020690917969
0.0021462440490722656
0.001760721206665039
0.06327462196350098
0.0631096363067627
0.060031890869140625
0.14824223518371582
0.1475975513458252
0.13495850563049316
0.05666327476501465
0.05608820915222168
0.05423426628112793
0.13568615913391113
0.13486385345458984
0.12498211860656738
0.0060346126556396484
0.0013473033905029297
0.0038480758666992188
0.012937307357788086
0.012839794158935547
0.012000083923339844
0.01202702522277832
0.012117147445678711
0.010783910751342773
0.010857105255126953
0.010979890823364258
0.011545419692993164
0.011492013931274414
0.009748458862304688
0.004575490951538086
0.0010118484497070312
0.002876758575439453
0.003913402557373047
0.007441282272338867
0.014420509338378906
0.01613020896911621
0.005331516265869141
0.009263038635253906
0.012798786163330078
0.018010854721069336
0.020308494567871094
0.003286123275756836
0.0016989707946777344
0.001730203628540039
0.0038022994995117188
0.0021343231201171875
0.0021181106567382812
0.0022764205932617188
0.0027904510498046875
0.0032012462615966797
0.015557050704956055
0.017142772674560547
0.040210723876953125
0.036004066467285156
0.026276350021362305
0.025793790817260742
0.02558612823486328
0.06150627136230469
0.06149578094482422
0.05614113807678223
0.003466367721557617
0.006574153900146484
0.013414859771728516
0.01446676254272461
0.014323234558105469
0.015408515930175781
0.03721475601196289
0.0331418514251709
0.0034661293029785156
0.0008535385131835938
0.0005652904510498047
0.00045418739318847656
0.003551006317138672
0.006788730621337891
0.013260602951049805
0.01478719711303711
0.00509333610534668
0.008748054504394531
0.011981010437011719
0.01686882972717285
0.019332170486450195
0.004782676696777344
0.00839090347290039
0.011928081512451172
0.01647782325744629
0.018415212631225586
0.023636579513549805
0.02328348159790039
0.0225980281829834
0.05531811714172363
0.05562567710876465
0.04971647262573242
0.004683494567871094
0.0017061233520507812
0.0012445449829101562
0.0007143020629882812
0.0009229183197021484
0.0006532669067382812
0.0031807422637939453
0.0031418800354003906
0.0032045841217041016
0.0027151107788085938
0.005274772644042969
0.005215167999267578
0.005152225494384766
0.0049207210540771484
0.0049321651458740234
0.004271984100341797
0.002823352813720703
0.0014698505401611328
0.002725839614868164
0.002311229705810547
0.001964569091796875
0.0005285739898681641
0.0003094673156738281
0.002984762191772461
0.0015468597412109375
0.0035114288330078125
0.001940011978149414
0.0019252300262451172
0.002178668975830078
0.003066539764404297
0.002610445022583008
0.003330230712890625
0.0018372535705566406
0.0018563270568847656
0.002036571502685547
0.0029516220092773438
0.0025246143341064453
0.004238128662109375
0.004251718521118164
0.00456690788269043
0.0045299530029296875
0.0036568641662597656
0.0032973289489746094
0.001318216323852539
0.0008749961853027344
0.0004687309265136719
0.0006239414215087891
0.012098312377929688
0.01167154312133789
0.011442184448242188
0.027446269989013672
0.02783346176147461
0.025250911712646484
0.0015079975128173828
0.0012857913970947266
0.010846376419067383
0.01063990592956543
0.010498523712158203
0.02566075325012207
0.025551319122314453
0.022411346435546875
0.0012001991271972656
0.001260995864868164
0.010437488555908203
0.010394096374511719
0.010023832321166992
0.024469375610351562
0.024585247039794922
0.021704673767089844
0.003438234329223633
0.0014050006866455078
0.0012187957763671875
0.0010132789611816406
0.0011031627655029297
0.009372472763061523
0.009515523910522461
0.0093841552734375
0.022774457931518555
0.022562503814697266
0.019748449325561523
0.003164052963256836
0.0023796558380126953
0.0023827552795410156
0.002259969711303711
0.0022416114807128906
0.002277374267578125
0.0019381046295166016
0.0013670921325683594
0.0011866092681884766
0.0020956993103027344
0.0021114349365234375
0.002018451690673828
0.002001523971557617
0.0020241737365722656
0.001676321029663086
0.0008542537689208984
0.0019326210021972656
0.0019304752349853516
0.0020580291748046875
0.0021152496337890625
0.00168609619140625
0.0024726390838623047
0.0012447834014892578
0.0010924339294433594
0.00070953369140625
0.001636505126953125
0.0016460418701171875
0.0017440319061279297
0.0017328262329101562
0.001325368881225586
0.0020744800567626953
0.002889871597290039
0.005555152893066406
0.010789632797241211
0.012070417404174805
0.00405573844909668
0.007079601287841797
0.009905576705932617
0.013687610626220703
0.01537322998046875
0.0027446746826171875
0.005614280700683594
0.010546207427978516
0.011754512786865234
0.0037217140197753906
0.006526470184326172
0.00866556167602539
0.01285409927368164
0.014304161071777344
0.0006866455078125
0.001210927963256836
0.001207590103149414
0.0008227825164794922
0.0015249252319335938
0.0014624595642089844
0.0016567707061767578
0.0021131038665771484
0.002438068389892578
0.0005967617034912109
0.0011296272277832031
0.0013017654418945312
0.000835418701171875
0.0014300346374511719
0.0013582706451416016
0.001463174819946289
0.0017757415771484375
0.0019664764404296875
0.0002872943878173828
0.0006105899810791016
0.0006792545318603516
0.0006582736968994141
0.0006160736083984375
0.0005879402160644531
0.0005078315734863281
0.00021886825561523438
0.00021505355834960938
0.000156402587890625
0.000102996826171875
0.0022735595703125
0.0044329166412353516
0.008665800094604492
0.009656429290771484
0.002324819564819336
0.009255170822143555
0.010934114456176758
0.001991748809814453
0.0038368701934814453
0.0008509159088134766
0.0003535747528076172
0.0005955696105957031
0.0017871856689453125
0.0019626617431640625
0.0046176910400390625
0.0035567283630371094
0.00036406517028808594
0.0004115104675292969
0.0002560615539550781
0.002321481704711914
0.004334211349487305
0.0009136199951171875
0.00039887428283691406
0.0021827220916748047
0.0024585723876953125
0.005658388137817383
0.004560708999633789
0.0023343563079833984
0.0026221275329589844
0.005959987640380859
0.004862070083618164
0.0045359134674072266
0.004568576812744141
0.0044896602630615234
0.010634899139404297
0.010593414306640625
0.009130001068115234
0.0040929317474365234
0.00667119026184082
0.0011298656463623047
0.0009629726409912109
0.0007710456848144531
0.004003047943115234
0.004004716873168945
0.004025936126708984
0.0095672607421875
0.009587287902832031
0.008054733276367188
0.0023927688598632812
0.004683256149291992
0.009019851684570312
0.010214090347290039
0.0006875991821289062
0.002021312713623047
0.0021905899047851562
0.005376577377319336
0.004023313522338867
0.00045752525329589844
0.00045871734619140625
0.0003592967987060547
0.002524852752685547
0.004889249801635742
0.00937962532043457
0.010571956634521484
0.003737926483154297
0.006352663040161133
0.009103775024414062
0.012355327606201172
0.013913154602050781
0.003593921661376953
0.006322383880615234
0.008830785751342773
0.012079000473022461
0.013739585876464844
0.0014142990112304688
0.0011591911315917969
0.004005908966064453
0.003920793533325195
0.0038192272186279297
0.009121894836425781
0.009113550186157227
0.007856607437133789
0.0006034374237060547
0.0007684230804443359
0.0008385181427001953
0.0005228519439697266
0.0024857521057128906
0.0047566890716552734
0.009367227554321289
0.010558366775512695
0.003380298614501953
0.005904674530029297
0.008181333541870117
0.011600732803344727
0.012973546981811523
0.0032358169555664062
0.0056667327880859375
0.008089542388916016
0.011135339736938477
0.01245260238647461
0.0031189918518066406
0.011987924575805664
0.012970685958862305
0.003595590591430664
0.0059833526611328125
0.0010807514190673828
0.0009303092956542969
0.0007278919219970703
0.0012776851654052734
0.000957489013671875
0.00341033935546875
0.0034296512603759766
0.003393411636352539
0.00806879997253418
0.008043050765991211
0.006554841995239258
0.0005133152008056641
0.0006654262542724609
0.0007193088531494141
0.0004456043243408203
0.0009553432464599609
0.0009350776672363281
0.0009198188781738281
0.0008268356323242188
0.00031828880310058594
0.000354766845703125
0.0003516674041748047
0.0003364086151123047
0.00024127960205078125
0.00043654441833496094
0.0004076957702636719
0.0004515647888183594
0.00031757354736328125
0.0008878707885742188
0.0008749961853027344
0.0008006095886230469
0.0007803440093994141
0.0007967948913574219
0.0006425380706787109
0.0013973712921142578
0.0012230873107910156
0.0012633800506591797
0.0009665489196777344
0.0013246536254882812
0.0014495849609375
0.001033782958984375
0.0008819103240966797
0.0006380081176757812
0.0007336139678955078
0.0006954669952392578
0.0006570816040039062
0.0006678104400634766
0.0006611347198486328
0.0005106925964355469
0.0004622936248779297
0.0010020732879638672
0.0003879070281982422
0.00029397010803222656
0.00018739700317382812
0.0005424022674560547
0.0010595321655273438
0.0006930828094482422
0.0013706684112548828
0.0013468265533447266
0.0015106201171875
0.002295255661010742
0.0019099712371826172
0.0006554126739501953
0.001291036605834961
0.0012946128845214844
0.0014879703521728516
0.002213716506958008
0.0018665790557861328
0.0010066032409667969
0.000701904296875
0.0006163120269775391
0.0006422996520996094
0.0006840229034423828
0.0006532669067382812
0.00035500526428222656
0.0004601478576660156
0.00045943260192871094
0.0004553794860839844
0.000988006591796875
0.0006096363067626953
0.0011844635009765625
0.001375436782836914
0.0013511180877685547
0.0017998218536376953
0.0016295909881591797
0.0005326271057128906
0.0011632442474365234
0.0011458396911621094
0.0012366771697998047
0.0017287731170654297
0.0014963150024414062
0.0012440681457519531
0.0012145042419433594
0.0010786056518554688
0.001230478286743164
0.0010941028594970703
0.0011141300201416016
0.0009272098541259766
0.0012028217315673828
0.0011472702026367188
0.0009098052978515625
0.0008068084716796875
0.0005469322204589844
0.0007188320159912109
0.0005419254302978516
0.0005018711090087891
0.00047087669372558594
0.0005390644073486328
0.0005130767822265625
0.0002472400665283203
0.00034236907958984375
0.00031757354736328125
0.000392913818359375
0.05864262580871582
0.14113092422485352
0.14490342140197754
0.05104780197143555
0.12674736976623535
0.1256415843963623
0.005846500396728516
0.001310586929321289
0.0036950111389160156
0.011269092559814453
0.011242389678955078
0.011371374130249023
0.010037660598754883
0.01002192497253418
0.004303455352783203
0.0009584426879882812
0.002856016159057617
0.049601078033447266
0.12115359306335449
0.12147665023803711
0.044364213943481445
0.10901451110839844
0.10944318771362305
0.005411386489868164
0.0011448860168457031
0.003424406051635742
0.009461641311645508
0.009455680847167969
0.009859085083007812
0.004973888397216797
0.011420249938964844
0.010693550109863281
0.00826573371887207
0.00822138786315918
0.003890514373779297
0.004201173782348633
0.00981283187866211
0.007530689239501953
0.00852656364440918
0.0008292198181152344
0.002377748489379883
0.00473475456237793
0.010012388229370117
0.006474018096923828
0.009370565414428711
0.013944625854492188
0.0010118484497070312
0.0013685226440429688
0.0013914108276367188
0.0019690990447998047
0.004186153411865234
0.009072542190551758
0.005538225173950195
0.008156061172485352
0.012175559997558594
0.0008904933929443359
0.0011286735534667969
0.0011277198791503906
0.0015716552734375
0.01586151123046875
0.037839412689208984
0.024305105209350586
0.05850505828857422
0.05868172645568848
0.0008203983306884766
0.0008585453033447266
0.003795623779296875
0.008221149444580078
0.014319896697998047
0.03470587730407715
0.0029692649841308594
0.0005583763122558594
0.004143953323364258
0.008785724639892578
0.005989789962768555
0.008773088455200195
0.012939929962158203
0.0019953250885009766
0.0014543533325195312
0.002076864242553711
0.005703449249267578
0.008855342864990234
0.012137889862060547
0.020892858505249023
0.0529022216796875
0.05194544792175293
0.004465818405151367
0.0007283687591552734
0.0009076595306396484
0.002976655960083008
0.002996683120727539
0.004505157470703125
0.004530429840087891
0.004951953887939453
0.0007040500640869141
0.0007710456848144531
0.0025908946990966797
0.0019342899322509766
0.0003688335418701172
0.000896453857421875
0.0012104511260986328
0.001233816146850586
0.0018303394317626953
0.0015833377838134766
0.0014529228210449219
0.0011548995971679688
0.00115966796875
0.0011363029479980469
0.001708984375
0.0038678646087646484
0.004008293151855469
0.003067493438720703
0.0004534721374511719
0.000579833984375
0.014064550399780273
0.03329777717590332
0.03606867790222168
0.011957168579101562
0.020099163055419922
0.048909902572631836
0.048859357833862305
0.037314653396606445
0.017802715301513672
0.0007915496826171875
0.0007841587066650391
0.0033953189849853516
0.0073359012603759766
0.012186050415039062
0.030058860778808594
0.03460860252380371
0.011580944061279297
0.0028433799743652344
0.0004897117614746094
0.003659486770629883
0.0078051090240478516
0.00507807731628418
0.007306814193725586
0.010987520217895508
0.0017406940460205078
0.0012707710266113281
0.0017969608306884766
0.004762411117553711
0.007018089294433594
0.01044011116027832
0.017539262771606445
0.04309391975402832
0.04301810264587402
0.03577828407287598
0.01632213592529297
0.004048824310302734
0.0006010532379150391
0.0007472038269042969
0.0024912357330322266
0.0024712085723876953
0.004354953765869141
0.002577066421508789
0.0055582523345947266
0.004855632781982422
0.0035958290100097656
0.0036220550537109375
0.0036215782165527344
0.006335258483886719
0.00455164909362793
0.003807544708251953
0.008366584777832031
0.007758617401123047
0.0006384849548339844
0.000591278076171875
0.0019259452819824219
0.003799915313720703
0.0016341209411621094
0.0019307136535644531
0.004240274429321289
0.004052639007568359
0.00022673606872558594
0.0007381439208984375
0.001010894775390625
0.0009992122650146484
0.00146484375
0.001306772232055664
0.001211404800415039
0.0010149478912353516
0.0009360313415527344
0.0009088516235351562
0.0013549327850341797
0.0030112266540527344
0.0029633045196533203
0.005759477615356445
0.004303455352783203
0.0026502609252929688
0.0029697418212890625
0.007092952728271484
0.0053253173828125
0.006155967712402344
0.0003719329833984375
0.0004589557647705078
0.011570215225219727
0.02729940414428711
0.027250289916992188
0.010087013244628906
0.023343563079833984
0.023360013961791992
0.0011730194091796875
0.0012297630310058594
0.009286165237426758
0.022410869598388672
0.022459983825683594
0.003305196762084961
0.0009965896606445312
0.0010666847229003906
0.00836801528930664
0.02030181884765625
0.02055525779724121
0.003163576126098633
0.0021142959594726562
0.0021004676818847656
0.0021114349365234375
0.0018630027770996094
0.0018634796142578125
0.0018544197082519531
0.0008180141448974609
0.0017402172088623047
0.0017733573913574219
0.0023343563079833984
0.0006914138793945312
0.0015110969543457031
0.0015070438385009766
0.002007007598876953
0.008802413940429688
0.021289587020874023
0.021182775497436523
0.007930755615234375
0.019131183624267578
0.01897120475769043
0.0010540485382080078
0.0011107921600341797
0.00751495361328125
0.0180206298828125
0.017979145050048828
0.0030684471130371094
0.0008604526519775391
0.0009629726409912109
0.006577730178833008
0.015902042388916016
0.01586461067199707
0.0027115345001220703
0.0008859634399414062
0.0009112358093261719
0.0007989406585693359
0.0015759468078613281
0.0016002655029296875
0.0015881061553955078
0.0007178783416748047
0.0007474422454833984
0.0006473064422607422
0.0012936592102050781
0.0012884140014648438
0.0013155937194824219
0.000576019287109375
0.0006718635559082031
0.0006635189056396484
0.0006651878356933594
0.0012557506561279297
0.0012514591217041016
0.0020303726196289062
0.00042939186096191406
0.0005030632019042969
0.0004711151123046875
0.0004956722259521484
0.00087738037109375
0.0009000301361083984
0.0015177726745605469
0.002823352813720703
0.0059642791748046875
0.004220485687255859
0.006912708282470703
0.009091615676879883
0.0025811195373535156
0.00539708137512207
0.003632068634033203
0.0054585933685302734
0.007792472839355469
0.0004596710205078125
0.0007457733154296875
0.0007345676422119141
0.0012848377227783203
0.00042057037353515625
0.0006048679351806641
0.0006117820739746094
0.0009627342224121094
0.0023288726806640625
0.004865884780883789
0.003306865692138672
0.005217075347900391
0.007067203521728516
0.0021827220916748047
0.004534721374511719
0.002873659133911133
0.004385709762573242
0.0060558319091796875
0.0003707408905029297
0.0005059242248535156
0.000518798828125
0.0009045600891113281
0.0002455711364746094
0.00039124488830566406
0.0003955364227294922
0.0005750656127929688
0.00020813941955566406
0.0002014636993408203
0.00011491775512695312
0.0017502307891845703
0.003566265106201172
0.0018467903137207031
0.00423431396484375
0.00039267539978027344
0.00024390220642089844
0.0004096031188964844
0.00028324127197265625
0.0022401809692382812
0.005034923553466797
0.002415180206298828
0.005407094955444336
0.004305124282836914
0.010070323944091797
0.010205268859863281
0.003656148910522461
0.008426904678344727
0.008495092391967773
0.0019135475158691406
0.0038671493530273438
0.0019750595092773438
0.004540920257568359
0.00043463706970214844
0.00032830238342285156
0.00048065185546875
0.0003445148468017578
0.0021550655364990234
0.004316568374633789
0.003751039505004883
0.006188631057739258
0.0078887939453125
0.003280162811279297
0.005590200424194336
0.006909847259521484
0.003385782241821289
0.007966279983520508
0.007987499237060547
0.0005962848663330078
0.0007314682006835938
0.0012791156768798828
0.0009412765502929688
0.0009388923645019531
0.0014514923095703125
0.0019767284393310547
0.003995418548583984
0.0030221939086914062
0.004753589630126953
0.006413936614990234
0.0027959346771240234
0.0045473575592041016
0.006120920181274414
0.002962350845336914
0.006995677947998047
0.0071544647216796875
0.0005698204040527344
0.0006012916564941406
0.0010590553283691406
0.0007641315460205078
0.0007104873657226562
0.0011374950408935547
0.00038933753967285156
0.0003619194030761719
0.00037860870361328125
0.0004189014434814453
0.0007300376892089844
0.0007250308990478516
0.0007452964782714844
0.0005767345428466797
0.0005831718444824219
0.0006024837493896484
0.00025844573974609375
0.0002760887145996094
0.0002071857452392578
0.00030994415283203125
0.00057220458984375
0.0005972385406494141
0.0011341571807861328
0.0005514621734619141
0.0005214214324951172
0.0010318756103515625
0.0005826950073242188
0.0005300045013427734
0.0007719993591308594
0.0007331371307373047
0.0005705356597900391
0.00033664703369140625
0.0004057884216308594
0.0002422332763671875
0.000461578369140625
0.0004329681396484375
0.0008349418640136719
0.0004143714904785156
0.0004031658172607422
0.0007345676422119141
0.00042891502380371094
0.00041937828063964844
0.0005228519439697266
0.0004520416259765625
0.0003771781921386719
0.00021982192993164062
0.0002906322479248047
0.0018732547760009766
0.0006768703460693359
0.0012454986572265625
0.0029404163360595703
0.0028448104858398438
0.0003447532653808594
0.0002155303955078125
0.00034308433532714844
0.0001895427703857422
0.0021305084228515625
0.0007736682891845703
0.0017499923706054688
0.003935575485229492
0.0022895336151123047
0.0008413791656494141
0.0018725395202636719
0.004285097122192383
0.002513408660888672
0.001558542251586914
0.003176450729370117
0.0074274539947509766
0.007357597351074219
0.0022568702697753906
0.0012772083282470703
0.0027146339416503906
0.006379365921020508
0.006390094757080078
0.002166748046875
0.0007951259613037109
0.0014753341674804688
0.003513336181640625
0.0030515193939208984
0.0003688335418701172
0.0002777576446533203
0.0003910064697265625
0.00028514862060546875
0.0017104148864746094
0.0034759044647216797
0.0026671886444091797
0.004580020904541016
0.005747795104980469
0.0023310184478759766
0.0013499259948730469
0.0024945735931396484
0.0042531490325927734
0.0025358200073242188
0.005893707275390625
0.005892276763916016
0.005214691162109375
0.0004889965057373047
0.0005993843078613281
0.0010139942169189453
0.0007009506225585938
0.0006742477416992188
0.0010917186737060547
0.0015869140625
0.0031690597534179688
0.0022077560424804688
0.0034012794494628906
0.004659175872802734
0.0021271705627441406
0.0010809898376464844
0.0020503997802734375
0.003185749053955078
0.002104520797729492
0.00491642951965332
0.004923343658447266
0.004595756530761719
0.00044345855712890625
0.0004591941833496094
0.0007526874542236328
0.0004968643188476562
0.0005526542663574219
0.0008409023284912109
0.0001742839813232422
0.000171661376953125
0.00017189979553222656
0.0002129077911376953
0.00010061264038085938
0.0002384185791015625
0.000244140625
0.00024962425231933594
0.0002810955047607422
0.00017642974853515625
0.0004642009735107422
0.00046443939208984375
0.00045609474182128906
0.0004782676696777344
0.0004749298095703125
0.00040793418884277344
0.00021886825561523438
0.00032210350036621094
0.00034356117248535156
0.00033283233642578125
0.0003223419189453125
0.00036787986755371094
0.0002644062042236328
0.00015091896057128906
0.00011849403381347656
0.00018215179443359375
0.0003871917724609375
0.00035452842712402344
0.0007617473602294922
0.00032401084899902344
0.0005402565002441406
0.0003085136413574219
0.0004661083221435547
0.00040841102600097656
0.0006887912750244141
0.00024580955505371094
0.00022339820861816406
0.00030612945556640625
0.00030994415283203125
0.0001773834228515625
0.00011777877807617188
0.000232696533203125
0.0002460479736328125
0.00047016143798828125
0.0001704692840576172
0.0002799034118652344
0.00025010108947753906
0.00024318695068359375
0.0001773834228515625
0.00034999847412109375
0.00015616416931152344
0.0001308917999267578
0.0001506805419921875
0.0001480579376220703
9.369850158691406e-05
0.0012624263763427734
0.00128936767578125
0.001313924789428711
0.0014362335205078125
0.0016245841979980469
0.0018873214721679688
0.004114389419555664
0.0013685226440429688
0.007914066314697266
0.0038080215454101562
0.0012960433959960938
0.007530689239501953
0.0014140605926513672
0.0012454986572265625
0.0012044906616210938
0.0022521018981933594
0.0012869834899902344
0.0011551380157470703
0.0011401176452636719
0.002157449722290039
0.0012516975402832031
0.0011734962463378906
0.0011320114135742188
0.0021626949310302734
0.001146078109741211
0.0010349750518798828
0.0010361671447753906
0.0019767284393310547
0.003078937530517578
0.0010335445404052734
0.0034685134887695312
0.0010914802551269531
0.00289154052734375
0.00095367431640625
0.003072977066040039
0.0010175704956054688
0.0008962154388427734
0.0010540485382080078
0.0009496212005615234
0.0008087158203125
0.0007996559143066406
0.0008227825164794922
0.0008599758148193359
0.0009219646453857422
0.0013425350189208984
0.001154184341430664
0.0009768009185791016
0.0008757114410400391
0.0012028217315673828
0.0008814334869384766
0.0008118152618408203
0.0009701251983642578
0.0008764266967773438
0.0005183219909667969
0.000579833984375
0.0005781650543212891
0.0006456375122070312
0.0005409717559814453
0.0005028247833251953
0.0008463859558105469
0.0009055137634277344
0.0009958744049072266
0.0010528564453125
0.0011909008026123047
0.001363992691040039
0.0007865428924560547
0.0008401870727539062
0.0010383129119873047
0.0009379386901855469
0.0009074211120605469
0.001020193099975586
0.001146078109741211
0.0008649826049804688
0.0007712841033935547
0.0009644031524658203
0.0007731914520263672
0.05704092979431152
0.057210445404052734
0.05579543113708496
0.13678741455078125
0.13587021827697754
0.12704920768737793
0.05244803428649902
0.05173635482788086
0.05043387413024902
0.12298417091369629
0.12450671195983887
0.11447501182556152
0.005690336227416992
0.0011858940124511719
0.0034761428833007812
0.011844158172607422
0.012154340744018555
0.011058568954467773
0.011111021041870117
0.01115727424621582
0.010165691375732422
0.009874343872070312
0.009846687316894531
0.010486364364624023
0.010448217391967773
0.009174585342407227
0.004197835922241211
0.0009236335754394531
0.0025272369384765625
0.031011104583740234
0.12050843238830566
0.06460285186767578
0.04948282241821289
0.049452781677246094
0.04835057258605957
0.11888718605041504
0.12056827545166016
0.027328014373779297
0.1086723804473877
0.05766415596008301
0.04501771926879883
0.044149160385131836
0.04374361038208008
0.10825800895690918
0.10648083686828613
0.005563974380493164
0.0010864734649658203
0.003220081329345703
0.0025594234466552734
0.009369373321533203
0.005122661590576172
0.009829282760620117
0.009687662124633789
0.009202003479003906
0.009203433990478516
0.00923919677734375
0.004782915115356445
0.011105537414550781
0.010643720626831055
0.0021135807037353516
0.007930517196655273
0.004332780838012695
0.007883787155151367
0.00783538818359375
0.00829625129699707
0.008298635482788086
0.003689289093017578
0.004001140594482422
0.009302854537963867
0.007034778594970703
0.00807046890258789
0.0007574558258056641
0.002160787582397461
0.0024347305297851562
0.0045166015625
0.008627176284790039
0.009699344635009766
0.003719329833984375
0.006296634674072266
0.009273290634155273
0.01206064224243164
0.01381540298461914
0.0010635852813720703
0.0009312629699707031
0.0024251937866210938
0.0012979507446289062
0.0013072490692138672
0.0014386177062988281
0.0019037723541259766
0.002291440963745117
0.0030066967010498047
0.002075672149658203
0.00405573844909668
0.00782155990600586
0.008967399597167969
0.0031723976135253906
0.005414247512817383
0.00773310661315918
0.010550260543823242
0.01191401481628418
0.00045943260192871094
0.0007536411285400391
0.0007958412170410156
0.0008037090301513672
0.0020558834075927734
0.0005018711090087891
0.0008022785186767578
0.001069784164428711
0.0011320114135742188
0.0013053417205810547
0.001718282699584961
0.0019276142120361328
0.0025420188903808594
0.014402627944946289
0.01480555534362793
0.03661680221557617
0.03260064125061035
0.013504266738891602
0.035616397857666016
0.012151718139648438
0.023945331573486328
0.02572011947631836
0.023673057556152344
0.0577549934387207
0.05825233459472656
0.051519155502319336
0.021161794662475586
0.036329030990600586
0.012283563613891602
0.0008530616760253906
0.0008738040924072266
0.0019276142120361328
0.0036754608154296875
0.006930351257324219
0.007790565490722656
0.002118349075317383
0.002727508544921875
0.012622356414794922
0.013572454452514648
0.03243255615234375
0.029061079025268555
0.013149738311767578
0.03409695625305176
0.011377334594726562
0.0028524398803710938
0.0006589889526367188
0.000476837158203125
0.0003452301025390625
0.0020194053649902344
0.0038671493530273438
0.007700681686401367
0.00823664665222168
0.0034325122833251953
0.0056917667388916016
0.008523225784301758
0.01145792007446289
0.012199640274047852
0.001916646957397461
0.001447916030883789
0.0020258426666259766
0.003206491470336914
0.005349159240722656
0.008190155029296875
0.010450363159179688
0.011942386627197266
0.0037004947662353516
0.007540464401245117
0.021237611770629883
0.020871400833129883
0.020341873168945312
0.049262285232543945
0.04956412315368652
0.044724225997924805
0.018778324127197266
0.03541254997253418
0.011830806732177734
0.004457235336303711
0.0014700889587402344
0.0010356903076171875
0.0006191730499267578
0.0007863044738769531
0.0005309581756591797
0.002808809280395508
0.0027780532836914062
0.002837657928466797
0.002431631088256836
0.0049631595611572266
0.004300594329833984
0.004636049270629883
0.00472569465637207
0.004420042037963867
0.004445791244506836
0.00448918342590332
0.00392460823059082
0.007745027542114258
0.004591703414916992
0.0006651878356933594
0.0006258487701416016
0.00066375732421875
0.0017247200012207031
0.0019452571868896484
0.002283334732055664
0.0019800662994384766
0.004621267318725586
0.003949165344238281
0.0016551017761230469
0.0018990039825439453
0.0003948211669921875
0.00022840499877929688
0.0007929801940917969
0.0021126270294189453
0.0011265277862548828
0.0011324882507324219
0.0013077259063720703
0.0021753311157226562
0.0017271041870117188
0.0026781558990478516
0.0016443729400634766
0.0010178089141845703
0.0009770393371582031
0.0007052421569824219
0.0014646053314208984
0.001333475112915039
0.0011265277862548828
0.001062631607055664
0.001070261001586914
0.001245260238647461
0.0020563602447509766
0.0019087791442871094
0.0029706954956054688
0.005772590637207031
0.0037147998809814453
0.0037589073181152344
0.0039997100830078125
0.003982067108154297
0.003222227096557617
0.0069615840911865234
0.00429987907409668
0.0028679370880126953
0.0025277137756347656
0.001065969467163086
0.0006935596466064453
0.0003514289855957031
0.0004858970642089844
0.004164695739746094
0.013856887817382812
0.03219246864318848
0.01221776008605957
0.013264656066894531
0.031534433364868164
0.03079056739807129
0.034722328186035156
0.011919975280761719
0.010490179061889648
0.004492044448852539
0.02489161491394043
0.04916501045227051
0.02103734016418457
0.02138662338256836
0.02005600929260254
0.05151534080505371
0.04853081703186035
0.05212998390197754
0.0365293025970459
0.01823902130126953
0.012400150299072266
0.0007052421569824219
0.0007171630859375
0.0015835762023925781
0.0031957626342773438
0.005999565124511719
0.0068378448486328125
0.0019364356994628906
0.0023353099822998047
0.0038869380950927734
0.012351274490356445
0.028506755828857422
0.010519027709960938
0.011116981506347656
0.027393341064453125
0.027546167373657227
0.032414913177490234
0.011062383651733398
0.0027456283569335938
0.0007357597351074219
0.004608869552612305
0.00538945198059082
0.0003917217254638672
0.00044417381286621094
0.0002868175506591797
0.0019440650939941406
0.003468036651611328
0.006719112396240234
0.0073816776275634766
0.002920389175415039
0.00481867790222168
0.00726318359375
0.009375572204589844
0.010457515716552734
0.0016744136810302734
0.0012295246124267578
0.001745462417602539
0.0027701854705810547
0.004561424255371094
0.006836414337158203
0.008884668350219727
0.009984493255615234
0.0033278465270996094
0.0062983036041259766
0.008514881134033203
0.0042188167572021484
0.021944761276245117
0.04174470901489258
0.017610788345336914
0.01762080192565918
0.01710796356201172
0.04196357727050781
0.04168868064880371
0.04462027549743652
0.0335690975189209
0.015654325485229492
0.011330604553222656
0.003922224044799805
0.0012271404266357422
0.007596015930175781
0.007556438446044922
0.0005223751068115234
0.0006821155548095703
0.0010924339294433594
0.0007476806640625
0.0004904270172119141
0.0032045841217041016
0.001013040542602539
0.002245664596557617
0.002185344696044922
0.0021593570709228516
0.0022110939025878906
0.003896474838256836
0.0023241043090820312
0.005012035369873047
0.004312992095947266
0.00042510032653808594
0.0004551410675048828
0.000469207763671875
0.006998300552368164
0.0030219554901123047
0.001791238784790039
0.0034410953521728516
0.0036203861236572266
0.003664731979370117
0.003368377685546875
0.0033876895904541016
0.0038781166076660156
0.003439664840698242
0.006097316741943359
0.004244327545166016
0.0035283565521240234
0.007916450500488281
0.007517099380493164
0.0006811618804931641
0.0008070468902587891
0.0009672641754150391
0.00021576881408691406
0.0003867149353027344
0.00040411949157714844
0.00020623207092285156
0.0003612041473388672
0.0010378360748291016
0.0012123584747314453
0.0016782283782958984
0.0005729198455810547
0.001232147216796875
0.0011942386627197266
0.0023012161254882812
0.001074075698852539
0.0010387897491455078
0.0012018680572509766
0.002647876739501953
0.002471923828125
0.00026297569274902344
0.00014519691467285156
0.0003275871276855469
0.0006251335144042969
0.0006489753723144531
0.0017518997192382812
0.00036907196044921875
0.0007154941558837891
0.0009126663208007812
0.0009038448333740234
0.0010290145874023438
0.0016620159149169922
0.0013875961303710938
0.0022356510162353516
0.0002968311309814453
0.0013561248779296875
0.0008685588836669922
0.0008542537689208984
0.0006315708160400391
0.0011799335479736328
0.0011129379272460938
0.0009284019470214844
0.0005109310150146484
0.0005350112915039062
0.0007255077362060547
0.0008497238159179688
0.000873565673828125
0.0009524822235107422
0.001516580581665039
0.0013194084167480469
0.002543926239013672
0.0045392513275146484
0.005914211273193359
0.0030672550201416016
0.0014793872833251953
0.0029349327087402344
0.0029304027557373047
0.002775430679321289
0.0029497146606445312
0.0029578208923339844
0.003069639205932617
0.0053141117095947266
0.003859281539916992
0.002410888671875
0.0020172595977783203
0.0027163028717041016
0.006234884262084961
0.0048675537109375
0.005713224411010742
0.007724761962890625
0.0005195140838623047
0.0006339550018310547
0.0007281303405761719
0.0006477832794189453
0.0002651214599609375
0.0003714561462402344
0.002172708511352539
0.0007159709930419922
0.004003763198852539
0.0019865036010742188
0.0006394386291503906
0.003832578659057617
0.0020470619201660156
0.0006673336029052734
0.0038154125213623047
0.0018012523651123047
0.0005598068237304688
0.003498554229736328
0.010656118392944336
0.010395526885986328
0.010126829147338867
0.025370121002197266
0.024376869201660156
0.022326946258544922
0.0007164478302001953
0.0005593299865722656
0.009365320205688477
0.00936126708984375
0.009237527847290039
0.02227473258972168
0.02241063117980957
0.020092010498046875
0.0010619163513183594
0.0011134147644042969
0.009289979934692383
0.009141206741333008
0.008812189102172852
0.02134251594543457
0.021686792373657227
0.018924951553344727
0.003032684326171875
0.0006310939788818359
0.0005681514739990234
0.0008826255798339844
0.0009739398956298828
0.008087873458862305
0.008026599884033203
0.008047819137573242
0.019131183624267578
0.019785165786743164
0.01690530776977539
0.002743244171142578
0.0020520687103271484
0.0020630359649658203
0.0019314289093017578
0.0019369125366210938
0.0019516944885253906
0.0016896724700927734
0.0005590915679931641
0.0009875297546386719
0.0005943775177001953
0.000492095947265625
0.0018341541290283203
0.0017895698547363281
0.0017178058624267578
0.0016939640045166016
0.0017161369323730469
0.0014584064483642578
0.00048041343688964844
0.0008776187896728516
0.0007390975952148438
0.0016028881072998047
0.0016086101531982422
0.0017213821411132812
0.0017151832580566406
0.0013632774353027344
0.002079486846923828
0.00048828125
0.0008702278137207031
0.0004947185516357422
0.00039887428283691406
0.0006220340728759766
0.0013132095336914062
0.0013408660888671875
0.0013823509216308594
0.0014028549194335938
0.0011036396026611328
0.0018820762634277344
0.0004305839538574219
0.0007653236389160156
0.011070966720581055
0.010998010635375977
0.008562326431274414
0.008465051651000977
0.008352994918823242
0.020251750946044922
0.02068352699279785
0.009701251983642578
0.009836435317993164
0.0006227493286132812
0.0005786418914794922
0.007478237152099609
0.0074579715728759766
0.007650136947631836
0.018082857131958008
0.018824338912963867
0.009158611297607422
0.0009329319000244141
0.0010073184967041016
0.007300376892089844
0.007341623306274414
0.0071146488189697266
0.0171964168548584
0.017150402069091797
0.002772808074951172
0.0076563358306884766
0.0004923343658447266
0.00043654441833496094
0.00074005126953125
0.0008189678192138672
0.005976438522338867
0.005967855453491211
0.0060193538665771484
0.014585256576538086
0.015007734298706055
0.002424478530883789
0.0008225440979003906
0.0008225440979003906
0.0007808208465576172
0.0007915496826171875
0.0006842613220214844
0.0015244483947753906
0.0015282630920410156
0.001451730728149414
0.0014448165893554688
0.0014715194702148438
0.0004985332489013672
0.0008738040924072266
0.0006680488586425781
0.0006558895111083984
0.0006031990051269531
0.0006644725799560547
0.0005400180816650391
0.00047707557678222656
0.0003764629364013672
0.001255035400390625
0.0012853145599365234
0.0011522769927978516
0.0011413097381591797
0.0011606216430664062
0.00046706199645996094
0.00079345703125
0.0005116462707519531
0.00069427490234375
0.00067138671875
0.0007188320159912109
0.0006308555603027344
0.0010733604431152344
0.0010941028594970703
0.0011582374572753906
0.0011615753173828125
0.0018448829650878906
0.0004603862762451172
0.0008118152618408203
0.0003886222839355469
0.0003666877746582031
0.0004031658172607422
0.0003857612609863281
0.0003540515899658203
0.0003368854522705078
0.0003688335418701172
0.0007302761077880859
0.000797271728515625
0.0008065700531005859
0.0007381439208984375
0.0012671947479248047
0.00034499168395996094
0.0006585121154785156
0.0013327598571777344
0.002434968948364258
0.004479885101318359
0.005019426345825195
0.0023992061614990234
0.003808736801147461
0.0063664913177490234
0.007080793380737305
0.007996797561645508
0.0012083053588867188
0.0022563934326171875
0.004295825958251953
0.004781007766723633
0.00201416015625
0.0033273696899414062
0.0051462650299072266
0.0063629150390625
0.007397651672363281
0.001157999038696289
0.00033211708068847656
0.0012247562408447266
0.00035834312438964844
0.0004107952117919922
0.0003643035888671875
0.0003314018249511719
0.0006532669067382812
0.0007393360137939453
0.000873565673828125
0.0013103485107421875
0.0015647411346435547
0.0004918575286865234
0.0010142326354980469
0.000324249267578125
0.00026416778564453125
0.0002884864807128906
0.0002396106719970703
0.0011444091796875
0.0005445480346679688
0.0005216598510742188
0.0006053447723388672
0.0008885860443115234
0.0003173351287841797
0.0010783672332763672
0.0004634857177734375
0.0012326240539550781
0.002288341522216797
0.003956317901611328
0.004275083541870117
0.0018420219421386719
0.0034837722778320312
0.005062103271484375
0.005661964416503906
0.00641322135925293
0.0009682178497314453
0.0018432140350341797
0.0033648014068603516
0.003830432891845703
0.0015234947204589844
0.002561330795288086
0.003898143768310547
0.004994869232177734
0.005512714385986328
0.0009911060333251953
0.0002484321594238281
0.0010895729064941406
0.0002956390380859375
0.00025773048400878906
0.0002579689025878906
0.00018525123596191406
0.0004341602325439453
0.0004451274871826172
0.0005092620849609375
0.0007991790771484375
0.0010175704956054688
0.00032782554626464844
0.0002684593200683594
0.0007739067077636719
0.00017547607421875
0.00016045570373535156
0.00010442733764648438
0.0009584426879882812
0.0002999305725097656
0.0003199577331542969
0.00031280517578125
0.0004870891571044922
0.0002589225769042969
0.0005431175231933594
0.00023436546325683594
0.00019621849060058594
0.00024008750915527344
0.00083160400390625
0.0015456676483154297
0.0028667449951171875
0.0032091140747070312
0.0008366107940673828
0.0005223751068115234
0.0014655590057373047
0.0016679763793945312
0.0038213729858398438
0.000263214111328125
0.0009188652038574219
0.003478527069091797
0.0036737918853759766
0.0007169246673583984
0.0014030933380126953
0.0019299983978271484
0.0006849765777587891
0.003003835678100586
0.0002999305725097656
0.0001914501190185547
0.0003643035888671875
0.00020575523376464844
0.00020003318786621094
0.00014591217041015625
0.0018887519836425781
0.002123117446899414
0.004889726638793945
0.0009865760803222656
0.000982046127319336
0.001767873764038086
0.0021772384643554688
0.0007987022399902344
0.0040400028228759766
0.0002155303955078125
0.0020258426666259766
0.0022635459899902344
0.005448102951049805
0.0010683536529541016
0.0023984909057617188
0.0008568763732910156
0.004370450973510742
0.004014253616333008
0.004024028778076172
0.0039675235748291016
0.009263992309570312
0.00947713851928711
0.0018982887268066406
0.0026483535766601562
0.0009591579437255859
0.00817418098449707
0.003511667251586914
0.0034444332122802734
0.003522157669067383
0.008258342742919922
0.008258819580078125
0.0016736984252929688
0.002230405807495117
0.003610849380493164
0.0025784969329833984
0.0009076595306396484
0.007121562957763672
0.0005087852478027344
0.0003509521484375
0.00025582313537597656
0.0009353160858154297
0.00179290771484375
0.0032644271850585938
0.0037517547607421875
0.0005877017974853516
0.0016889572143554688
0.001847982406616211
0.004394054412841797
0.0009942054748535156
0.0022134780883789062
0.0008063316345214844
0.0034918785095214844
0.0003952980041503906
0.0002772808074951172
0.000396728515625
0.0003223419189453125
0.0002665519714355469
0.0010614395141601562
0.002007007598876953
0.0036313533782958984
0.0040819644927978516
0.002209186553955078
0.0034193992614746094
0.005731105804443359
0.006321907043457031
0.007138252258300781
0.0020525455474853516
0.0031201839447021484
0.005424976348876953
0.00594019889831543
0.006680965423583984
0.0012097358703613281
0.0009038448333740234
0.003360271453857422
0.0033655166625976562
0.0032825469970703125
0.007809877395629883
0.00808405876159668
0.001705169677734375
0.0024182796478271484
0.000881195068359375
0.00680088996887207
0.0005145072937011719
0.0006773471832275391
0.0012128353118896484
0.0008842945098876953
0.0014519691467285156
0.0006835460662841797
0.0008549690246582031
0.0015225410461425781
0.0004892349243164062
0.0009887218475341797
0.0018544197082519531
0.003410816192626953
0.003820180892944336
0.0018181800842285156
0.003084421157836914
0.0047185420989990234
0.005490779876708984
0.0062255859375
0.0008099079132080078
0.0016913414001464844
0.002759218215942383
0.004397869110107422
0.005129814147949219
0.00596928596496582
0.0015015602111816406
0.0009903907775878906
0.0007710456848144531
0.002859830856323242
0.002849578857421875
0.0028581619262695312
0.006834745407104492
0.006955146789550781
0.0013020038604736328
0.0015521049499511719
0.0057048797607421875
0.005537986755371094
0.0017497539520263672
0.0028638839721679688
0.0022056102752685547
0.0007908344268798828
0.005769014358520508
0.0005362033843994141
0.0006184577941894531
0.0009317398071289062
0.0006468296051025391
0.0004878044128417969
0.0010182857513427734
0.0005192756652832031
0.0006198883056640625
0.0010368824005126953
0.0003857612609863281
0.00041866302490234375
0.0002608299255371094
0.00020599365234375
0.0002696514129638672
0.0002620220184326172
0.00028824806213378906
0.00021910667419433594
0.00015282630920410156
0.00019860267639160156
0.00021648406982421875
0.0002315044403076172
0.00011801719665527344
0.0003437995910644531
0.000347137451171875
0.00032830238342285156
0.0002751350402832031
0.0002703666687011719
0.00019431114196777344
0.000728607177734375
0.0006930828094482422
0.0006661415100097656
0.0006740093231201172
0.0006463527679443359
0.0006008148193359375
0.0005385875701904297
0.00025725364685058594
0.00019049644470214844
0.00022268295288085938
0.0005998611450195312
0.0005540847778320312
0.0005424022674560547
0.0005218982696533203
0.0005421638488769531
0.0004398822784423828
0.0005745887756347656
0.0004024505615234375
0.00046324729919433594
0.0001926422119140625
0.00041294097900390625
0.0005288124084472656
0.0006160736083984375
0.00034165382385253906
0.00024700164794921875
0.0001652240753173828
0.0001976490020751953
0.0002014636993408203
0.0002529621124267578
0.0002048015594482422
0.000209808349609375
0.00013327598571777344
0.0002613067626953125
0.0002503395080566406
0.0003998279571533203
0.0005245208740234375
0.0005152225494384766
0.0006487369537353516
0.0013704299926757812
0.0010612010955810547
0.00036644935607910156
0.0004937648773193359
0.000492095947265625
0.0006411075592041016
0.0012731552124023438
0.0009760856628417969
0.0008182525634765625
0.0005412101745605469
0.0005104541778564453
0.00047898292541503906
0.0005445480346679688
0.0005114078521728516
0.0004975795745849609
0.0008423328399658203
0.00038933753967285156
0.00035762786865234375
0.0007033348083496094
0.0006413459777832031
0.0005204677581787109
0.00027871131896972656
0.0003800392150878906
0.0003535747528076172
0.0009083747863769531
0.00045180320739746094
0.00020694732666015625
0.00017786026000976562
0.00017690658569335938
0.0001232624053955078
0.0003445148468017578
0.0003871917724609375
0.0003979206085205078
0.0004787445068359375
0.0009431838989257812
0.0007584095001220703
0.00019741058349609375
0.0004405975341796875
0.0003559589385986328
0.0002505779266357422
0.00032210350036621094
0.00035881996154785156
0.0004057884216308594
0.0008487701416015625
0.0006430149078369141
0.000457763671875
0.0005140304565429688
0.0004088878631591797
0.0003421306610107422
0.00036907196044921875
0.0003726482391357422
0.00038313865661621094
0.0007214546203613281
0.0005481243133544922
0.0003364086151123047
0.00037741661071777344
0.0005626678466796875
0.0001862049102783203
0.0002970695495605469
0.0004210472106933594
0.00029206275939941406
0.000324249267578125
0.00015425682067871094
0.0004279613494873047
0.0002243518829345703
0.00022292137145996094
0.00046062469482421875
0.00034332275390625
0.0004200935363769531
0.00029921531677246094
0.00016570091247558594
0.00023794174194335938
0.0002396106719970703
0.0005240440368652344
0.0002703666687011719
0.00017690658569335938
0.00011754035949707031
0.000377655029296875
0.0008592605590820312
0.0015611648559570312
0.0013127326965332031
0.0018463134765625
0.0010221004486083984
0.0006608963012695312
0.001547098159790039
0.0035529136657714844
0.0032930374145507812
0.003308534622192383
0.00013518333435058594
0.0004603862762451172
0.0015621185302734375
0.002250194549560547
0.0007865428924560547
0.001802206039428711
0.0041086673736572266
0.0039141178131103516
0.003931999206542969
0.0013010501861572266
0.0005059242248535156
0.0030426979064941406
0.003052234649658203
0.0024061203002929688
0.001438140869140625
0.0008955001831054688
0.003070831298828125
0.007161140441894531
0.007197141647338867
0.007755756378173828
0.007775306701660156
0.0010149478912353516
0.0004203319549560547
0.0018274784088134766
0.0030159950256347656
0.0025396347045898438
0.0025119781494140625
0.0024995803833007812
0.0015976428985595703
0.0012142658233642578
0.0007770061492919922
0.0026352405548095703
0.00622248649597168
0.006180286407470703
0.00641322135925293
0.00638890266418457
0.0003933906555175781
0.0002541542053222656
0.0001800060272216797
0.0003921985626220703
0.0003840923309326172
0.0006597042083740234
0.0011415481567382812
0.0018589496612548828
0.0006632804870605469
0.001279592514038086
0.0029554367065429688
0.0023424625396728516
0.0026216506958007812
0.002803325653076172
0.00031638145446777344
0.00021266937255859375
0.0003323554992675781
0.0002086162567138672
0.00021123886108398438
0.0008449554443359375
0.0016224384307861328
0.0029144287109375
0.0032935142517089844
0.0016369819641113281
0.0025980472564697266
0.004403591156005859
0.004861116409301758
0.00548863410949707
0.00106048583984375
0.0004787445068359375
0.0007188320159912109
0.0015254020690917969
0.0024404525756835938
0.0026786327362060547
0.0027010440826416016
0.001336812973022461
0.0008189678192138672
0.0023992061614990234
0.0041387081146240234
0.0024290084838867188
0.005737781524658203
0.005720615386962891
0.004594326019287109
0.004573345184326172
0.005097866058349609
0.004338264465332031
0.00615382194519043
0.0004787445068359375
0.0005269050598144531
0.000957489013671875
0.0006918907165527344
0.0010223388671875
0.0005273818969726562
0.0008437633514404297
0.0006265640258789062
0.0010273456573486328
0.0003790855407714844
0.0007288455963134766
0.0013222694396972656
0.0024030208587646484
0.002728700637817383
0.0012905597686767578
0.002156972885131836
0.003263711929321289
0.004000425338745117
0.004521608352661133
0.0007576942443847656
0.0003840923309326172
0.0005538463592529297
0.0013353824615478516
0.0021860599517822266
0.0011222362518310547
0.0018467903137207031
0.0018422603607177734
0.0018470287322998047
0.0011856555938720703
0.0009832382202148438
0.0006513595581054688
0.001870870590209961
0.002976655960083008
0.0019137859344482422
0.004487037658691406
0.004480123519897461
0.003513336181640625
0.0035483837127685547
0.003935337066650391
0.0036008358001708984
0.004746675491333008
0.0008375644683837891
0.0003619194030761719
0.00039887428283691406
0.0007679462432861328
0.00047135353088378906
0.0006914138793945312
0.00045371055603027344
0.0003273487091064453
0.0006456375122070312
0.0003616809844970703
0.0006055831909179688
0.0004622936248779297
0.0007715225219726562
0.00029397010803222656
0.00026154518127441406
0.00018405914306640625
0.0001590251922607422
0.00019931793212890625
0.00018858909606933594
0.00016117095947265625
0.00019860267639160156
0.000202178955078125
0.00019741058349609375
0.00019311904907226562
0.00021457672119140625
0.0002319812774658203
0.0001316070556640625
0.0004496574401855469
0.0004699230194091797
0.0004076957702636719
0.0004169940948486328
0.0004699230194091797
0.00028967857360839844
0.0004246234893798828
0.0004513263702392578
0.00041747093200683594
0.0004248619079589844
0.0004410743713378906
0.0005087852478027344
0.00034046173095703125
0.0007071495056152344
0.00019168853759765625
0.00011754035949707031
0.00018167495727539062
0.00031304359436035156
0.00028014183044433594
0.00026106834411621094
0.00028586387634277344
0.00028777122497558594
0.00019407272338867188
0.00025773048400878906
0.0003104209899902344
0.0002727508544921875
0.00031876564025878906
0.0002799034118652344
0.0003986358642578125
0.00031280517578125
0.000316619873046875
0.00033020973205566406
0.0002701282501220703
0.00021576881408691406
0.00041866302490234375
0.00023484230041503906
0.00014638900756835938
9.679794311523438e-05
0.00013780593872070312
0.00032782554626464844
0.0003020763397216797
0.00038743019104003906
0.0009045600891113281
0.0006871223449707031
0.0002498626708984375
0.00020265579223632812
0.0005614757537841797
0.00024700164794921875
0.0002579689025878906
0.00024890899658203125
0.0004367828369140625
0.0002498626708984375
0.00041174888610839844
0.0003159046173095703
0.00039839744567871094
0.0007967948913574219
0.0006003379821777344
0.0001800060272216797
0.0001785755157470703
0.0002853870391845703
0.00027108192443847656
0.00030303001403808594
0.0003342628479003906
0.0006306171417236328
0.0005204677581787109
0.00027060508728027344
0.00038051605224609375
0.00013637542724609375
0.00017547607421875
0.00016832351684570312
0.0001862049102783203
0.0004673004150390625
0.0003521442413330078
0.00015211105346679688
0.000110626220703125
