0.0014147758483886719
0.0005977153778076172
0.0008394718170166016
0.0005738735198974609
0.0008409023284912109
0.0008454322814941406
0.0003497600555419922
0.0005469322204589844
0.0005583763122558594
0.00022339820861816406
0.000213623046875
0.00045871734619140625
0.0005927085876464844
0.000453948974609375
0.000885009765625
0.0007312297821044922
0.00043582916259765625
0.0007827281951904297
0.0007145404815673828
0.0005993843078613281
0.0008633136749267578
0.0006620883941650391
0.0006210803985595703
0.0006649494171142578
0.0006442070007324219
0.0003991127014160156
0.0003757476806640625
0.00042057037353515625
0.0006346702575683594
0.0006339550018310547
0.0004024505615234375
0.0006463527679443359
0.0006463527679443359
0.00039577484130859375
0.0006501674652099609
0.0006115436553955078
0.00042510032653808594
0.0006208419799804688
0.0006148815155029297
0.0006322860717773438
0.00041222572326660156
0.0007069110870361328
0.00066375732421875
0.0004010200500488281
0.0003917217254638672
0.0001506805419921875
0.0008933544158935547
0.0006427764892578125
0.0008997917175292969
0.0006709098815917969
0.0006420612335205078
0.0006117820739746094
0.0008151531219482422
0.0009224414825439453
0.0008645057678222656
0.0012340545654296875
0.000985860824584961
0.0009582042694091797
0.0009865760803222656
0.0007593631744384766
0.0009512901306152344
0.0007672309875488281
0.0007436275482177734
0.0009791851043701172
0.0009779930114746094
0.0009665489196777344
0.0009944438934326172
0.0009922981262207031
0.0010223388671875
0.0007643699645996094
0.0009632110595703125
0.0007255077362060547
0.0007612705230712891
0.0007536411285400391
0.0007452964782714844
0.0007472038269042969
0.0005180835723876953
0.0005204677581787109
0.0009739398956298828
0.000982522964477539
0.000751495361328125
0.0007662773132324219
0.000972747802734375
0.0009860992431640625
0.001016855239868164
0.0009860992431640625
0.0007619857788085938
0.0007309913635253906
0.0007431507110595703
0.0007662773132324219
0.0009667873382568359
0.0009815692901611328
0.0009391307830810547
0.0009303092956542969
0.0009593963623046875
0.0007424354553222656
0.0008945465087890625
0.0008699893951416016
0.0007994174957275391
0.0007417201995849609
0.0006966590881347656
0.0007464885711669922
0.0005433559417724609
0.0007116794586181641
0.0007348060607910156
0.0007076263427734375
0.0007274150848388672
0.0006861686706542969
0.0004980564117431641
0.0005042552947998047
0.0004730224609375
0.0004911422729492188
0.00026154518127441406
0.00069427490234375
0.0009818077087402344
0.0007226467132568359
0.0007424354553222656
0.0008738040924072266
0.0009558200836181641
0.00127410888671875
0.0010635852813720703
0.0010137557983398438
0.0008497238159179688
0.0010297298431396484
0.0010178089141845703
0.0011372566223144531
0.0010879039764404297
0.001051187515258789
0.001191854476928711
0.0010712146759033203
0.0009429454803466797
0.0008215904235839844
0.0008020401000976562
0.0008454322814941406
0.0008289813995361328
0.0009777545928955078
0.0005407333374023438
0.0005786418914794922
0.0005774497985839844
0.0006072521209716797
0.0010638236999511719
0.0008101463317871094
0.0010640621185302734
0.001190185546875
0.0008335113525390625
0.0008378028869628906
0.0011370182037353516
0.0011954307556152344
0.0008294582366943359
0.0008175373077392578
0.0008406639099121094
0.0008180141448974609
0.0005624294281005859
0.00057220458984375
0.0006887912750244141
0.0006043910980224609
0.0008087158203125
0.0007655620574951172
0.0007414817810058594
0.0005846023559570312
0.0005598068237304688
0.000579833984375
0.0005517005920410156
0.0002903938293457031
0.0002951622009277344
0.002157926559448242
0.002317667007446289
0.0012433528900146484
0.0012285709381103516
0.0009663105010986328
0.0014214515686035156
0.0025205612182617188
0.0035316944122314453
0.0018303394317626953
0.0009295940399169922
0.0011258125305175781
0.0021915435791015625
0.002740144729614258
0.002524852752685547
0.002759695053100586
0.002496480941772461
0.004193544387817383
0.0019788742065429688
0.0024492740631103516
0.0026214122772216797
0.0025892257690429688
0.0026199817657470703
0.002199888229370117
0.0023603439331054688
0.0006647109985351562
0.0018186569213867188
0.0027968883514404297
0.0024623870849609375
0.002627849578857422
0.0016012191772460938
0.0023441314697265625
0.002850770950317383
0.0030193328857421875
0.0031359195709228516
0.002080678939819336
0.0026793479919433594
0.0023000240325927734
0.0020978450775146484
0.0029790401458740234
0.0025844573974609375
0.0009176731109619141
0.0011341571807861328
0.0019614696502685547
0.0020599365234375
0.0036056041717529297
0.0023255348205566406
0.0026540756225585938
0.0024514198303222656
0.0017490386962890625
0.0006771087646484375
0.0016396045684814453
0.0022187232971191406
0.0018143653869628906
0.0019655227661132812
0.0006163120269775391
0.0019915103912353516
0.001764535903930664
0.0019488334655761719
0.0010895729064941406
0.0009949207305908203
0.002231597900390625
0.0008730888366699219
0.0017812252044677734
0.0012335777282714844
0.002208232879638672
0.0024704933166503906
0.00217437744140625
0.002869129180908203
0.0015568733215332031
0.002166271209716797
0.0023925304412841797
0.0014579296112060547
0.0009648799896240234
0.0010023117065429688
0.0021965503692626953
0.0018160343170166016
0.003448963165283203
0.0021271705627441406
0.0015301704406738281
0.0026869773864746094
0.00246429443359375
0.0024442672729492188
0.0020012855529785156
0.0034461021423339844
0.0014870166778564453
0.0018067359924316406
0.0024940967559814453
0.0016112327575683594
0.002312898635864258
0.0021975040435791016
0.00191497802734375
0.0019958019256591797
0.0021250247955322266
0.002917766571044922
0.001428842544555664
0.0026869773864746094
0.0028645992279052734
0.002233743667602539
0.0015091896057128906
0.003000974655151367
0.002124309539794922
0.0011868476867675781
0.0010371208190917969
0.0018410682678222656
0.0018551349639892578
0.0020716190338134766
0.001984834671020508
0.002076387405395508
0.0014967918395996094
0.0005857944488525391
0.0014421939849853516
0.001478433609008789
0.0027375221252441406
0.0025713443756103516
0.002022981643676758
0.0018024444580078125
0.002853870391845703
0.0024688243865966797
0.0025730133056640625
0.00140380859375
0.002743244171142578
0.0017914772033691406
0.0017290115356445312
0.003424406051635742
0.0026636123657226562
0.0022509098052978516
0.0027649402618408203
0.002320528030395508
0.0013365745544433594
0.0018999576568603516
0.002759218215942383
0.0017926692962646484
0.0023050308227539062
0.002252817153930664
0.0017898082733154297
0.002045154571533203
0.000827789306640625
0.002070903778076172
0.003027677536010742
0.001207590103149414
0.0011305809020996094
0.0031855106353759766
0.0029163360595703125
0.0017175674438476562
0.001775979995727539
0.002084016799926758
0.002093791961669922
0.0016486644744873047
0.0007421970367431641
0.002265453338623047
0.0019259452819824219
0.002073049545288086
0.0021178722381591797
0.0014927387237548828
0.0018570423126220703
0.0023386478424072266
0.0015139579772949219
0.0005822181701660156
0.0015103816986083984
0.0017194747924804688
0.0014934539794921875
0.0012784004211425781
0.0015230178833007812
0.0004901885986328125
0.0011162757873535156
0.0006654262542724609
0.0009336471557617188
0.0008945465087890625
0.0005998611450195312
0.0006473064422607422
0.0006206035614013672
0.00033974647521972656
0.0005245208740234375
0.0005567073822021484
0.0009746551513671875
0.0008623600006103516
0.0006949901580810547
0.0009694099426269531
0.0009224414825439453
0.0007612705230712891
0.0007519721984863281
0.0007333755493164062
0.0007395744323730469
0.0008997917175292969
0.0007426738739013672
0.0006537437438964844
0.0005183219909667969
0.0008890628814697266
0.0007398128509521484
0.0007190704345703125
0.0007534027099609375
0.0007455348968505859
0.0007367134094238281
0.0007212162017822266
0.0007503032684326172
0.0007436275482177734
0.0008862018585205078
0.0007252693176269531
0.0007402896881103516
0.0007500648498535156
0.0007407665252685547
0.0007150173187255859
0.0007336139678955078
0.0005159378051757812
0.0004911422729492188
0.0005164146423339844
0.0006308555603027344
0.0005183219909667969
0.00047969818115234375
0.0005221366882324219
0.0004951953887939453
0.0007641315460205078
0.0007531642913818359
0.0007445812225341797
0.0007200241088867188
0.0007519721984863281
0.0006709098815917969
0.00048661231994628906
0.0007703304290771484
0.001010894775390625
0.0007615089416503906
0.00079345703125
0.00087738037109375
0.0005145072937011719
0.0006670951843261719
0.0006339550018310547
0.0005238056182861328
0.000484466552734375
0.0005218982696533203
0.0004811286926269531
0.0006690025329589844
0.00049591064453125
0.0006411075592041016
0.0005171298980712891
0.0006380081176757812
0.0005300045013427734
0.00048661231994628906
0.0005047321319580078
0.0004875659942626953
0.0005004405975341797
0.00022745132446289062
0.00020933151245117188
0.00022339820861816406
0.00022673606872558594
0.0002052783966064453
0.00020003318786621094
0.00021529197692871094
0.00023126602172851562
0.00249481201171875
0.001596689224243164
0.0018894672393798828
0.002296924591064453
0.0006403923034667969
0.0010554790496826172
0.000980377197265625
0.0009627342224121094
0.0005860328674316406
0.0019161701202392578
0.0019690990447998047
0.0012497901916503906
0.001149892807006836
0.0017995834350585938
0.0022618770599365234
0.002250194549560547
0.0026459693908691406
0.0019283294677734375
0.002561807632446289
0.001355886459350586
0.0009942054748535156
0.0013537406921386719
0.0007998943328857422
0.0011591911315917969
0.0007977485656738281
0.0023965835571289062
0.0019195079803466797
0.0015530586242675781
0.0010876655578613281
0.0023069381713867188
0.0009970664978027344
0.0009274482727050781
0.002040863037109375
0.002247333526611328
0.001272439956665039
0.002147674560546875
0.002392292022705078
0.0008215904235839844
0.001066446304321289
0.001926422119140625
0.0014140605926513672
0.002108335494995117
0.001110076904296875
0.003159046173095703
0.0021910667419433594
0.001726388931274414
0.0018913745880126953
0.0017552375793457031
0.0021080970764160156
0.0011289119720458984
0.0015726089477539062
0.0018694400787353516
0.0006015300750732422
0.0017399787902832031
0.0015447139739990234
0.0014884471893310547
0.002788066864013672
0.002060413360595703
0.001982450485229492
0.0020689964294433594
0.001941680908203125
0.0015933513641357422
0.0008091926574707031
0.0019223690032958984
0.001149892807006836
0.0012478828430175781
0.0009770393371582031
0.001413106918334961
0.0023148059844970703
0.0009121894836425781
0.0027060508728027344
0.002585172653198242
0.0024678707122802734
0.0027916431427001953
0.0018787384033203125
0.0021469593048095703
0.0017008781433105469
0.0015299320220947266
0.0019795894622802734
0.0011684894561767578
0.0010001659393310547
0.0021605491638183594
0.0005786418914794922
0.0015323162078857422
0.0010519027709960938
0.0019428730010986328
0.0010478496551513672
0.001651763916015625
0.001722097396850586
0.003179311752319336
0.0028657913208007812
0.001943826675415039
0.0018665790557861328
0.0014731884002685547
0.0005733966827392578
0.0020084381103515625
0.00197601318359375
0.0018377304077148438
0.0016596317291259766
0.0015842914581298828
0.0018551349639892578
0.0012919902801513672
0.0012760162353515625
0.00031828880310058594
0.001447439193725586
0.00106048583984375
0.0015964508056640625
0.0015103816986083984
0.0007925033569335938
0.00044417381286621094
0.0017290115356445312
0.001401662826538086
0.0019545555114746094
0.001285552978515625
0.001592874526977539
0.0018341541290283203
0.0003933906555175781
0.0009238719940185547
0.0008482933044433594
0.0014753341674804688
0.0008120536804199219
0.0005428791046142578
0.001233816146850586
0.0015289783477783203
0.0019500255584716797
0.0015146732330322266
0.0019316673278808594
0.0011239051818847656
0.0018672943115234375
0.0007669925689697266
0.0015749931335449219
0.0025475025177001953
0.0017158985137939453
0.0015807151794433594
0.0021021366119384766
0.0015857219696044922
0.002005338668823242
0.002185821533203125
0.0016121864318847656
0.0019462108612060547
0.0019555091857910156
0.0016107559204101562
0.002045154571533203
0.0017304420471191406
0.0018160343170166016
0.0015125274658203125
0.0012753009796142578
0.0011043548583984375
0.0009090900421142578
0.001169443130493164
0.0007259845733642578
0.0018107891082763672
0.0017969608306884766
0.0018694400787353516
0.0015747547149658203
0.0018362998962402344
0.0010213851928710938
0.0007402896881103516
0.002333402633666992
0.0014941692352294922
0.0017328262329101562
0.001194000244140625
0.001416921615600586
0.0011601448059082031
0.0008606910705566406
0.0009253025054931641
0.0008087158203125
0.0024347305297851562
0.0017900466918945312
0.0018749237060546875
0.0018854141235351562
0.0017173290252685547
0.001577615737915039
0.0015778541564941406
0.0015604496002197266
0.0018167495727539062
0.001596212387084961
0.0017905235290527344
0.001825571060180664
0.0017740726470947266
0.0016069412231445312
0.0017178058624267578
0.0014336109161376953
0.002093076705932617
0.0023956298828125
0.001043081283569336
0.0010085105895996094
0.0008881092071533203
0.001146078109741211
0.0011806488037109375
0.0011310577392578125
0.0012459754943847656
0.0009918212890625
0.0009911060333251953
0.0007448196411132812
0.002199888229370117
0.0016338825225830078
0.002053499221801758
0.0015780925750732422
0.0017497539520263672
0.0014700889587402344
0.0017268657684326172
0.001699209213256836
0.001224517822265625
0.0016314983367919922
0.0010178089141845703
0.00205230712890625
0.001997232437133789
0.001577138900756836
0.0015492439270019531
0.0015950202941894531
0.001346588134765625
0.0015537738800048828
0.0014426708221435547
0.0012073516845703125
0.0011553764343261719
0.001142263412475586
0.0007164478302001953
0.0006432533264160156
0.0012407302856445312
0.0005123615264892578
0.001600503921508789
0.002126932144165039
0.0019919872283935547
0.0016160011291503906
0.0014698505401611328
0.0019865036010742188
0.0010368824005126953
0.0010080337524414062
0.0007195472717285156
0.0014679431915283203
0.0011124610900878906
0.0008809566497802734
0.00162506103515625
0.0018475055694580078
0.0011837482452392578
0.0010464191436767578
0.0007393360137939453
0.001985311508178711
0.0021190643310546875
0.0017642974853515625
0.001987457275390625
0.0014646053314208984
0.0017342567443847656
0.001016855239868164
0.0016906261444091797
0.0019731521606445312
0.0026214122772216797
0.0014414787292480469
0.001528024673461914
0.0023109912872314453
0.0018231868743896484
0.0015993118286132812
0.0017940998077392578
0.0018107891082763672
0.001971721649169922
0.0017058849334716797
0.0016655921936035156
0.0018291473388671875
0.0010714530944824219
0.0017650127410888672
0.0018074512481689453
0.0014748573303222656
0.0012831687927246094
0.0013918876647949219
0.0016727447509765625
0.0023910999298095703
0.002566099166870117
0.0020973682403564453
0.002002716064453125
0.0018093585968017578
0.0015499591827392578
0.001455068588256836
0.0013446807861328125
0.0015096664428710938
0.0014829635620117188
0.0013544559478759766
0.0016205310821533203
0.0015857219696044922
0.0013456344604492188
0.001468658447265625
0.0012083053588867188
0.0011658668518066406
0.0013337135314941406
0.0012562274932861328
0.0008213520050048828
0.0007598400115966797
0.0014567375183105469
0.000644683837890625
0.0007755756378173828
0.0007801055908203125
0.0007426738739013672
0.0010442733764648438
0.0005080699920654297
0.0015311241149902344
0.0014910697937011719
0.0015904903411865234
0.0014638900756835938
0.0013244152069091797
0.0013442039489746094
0.0015108585357666016
0.0011920928955078125
0.0013020038604736328
0.0010309219360351562
0.0006291866302490234
0.0010654926300048828
0.0016243457794189453
0.0012650489807128906
0.0012166500091552734
0.0011098384857177734
0.0012164115905761719
0.0009367465972900391
0.0018308162689208984
0.001104116439819336
0.0013842582702636719
0.0007588863372802734
0.0006999969482421875
0.0008916854858398438
0.0003421306610107422
0.0005369186401367188
0.00023603439331054688
0.0005967617034912109
0.0009534358978271484
0.000629425048828125
0.00024771690368652344
0.000598907470703125
0.0005276203155517578
0.0008118152618408203
0.00031948089599609375
0.0005741119384765625
0.0005350112915039062
0.0009207725524902344
0.0007417201995849609
0.0007498264312744141
0.0004591941833496094
0.0008206367492675781
0.0005698204040527344
0.0001800060272216797
0.0005345344543457031
0.0002818107604980469
0.0007264614105224609
0.0007228851318359375
0.0009119510650634766
0.00044345855712890625
0.0006153583526611328
0.0006961822509765625
0.0006616115570068359
0.0006382465362548828
0.0006878376007080078
0.0006747245788574219
0.0006213188171386719
0.0006699562072753906
0.0006482601165771484
0.0006246566772460938
0.0006594657897949219
0.0006167888641357422
0.0006453990936279297
0.0006570816040039062
0.0006494522094726562
0.0006506443023681641
0.0006697177886962891
0.0006399154663085938
0.0006601810455322266
0.0007479190826416016
0.0006816387176513672
0.0006401538848876953
0.0006577968597412109
0.0006465911865234375
0.0004291534423828125
0.00041413307189941406
0.0006539821624755859
0.0006525516510009766
0.0006322860717773438
0.0006415843963623047
0.0006551742553710938
0.0006389617919921875
0.0006394386291503906
0.00039577484130859375
0.0006701946258544922
0.0006618499755859375
0.0006301403045654297
0.0006811618804931641
0.0006847381591796875
0.0006382465362548828
0.0006539821624755859
0.0006692409515380859
0.00041174888610839844
0.0006504058837890625
0.0006337165832519531
0.0004189014434814453
0.0006105899810791016
0.0006380081176757812
0.0004010200500488281
0.0006451606750488281
0.0004010200500488281
0.00041675567626953125
0.00040149688720703125
0.00041222572326660156
0.0003979206085205078
0.0003998279571533203
0.0004286766052246094
0.00041747093200683594
0.00041747093200683594
0.00038123130798339844
0.0004146099090576172
0.00037789344787597656
0.0004010200500488281
0.0004029273986816406
0.00037550926208496094
0.0004277229309082031
0.0003838539123535156
0.0001544952392578125
0.0009093284606933594
0.0002892017364501953
0.0008103847503662109
0.0008764266967773438
0.0011501312255859375
0.0010166168212890625
0.0010025501251220703
0.0005936622619628906
0.00048232078552246094
0.0006005764007568359
0.0008587837219238281
0.0008091926574707031
0.0006797313690185547
0.0009171962738037109
0.000965118408203125
0.0007636547088623047
0.0009465217590332031
0.0007371902465820312
0.0009360313415527344
0.0007331371307373047
0.0009551048278808594
0.001085519790649414
0.0009181499481201172
0.0010113716125488281
0.0011074542999267578
0.0007147789001464844
0.0007243156433105469
0.0006575584411621094
0.0007042884826660156
0.0009174346923828125
0.0007343292236328125
0.0009481906890869141
0.0007078647613525391
0.0007221698760986328
0.0007264614105224609
0.0007390975952148438
0.0006930828094482422
0.0007023811340332031
0.000713348388671875
0.0004801750183105469
0.0005052089691162109
0.0007300376892089844
0.0009095668792724609
0.0009119510650634766
0.0009436607360839844
0.0007004737854003906
0.0007121562957763672
0.0006902217864990234
0.0004925727844238281
0.0007379055023193359
0.0007195472717285156
0.0009131431579589844
0.0007145404815673828
0.0004718303680419922
0.0006899833679199219
0.0007185935974121094
0.0007245540618896484
0.00047278404235839844
0.0007455348968505859
0.0007600784301757812
0.0006852149963378906
0.0006954669952392578
0.0005013942718505859
0.0006773471832275391
0.0007119178771972656
0.0004794597625732422
0.0007083415985107422
0.0007185935974121094
0.0006504058837890625
0.0006871223449707031
0.000705718994140625
0.00048351287841796875
0.000476837158203125
0.00048804283142089844
0.0004756450653076172
0.0004661083221435547
0.0005726814270019531
0.0004391670227050781
0.0004849433898925781
0.00020694732666015625
0.0010364055633544922
0.0003764629364013672
0.0008647441864013672
0.0009515285491943359
0.0012998580932617188
0.0005638599395751953
0.0008788108825683594
0.0010066032409667969
0.0011708736419677734
0.0008876323699951172
0.0010530948638916016
0.0009360313415527344
0.001051187515258789
0.0010385513305664062
0.000823974609375
0.0008478164672851562
0.0009961128234863281
0.0010361671447753906
0.0010402202606201172
0.0008113384246826172
0.0008523464202880859
0.0009059906005859375
0.0007731914520263672
0.0007796287536621094
0.0008139610290527344
0.0009429454803466797
0.0007808208465576172
0.0007154941558837891
0.0005621910095214844
0.000782012939453125
0.0007741451263427734
0.0005612373352050781
0.0005764961242675781
0.0005431175231933594
0.0008347034454345703
0.0008091926574707031
0.0005557537078857422
0.0007526874542236328
0.0008084774017333984
0.0007984638214111328
0.0007889270782470703
0.0005440711975097656
0.0008072853088378906
0.0008111000061035156
0.0007805824279785156
0.0005736351013183594
0.0007679462432861328
0.0005309581756591797
0.0004813671112060547
0.0005257129669189453
0.0005352497100830078
0.0005528926849365234
0.0002810955047607422
0.00026035308837890625
0.0013544559478759766
0.002111673355102539
0.0020596981048583984
0.0012280941009521484
0.0018742084503173828
0.0015711784362792969
0.0032923221588134766
0.0010945796966552734
0.0016868114471435547
0.001130819320678711
0.0027794837951660156
0.0012664794921875
0.0022737979888916016
0.0013303756713867188
0.0022573471069335938
0.002022981643676758
0.002294301986694336
0.002237558364868164
0.003302335739135742
0.003245830535888672
0.0012812614440917969
0.0024559497833251953
0.0028519630432128906
0.0023603439331054688
0.002051830291748047
0.0010194778442382812
0.003133535385131836
0.0029134750366210938
0.0026786327362060547
0.0008177757263183594
0.0008733272552490234
0.0019741058349609375
0.002902984619140625
0.0022232532501220703
0.002371549606323242
0.0023980140686035156
0.002269268035888672
0.002396821975708008
0.0019767284393310547
0.002596139907836914
0.0028905868530273438
0.003443479537963867
0.0021653175354003906
0.0012352466583251953
0.0022280216217041016
0.0026924610137939453
0.0019178390502929688
0.001177072525024414
0.0017888545989990234
0.001653432846069336
0.0009644031524658203
0.0009009838104248047
0.0028655529022216797
0.0010542869567871094
0.0007371902465820312
0.0011820793151855469
0.0015900135040283203
0.0017657279968261719
0.0011136531829833984
0.002599477767944336
0.0014333724975585938
0.0022296905517578125
0.0017168521881103516
0.0012469291687011719
0.002401113510131836
0.0019638538360595703
0.002560853958129883
0.0009827613830566406
0.0010485649108886719
0.001542806625366211
0.0011639595031738281
0.0019996166229248047
0.0011012554168701172
0.0024025440216064453
0.0019578933715820312
0.0010554790496826172
0.002706766128540039
0.0019528865814208984
0.0011837482452392578
0.002038240432739258
0.002097606658935547
0.002752065658569336
0.0019142627716064453
0.0016620159149169922
0.0019915103912353516
0.0029211044311523438
0.0019526481628417969
0.0013043880462646484
0.0011734962463378906
0.0014810562133789062
0.0025300979614257812
0.0017085075378417969
0.002752542495727539
0.002713441848754883
0.0011227130889892578
0.002152681350708008
0.0024094581604003906
0.0017690658569335938
0.001859426498413086
0.0016639232635498047
0.0015435218811035156
0.0020308494567871094
0.0017824172973632812
0.0009238719940185547
0.0024118423461914062
0.0022497177124023438
0.0025658607482910156
0.0022690296173095703
0.0020961761474609375
0.001802206039428711
0.0006780624389648438
0.0013134479522705078
0.003363370895385742
0.0009884834289550781
0.0024950504302978516
0.0009520053863525391
0.0007719993591308594
0.0016574859619140625
0.001844167709350586
0.0022475719451904297
0.001997232437133789
0.0010311603546142578
0.0022590160369873047
0.0019600391387939453
0.0017528533935546875
0.0019996166229248047
0.0019528865814208984
0.0019180774688720703
0.002032041549682617
0.0018429756164550781
0.0016391277313232422
0.001646280288696289
0.0029625892639160156
0.002122163772583008
0.0024499893188476562
0.002744436264038086
0.0016551017761230469
0.0017323493957519531
0.002658843994140625
0.0022470951080322266
0.0010418891906738281
0.0016884803771972656
0.001970529556274414
0.0021605491638183594
0.0025086402893066406
0.0021753311157226562
0.0023200511932373047
0.001493692398071289
0.0021386146545410156
0.00223541259765625
0.0009012222290039062
0.0018525123596191406
0.001416921615600586
0.0020296573638916016
0.001356363296508789
0.0016849040985107422
0.002273082733154297
0.0007345676422119141
0.0008041858673095703
0.0007815361022949219
0.001984834671020508
0.0015649795532226562
0.0006334781646728516
0.0005640983581542969
0.0007882118225097656
0.001033782958984375
0.0006957054138183594
0.00032520294189453125
0.0006551742553710938
0.0006334781646728516
0.0009069442749023438
0.000392913818359375
0.0006346702575683594
0.0010063648223876953
0.0005648136138916016
0.0002779960632324219
0.0006568431854248047
0.0008368492126464844
0.001016855239868164
0.0007715225219726562
0.0007379055023193359
0.0007855892181396484
0.000942230224609375
0.00077056884765625
0.0009388923645019531
0.0007750988006591797
0.0007734298706054688
0.0007596015930175781
0.0007388591766357422
0.0007715225219726562
0.0006699562072753906
0.0009400844573974609
0.0007855892181396484
0.0007843971252441406
0.0007748603820800781
0.0007374286651611328
0.0007658004760742188
0.0007789134979248047
0.0007534027099609375
0.0007643699645996094
0.0009272098541259766
0.0007753372192382812
0.0007290840148925781
0.0006570816040039062
0.0005178451538085938
0.0006759166717529297
0.0004930496215820312
0.0005235671997070312
0.0006597042083740234
0.0005216598510742188
0.0005104541778564453
0.0005161762237548828
0.0004963874816894531
0.0005121231079101562
0.0005180835723876953
0.0008578300476074219
0.0005249977111816406
0.0005018711090087891
0.0005259513854980469
0.0005042552947998047
0.0005180835723876953
0.0005059242248535156
0.0008563995361328125
0.0007750988006591797
0.0009212493896484375
0.0005283355712890625
0.0005042552947998047
0.0005195140838623047
0.0007345676422119141
0.0009126663208007812
0.0005412101745605469
0.0004756450653076172
0.0005464553833007812
0.0005245208740234375
0.0005154609680175781
0.0005161762237548828
0.0005269050598144531
0.0005168914794921875
0.0005161762237548828
0.0005230903625488281
0.0005252361297607422
0.000537872314453125
0.0005133152008056641
0.0005385875701904297
0.0005071163177490234
0.0005319118499755859
0.0004994869232177734
0.0004904270172119141
0.000499725341796875
0.0005261898040771484
0.0006611347198486328
0.00025653839111328125
0.00022482872009277344
0.00021338462829589844
0.00021266937255859375
0.00022339820861816406
0.0002315044403076172
0.00021219253540039062
0.00020885467529296875
0.0004413127899169922
0.00023603439331054688
0.0011854171752929688
0.0016567707061767578
0.0016639232635498047
0.0017604827880859375
0.0016357898712158203
0.001104593276977539
0.0007653236389160156
0.0009980201721191406
0.001377105712890625
0.000629425048828125
0.0009968280792236328
0.0009694099426269531
0.002713918685913086
0.0018725395202636719
0.0008339881896972656
0.0008120536804199219
0.0010275840759277344
0.001321554183959961
0.0026082992553710938
0.0018873214721679688
0.0022225379943847656
0.0011165142059326172
0.0017986297607421875
0.00128173828125
0.001016855239868164
0.0016846656799316406
0.002301931381225586
0.0017232894897460938
0.001516580581665039
0.0019712448120117188
0.0026302337646484375
0.0026171207427978516
0.0024068355560302734
0.001967906951904297
0.0011334419250488281
0.002103567123413086
0.002095937728881836
0.0017361640930175781
0.0018241405487060547
0.003125905990600586
0.0020334720611572266
0.0015001296997070312
0.0025560855865478516
0.0019528865814208984
0.0017859935760498047
0.0026221275329589844
0.0022804737091064453
0.0005769729614257812
0.0023033618927001953
0.0007524490356445312
0.0015091896057128906
0.0015680789947509766
0.0021064281463623047
0.0020995140075683594
0.001949310302734375
0.0019817352294921875
0.002073526382446289
0.0007090568542480469
0.0005686283111572266
0.001299142837524414
0.0005855560302734375
0.002391338348388672
0.0019495487213134766
0.0018045902252197266
0.002072572708129883
0.0015037059783935547
0.0019986629486083984
0.0021772384643554688
0.0023488998413085938
0.002393007278442383
0.0017352104187011719
0.0015215873718261719
0.0019347667694091797
0.00206756591796875
0.0017852783203125
0.0019865036010742188
0.0014667510986328125
0.0015642642974853516
0.0020101070404052734
0.00185394287109375
0.002323150634765625
0.0023026466369628906
0.002704620361328125
0.0019001960754394531
0.0006115436553955078
0.0013246536254882812
0.0008633136749267578
0.0018281936645507812
0.0016829967498779297
0.0019202232360839844
0.0006661415100097656
0.0018610954284667969
0.0012297630310058594
0.0015435218811035156
0.0017766952514648438
0.0010886192321777344
0.0007252693176269531
0.0005891323089599609
0.0008435249328613281
0.0014805793762207031
0.0012929439544677734
0.0006151199340820312
0.0004904270172119141
0.0014352798461914062
0.0014674663543701172
0.002654552459716797
0.002170562744140625
0.0016694068908691406
0.0012319087982177734
0.0004703998565673828
0.0013837814331054688
0.0010678768157958984
0.0013740062713623047
0.0012767314910888672
0.0013201236724853516
0.001310110092163086
0.0010204315185546875
0.0006175041198730469
0.0008478164672851562
0.001672506332397461
0.00208282470703125
0.0010714530944824219
0.0015916824340820312
0.0005764961242675781
0.0014791488647460938
0.0012824535369873047
0.0006759166717529297
0.0008306503295898438
0.0017201900482177734
0.0016255378723144531
0.0021796226501464844
0.0016722679138183594
0.0006456375122070312
0.0007312297821044922
0.0010991096496582031
0.0009467601776123047
0.0017299652099609375
0.0015978813171386719
0.0020935535430908203
0.0014808177947998047
0.0009024143218994141
0.0017418861389160156
0.0015079975128173828
0.0015993118286132812
0.0018470287322998047
0.0009205341339111328
0.002146005630493164
0.0007271766662597656
0.001495361328125
0.0010986328125
0.001573801040649414
0.0008726119995117188
0.0027074813842773438
0.0015528202056884766
0.0015687942504882812
0.0009248256683349609
0.002264261245727539
0.0017650127410888672
0.0013537406921386719
0.0013992786407470703
0.0017223358154296875
0.0020842552185058594
0.0015039443969726562
0.0014383792877197266
0.0013496875762939453
0.0008563995361328125
0.0007398128509521484
0.002073049545288086
0.0015273094177246094
0.0023956298828125
0.0020956993103027344
0.002315044403076172
0.0018925666809082031
0.0019369125366210938
0.00174713134765625
0.0010063648223876953
0.0017209053039550781
0.0011639595031738281
0.0020301342010498047
0.0017325878143310547
0.002080678939819336
0.0014939308166503906
0.0009226799011230469
0.001491546630859375
0.0025186538696289062
0.001085519790649414
0.0015528202056884766
0.0013060569763183594
0.0018105506896972656
0.0011749267578125
0.0019490718841552734
0.0017287731170654297
0.0018086433410644531
0.001705169677734375
0.0019102096557617188
0.0016007423400878906
0.001657724380493164
0.0016543865203857422
0.0013494491577148438
0.0015764236450195312
0.0013437271118164062
0.0013697147369384766
0.0016007423400878906
0.0017023086547851562
0.0016961097717285156
0.0015594959259033203
0.001470804214477539
0.0015664100646972656
0.001203298568725586
0.0019023418426513672
0.0011010169982910156
0.0009911060333251953
0.001512765884399414
0.0006003379821777344
0.0006043910980224609
0.0009529590606689453
0.0005125999450683594
0.0005147457122802734
0.0010704994201660156
0.0012249946594238281
0.002840757369995117
0.001070261001586914
0.0007274150848388672
0.001871347427368164
0.0014755725860595703
0.0008707046508789062
0.001905202865600586
0.0017769336700439453
0.0015265941619873047
0.00183868408203125
0.0013933181762695312
0.0015671253204345703
0.0012094974517822266
0.0008790493011474609
0.00052642822265625
0.0018992424011230469
0.0020503997802734375
0.0016002655029296875
0.0014181137084960938
0.0017573833465576172
0.001775503158569336
0.0026397705078125
0.0010228157043457031
0.001428365707397461
0.0020761489868164062
0.0019555091857910156
0.0013887882232666016
0.0012063980102539062
0.001191854476928711
0.0016374588012695312
0.0019373893737792969
0.0014979839324951172
0.0016927719116210938
0.0009548664093017578
0.0015020370483398438
0.0013523101806640625
0.0013310909271240234
0.0015952587127685547
0.0011892318725585938
0.0013628005981445312
0.0022737979888916016
0.0018532276153564453
0.0013918876647949219
0.0015642642974853516
0.0013692378997802734
0.0016667842864990234
0.0018279552459716797
0.0020477771759033203
0.001810312271118164
0.0014977455139160156
0.001375436782836914
0.001950979232788086
0.0016107559204101562
0.0013680458068847656
0.0014543533325195312
0.0017647743225097656
0.0011861324310302734
0.0007028579711914062
0.000507354736328125
0.0014712810516357422
0.0013751983642578125
0.0012421607971191406
0.0014643669128417969
0.0005254745483398438
0.0015556812286376953
0.0015668869018554688
0.0017833709716796875
0.0013806819915771484
0.0009908676147460938
0.0014557838439941406
0.0014705657958984375
0.0017466545104980469
0.0012140274047851562
0.0010225772857666016
0.0021712779998779297
0.0017075538635253906
0.0007789134979248047
0.0007154941558837891
0.0016951560974121094
0.0007257461547851562
0.0006177425384521484
0.0020127296447753906
0.0011532306671142578
0.0015921592712402344
0.0019044876098632812
0.0016865730285644531
0.0011286735534667969
0.0011317729949951172
0.0014495849609375
0.0011572837829589844
0.0013687610626220703
0.0012364387512207031
0.0009443759918212891
0.001190185546875
0.0009336471557617188
0.001314401626586914
0.0010149478912353516
0.0003762245178222656
0.0004878044128417969
0.0003159046173095703
0.00029921531677246094
0.0004703998565673828
0.0006420612335205078
0.0004131793975830078
0.0009729862213134766
0.0004165172576904297
0.0005955696105957031
0.00020623207092285156
0.0005259513854980469
0.0006368160247802734
0.0007517337799072266
0.0005125999450683594
0.0007216930389404297
0.0005443096160888672
0.0004355907440185547
0.0008308887481689453
0.0008339881896972656
0.0008275508880615234
0.0004031658172607422
0.0006949901580810547
0.0006678104400634766
0.0008115768432617188
0.0007104873657226562
0.0006995201110839844
0.000461578369140625
0.00040221214294433594
0.0004975795745849609
0.0007879734039306641
0.0005784034729003906
0.0001614093780517578
0.0004818439483642578
0.0004589557647705078
0.0004143714904785156
0.0006043910980224609
0.0006146430969238281
0.0006170272827148438
0.0005984306335449219
0.0006117820739746094
0.0006062984466552734
0.0005886554718017578
0.0004127025604248047
0.00039267539978027344
0.0006041526794433594
0.0006542205810546875
0.0006361007690429688
0.0005903244018554688
0.0004131793975830078
0.0005984306335449219
0.0004448890686035156
0.000385284423828125
0.00039076805114746094
0.0005772113800048828
0.0005910396575927734
0.000347137451171875
0.00038170814514160156
0.0003383159637451172
0.0003533363342285156
0.00012826919555664062
0.0009682178497314453
0.0006899833679199219
0.0006914138793945312
0.0002779960632324219
0.0006413459777832031
0.0007140636444091797
0.0008559226989746094
0.0006291866302490234
0.0007846355438232422
0.00060272216796875
0.0005667209625244141
0.0009162425994873047
0.0009205341339111328
0.0006468296051025391
0.0009303092956542969
0.0009129047393798828
0.0007970333099365234
0.0009515285491943359
0.0005254745483398438
0.0008642673492431641
0.0006723403930664062
0.0004706382751464844
0.0005409717559814453
0.0007431507110595703
0.0007343292236328125
0.0007092952728271484
0.0008578300476074219
0.0007207393646240234
0.0007278919219970703
0.0007090568542480469
0.0007195472717285156
0.0007169246673583984
0.0008652210235595703
0.0006539821624755859
0.0007028579711914062
0.0005254745483398438
0.0006494522094726562
0.0005316734313964844
0.0006592273712158203
0.0006585121154785156
0.0007293224334716797
0.0007185935974121094
0.0008456707000732422
0.0008485317230224609
0.0007274150848388672
0.0007047653198242188
0.0007035732269287109
0.0008485317230224609
0.0007288455963134766
0.0007226467132568359
0.0008635520935058594
0.0006740093231201172
0.0006415843963623047
0.0007796287536621094
0.0005676746368408203
0.0007078647613525391
0.0005023479461669922
0.0004918575286865234
0.0007290840148925781
0.0007033348083496094
0.0008528232574462891
0.0007433891296386719
0.0007114410400390625
0.0006852149963378906
0.0005166530609130859
0.0005049705505371094
0.0006573200225830078
0.0005242824554443359
0.0004715919494628906
0.0007352828979492188
0.0007112026214599609
0.0005033016204833984
0.0005254745483398438
0.0004773139953613281
0.0005137920379638672
0.0004892349243164062
0.0006380081176757812
0.00045418739318847656
0.0004954338073730469
0.0004582405090332031
0.0005211830139160156
0.0006682872772216797
0.0005788803100585938
0.0005595684051513672
0.0005779266357421875
0.0005517005920410156
0.0007023811340332031
0.0005311965942382812
0.0004508495330810547
0.000522613525390625
0.0005085468292236328
0.0005252361297607422
0.0005068778991699219
0.0005168914794921875
0.0005075931549072266
0.0005197525024414062
0.0004947185516357422
0.00027489662170410156
0.00042891502380371094
0.0002620220184326172
0.00044274330139160156
0.0002484321594238281
0.0002460479736328125
0.0002510547637939453
0.00022745132446289062
0.00022077560424804688
0.00023293495178222656
0.00023221969604492188
0.0022695064544677734
0.0023245811462402344
0.0009188652038574219
0.0015723705291748047
0.0011065006256103516
0.002096891403198242
0.0022466182708740234
0.0009086132049560547
0.0018527507781982422
0.0007951259613037109
0.0015411376953125
0.0014324188232421875
0.0014138221740722656
0.0019631385803222656
0.0014355182647705078
0.0012960433959960938
0.0025870800018310547
0.002924680709838867
0.0012946128845214844
0.0020570755004882812
0.0010704994201660156
0.002026081085205078
0.002286195755004883
0.0020804405212402344
0.0009744167327880859
0.0017092227935791016
0.0013756752014160156
0.001982450485229492
0.0011911392211914062
0.0020503997802734375
0.0007932186126708984
0.0025942325592041016
0.002031087875366211
0.0017046928405761719
0.0016021728515625
0.002307415008544922
0.001634359359741211
0.002422809600830078
0.0007355213165283203
0.0022192001342773438
0.00081634521484375
0.0018527507781982422
0.0017516613006591797
0.001928567886352539
0.0016970634460449219
0.001249074935913086
0.0024559497833251953
0.0026772022247314453
0.002362489700317383
0.0009250640869140625
0.0022325515747070312
0.002522706985473633
0.0023441314697265625
0.0024857521057128906
0.0021715164184570312
0.0025186538696289062
0.002223968505859375
0.0011730194091796875
0.002357959747314453
0.0007181167602539062
0.0016865730285644531
0.0017764568328857422
0.0021500587463378906
0.0008542537689208984
0.0007922649383544922
0.001972675323486328
0.0018439292907714844
0.0018813610076904297
0.0025768280029296875
0.0016565322875976562
0.0016589164733886719
0.002343416213989258
0.001800537109375
0.0025305747985839844
0.0019016265869140625
0.0011856555938720703
0.002110719680786133
0.0020694732666015625
0.0018832683563232422
0.0023224353790283203
0.001909017562866211
0.002195596694946289
0.0021843910217285156
0.0024650096893310547
0.0021581649780273438
0.001199960708618164
0.0015170574188232422
0.0015819072723388672
0.0017125606536865234
0.0015745162963867188
0.001416921615600586
0.0016171932220458984
0.00176239013671875
0.0018410682678222656
0.0025844573974609375
0.001361846923828125
0.002168416976928711
0.0027129650115966797
0.0018689632415771484
0.0008325576782226562
0.001722097396850586
0.0008199214935302734
0.0007734298706054688
0.0023374557495117188
0.002360820770263672
0.0016748905181884766
0.001905202865600586
0.0013713836669921875
0.0019452571868896484
0.0007798671722412109
0.0008230209350585938
0.0018012523651123047
0.0016622543334960938
0.0012319087982177734
0.001415252685546875
0.0016283988952636719
0.0006134510040283203
0.0005888938903808594
0.0015845298767089844
0.0013244152069091797
0.001613616943359375
0.0015115737915039062
0.0007808208465576172
0.0011734962463378906
0.0008878707885742188
0.0015799999237060547
0.0017137527465820312
0.0007038116455078125
0.0015249252319335938
0.0008339881896972656
0.0012812614440917969
0.0011396408081054688
0.0011951923370361328
0.0018761157989501953
0.0013022422790527344
0.0009713172912597656
0.0013594627380371094
0.0011336803436279297
0.002020120620727539
0.0020661354064941406
0.0011963844299316406
0.000942230224609375
0.0017955303192138672
0.0016317367553710938
0.0009098052978515625
0.0013499259948730469
0.0013566017150878906
0.001703023910522461
0.0006566047668457031
0.0014653205871582031
0.002085447311401367
0.0016596317291259766
0.0013573169708251953
0.0008156299591064453
0.0009377002716064453
0.0018901824951171875
0.0016095638275146484
0.0014848709106445312
0.0018279552459716797
0.0014719963073730469
0.0013718605041503906
0.001270294189453125
0.0013494491577148438
0.001001596450805664
0.0006949901580810547
0.0015697479248046875
0.0020771026611328125
0.0015137195587158203
0.0014886856079101562
0.0016553401947021484
0.0009274482727050781
0.0008816719055175781
0.0017282962799072266
0.0013175010681152344
0.00115203857421875
0.0015256404876708984
0.0006587505340576172
0.0005955696105957031
0.0005946159362792969
0.0014920234680175781
0.0013544559478759766
0.0011703968048095703
0.0016138553619384766
0.0018107891082763672
0.0017499923706054688
0.0017688274383544922
0.0019412040710449219
0.001321554183959961
0.0009162425994873047
0.0008833408355712891
0.0019333362579345703
0.0019674301147460938
0.0019371509552001953
0.0016326904296875
0.0019676685333251953
0.002004384994506836
0.0016448497772216797
0.0017528533935546875
0.0017461776733398438
0.0016508102416992188
0.0014765262603759766
0.0015323162078857422
0.0013773441314697266
0.0011494159698486328
0.0005769729614257812
0.000949859619140625
0.000762939453125
0.002013683319091797
0.0019268989562988281
0.0015909671783447266
0.001531839370727539
0.0015523433685302734
0.0007724761962890625
0.002378225326538086
0.0013740062713623047
0.0006844997406005859
0.001367330551147461
0.0017628669738769531
0.0018019676208496094
0.0014507770538330078
0.0008149147033691406
0.001058816909790039
0.0006587505340576172
0.0009088516235351562
0.0015711784362792969
0.0017359256744384766
0.0014200210571289062
0.0015819072723388672
0.0015110969543457031
0.001356363296508789
0.0014581680297851562
0.0011339187622070312
0.001627206802368164
0.0015556812286376953
0.001730203628540039
0.0014541149139404297
0.0017037391662597656
0.001611471176147461
0.0010972023010253906
0.001373291015625
0.0010809898376464844
0.000865936279296875
0.0011608600616455078
0.0020470619201660156
0.0017385482788085938
0.0015938282012939453
0.0019314289093017578
0.0015261173248291016
0.0013289451599121094
0.0013401508331298828
0.0012249946594238281
0.0010769367218017578
0.0010824203491210938
0.0016009807586669922
0.001283884048461914
0.0018203258514404297
0.0014541149139404297
0.0016815662384033203
0.0012831687927246094
0.0014624595642089844
0.0012676715850830078
0.0015437602996826172
0.0014483928680419922
0.0015349388122558594
0.0018439292907714844
0.0011072158813476562
0.0006146430969238281
0.0006325244903564453
0.0006103515625
0.000598907470703125
0.0012068748474121094
0.0013763904571533203
0.0013263225555419922
0.0011911392211914062
0.0012204647064208984
0.0011157989501953125
0.0011210441589355469
0.0011250972747802734
0.0014238357543945312
0.0008845329284667969
0.0011107921600341797
0.0011665821075439453
0.0013883113861083984
0.0008738040924072266
0.00038051605224609375
0.0010843276977539062
0.0004563331604003906
0.0004093647003173828
0.0005288124084472656
0.0003628730773925781
0.0007536411285400391
0.0003705024719238281
0.00040984153747558594
0.0006442070007324219
0.0006127357482910156
0.0006108283996582031
0.0007331371307373047
0.0005626678466796875
0.00024008750915527344
0.0005247592926025391
0.0005855560302734375
0.0005629062652587891
0.00054931640625
0.0006737709045410156
0.0004940032958984375
0.00058746337890625
0.0005486011505126953
0.000545501708984375
0.0005369186401367188
0.00026917457580566406
0.0005962848663330078
0.0006737709045410156
0.0002949237823486328
0.0005600452423095703
0.0006301403045654297
0.0002663135528564453
0.0007781982421875
0.0004038810729980469
0.0006666183471679688
0.0001811981201171875
0.0006220340728759766
0.0002894401550292969
0.00019812583923339844
0.0004892349243164062
0.0005018711090087891
0.00047516822814941406
0.0006847381591796875
0.0007097721099853516
0.0002117156982421875
0.0001895427703857422
0.00015664100646972656
0.0005743503570556641
0.0002541542053222656
0.0002422332763671875
0.0005831718444824219
0.0006098747253417969
0.00020694732666015625
0.00018453598022460938
0.0006146430969238281
0.0007660388946533203
0.0003993511199951172
0.0006124973297119141
0.00018787384033203125
0.0006070137023925781
0.0005021095275878906
0.0006113052368164062
0.0006163120269775391
0.0004477500915527344
0.00046133995056152344
0.0005865097045898438
0.0004634857177734375
0.00044083595275878906
0.0005998611450195312
0.00044655799865722656
0.0004611015319824219
0.0005936622619628906
0.0004603862762451172
0.0005168914794921875
0.0005283355712890625
0.0005030632019042969
0.0005939006805419922
0.0004627704620361328
0.00043964385986328125
0.0004417896270751953
0.0004601478576660156
0.0005831718444824219
0.0005948543548583984
0.00045800209045410156
0.00044035911560058594
0.0006117820739746094
0.00057220458984375
0.00046324729919433594
0.000579833984375
0.0006105899810791016
0.0005767345428466797
0.0005941390991210938
0.0004410743713378906
0.00045418739318847656
0.0004620552062988281
0.0004525184631347656
0.0004253387451171875
0.0006082057952880859
0.0004367828369140625
0.0005958080291748047
0.00043320655822753906
0.0004673004150390625
0.0005815029144287109
0.0006043910980224609
0.0004405975341796875
0.0004525184631347656
0.00043582916259765625
0.0005903244018554688
0.00043845176696777344
0.0005965232849121094
0.0006105899810791016
0.000431060791015625
0.0004341602325439453
0.00045108795166015625
0.0004336833953857422
0.0005929470062255859
0.0004413127899169922
0.0004489421844482422
0.00043272972106933594
0.000446319580078125
0.00042438507080078125
0.0004639625549316406
0.0006079673767089844
0.0005424022674560547
0.0004298686981201172
0.0004658699035644531
0.0006618499755859375
0.0004956722259521484
0.0004436969757080078
0.00042247772216796875
0.0004036426544189453
0.00046753883361816406
0.00043129920959472656
0.00043773651123046875
0.00044155120849609375
0.0004756450653076172
0.0004508495330810547
0.0005800724029541016
0.0005891323089599609
0.0004558563232421875
0.0005755424499511719
0.00045418739318847656
0.00043702125549316406
0.0004382133483886719
0.0004220008850097656
0.0005893707275390625
0.0006051063537597656
0.00046324729919433594
0.0004432201385498047
0.00044417381286621094
0.00045800209045410156
0.0005905628204345703
0.00042629241943359375
0.0006086826324462891
0.000431060791015625
0.0004382133483886719
0.000415802001953125
0.00041961669921875
0.00045561790466308594
0.00040912628173828125
0.0004134178161621094
0.0005712509155273438
0.0001957416534423828
0.00035643577575683594
0.0003361701965332031
0.00017595291137695312
0.0001735687255859375
0.00035452842712402344
0.00032973289489746094
0.00017261505126953125
0.0001761913299560547
0.00017070770263671875
0.00015854835510253906
0.00015354156494140625
0.00015115737915039062
0.00015044212341308594
0.0001647472381591797
0.00016832351684570312
0.00015497207641601562
0.00014901161193847656
0.00015020370483398438
0.0003466606140136719
0.00035691261291503906
0.00017452239990234375
0.00015687942504882812
0.000152587890625
0.00016927719116210938
0.0001697540283203125
0.00033354759216308594
0.00016808509826660156
0.00015544891357421875
0.0001704692840576172
0.00017333030700683594
0.00015878677368164062
0.0001537799835205078
0.00015020370483398438
0.0003523826599121094
0.0001914501190185547
0.0001609325408935547
0.00015425682067871094
0.0001533031463623047
0.0003445148468017578
0.00019216537475585938
0.0003304481506347656
0.00016951560974121094
0.00016760826110839844
0.00015854835510253906
0.00017333030700683594
0.0001556873321533203
0.00015401840209960938
0.00015401840209960938
0.00015211105346679688
0.0003657341003417969
0.0001709461212158203
0.00015425682067871094
0.00033593177795410156
0.0001742839813232422
0.0001780986785888672
0.0001583099365234375
0.0003311634063720703
0.0001842975616455078
0.0003478527069091797
0.00017309188842773438
0.00015854835510253906
0.00012969970703125
0.001417398452758789
0.0014247894287109375
0.0015234947204589844
0.0023124217987060547
0.0013875961303710938
0.0008003711700439453
0.001834869384765625
0.0012412071228027344
0.0012426376342773438
0.0013077259063720703
0.0009999275207519531
0.0009415149688720703
0.0016036033630371094
0.001661062240600586
0.0005793571472167969
0.001607656478881836
0.0008008480072021484
0.0013146400451660156
0.0007839202880859375
0.001184701919555664
0.0010826587677001953
0.0009307861328125
0.0006282329559326172
0.0008759498596191406
0.0010001659393310547
0.0007703304290771484
0.0018630027770996094
0.0013103485107421875
0.00096893310546875
0.0002429485321044922
0.00092315673828125
0.001291036605834961
0.0014066696166992188
0.0009560585021972656
0.001967906951904297
0.0024819374084472656
0.002088785171508789
0.001409769058227539
0.00041675567626953125
0.0007650852203369141
0.0014731884002685547
0.0008442401885986328
0.0017614364624023438
0.0017840862274169922
0.0013055801391601562
0.001585245132446289
0.001287221908569336
0.0007846355438232422
0.0009098052978515625
0.0019249916076660156
0.0016434192657470703
0.0010285377502441406
0.0004875659942626953
0.001680135726928711
0.0018706321716308594
0.0013492107391357422
0.001537322998046875
0.001890420913696289
0.0018053054809570312
0.001821279525756836
0.0007030963897705078
0.0008413791656494141
0.002115488052368164
0.0005571842193603516
0.0006597042083740234
0.001786947250366211
0.0015807151794433594
0.001630544662475586
0.0008335113525390625
0.0007643699645996094
0.0014088153839111328
0.0015974044799804688
0.0007309913635253906
0.0016143321990966797
0.0005390644073486328
0.0016739368438720703
0.0019927024841308594
0.0005059242248535156
0.0012426376342773438
0.0009222030639648438
0.0017027854919433594
0.0008981227874755859
0.0017313957214355469
0.0013728141784667969
0.0013668537139892578
0.0012118816375732422
0.0018725395202636719
0.0018718242645263672
0.0013499259948730469
0.0013194084167480469
0.001867532730102539
0.0013346672058105469
0.0013659000396728516
0.0013613700866699219
0.0020427703857421875
0.001791238784790039
0.0014872550964355469
0.0013415813446044922
0.00119781494140625
0.0008318424224853516
0.0009276866912841797
0.0006101131439208984
0.0008661746978759766
0.0007984638214111328
0.001491546630859375
0.0016570091247558594
0.0012302398681640625
0.001001596450805664
0.0014085769653320312
0.001567840576171875
0.0019626617431640625
0.001758575439453125
0.0010218620300292969
0.00147247314453125
0.0005056858062744141
0.0017914772033691406
0.002257823944091797
0.0014808177947998047
0.0006256103515625
0.0014271736145019531
0.0018308162689208984
0.0018281936645507812
0.0013527870178222656
0.0014262199401855469
0.0008618831634521484
0.0015380382537841797
0.0012290477752685547
0.0012149810791015625
0.0016574859619140625
0.001453399658203125
0.0005576610565185547
0.0006892681121826172
0.001247406005859375
0.0014400482177734375
0.0013422966003417969
0.0016777515411376953
0.001245737075805664
0.0009541511535644531
0.0018613338470458984
0.0015506744384765625
0.0007281303405761719
0.0015058517456054688
0.002153635025024414
0.001775503158569336
0.002179384231567383
0.001863718032836914
0.00156402587890625
0.0017557144165039062
0.0018050670623779297
0.001584768295288086
0.0015947818756103516
0.0016040802001953125
0.0014674663543701172
0.0012094974517822266
0.0012378692626953125
0.0005972385406494141
0.0007126331329345703
0.0007281303405761719
0.0005018711090087891
0.0005254745483398438
0.0018651485443115234
0.0014438629150390625
0.0014693737030029297
0.0005013942718505859
0.0013799667358398438
0.001338958740234375
0.0020422935485839844
0.0008268356323242188
0.0012040138244628906
0.0015347003936767578
0.0015330314636230469
0.001306295394897461
0.0019123554229736328
0.001802682876586914
0.0011780261993408203
0.0010476112365722656
0.0006642341613769531
0.0008842945098876953
0.000982522964477539
0.0011909008026123047
0.002170085906982422
0.0018177032470703125
0.0014607906341552734
0.0015380382537841797
0.0016937255859375
0.0017142295837402344
0.0015215873718261719
0.0018017292022705078
0.0013425350189208984
0.0011920928955078125
0.0015192031860351562
0.0007624626159667969
0.0019309520721435547
0.0006432533264160156
0.0016970634460449219
0.0007615089416503906
0.0015194416046142578
0.0018241405487060547
0.001425027847290039
0.0014803409576416016
0.0012102127075195312
0.0009765625
0.0012416839599609375
0.0007071495056152344
0.0006394386291503906
0.001331329345703125
0.0013895034790039062
0.0017535686492919922
0.001569986343383789
0.0013928413391113281
0.001482248306274414
0.000985860824584961
0.0006244182586669922
0.0017709732055664062
0.0012977123260498047
0.00026345252990722656
0.0013530254364013672
0.00096893310546875
0.0004761219024658203
0.000982522964477539
0.00170135498046875
0.0006699562072753906
0.0006499290466308594
0.000985860824584961
0.0015549659729003906
0.001138925552368164
0.0012009143829345703
0.0014524459838867188
0.0013082027435302734
0.0002715587615966797
0.0009448528289794922
0.001444101333618164
0.0012402534484863281
0.0013988018035888672
0.001163482666015625
0.0006535053253173828
0.0016162395477294922
0.0012257099151611328
0.0009894371032714844
0.0009763240814208984
0.0012421607971191406
0.0007755756378173828
0.0011105537414550781
0.0012955665588378906
0.0011141300201416016
0.0011622905731201172
0.0012738704681396484
0.0004703998565673828
0.00043582916259765625
0.0010266304016113281
0.0012238025665283203
0.0006504058837890625
0.00040841102600097656
0.0004413127899169922
0.001356363296508789
0.001192331314086914
0.0007433891296386719
0.0011680126190185547
0.0011191368103027344
0.0018434524536132812
0.0013840198516845703
0.000982046127319336
0.0006234645843505859
0.002111673355102539
0.0016603469848632812
0.001911163330078125
0.0015773773193359375
0.001134634017944336
0.0010983943939208984
0.0012402534484863281
0.001222372055053711
0.0016422271728515625
0.0012195110321044922
0.0009300708770751953
0.0010693073272705078
0.0013344287872314453
0.0012259483337402344
0.0009198188781738281
0.0010638236999511719
0.0007290840148925781
0.00033020973205566406
0.0002079010009765625
0.0015060901641845703
0.0011677742004394531
0.0010242462158203125
0.0010042190551757812
0.0010223388671875
0.0009114742279052734
0.0015959739685058594
0.0010254383087158203
0.0008404254913330078
0.0007910728454589844
0.0006692409515380859
0.0012090206146240234
0.0015404224395751953
0.0010416507720947266
0.0008475780487060547
0.0006608963012695312
0.0010061264038085938
0.0007965564727783203
0.0011849403381347656
0.0007460117340087891
0.0011970996856689453
0.00029468536376953125
0.001138925552368164
0.0006062984466552734
0.0009868144989013672
0.0006203651428222656
0.0007255077362060547
0.0007829666137695312
0.0007760524749755859
0.0004639625549316406
0.0007510185241699219
0.0009701251983642578
0.0010428428649902344
0.000568389892578125
0.0012974739074707031
0.0012218952178955078
0.0007970333099365234
0.0006337165832519531
0.0009045600891113281
0.00016236305236816406
0.0007812976837158203
0.0008957386016845703
0.0009801387786865234
0.0009412765502929688
0.00079345703125
0.0006554126739501953
0.0014019012451171875
0.0015368461608886719
0.00138092041015625
0.0012924671173095703
0.0015196800231933594
0.0009293556213378906
0.000255584716796875
0.0009248256683349609
0.0011048316955566406
0.0009806156158447266
0.0004992485046386719
0.0006628036499023438
0.0010437965393066406
0.0011913776397705078
0.0011398792266845703
0.0013971328735351562
0.0005884170532226562
0.0009996891021728516
0.0011453628540039062
0.0012221336364746094
0.0015304088592529297
0.0007712841033935547
0.00045871734619140625
0.0007715225219726562
0.0013515949249267578
0.0011785030364990234
0.0009741783142089844
0.0007014274597167969
0.0003218650817871094
0.0012900829315185547
0.0010161399841308594
0.0012962818145751953
0.0009903907775878906
0.00025010108947753906
0.0012118816375732422
0.0006775856018066406
0.0010514259338378906
0.0010271072387695312
0.0008342266082763672
0.000985860824584961
0.0016443729400634766
0.0016558170318603516
0.0016143321990966797
0.0013256072998046875
0.0010962486267089844
0.0012514591217041016
0.001119375228881836
0.0010437965393066406
0.0010471343994140625
0.0010461807250976562
0.0010380744934082031
0.0010251998901367188
0.0012385845184326172
0.0013020038604736328
0.001027822494506836
0.001397848129272461
0.001001596450805664
0.001001119613647461
0.001016378402709961
0.0013070106506347656
0.00125885009765625
0.0010371208190917969
0.000949859619140625
0.001346588134765625
0.0009922981262207031
0.0011582374572753906
0.0009772777557373047
0.0012149810791015625
0.0012180805206298828
0.0009930133819580078
0.0012171268463134766
0.0009794235229492188
0.0009701251983642578
0.0013356208801269531
0.00121307373046875
0.0013937950134277344
0.0012459754943847656
0.0011103153228759766
0.0011005401611328125
0.001085042953491211
0.0010385513305664062
0.00102996826171875
0.0009646415710449219
0.0010411739349365234
0.001132965087890625
0.0008890628814697266
0.0010671615600585938
0.0011260509490966797
0.0012657642364501953
0.0014770030975341797
0.0011420249938964844
0.0012192726135253906
0.0008440017700195312
0.0009319782257080078
0.0006361007690429688
0.0005955696105957031
0.0005664825439453125
0.0005166530609130859
0.0006778240203857422
0.0006601810455322266
0.0006580352783203125
0.0005064010620117188
0.0008029937744140625
0.0010900497436523438
0.0006115436553955078
0.0004887580871582031
0.0005211830139160156
0.0005741119384765625
0.0007767677307128906
0.0006299018859863281
0.0005736351013183594
0.0006191730499267578
0.0004992485046386719
0.0006916522979736328
0.0006215572357177734
0.0014140605926513672
0.0014796257019042969
0.0011963844299316406
0.0014202594757080078
0.0012135505676269531
0.0011546611785888672
0.001251220703125
0.0014810562133789062
0.0010836124420166016
0.0011172294616699219
0.0010890960693359375
0.0010416507720947266
0.0010318756103515625
0.0011947154998779297
0.001262664794921875
0.0011687278747558594
0.0010876655578613281
0.0011548995971679688
0.00116729736328125
0.001085519790649414
0.0010557174682617188
0.0010085105895996094
0.001085519790649414
0.0012674331665039062
0.0009665489196777344
0.0009741783142089844
0.0012810230255126953
0.000942230224609375
0.0010836124420166016
0.0009567737579345703
0.0010833740234375
0.00110626220703125
0.0011768341064453125
0.0010085105895996094
0.0012557506561279297
0.0011398792266845703
0.0011429786682128906
0.0012118816375732422
0.0010650157928466797
0.0010595321655273438
0.0012173652648925781
0.001314401626586914
0.0011317729949951172
0.0010237693786621094
0.0010144710540771484
0.0009503364562988281
0.0009462833404541016
0.000995635986328125
0.001188039779663086
0.001216888427734375
0.0009598731994628906
0.0014183521270751953
0.0012013912200927734
0.0011932849884033203
0.0011186599731445312
0.0008716583251953125
0.0014276504516601562
0.0008373260498046875
0.0007760524749755859
0.0005767345428466797
0.0007092952728271484
0.0005888938903808594
0.0005471706390380859
0.0005762577056884766
0.0010755062103271484
0.0009765625
0.0005397796630859375
0.0005362033843994141
0.0009174346923828125
0.0004954338073730469
0.0006482601165771484
0.0005078315734863281
0.0006699562072753906
0.0006575584411621094
0.0007243156433105469
0.0005545616149902344
0.0007588863372802734
0.0005550384521484375
0.0005571842193603516
0.0005652904510498047
0.0003991127014160156
0.0010962486267089844
0.00045013427734375
0.000820159912109375
0.001322031021118164
0.0016241073608398438
0.0013897418975830078
0.0012171268463134766
0.0010423660278320312
0.0011658668518066406
0.0011837482452392578
0.0012578964233398438
0.0012743473052978516
0.0009655952453613281
0.001299142837524414
0.0011134147644042969
0.0011456012725830078
0.0010960102081298828
0.0008554458618164062
0.001068115234375
0.0012633800506591797
0.0008578300476074219
0.0009338855743408203
0.0007607936859130859
0.0008606910705566406
0.0006814002990722656
0.0006330013275146484
0.0006012916564941406
0.0006730556488037109
0.0007236003875732422
0.0005307197570800781
0.0006425380706787109
0.0005218982696533203
0.0007426738739013672
0.0006463527679443359
0.00043463706970214844
0.0013461112976074219
0.000982046127319336
0.0011949539184570312
0.0012590885162353516
0.0007357597351074219
0.0012044906616210938
0.0015604496002197266
0.0013074874877929688
0.0013132095336914062
0.0011081695556640625
0.0012693405151367188
0.00095367431640625
0.0013649463653564453
0.0013699531555175781
0.0012600421905517578
0.0009870529174804688
0.0010712146759033203
0.0012812614440917969
0.0016422271728515625
0.0009853839874267578
0.0012116432189941406
0.0010764598846435547
0.0008981227874755859
0.0006494522094726562
0.0009856224060058594
0.0009379386901855469
0.00063323974609375
0.0006351470947265625
0.001081705093383789
0.0014538764953613281
0.0011470317840576172
0.0012049674987792969
0.0012059211730957031
0.0009441375732421875
0.0011188983917236328
0.0011065006256103516
0.0012371540069580078
0.0005934238433837891
0.0004851818084716797
0.0010597705841064453
0.0012562274932861328
0.001020669937133789
0.0010759830474853516
0.0009613037109375
0.0011034011840820312
0.0010006427764892578
0.0005102157592773438
0.0012519359588623047
0.0007376670837402344
0.0010242462158203125
0.001018524169921875
0.0010190010070800781
0.0009424686431884766
0.0009999275207519531
0.00086212158203125
0.0007107257843017578
0.0010044574737548828
0.0008199214935302734
0.0010318756103515625
0.0006515979766845703
0.0009481906890869141
0.0007872581481933594
0.0009057521820068359
0.0003554821014404297
0.0009500980377197266
0.0012364387512207031
0.000743865966796875
0.001558542251586914
0.0012590885162353516
0.0007824897766113281
0.0009601116180419922
0.0010519027709960938
0.0010483264923095703
0.0011684894561767578
0.0009560585021972656
0.0011277198791503906
0.0008687973022460938
0.0009272098541259766
0.0008494853973388672
0.000982046127319336
0.0009818077087402344
0.0008568763732910156
0.0008492469787597656
0.0010135173797607422
0.0007855892181396484
0.0010075569152832031
0.0008749961853027344
0.0008022785186767578
0.0007891654968261719
0.0007007122039794922
0.0011515617370605469
0.0007758140563964844
0.0007297992706298828
0.0007393360137939453
0.0007357597351074219
0.0007171630859375
0.0007290840148925781
0.0008602142333984375
0.0007767677307128906
0.0007293224334716797
0.0008563995361328125
0.0007903575897216797
0.0009305477142333984
0.0009393692016601562
0.0012242794036865234
0.0007505416870117188
0.0008533000946044922
0.000732421875
0.0007758140563964844
0.0007219314575195312
0.0007252693176269531
0.0007038116455078125
0.0008859634399414062
0.0009481906890869141
0.0007221698760986328
0.0007379055023193359
0.0008609294891357422
0.0007812976837158203
0.0007803440093994141
0.0010399818420410156
0.0010445117950439453
0.000980377197265625
0.001154184341430664
0.0008614063262939453
0.0007967948913574219
0.0007967948913574219
0.0007181167602539062
0.0006964206695556641
0.0007779598236083984
0.0006167888641357422
0.0007574558258056641
0.0005846023559570312
0.0008151531219482422
0.0007388591766357422
0.0006849765777587891
0.0007958412170410156
0.00093841552734375
0.0007874965667724609
0.0006058216094970703
0.0010027885437011719
0.0011835098266601562
0.0007472038269042969
0.0008845329284667969
0.0007228851318359375
0.0008101463317871094
0.0008070468902587891
0.0008022785186767578
0.0007913112640380859
0.0008838176727294922
0.0007543563842773438
0.0006148815155029297
0.0006380081176757812
0.00046539306640625
0.0004220008850097656
0.0005466938018798828
0.0004601478576660156
0.0002899169921875
0.00042748451232910156
0.00023889541625976562
0.0002434253692626953
0.0006060600280761719
0.00022268295288085938
0.0007443428039550781
0.00037479400634765625
0.0002219676971435547
0.00039267539978027344
0.000293731689453125
0.00022554397583007812
0.000885009765625
0.0003376007080078125
0.0002243518829345703
0.0003147125244140625
0.00047969818115234375
0.0003044605255126953
0.0002951622009277344
0.0002734661102294922
0.00046372413635253906
0.00026679039001464844
0.00027441978454589844
0.0002574920654296875
0.0006756782531738281
0.0004436969757080078
0.0006802082061767578
0.00014138221740722656
0.0007240772247314453
0.0006678104400634766
0.0006663799285888672
0.0006437301635742188
0.0006914138793945312
0.0007259845733642578
0.0006997585296630859
0.0006628036499023438
0.0006666183471679688
0.0006382465362548828
0.0006270408630371094
0.0006403923034667969
0.0006427764892578125
0.0006062984466552734
0.0006511211395263672
0.0006186962127685547
0.0007097721099853516
0.000743865966796875
0.0007443428039550781
0.0007240772247314453
0.0006282329559326172
0.0006508827209472656
0.000652313232421875
0.0006322860717773438
0.0006344318389892578
0.0006432533264160156
0.0007579326629638672
0.0004634857177734375
0.0006289482116699219
0.0006260871887207031
0.0006189346313476562
0.0006544589996337891
0.0006318092346191406
0.0006208419799804688
0.0006399154663085938
0.0006380081176757812
0.0005981922149658203
0.0006501674652099609
0.00061798095703125
0.0006282329559326172
0.0006537437438964844
0.0006995201110839844
0.0006868839263916016
0.0007481575012207031
0.0006785392761230469
0.0003941059112548828
0.0003974437713623047
0.00042176246643066406
0.0004074573516845703
0.00043129920959472656
0.00039839744567871094
0.0004055500030517578
0.00043320655822753906
0.0004127025604248047
0.0004553794860839844
0.0004322528839111328
0.0004367828369140625
0.00037980079650878906
0.00037932395935058594
0.000423431396484375
0.00037741661071777344
0.00040793418884277344
0.00037932395935058594
0.0004134178161621094
0.00039505958557128906
0.0003750324249267578
0.00016498565673828125
0.0009517669677734375
0.0009639263153076172
0.0007474422454833984
0.0009272098541259766
0.0009088516235351562
0.0009710788726806641
0.0009350776672363281
0.0009322166442871094
0.0009443759918212891
0.0009284019470214844
0.0007085800170898438
0.0009152889251708984
0.0009615421295166016
0.0009343624114990234
0.0007469654083251953
0.0009517669677734375
0.0009403228759765625
0.0009133815765380859
0.0009315013885498047
0.0009274482727050781
0.0009305477142333984
0.0006844997406005859
0.0007374286651611328
0.0008924007415771484
0.0009107589721679688
0.0009036064147949219
0.0009443759918212891
0.0009129047393798828
0.0006840229034423828
0.0007152557373046875
0.0007073879241943359
0.0004703998565673828
0.0008876323699951172
0.0007338523864746094
0.0009140968322753906
0.0009162425994873047
0.0008952617645263672
0.0006997585296630859
0.0007107257843017578
0.0006899833679199219
0.0006725788116455078
0.0004818439483642578
0.00044345855712890625
0.0007002353668212891
0.0004975795745849609
0.0006864070892333984
0.0007088184356689453
0.0004794597625732422
0.0006921291351318359
0.0007135868072509766
0.00046539306640625
0.0007023811340332031
0.0007009506225585938
0.0004687309265136719
0.0005128383636474609
0.000446319580078125
0.00047326087951660156
0.0004611015319824219
0.0006861686706542969
0.0007030963897705078
0.0007066726684570312
0.0004749298095703125
0.00044608116149902344
0.00044345855712890625
0.00022649765014648438
0.0010421276092529297
0.0010132789611816406
0.0009913444519042969
0.001012563705444336
0.0010097026824951172
0.0010128021240234375
0.001130819320678711
0.001071929931640625
0.0010061264038085938
0.0009746551513671875
0.0010137557983398438
0.0010228157043457031
0.0008287429809570312
0.0009481906890869141
0.0007991790771484375
0.001020193099975586
0.0010116100311279297
0.001013040542602539
0.0011413097381591797
0.0011372566223144531
0.001130819320678711
0.0009968280792236328
0.0008068084716796875
0.0011398792266845703
0.0009195804595947266
0.0007724761962890625
0.0007672309875488281
0.0007512569427490234
0.0007803440093994141
0.0005724430084228516
0.0005404949188232422
0.0007882118225097656
0.0007879734039306641
0.0007741451263427734
0.0005602836608886719
0.0005917549133300781
0.0007755756378173828
0.0005476474761962891
0.0008027553558349609
0.0007791519165039062
0.000553131103515625
0.0005388259887695312
0.0007977485656738281
0.0006628036499023438
0.0005440711975097656
0.00067138671875
0.0005309581756591797
0.0004565715789794922
0.0002961158752441406
0.0004398822784423828
0.0002913475036621094
0.0035097599029541016
0.003759145736694336
0.002232789993286133
0.002214670181274414
0.0033347606658935547
0.0028388500213623047
0.001550436019897461
0.0017650127410888672
0.0034084320068359375
0.0018532276153564453
0.0019392967224121094
0.003621339797973633
0.002778291702270508
0.001028299331665039
0.0008518695831298828
0.002936840057373047
0.0013720989227294922
0.0030183792114257812
0.0016219615936279297
0.0015010833740234375
0.0013396739959716797
0.002343416213989258
0.0026807785034179688
0.0027284622192382812
0.0013813972473144531
0.002547025680541992
0.0033795833587646484
0.001142263412475586
0.0031280517578125
0.0033283233642578125
0.0022208690643310547
0.0027284622192382812
0.00250244140625
0.0020236968994140625
0.0016040802001953125
0.0012829303741455078
0.0008668899536132812
0.0019648075103759766
0.001079559326171875
0.0026159286499023438
0.002268552780151367
0.002445697784423828
0.0011911392211914062
0.0011751651763916016
0.002319812774658203
0.002295970916748047
0.001996755599975586
0.0009284019470214844
0.0009207725524902344
0.0011472702026367188
0.001764059066772461
0.001407623291015625
0.0019445419311523438
0.002216339111328125
0.0022881031036376953
0.0028722286224365234
0.0026786327362060547
0.0020990371704101562
0.001931905746459961
0.0026967525482177734
0.0018684864044189453
0.0015857219696044922
0.0024652481079101562
0.0019311904907226562
0.0028014183044433594
0.0023589134216308594
0.0014646053314208984
0.0013489723205566406
0.002691984176635742
0.0024650096893310547
0.0027604103088378906
0.0022172927856445312
0.0014433860778808594
0.0022995471954345703
0.0026481151580810547
0.0015301704406738281
0.002446889877319336
0.0017848014831542969
0.00261688232421875
0.001981019973754883
0.0007944107055664062
0.0026674270629882812
0.0023908615112304688
0.0012226104736328125
0.002461671829223633
0.0026710033416748047
0.001333475112915039
0.0009949207305908203
0.0019221305847167969
0.0012500286102294922
0.000995635986328125
0.0013003349304199219
0.002187490463256836
0.0016443729400634766
0.0012161731719970703
0.002080202102661133
0.00286102294921875
0.0014119148254394531
0.002335786819458008
0.002058744430541992
0.0020949840545654297
0.0020067691802978516
0.0016636848449707031
0.0028505325317382812
0.002305269241333008
0.002065896987915039
0.0010666847229003906
0.0022966861724853516
0.002702474594116211
0.001912832260131836
0.0020613670349121094
0.0009293556213378906
0.001653909683227539
0.0016314983367919922
0.0020558834075927734
0.0013980865478515625
0.002197742462158203
0.002293109893798828
0.002496480941772461
0.0027303695678710938
0.0025751590728759766
0.0016908645629882812
0.002504587173461914
0.0024139881134033203
0.0011188983917236328
0.0018498897552490234
0.0011551380157470703
0.0016796588897705078
0.0020127296447753906
0.0018301010131835938
0.0017538070678710938
0.0007760524749755859
0.002098560333251953
0.0009329319000244141
0.0018930435180664062
0.001667022705078125
0.001947164535522461
0.000993490219116211
0.0024788379669189453
0.0015099048614501953
0.0010287761688232422
0.0017285346984863281
0.003609180450439453
0.0019690990447998047
0.0018053054809570312
0.0018439292907714844
0.0018203258514404297
0.0008485317230224609
0.0018703937530517578
0.0016973018646240234
0.001653432846069336
0.0018165111541748047
0.0029001235961914062
0.000812530517578125
0.001199960708618164
0.001653909683227539
0.0008378028869628906
0.0006330013275146484
0.0007505416870117188
0.001558542251586914
0.0017616748809814453
0.001787424087524414
0.0015811920166015625
0.0009775161743164062
0.0008296966552734375
0.0007839202880859375
0.0007829666137695312
0.0008366107940673828
0.0008101463317871094
0.0007636547088623047
0.0007455348968505859
0.0007529258728027344
0.0007693767547607422
0.0007596015930175781
0.0007457733154296875
0.0007579326629638672
0.0007839202880859375
0.0007758140563964844
0.0007612705230712891
0.000881195068359375
0.0009124279022216797
0.0007567405700683594
0.0007791519165039062
0.0009160041809082031
0.0007495880126953125
0.0007510185241699219
0.0007538795471191406
0.0008976459503173828
0.0007562637329101562
0.0007386207580566406
0.0007529258728027344
0.0007624626159667969
0.0007531642913818359
0.0007677078247070312
0.0009198188781738281
0.0007603168487548828
0.0007836818695068359
0.000774383544921875
0.0007643699645996094
0.0007107257843017578
0.0008943080902099609
0.0007278919219970703
0.0009267330169677734
0.0007710456848144531
0.0007417201995849609
0.0008845329284667969
0.0009055137634277344
0.0009098052978515625
0.0007555484771728516
0.0007622241973876953
0.0007503032684326172
0.000843048095703125
0.0009500980377197266
0.0007610321044921875
0.0006709098815917969
0.0004973411560058594
0.000522613525390625
0.0004918575286865234
0.0006704330444335938
0.0004961490631103516
0.0005125999450683594
0.0006544589996337891
0.0005137920379638672
0.0006997585296630859
0.0006010532379150391
0.0006036758422851562
0.000579833984375
0.0005595684051513672
0.0007147789001464844
0.00048351287841796875
0.0005252361297607422
0.0004956722259521484
0.0005168914794921875
0.0007398128509521484
0.0007338523864746094
0.0007331371307373047
0.000896453857421875
0.0007395744323730469
0.0007343292236328125
0.0006985664367675781
0.0007710456848144531
0.0004990100860595703
0.0006844997406005859
0.0007367134094238281
0.0005426406860351562
0.0005676746368408203
0.0005617141723632812
0.0005259513854980469
0.0005495548248291016
0.0005199909210205078
0.0005507469177246094
0.0005040168762207031
0.00057220458984375
0.0005755424499511719
0.0005311965942382812
0.0005457401275634766
0.0005242824554443359
0.0006802082061767578
0.0005087852478027344
0.0005908012390136719
0.0006051063537597656
0.0006077289581298828
0.0006220340728759766
0.0005228519439697266
0.0006997585296630859
0.0004596710205078125
0.0005249977111816406
0.0004677772521972656
0.0005354881286621094
0.00047206878662109375
0.000537872314453125
0.00048804283142089844
0.00025963783264160156
0.0004055500030517578
0.00023245811462402344
0.00043773651123046875
0.00023627281188964844
0.0002155303955078125
0.00022721290588378906
0.00023126602172851562
0.00021576881408691406
0.00021004676818847656
0.00041794776916503906
0.0004322528839111328
0.00025963783264160156
0.00045037269592285156
0.0002446174621582031
0.0026404857635498047
0.0027365684509277344
0.002995014190673828
0.0018248558044433594
0.0021429061889648438
0.0017540454864501953
0.0025200843811035156
0.0021200180053710938
0.0025103092193603516
0.0017712116241455078
0.0010106563568115234
0.0020797252655029297
0.0020208358764648438
0.002521038055419922
0.0019876956939697266
0.0021200180053710938
0.0011646747589111328
0.002107381820678711
0.002226114273071289
0.0016613006591796875
0.0022509098052978516
0.0008339881896972656
0.0018107891082763672
0.0027551651000976562
0.002564668655395508
0.0020759105682373047
0.0013775825500488281
0.0022897720336914062
0.0008304119110107422
0.0009684562683105469
0.001501321792602539
0.0022585391998291016
0.0021152496337890625
0.0027425289154052734
0.002794027328491211
0.0017902851104736328
0.0009853839874267578
0.0008251667022705078
0.0024416446685791016
0.0026395320892333984
0.0030183792114257812
0.0023775100708007812
0.002348661422729492
0.0021648406982421875
0.0010294914245605469
0.0011792182922363281
0.0008413791656494141
0.002205371856689453
0.0016031265258789062
0.0008170604705810547
0.0023374557495117188
0.002106189727783203
0.0012655258178710938
0.0023021697998046875
0.0022115707397460938
0.0012879371643066406
0.0011391639709472656
0.0009715557098388672
0.0017805099487304688
0.002306222915649414
0.0013129711151123047
0.0025222301483154297
0.0022063255310058594
0.0021300315856933594
0.0018193721771240234
0.0010020732879638672
0.002101898193359375
0.0017025470733642578
0.0012061595916748047
0.0012047290802001953
0.001996278762817383
0.002066373825073242
0.0023391246795654297
0.0010571479797363281
0.0009965896606445312
0.0019888877868652344
0.0008563995361328125
0.0016453266143798828
0.0016887187957763672
0.0007312297821044922
0.0018346309661865234
0.0026230812072753906
0.0027933120727539062
0.0019693374633789062
0.0022809505462646484
0.0016984939575195312
0.0025806427001953125
0.0016705989837646484
0.0016846656799316406
0.002568483352661133
0.002022266387939453
0.001878976821899414
0.0014772415161132812
0.0014030933380126953
0.0008463859558105469
0.0005929470062255859
0.0008041858673095703
0.002196788787841797
0.0020723342895507812
0.0019125938415527344
0.001130819320678711
0.0022983551025390625
0.0014772415161132812
0.0022089481353759766
0.0016663074493408203
0.001863241195678711
0.001661539077758789
0.0018696784973144531
0.0019516944885253906
0.0023980140686035156
0.0009279251098632812
0.0005855560302734375
0.0014798641204833984
0.0009615421295166016
0.0022339820861816406
0.002202749252319336
0.0018091201782226562
0.002113819122314453
0.0008349418640136719
0.0015933513641357422
0.0015363693237304688
0.0005795955657958984
0.0010597705841064453
0.0015609264373779297
0.001981973648071289
0.0013415813446044922
0.0018312931060791016
0.0015878677368164062
0.0008912086486816406
0.0018706321716308594
0.0023260116577148438
0.0007503032684326172
0.0019745826721191406
0.001783132553100586
0.002105236053466797
0.0015413761138916016
0.0017201900482177734
0.0012042522430419922
0.001520395278930664
0.0017766952514648438
0.0016150474548339844
0.0018837451934814453
0.0006725788116455078
0.0014078617095947266
0.0013196468353271484
0.0017843246459960938
0.0003333091735839844
0.001661539077758789
0.0006508827209472656
0.0013873577117919922
0.0023682117462158203
0.002042531967163086
0.001924753189086914
0.0013196468353271484
0.0008807182312011719
0.0018398761749267578
0.001744985580444336
0.0018701553344726562
0.0018486976623535156
0.0018465518951416016
0.0020034313201904297
0.0006134510040283203
0.0004742145538330078
0.001856088638305664
0.0023031234741210938
0.0020546913146972656
0.0015461444854736328
0.0022788047790527344
0.0020971298217773438
0.0016918182373046875
0.001605987548828125
0.0015985965728759766
0.0014758110046386719
0.0012259483337402344
0.0019392967224121094
0.002023935317993164
0.0017058849334716797
0.0018393993377685547
0.0020132064819335938
0.0016391277313232422
0.001817464828491211
0.0015273094177246094
0.0010352134704589844
0.0009284019470214844
0.0009131431579589844
0.0020704269409179688
0.0017635822296142578
0.0015616416931152344
0.0020554065704345703
0.0018732547760009766
0.0018548965454101562
0.0020368099212646484
0.0016658306121826172
0.002168416976928711
0.0020825862884521484
0.0018665790557861328
0.0016937255859375
0.001718759536743164
0.0017426013946533203
0.0017802715301513672
0.0013744831085205078
0.0011458396911621094
0.0017218589782714844
0.0015971660614013672
0.0010137557983398438
0.001260519027709961
0.0007445812225341797
0.0019073486328125
0.0021505355834960938
0.0017788410186767578
0.002022981643676758
0.0017402172088623047
0.0020165443420410156
0.0016269683837890625
0.0017528533935546875
0.0016505718231201172
0.0015645027160644531
0.001730203628540039
0.002077817916870117
0.0014605522155761719
0.0019254684448242188
0.0008955001831054688
0.0011491775512695312
0.0013227462768554688
0.0010929107666015625
0.0009751319885253906
0.0007398128509521484
0.001828908920288086
0.002058267593383789
0.002093076705932617
0.0023474693298339844
0.002023458480834961
0.0018930435180664062
0.0017931461334228516
0.001834869384765625
0.001708984375
0.002073049545288086
0.0018701553344726562
0.00156402587890625
0.0010628700256347656
0.0009064674377441406
0.0016658306121826172
0.0009248256683349609
0.0010421276092529297
0.0007379055023193359
0.0018665790557861328
0.0012884140014648438
0.0011017322540283203
0.0007426738739013672
0.0017621517181396484
0.0016903877258300781
0.0010807514190673828
0.0017049312591552734
0.0018239021301269531
0.00174713134765625
0.0016446113586425781
0.0020308494567871094
0.0018868446350097656
0.0015621185302734375
0.0012023448944091797
0.0008921623229980469
0.0009000301361083984
0.0009100437164306641
0.0011453628540039062
0.000982522964477539
0.00098419189453125
0.0018379688262939453
0.0015730857849121094
0.0007200241088867188
0.0012488365173339844
0.0008604526519775391
0.0015442371368408203
0.0016188621520996094
0.002341032028198242
0.0023839473724365234
0.0019147396087646484
0.0016674995422363281
0.0011441707611083984
0.0011429786682128906
0.001184701919555664
0.0010383129119873047
0.0016672611236572266
0.0019316673278808594
0.0018458366394042969
0.0017077922821044922
0.0011551380157470703
0.0023910999298095703
0.001964569091796875
0.002320528030395508
0.0016052722930908203
0.0019044876098632812
0.0016236305236816406
0.0016007423400878906
0.0015316009521484375
0.0017442703247070312
0.0017054080963134766
0.001672983169555664
0.0014770030975341797
0.002016305923461914
0.0013582706451416016
0.0013325214385986328
0.0013332366943359375
0.0015323162078857422
0.0015254020690917969
0.0013244152069091797
0.0013129711151123047
0.001440286636352539
0.0020036697387695312
0.002012968063354492
0.0013689994812011719
0.0014157295227050781
0.0018956661224365234
0.0014495849609375
0.0016639232635498047
0.0016031265258789062
0.001394033432006836
0.0016303062438964844
0.001583099365234375
0.0015649795532226562
0.00165557861328125
0.0015497207641601562
0.0014772415161132812
0.0014581680297851562
0.0014886856079101562
0.0013377666473388672
0.0014884471893310547
0.0015118122100830078
0.0012083053588867188
0.0018961429595947266
0.0012516975402832031
0.0010869503021240234
0.0007388591766357422
0.0006306171417236328
0.0008337497711181641
0.0006330013275146484
0.0005812644958496094
0.0009367465972900391
0.0008356571197509766
0.0007171630859375
0.0006954669952392578
0.0007770061492919922
0.0006079673767089844
0.0018954277038574219
0.0015592575073242188
0.0011065006256103516
0.0015881061553955078
0.0017366409301757812
0.0013387203216552734
0.001689910888671875
0.0015485286712646484
0.0014810562133789062
0.0021343231201171875
0.0019893646240234375
0.0010151863098144531
0.001928091049194336
0.0019369125366210938
0.0015552043914794922
0.002044200897216797
0.0007112026214599609
0.0016949176788330078
0.0022776126861572266
0.0017516613006591797
0.0012099742889404297
0.00205230712890625
0.0015857219696044922
0.0021104812622070312
0.0017499923706054688
0.0016791820526123047
0.0014193058013916016
0.0014085769653320312
0.0016965866088867188
0.0015120506286621094
0.0018765926361083984
0.001313924789428711
0.0013623237609863281
0.0018837451934814453
0.0014841556549072266
0.0015544891357421875
0.0011970996856689453
0.0017383098602294922
0.00131988525390625
0.0011589527130126953
0.0009987354278564453
0.0006353855133056641
0.0007872581481933594
0.000759124755859375
0.0015418529510498047
0.0016515254974365234
0.0014195442199707031
0.0012552738189697266
0.0007619857788085938
0.0005936622619628906
0.0024805068969726562
0.0018723011016845703
0.00150299072265625
0.00080108642578125
0.0014007091522216797
0.0015926361083984375
0.0012788772583007812
0.0012001991271972656
0.0017457008361816406
0.0007326602935791016
0.0006487369537353516
0.001260995864868164
0.003147125244140625
0.001573801040649414
0.0016112327575683594
0.0014789104461669922
0.0014567375183105469
0.0012106895446777344
0.0014269351959228516
0.0016674995422363281
0.0011875629425048828
0.0012500286102294922
0.0007088184356689453
0.001394510269165039
0.0008683204650878906
0.0006995201110839844
0.0004918575286865234
0.0014154911041259766
0.0018494129180908203
0.0012347698211669922
0.0006530284881591797
0.0017445087432861328
0.001646280288696289
0.0014646053314208984
0.0013513565063476562
0.001222848892211914
0.0020749568939208984
0.0018694400787353516
0.0012879371643066406
0.0013537406921386719
0.0014810562133789062
0.0023431777954101562
0.0022127628326416016
0.0013570785522460938
0.0013360977172851562
0.0010044574737548828
0.0007481575012207031
0.0011587142944335938
0.001499176025390625
0.0013735294342041016
0.0018458366394042969
0.0012500286102294922
0.0020227432250976562
0.0010509490966796875
0.0013430118560791016
0.0024318695068359375
0.0011699199676513672
0.0014019012451171875
0.0015501976013183594
0.0014948844909667969
0.0013332366943359375
0.0011489391326904297
0.0015687942504882812
0.0012826919555664062
0.0013442039489746094
0.0013523101806640625
0.0013513565063476562
0.001453399658203125
0.0011398792266845703
0.001329183578491211
0.0015978813171386719
0.0014863014221191406
0.0012454986572265625
0.0013267993927001953
0.0009541511535644531
0.0022537708282470703
0.0010704994201660156
0.0007903575897216797
0.000392913818359375
0.0003368854522705078
0.00042819976806640625
0.0002627372741699219
0.000392913818359375
0.0007452964782714844
0.000911712646484375
0.00038313865661621094
0.00021910667419433594
0.0006935596466064453
0.0006158351898193359
0.000598907470703125
0.0006210803985595703
0.0003910064697265625
0.0006046295166015625
0.0005691051483154297
0.0006053447723388672
0.00036835670471191406
0.00038933753967285156
0.0003631114959716797
0.0003542900085449219
0.00012946128845214844
0.0008883476257324219
0.0008683204650878906
0.0007245540618896484
0.0007197856903076172
0.0007121562957763672
0.0008568763732910156
0.0007312297821044922
0.0007228851318359375
0.0006952285766601562
0.0006961822509765625
0.0007300376892089844
0.0007145404815673828
0.0008399486541748047
0.0008432865142822266
0.0007317066192626953
0.0007152557373046875
0.0006864070892333984
0.0005140304565429688
0.0004906654357910156
0.0005080699920654297
0.0006623268127441406
0.0006272792816162109
0.0004954338073730469
0.0006954669952392578
0.0005788803100585938
0.0004990100860595703
0.000690460205078125
0.0005145072937011719
0.0004494190216064453
0.0006303787231445312
0.0004382133483886719
0.0004913806915283203
0.0004401206970214844
0.0002410411834716797
0.0004153251647949219
0.00022864341735839844
0.00022459030151367188
0.0004105567932128906
0.00022935867309570312
0.00020122528076171875
0.0021715164184570312
0.0012698173522949219
0.002541780471801758
0.0026023387908935547
0.0021898746490478516
0.0019299983978271484
0.001382589340209961
0.0012853145599365234
0.0010848045349121094
0.002093076705932617
0.002721548080444336
0.0016379356384277344
0.001177072525024414
0.0009152889251708984
0.0021944046020507812
0.0024871826171875
0.001088857650756836
0.0009274482727050781
0.0016901493072509766
0.0009348392486572266
0.0023009777069091797
0.0027430057525634766
0.0018229484558105469
0.0024361610412597656
0.0024738311767578125
0.0021140575408935547
0.0016443729400634766
0.0019774436950683594
0.0020208358764648438
0.0019872188568115234
0.0007328987121582031
0.0012998580932617188
0.001856088638305664
0.0013020038604736328
0.0005609989166259766
0.0010807514190673828
0.0007798671722412109
0.0007641315460205078
0.0008051395416259766
0.0005331039428710938
0.0007824897766113281
0.0009996891021728516
0.0016117095947265625
0.0014109611511230469
0.0013687610626220703
0.0015556812286376953
0.0006473064422607422
0.0011136531829833984
0.0015347003936767578
0.0016050338745117188
0.001834869384765625
0.002093791961669922
0.0017540454864501953
0.0017409324645996094
0.0017099380493164062
0.002046346664428711
0.001974344253540039
0.002019643783569336
0.001783609390258789
0.0016105175018310547
0.0017554759979248047
0.0016498565673828125
0.001462697982788086
0.0016603469848632812
0.0021369457244873047
0.0019674301147460938
0.0014352798461914062
0.001707315444946289
0.0016236305236816406
0.0017018318176269531
0.001674652099609375
0.0013344287872314453
0.0013434886932373047
0.0015053749084472656
0.001538991928100586
0.0009224414825439453
0.00109100341796875
0.0009021759033203125
0.0009615421295166016
0.0006709098815917969
0.001132965087890625
0.001260995864868164
0.001668691635131836
0.0016739368438720703
0.0017595291137695312
0.0019180774688720703
0.002092599868774414
0.0015611648559570312
0.0016570091247558594
0.001459360122680664
0.0014386177062988281
0.001596212387084961
0.0013425350189208984
0.001962423324584961
0.0017189979553222656
0.001087188720703125
0.00091552734375
0.0011074542999267578
0.0008275508880615234
0.000797271728515625
0.0008075237274169922
0.0009179115295410156
0.0011315345764160156
0.0017023086547851562
0.0016131401062011719
0.0017392635345458984
0.0017507076263427734
0.0020797252655029297
0.0018875598907470703
0.0014836788177490234
0.0018761157989501953
0.0018954277038574219
0.0016417503356933594
0.00144195556640625
0.0014653205871582031
0.0018978118896484375
0.0016090869903564453
0.0016107559204101562
0.0013356208801269531
0.0016493797302246094
0.0017061233520507812
0.0008189678192138672
0.0008029937744140625
0.0012011528015136719
0.0006663799285888672
0.0018665790557861328
0.0012879371643066406
0.0013000965118408203
0.0013623237609863281
0.0015168190002441406
0.0017099380493164062
0.001283884048461914
0.0015108585357666016
0.0015118122100830078
0.0014142990112304688
0.0012269020080566406
0.002049684524536133
0.0014264583587646484
0.0013318061828613281
0.00093841552734375
0.0010085105895996094
0.0009057521820068359
0.00047850608825683594
0.0019550323486328125
0.001796722412109375
0.0015780925750732422
0.0018448829650878906
0.0018134117126464844
0.001894235610961914
0.0018520355224609375
0.0013000965118408203
0.0009317398071289062
0.0014901161193847656
0.00179290771484375
0.0014362335205078125
0.001073598861694336
0.0016016960144042969
0.0015606880187988281
0.0016741752624511719
0.0016024112701416016
0.0013959407806396484
0.000982522964477539
0.0013623237609863281
0.0014081001281738281
0.0013298988342285156
0.0011582374572753906
0.0013408660888671875
0.0012786388397216797
0.0016400814056396484
0.0008783340454101562
0.0013477802276611328
0.001081228256225586
0.0019638538360595703
0.0006079673767089844
0.0007643699645996094
0.0006253719329833984
0.0008842945098876953
0.0010581016540527344
0.0006279945373535156
0.0012581348419189453
0.0012536048889160156
0.0012063980102539062
0.001071929931640625
0.0014481544494628906
0.0006475448608398438
0.0005297660827636719
0.0006170272827148438
0.0004241466522216797
0.0017142295837402344
0.00109100341796875
0.0012395381927490234
0.0010488033294677734
0.0010173320770263672
0.0006151199340820312
0.0020210742950439453
0.0013306140899658203
0.0012006759643554688
0.0011789798736572266
0.0011403560638427734
0.0010569095611572266
0.001337289810180664
0.001138448715209961
0.001234292984008789
0.0012335777282714844
0.0012912750244140625
0.0012977123260498047
0.0011222362518310547
0.0012955665588378906
0.0012459754943847656
0.0008695125579833984
0.000652313232421875
0.0003447532653808594
0.00037407875061035156
0.0006563663482666016
0.00044465065002441406
0.00044417381286621094
0.0005753040313720703
0.0005891323089599609
0.0004324913024902344
0.00044846534729003906
0.0004296302795410156
0.00044155120849609375
0.00041675567626953125
0.0006415843963623047
0.0006248950958251953
0.0006847381591796875
0.0005276203155517578
0.0004913806915283203
0.0005059242248535156
0.0005600452423095703
0.0004582405090332031
0.0005574226379394531
0.0004584789276123047
0.0004222393035888672
0.0004477500915527344
0.0004227161407470703
0.0004265308380126953
0.0005867481231689453
0.0004329681396484375
0.0004506111145019531
0.00042819976806640625
0.0004425048828125
0.0004215240478515625
0.0007290840148925781
0.000598907470703125
0.0004265308380126953
0.0004315376281738281
0.0005960464477539062
0.0004336833953857422
0.00044536590576171875
0.0004355907440185547
0.0004494190216064453
0.00041961669921875
0.0006055831909179688
0.0004489421844482422
0.0004851818084716797
0.0004591941833496094
0.0004973411560058594
0.0006318092346191406
0.0004482269287109375
0.0005769729614257812
0.00045561790466308594
0.0005729198455810547
0.0004482269287109375
0.00043129920959472656
0.00044798851013183594
0.0005707740783691406
0.0004482269287109375
0.00042128562927246094
0.0004570484161376953
0.0004241466522216797
0.0004515647888183594
0.0004248619079589844
0.0006673336029052734
0.0004661083221435547
0.0005993843078613281
0.00041961669921875
0.0004527568817138672
0.0004222393035888672
0.00044655799865722656
0.0004298686981201172
0.0004258155822753906
0.0004439353942871094
0.0004162788391113281
0.0006303787231445312
0.00043082237243652344
0.0005905628204345703
0.00043487548828125
0.0004470348358154297
0.00041961669921875
0.000453948974609375
0.00041937828063964844
0.0004551410675048828
0.0004241466522216797
0.00043201446533203125
0.0005927085876464844
0.00042939186096191406
0.0004448890686035156
0.0004291534423828125
0.00044608116149902344
0.0004143714904785156
0.0004591941833496094
0.00042128562927246094
0.0005483627319335938
0.0006482601165771484
0.00046181678771972656
0.0005717277526855469
0.0004432201385498047
0.00041937828063964844
0.00045299530029296875
0.0005593299865722656
0.0004634857177734375
0.0005619525909423828
0.0005886554718017578
0.0005846023559570312
0.00045108795166015625
0.00043010711669921875
0.0004413127899169922
0.00041985511779785156
0.0006542205810546875
0.00048613548278808594
0.0005166530609130859
0.00049591064453125
0.0005795955657958984
0.0006117820739746094
0.0004189014434814453
0.00042319297790527344
0.0004374980926513672
0.0004177093505859375
0.0005769729614257812
0.00041866302490234375
0.00043582916259765625
0.00041103363037109375
0.000576019287109375
0.0004069805145263672
0.0004405975341796875
0.0005443096160888672
0.0004391670227050781
0.0004150867462158203
0.00041794776916503906
0.000431060791015625
0.0005824565887451172
0.00043654441833496094
0.00038361549377441406
0.0001919269561767578
0.00017905235290527344
0.0001537799835205078
0.00015163421630859375
0.00034546852111816406
0.00017547607421875
0.00017714500427246094
0.0001513957977294922
0.000148773193359375
0.000148773193359375
0.0001494884490966797
0.0001533031463623047
0.0003523826599121094
0.00016999244689941406
0.0003342628479003906
0.0001709461212158203
0.00017595291137695312
0.0001533031463623047
0.0001518726348876953
0.0003361701965332031
0.00016880035400390625
0.0001735687255859375
0.00015306472778320312
0.0001506805419921875
0.00014972686767578125
0.00015020370483398438
0.00036334991455078125
0.00033402442932128906
0.0001671314239501953
0.0003559589385986328
0.00019121170043945312
0.00015497207641601562
0.0001506805419921875
0.00034618377685546875
0.000186920166015625
0.0001595020294189453
0.0002148151397705078
0.00018858909606933594
0.00015616416931152344
0.00015592575073242188
0.0003578662872314453
0.0001697540283203125
0.00015616416931152344
0.00034308433532714844
0.00019025802612304688
0.0003273487091064453
0.00017070770263671875
0.00036406517028808594
0.00017213821411132812
0.0001392364501953125
0.0015265941619873047
0.001499176025390625
0.0012056827545166016
0.0015034675598144531
0.0009768009185791016
0.0008831024169921875
0.0014388561248779297
0.0015599727630615234
0.001720428466796875
0.0016856193542480469
0.001766204833984375
0.001556396484375
0.0015745162963867188
0.0017547607421875
0.0015573501586914062
0.0009057521820068359
0.0009102821350097656
0.0013990402221679688
0.002155780792236328
0.0017151832580566406
0.0005848407745361328
0.001756429672241211
0.0013713836669921875
0.0009534358978271484
0.0018281936645507812
0.001703500747680664
0.0017862319946289062
0.0005433559417724609
0.0012583732604980469
0.0016944408416748047
0.0008947849273681641
0.0006470680236816406
0.0015914440155029297
0.0017333030700683594
0.0009810924530029297
0.0012755393981933594
0.0008678436279296875
0.0015091896057128906
0.0005257129669189453
0.0009775161743164062
0.0016357898712158203
0.0015301704406738281
0.0015671253204345703
0.0012125968933105469
0.0014865398406982422
0.0008909702301025391
0.001224517822265625
0.000911712646484375
0.0009784698486328125
0.001592397689819336
0.0013751983642578125
0.0018317699432373047
0.00145721435546875
0.0018038749694824219
0.0008401870727539062
0.0014677047729492188
0.0017435550689697266
0.0015892982482910156
0.0015001296997070312
0.0018188953399658203
0.0009086132049560547
0.0015902519226074219
0.0014586448669433594
0.0016083717346191406
0.0005044937133789062
0.0006892681121826172
0.0010728836059570312
0.0008940696716308594
0.0013957023620605469
0.0007197856903076172
0.0015277862548828125
0.001646280288696289
0.0009808540344238281
0.0012326240539550781
0.0008676052093505859
0.00151824951171875
0.001573801040649414
0.001436471939086914
0.00215911865234375
0.0020172595977783203
0.0017464160919189453
0.0015506744384765625
0.0008783340454101562
0.0014023780822753906
0.0014982223510742188
0.001745462417602539
0.0014643669128417969
0.0014536380767822266
0.0010683536529541016
0.0005548000335693359
0.0017485618591308594
0.0008785724639892578
0.0007359981536865234
0.000675201416015625
0.0024394989013671875
0.0013709068298339844
0.0014989376068115234
0.002025127410888672
0.001255035400390625
0.0013473033905029297
0.0016598701477050781
0.0015461444854736328
0.0006463527679443359
0.0007331371307373047
0.0014541149139404297
0.002033233642578125
0.0012836456298828125
0.0025076866149902344
0.0021126270294189453
0.0019538402557373047
0.0016407966613769531
0.0020461082458496094
0.0015513896942138672
0.0016574859619140625
0.0017435550689697266
0.002035856246948242
0.001611948013305664
0.0018815994262695312
0.0013074874877929688
0.0019600391387939453
0.0014595985412597656
0.0013730525970458984
0.0014748573303222656
0.0017423629760742188
0.0021562576293945312
0.0014252662658691406
0.0017826557159423828
0.0014967918395996094
0.0013210773468017578
0.0019404888153076172
0.0017092227935791016
0.0014765262603759766
0.0018622875213623047
0.0015838146209716797
0.0019259452819824219
0.0016245841979980469
0.0014348030090332031
0.0011756420135498047
0.0021550655364990234
0.0014081001281738281
0.0008325576782226562
0.0010890960693359375
0.0005958080291748047
0.0008938312530517578
0.000644683837890625
0.0012288093566894531
0.0006146430969238281
0.0005905628204345703
0.0008416175842285156
0.0007205009460449219
0.0007240772247314453
0.0004899501800537109
0.001463174819946289
0.0014264583587646484
0.001361846923828125
0.0014910697937011719
0.0015413761138916016
0.0007293224334716797
0.001646280288696289
0.0005645751953125
0.0014684200286865234
0.0014564990997314453
0.0019237995147705078
0.001730203628540039
0.001605987548828125
0.0016183853149414062
0.0013527870178222656
0.0014967918395996094
0.0014781951904296875
0.0007853507995605469
0.001232147216796875
0.0015139579772949219
0.0016982555389404297
0.0014536380767822266
0.0013535022735595703
0.0021698474884033203
0.0014653205871582031
0.001344919204711914
0.0012984275817871094
0.0018298625946044922
0.0011675357818603516
0.0012812614440917969
0.001026153564453125
0.0006093978881835938
0.00070953369140625
0.0010328292846679688
0.0007493495941162109
0.0006906986236572266
0.0006563663482666016
0.0013096332550048828
0.0005068778991699219
0.0005068778991699219
0.000978231430053711
0.0002532005310058594
0.0009539127349853516
0.0009679794311523438
0.0009613037109375
0.0002465248107910156
0.0005486011505126953
0.0011284351348876953
0.001417398452758789
0.0004031658172607422
0.0009257793426513672
0.0011098384857177734
0.0011870861053466797
0.0002522468566894531
0.0009756088256835938
0.0009756088256835938
0.0013017654418945312
0.0012695789337158203
0.0006330013275146484
0.0011968612670898438
0.0010981559753417969
0.0004360675811767578
0.0015392303466796875
0.001001119613647461
0.0016243457794189453
0.002315044403076172
0.0009927749633789062
0.0014913082122802734
0.0007801055908203125
0.0008661746978759766
0.0009765625
0.001619100570678711
0.0012547969818115234
0.0011572837829589844
0.0011830329895019531
0.0006663799285888672
0.0014231204986572266
0.0006060600280761719
0.0011577606201171875
0.000438690185546875
0.0013885498046875
0.0014011859893798828
0.0008306503295898438
0.0006773471832275391
0.0005960464477539062
0.0019383430480957031
0.0018775463104248047
0.0015025138854980469
0.001390695571899414
0.0014357566833496094
0.0012996196746826172
0.0010917186737060547
0.0014655590057373047
0.0016295909881591797
0.0014905929565429688
0.0013527870178222656
0.0011143684387207031
0.0011069774627685547
0.001363515853881836
0.001119375228881836
0.0014557838439941406
0.0014116764068603516
0.0012218952178955078
0.0009281635284423828
0.00046896934509277344
0.0004024505615234375
0.0003173351287841797
0.001010894775390625
0.0005528926849365234
0.0003325939178466797
0.0004355907440185547
0.0004742145538330078
0.0011172294616699219
0.00115966796875
0.0014562606811523438
0.0006997585296630859
0.0008232593536376953
0.0019741058349609375
0.0013680458068847656
0.001535177230834961
0.0012366771697998047
0.0011749267578125
0.0013644695281982422
0.0011632442474365234
0.0012176036834716797
0.0012891292572021484
0.0013089179992675781
0.0011491775512695312
0.0010993480682373047
0.0011088848114013672
0.001135110855102539
0.0012106895446777344
0.0010647773742675781
0.0013773441314697266
0.0010781288146972656
0.0010733604431152344
0.0010852813720703125
0.0011966228485107422
0.0013275146484375
0.0012006759643554688
0.0012683868408203125
0.00102996826171875
0.0010614395141601562
0.0011699199676513672
0.0011279582977294922
0.0010311603546142578
0.0010361671447753906
0.0011632442474365234
0.0011038780212402344
0.0010256767272949219
0.0011610984802246094
0.0012836456298828125
0.0010280609130859375
0.0011749267578125
0.0010342597961425781
0.0010259151458740234
0.0010218620300292969
0.0010228157043457031
0.001050710678100586
0.001165628433227539
0.0011103153228759766
0.0009734630584716797
0.0009686946868896484
0.0009522438049316406
0.001287221908569336
0.0009577274322509766
0.0012617111206054688
0.0010080337524414062
0.0013780593872070312
0.0012292861938476562
0.0009522438049316406
0.0014224052429199219
0.0009551048278808594
0.0009474754333496094
0.0009477138519287109
0.0010716915130615234
0.0010619163513183594
0.0010707378387451172
0.0009508132934570312
0.0010581016540527344
0.0012497901916503906
0.0012214183807373047
0.0009450912475585938
0.0014050006866455078
0.0010399818420410156
0.0010271072387695312
0.0009319782257080078
0.001264333724975586
0.0010042190551757812
0.0010652542114257812
0.0010869503021240234
0.001065969467163086
0.0009579658508300781
0.0012323856353759766
0.0009491443634033203
0.0015919208526611328
0.0011353492736816406
0.0010645389556884766
0.0012400150299072266
0.0012540817260742188
0.0010027885437011719
0.0010864734649658203
0.0011034011840820312
0.0010781288146972656
0.0010995864868164062
0.0010268688201904297
0.001348733901977539
0.0012319087982177734
0.0012478828430175781
0.0010097026824951172
0.0009505748748779297
0.0011532306671142578
0.0010578632354736328
0.0010442733764648438
0.0009713172912597656
0.0010259151458740234
0.0009605884552001953
0.0009572505950927734
0.0009586811065673828
0.00124359130859375
0.0009982585906982422
0.0011982917785644531
0.001096963882446289
0.0011665821075439453
0.0011584758758544922
0.0009577274322509766
0.0010867118835449219
0.0009598731994628906
0.00095367431640625
0.0009598731994628906
0.0011949539184570312
0.00096893310546875
0.0011551380157470703
0.001203298568725586
0.0009899139404296875
0.001253366470336914
0.0012328624725341797
0.0011365413665771484
0.0012674331665039062
0.0011358261108398438
0.0011296272277832031
0.001032114028930664
0.0009801387786865234
0.0011553764343261719
0.0010368824005126953
0.0010290145874023438
0.001096487045288086
0.0012271404266357422
0.001074075698852539
0.0012192726135253906
0.0010790824890136719
0.0013222694396972656
0.0013148784637451172
0.0012292861938476562
0.0010807514190673828
0.0010635852813720703
0.0010509490966796875
0.0012478828430175781
0.0012717247009277344
0.0011098384857177734
0.0011093616485595703
0.0011188983917236328
0.0010652542114257812
0.0010638236999511719
0.001107931137084961
0.0011293888092041016
0.0010845661163330078
0.0010361671447753906
0.001020669937133789
0.0010142326354980469
0.0009477138519287109
0.0009493827819824219
0.0009446144104003906
0.0009496212005615234
0.0009405612945556641
0.0009686946868896484
0.0011119842529296875
0.0010454654693603516
0.0010097026824951172
0.0010335445404052734
0.001129150390625
0.0011577606201171875
0.0008924007415771484
0.0014429092407226562
0.0011870861053466797
0.0012545585632324219
0.0010178089141845703
0.001268148422241211
0.0008428096771240234
0.0009739398956298828
0.0009846687316894531
0.001241445541381836
0.0010519027709960938
0.0009806156158447266
0.0010600090026855469
0.0009722709655761719
0.0009105205535888672
0.0009675025939941406
0.0015592575073242188
0.0010726451873779297
0.0011324882507324219
0.0010950565338134766
0.0009541511535644531
0.001535654067993164
0.0013630390167236328
0.0009596347808837891
0.0009462833404541016
0.0007312297821044922
0.0007047653198242188
0.0006482601165771484
0.0006504058837890625
0.0008053779602050781
0.0006299018859863281
0.0006413459777832031
0.000926971435546875
0.0005915164947509766
0.0006222724914550781
0.0007624626159667969
0.0007052421569824219
0.0005714893341064453
0.0005478858947753906
0.0005640983581542969
0.00057220458984375
0.0005438327789306641
0.0005743503570556641
0.0007026195526123047
0.0005013942718505859
0.0006709098815917969
0.0004973411560058594
0.0006353855133056641
0.0009503364562988281
0.0008809566497802734
0.0005352497100830078
0.0005447864532470703
0.0004820823669433594
0.0005130767822265625
0.0004839897155761719
0.0009789466857910156
0.0006842613220214844
0.00051116943359375
0.0008726119995117188
0.0005097389221191406
0.00047087669372558594
0.0005033016204833984
0.0004711151123046875
0.0006515979766845703
0.0004911422729492188
0.0004963874816894531
0.0005705356597900391
0.0006701946258544922
0.000591278076171875
0.0006649494171142578
0.0005395412445068359
0.0006697177886962891
0.0006802082061767578
0.0008349418640136719
0.0006201267242431641
0.0005590915679931641
0.0005676746368408203
0.0006480216979980469
0.0006914138793945312
0.0007443428039550781
0.0006098747253417969
0.0007336139678955078
0.0006270408630371094
0.0006239414215087891
0.0005893707275390625
0.0005810260772705078
0.0005443096160888672
0.0005562305450439453
0.0005457401275634766
0.0005538463592529297
0.0005769729614257812
0.0005359649658203125
0.0009248256683349609
0.0007433891296386719
0.00039696693420410156
0.0010254383087158203
0.0011394023895263672
0.0008835792541503906
0.0010373592376708984
0.0009377002716064453
0.0012083053588867188
0.0008785724639892578
0.0015399456024169922
0.001308441162109375
0.0013010501861572266
0.0011188983917236328
0.00112152099609375
0.001192331314086914
0.001089334487915039
0.0010113716125488281
0.001142740249633789
0.0010123252868652344
0.0010919570922851562
0.0010232925415039062
0.0010159015655517578
0.0011684894561767578
0.0010178089141845703
0.0010633468627929688
0.0009496212005615234
0.0009174346923828125
0.000934600830078125
0.0009393692016601562
0.0010533332824707031
0.001308441162109375
0.00095367431640625
0.0009429454803466797
0.001104116439819336
0.0009577274322509766
0.0009446144104003906
0.0009465217590332031
0.0011799335479736328
0.0010237693786621094
0.0010156631469726562
0.0012257099151611328
0.0011801719665527344
0.0010607242584228516
0.0011959075927734375
0.001165151596069336
0.0012042522430419922
0.001077890396118164
0.0013132095336914062
0.001018524169921875
0.0009326934814453125
0.0009467601776123047
0.0009429454803466797
0.0010046958923339844
0.0010066032409667969
0.0010290145874023438
0.0010294914245605469
0.0008633136749267578
0.001178741455078125
0.0011196136474609375
0.0012714862823486328
0.0010051727294921875
0.0009276866912841797
0.0010402202606201172
0.0010178089141845703
0.0010137557983398438
0.0008997917175292969
0.0014498233795166016
0.0011138916015625
0.0009405612945556641
0.0013017654418945312
0.0011591911315917969
0.0008265972137451172
0.0008616447448730469
0.0008051395416259766
0.0007312297821044922
0.0005910396575927734
0.0005574226379394531
0.0007081031799316406
0.0004906654357910156
0.0008845329284667969
0.0005228519439697266
0.00046515464782714844
0.0006861686706542969
0.0006873607635498047
0.0005657672882080078
0.000591278076171875
0.0007190704345703125
0.0007531642913818359
0.0006165504455566406
0.0005800724029541016
0.0005524158477783203
0.0007176399230957031
0.00041174888610839844
0.0010325908660888672
0.00041365623474121094
0.0013623237609863281
0.0011205673217773438
0.0009036064147949219
0.0010898113250732422
0.000797271728515625
0.0014340877532958984
0.0008120536804199219
0.001107931137084961
0.0010759830474853516
0.0013849735260009766
0.0012211799621582031
0.001161336898803711
0.0008499622344970703
0.0008442401885986328
0.00083160400390625
0.0008194446563720703
0.0008215904235839844
0.0009577274322509766
0.0008378028869628906
0.0008442401885986328
0.0009806156158447266
0.0008001327514648438
0.0007717609405517578
0.0008902549743652344
0.0007259845733642578
0.0007274150848388672
0.0007882118225097656
0.0008809566497802734
0.0011489391326904297
0.0011200904846191406
0.0009012222290039062
0.0007116794586181641
0.0007200241088867188
0.0007607936859130859
0.0010104179382324219
0.0007877349853515625
0.0007724761962890625
0.0007224082946777344
0.0009169578552246094
0.0010066032409667969
0.0007658004760742188
0.001062154769897461
0.0009365081787109375
0.0008568763732910156
0.0007562637329101562
0.0007159709930419922
0.0008165836334228516
0.0010042190551757812
0.0009093284606933594
0.0007383823394775391
0.0008697509765625
0.0007205009460449219
0.0007250308990478516
0.0009250640869140625
0.0009267330169677734
0.000988006591796875
0.0008022785186767578
0.0009241104125976562
0.0009551048278808594
0.0008265972137451172
0.0008177757263183594
0.0010373592376708984
0.0009241104125976562
0.0009920597076416016
0.0009026527404785156
0.0007963180541992188
0.0007817745208740234
0.0007641315460205078
0.0008082389831542969
0.0006146430969238281
0.001077890396118164
0.0008387565612792969
0.0009245872497558594
0.001237630844116211
0.0010399818420410156
0.0007655620574951172
0.000896453857421875
0.000720977783203125
0.0006814002990722656
0.000759124755859375
0.0005755424499511719
0.0010912418365478516
0.0006806850433349609
0.00084686279296875
0.0006134510040283203
0.0004429817199707031
0.0005667209625244141
0.00036144256591796875
0.0008654594421386719
0.00043892860412597656
0.0004878044128417969
0.0002601146697998047
0.000446319580078125
0.00023293495178222656
0.00037288665771484375
0.00024056434631347656
0.00024080276489257812
0.000377655029296875
0.00038909912109375
0.0005974769592285156
0.0002639293670654297
0.00026702880859375
0.00021457672119140625
0.00036025047302246094
0.0003724098205566406
0.00019478797912597656
0.0006504058837890625
0.00023865699768066406
0.000331878662109375
0.0005548000335693359
0.0005612373352050781
0.0006113052368164062
0.0002701282501220703
0.00026607513427734375
0.0001659393310546875
0.0001766681671142578
0.0002281665802001953
0.00042510032653808594
0.0005145072937011719
0.00029349327087402344
0.00026798248291015625
0.00023794174194335938
0.0005393028259277344
0.00023794174194335938
0.0002644062042236328
0.0001366138458251953
0.0006742477416992188
0.0006291866302490234
0.0006871223449707031
0.0004239082336425781
0.0004470348358154297
0.0006406307220458984
0.0005891323089599609
0.0006253719329833984
0.0005888938903808594
0.0004127025604248047
0.0006256103515625
0.0006375312805175781
0.0006074905395507812
0.0004267692565917969
0.0005948543548583984
0.0005981922149658203
0.00061798095703125
0.0005960464477539062
0.0006108283996582031
0.0004343986511230469
0.0006663799285888672
0.0007083415985107422
0.0006439685821533203
0.0006635189056396484
0.0004317760467529297
0.0006639957427978516
0.0006489753723144531
0.0006463527679443359
0.0004107952117919922
0.0006654262542724609
0.0006015300750732422
0.0006411075592041016
0.0006072521209716797
0.0004222393035888672
0.0006022453308105469
0.0006153583526611328
0.0004076957702636719
0.0003902912139892578
0.0005962848663330078
0.0006029605865478516
0.0006208419799804688
0.0005919933319091797
0.00040531158447265625
0.0006430149078369141
0.0004076957702636719
0.0005939006805419922
0.0006008148193359375
0.0006108283996582031
0.0003788471221923828
0.0003914833068847656
0.0005815029144287109
0.0005831718444824219
0.000553131103515625
0.0006079673767089844
0.0006022453308105469
0.0006113052368164062
0.0006034374237060547
0.0005764961242675781
0.0006289482116699219
0.0006024837493896484
0.0006191730499267578
0.0003905296325683594
0.00042319297790527344
0.00036716461181640625
0.000392913818359375
0.0005764961242675781
0.0006036758422851562
0.000579833984375
0.0003948211669921875
0.0005705356597900391
0.0005817413330078125
0.0003559589385986328
0.0003921985626220703
0.0003409385681152344
0.00039315223693847656
0.00018668174743652344
0.0008580684661865234
0.0007839202880859375
0.0007231235504150391
0.0007090568542480469
0.000698089599609375
0.0006957054138183594
0.0007297992706298828
0.0006794929504394531
0.0008904933929443359
0.0007295608520507812
0.0007567405700683594
0.0007193088531494141
0.0007169246673583984
0.0005254745483398438
0.0005130767822265625
0.0005216598510742188
0.00051116943359375
0.0008475780487060547
0.0008158683776855469
0.0008473396301269531
0.0007712841033935547
0.0007035732269287109
0.0006988048553466797
0.000507354736328125
0.0007140636444091797
0.0007770061492919922
0.0007419586181640625
0.0007281303405761719
0.0007116794586181641
0.0007083415985107422
0.0007374286651611328
0.0009586811065673828
0.0009472370147705078
0.0007503032684326172
0.0006685256958007812
0.0006787776947021484
0.0005018711090087891
0.0004961490631103516
0.0007202625274658203
0.0006744861602783203
0.0007455348968505859
0.0007333755493164062
0.0007107257843017578
0.0008585453033447266
0.0007390975952148438
0.0007355213165283203
0.0007121562957763672
0.0007245540618896484
0.0005385875701904297
0.0004944801330566406
0.0006797313690185547
0.0005168914794921875
0.0005543231964111328
0.0005223751068115234
0.0005040168762207031
0.0005688667297363281
0.0007917881011962891
0.0007181167602539062
0.0007636547088623047
0.0007455348968505859
0.0007207393646240234
0.0005326271057128906
0.0008766651153564453
0.0008833408355712891
0.0004622936248779297
0.0007195472717285156
0.0007088184356689453
0.0006964206695556641
0.0008614063262939453
0.0006787776947021484
0.0004856586456298828
0.0004849433898925781
0.0008726119995117188
0.0009126663208007812
0.0008456707000732422
0.0007128715515136719
0.0007305145263671875
0.0006694793701171875
0.0004897117614746094
0.0005376338958740234
0.0004913806915283203
0.0004863739013671875
0.0004687309265136719
0.0008647441864013672
0.0007314682006835938
0.0006988048553466797
0.000858306884765625
0.0007226467132568359
0.0006711483001708984
0.0006492137908935547
0.00047206878662109375
0.0008533000946044922
0.0006966590881347656
0.0006954669952392578
0.0004916191101074219
0.0006155967712402344
0.0004942417144775391
0.00045800209045410156
0.0004837512969970703
0.0004565715789794922
0.00047087669372558594
0.0004642009735107422
0.0006365776062011719
0.0006020069122314453
0.0004949569702148438
0.0004589557647705078
0.0004916191101074219
0.0006120204925537109
0.0006270408630371094
0.0004699230194091797
0.0006256103515625
0.0004894733428955078
0.0004520416259765625
0.00041413307189941406
0.0004820823669433594
0.0006337165832519531
0.0004622936248779297
0.0004703998565673828
0.00048422813415527344
0.0004646778106689453
0.0004894733428955078
0.00045990943908691406
0.0004870891571044922
0.0005016326904296875
0.0002567768096923828
0.0002110004425048828
0.00021266937255859375
0.00021982192993164062
0.00042557716369628906
0.00022673606872558594
0.0004096031188964844
0.0002493858337402344
0.00021600723266601562
0.0004096031188964844
0.0002624988555908203
0.00040030479431152344
0.000408172607421875
0.00041365623474121094
0.0002288818359375
0.00040435791015625
0.00023102760314941406
0.002330780029296875
0.0021059513092041016
0.0016813278198242188
0.001653432846069336
0.0007541179656982422
0.002595663070678711
0.0026731491088867188
0.0008282661437988281
0.0017583370208740234
0.0012629032135009766
0.002214193344116211
0.0024988651275634766
0.002583742141723633
0.0021567344665527344
0.0009474754333496094
0.0007350444793701172
0.0015215873718261719
0.0020508766174316406
0.0018308162689208984
0.0016412734985351562
0.0018417835235595703
0.0018634796142578125
0.0016660690307617188
0.002485990524291992
0.0024466514587402344
0.0016913414001464844
0.0019659996032714844
0.0008456707000732422
0.002374887466430664
0.0010416507720947266
0.001978158950805664
0.0010943412780761719
0.0027582645416259766
0.001194000244140625
0.0019178390502929688
0.003173828125
0.002361297607421875
0.002816438674926758
0.0015742778778076172
0.0014226436614990234
0.0008289813995361328
0.0016639232635498047
0.0010485649108886719
0.001031637191772461
0.0010352134704589844
0.0014128684997558594
0.0019903182983398438
0.0028171539306640625
0.0021762847900390625
0.0023603439331054688
0.0010673999786376953
0.0024755001068115234
0.0019998550415039062
0.0007376670837402344
0.0007436275482177734
0.0009307861328125
0.001863241195678711
0.0017287731170654297
0.0017943382263183594
0.0005490779876708984
0.0020852088928222656
0.0021674633026123047
0.0018622875213623047
0.0009539127349853516
0.002384185791015625
0.0008685588836669922
0.001399993896484375
0.0012810230255126953
0.0027065277099609375
0.0019893646240234375
0.0016894340515136719
0.001688241958618164
0.0021467208862304688
0.0022525787353515625
0.0018978118896484375
0.0012395381927490234
0.0011186599731445312
0.0009236335754394531
0.0017194747924804688
0.0020520687103271484
0.002245664596557617
0.0009500980377197266
0.001522064208984375
0.0006809234619140625
0.00197601318359375
0.0023221969604492188
0.002374887466430664
0.0009615421295166016
0.002271413803100586
0.0025734901428222656
0.0017061233520507812
0.0007736682891845703
0.0020236968994140625
0.001767873764038086
0.0010328292846679688
0.0021355152130126953
0.0010676383972167969
0.0016660690307617188
0.0016970634460449219
0.0016231536865234375
0.001173257827758789
0.00101470947265625
0.0014417171478271484
0.0015978813171386719
0.0016875267028808594
0.0015897750854492188
0.0008182525634765625
0.002362966537475586
0.0005726814270019531
0.0008208751678466797
0.0015726089477539062
0.0021581649780273438
0.0007863044738769531
0.0009627342224121094
0.001032114028930664
0.001886606216430664
0.0010170936584472656
0.0025360584259033203
0.0019447803497314453
0.0016031265258789062
0.0015914440155029297
0.0014355182647705078
0.0006556510925292969
0.0013701915740966797
0.0014503002166748047
0.0023415088653564453
0.002148866653442383
0.0008232593536376953
0.0021448135375976562
0.0008566379547119141
0.002397298812866211
0.0006699562072753906
0.0017635822296142578
0.0022084712982177734
0.002106189727783203
0.0025091171264648438
0.0016236305236816406
0.0016167163848876953
0.0019085407257080078
0.0018706321716308594
0.001468658447265625
0.002291440963745117
0.0018262863159179688
0.0015807151794433594
0.001852273941040039
0.001165151596069336
0.0015606880187988281
0.0019445419311523438
0.0008289813995361328
0.00041413307189941406
0.0016825199127197266
0.0005917549133300781
0.0009744167327880859
0.0007863044738769531
0.0018134117126464844
0.001634359359741211
0.00139617919921875
0.001398324966430664
0.001987934112548828
0.0017099380493164062
0.0014140605926513672
0.0017077922821044922
0.0011353492736816406
0.002020120620727539
0.0017054080963134766
0.0014450550079345703
0.0015609264373779297
0.0013470649719238281
0.0011265277862548828
0.0014147758483886719
0.001367807388305664
0.0006976127624511719
0.001987457275390625
0.002138853073120117
0.0013976097106933594
0.0006859302520751953
0.0012848377227783203
0.0015211105346679688
0.0009462833404541016
0.002302885055541992
0.0019071102142333984
0.0016846656799316406
0.0019757747650146484
0.0017313957214355469
0.0015039443969726562
0.001363992691040039
0.0019021034240722656
0.0015931129455566406
0.0014064311981201172
0.0011813640594482422
0.0006220340728759766
0.0007534027099609375
0.00133514404296875
0.0010857582092285156
0.0015082359313964844
0.001728057861328125
0.0015299320220947266
0.0013573169708251953
0.002241849899291992
0.0018813610076904297
0.0013568401336669922
0.0012485980987548828
0.0014805793762207031
0.0006852149963378906
0.0018706321716308594
0.0016520023345947266
0.0008711814880371094
0.0020837783813476562
0.0018584728240966797
0.0010023117065429688
0.0013208389282226562
0.0009379386901855469
0.0014934539794921875
0.002283334732055664
0.0017518997192382812
0.00196075439453125
0.0018339157104492188
0.0019693374633789062
0.0015549659729003906
0.0013124942779541016
0.0011508464813232422
0.001226663589477539
0.0009329319000244141
0.0013275146484375
0.00063323974609375
0.0010385513305664062
0.0005898475646972656
0.0016689300537109375
0.0019443035125732422
0.0012965202331542969
0.0008838176727294922
0.0011675357818603516
0.00093841552734375
0.0018787384033203125
0.002042531967163086
0.001577138900756836
0.0013699531555175781
0.0008661746978759766
0.0011801719665527344
0.0019137859344482422
0.0019202232360839844
0.0016460418701171875
0.001790761947631836
0.0016028881072998047
0.0009045600891113281
0.0025620460510253906
0.0014872550964355469
0.0013692378997802734
0.0013785362243652344
0.0012929439544677734
0.0012984275817871094
0.0008561611175537109
0.0012285709381103516
0.0006601810455322266
0.0007371902465820312
0.0004723072052001953
0.0020389556884765625
0.0017940998077392578
0.0016438961029052734
0.0014929771423339844
0.0008649826049804688
0.0023996829986572266
0.00177001953125
0.0018129348754882812
0.001294851303100586
0.0006875991821289062
0.0011248588562011719
0.0020575523376464844
0.0009436607360839844
0.0013964176177978516
0.0014438629150390625
0.0021572113037109375
0.0017871856689453125
0.00142669677734375
0.0016062259674072266
0.0011200904846191406
0.0015037059783935547
0.0016891956329345703
0.0017344951629638672
0.0006878376007080078
0.001390218734741211
0.0018391609191894531
0.0017511844635009766
0.0008802413940429688
0.0006792545318603516
0.0016489028930664062
0.0015788078308105469
0.0018076896667480469
0.0017311573028564453
0.0015063285827636719
0.0008287429809570312
0.0006873607635498047
0.0016088485717773438
0.00125885009765625
0.0008940696716308594
0.000762939453125
0.0005812644958496094
0.0007474422454833984
0.0015492439270019531
0.0014889240264892578
0.0008471012115478516
0.0010914802551269531
0.0008089542388916016
0.0017027854919433594
0.0014734268188476562
0.0015697479248046875
0.001600027084350586
0.0008854866027832031
0.0021181106567382812
0.0019850730895996094
0.001750946044921875
0.0014154911041259766
0.0009481906890869141
0.0019233226776123047
0.001371145248413086
0.0007450580596923828
0.0012366771697998047
0.0016105175018310547
0.0016334056854248047
0.0013988018035888672
0.0013477802276611328
0.0005669593811035156
0.0006816387176513672
0.0015561580657958984
0.0014598369598388672
0.0008654594421386719
0.0011212825775146484
0.001331329345703125
0.0015010833740234375
0.0013489723205566406
0.0013582706451416016
0.0012750625610351562
0.001255035400390625
0.0017659664154052734
0.0014102458953857422
0.0017323493957519531
0.0013241767883300781
0.0012176036834716797
0.001407623291015625
0.0010979175567626953
0.0016469955444335938
0.0021114349365234375
0.0013937950134277344
0.0010836124420166016
0.0009822845458984375
0.001352071762084961
0.0010845661163330078
0.0008425712585449219
0.0007805824279785156
0.0006487369537353516
0.0009257793426513672
0.0006566047668457031
0.0016891956329345703
0.0014414787292480469
0.0012600421905517578
0.0012493133544921875
0.0018644332885742188
0.0012481212615966797
0.0015475749969482422
0.0015795230865478516
0.0016727447509765625
0.0012099742889404297
0.0012209415435791016
0.0013895034790039062
0.0010914802551269531
0.0012047290802001953
0.001024007797241211
0.0007045269012451172
0.0006232261657714844
0.0006630420684814453
0.0005476474761962891
0.0005066394805908203
0.0006425380706787109
0.0004394054412841797
0.0013217926025390625
0.0010814666748046875
0.0012674331665039062
0.0016133785247802734
0.0018849372863769531
0.0014781951904296875
0.0016605854034423828
0.0016930103302001953
0.001764535903930664
0.0017962455749511719
0.0014193058013916016
0.0016968250274658203
0.001912832260131836
0.0012693405151367188
0.0016131401062011719
0.0012404918670654297
0.00124359130859375
0.001514434814453125
0.0014622211456298828
0.0014774799346923828
0.001186370849609375
0.0011527538299560547
0.0006318092346191406
0.0005235671997070312
0.0006325244903564453
0.0007078647613525391
0.0006363391876220703
0.0006804466247558594
0.0006237030029296875
0.0014503002166748047
0.0012326240539550781
0.0011434555053710938
0.0010993480682373047
0.0014901161193847656
0.0011265277862548828
0.0015473365783691406
0.0012264251708984375
0.0010554790496826172
0.0010445117950439453
0.001201629638671875
0.0012943744659423828
0.0012772083282470703
0.0011665821075439453
0.0012731552124023438
0.0012252330780029297
0.0008959770202636719
0.001177072525024414
0.0010881423950195312
0.0010726451873779297
0.0007107257843017578
0.0006372928619384766
0.0005857944488525391
0.0004477500915527344
0.0002753734588623047
0.00040650367736816406
0.0005340576171875
0.0005655288696289062
0.0003960132598876953
0.0005221366882324219
0.000457763671875
0.00047206878662109375
0.0004494190216064453
0.0006265640258789062
0.0004093647003173828
0.0004470348358154297
0.00043845176696777344
0.0004718303680419922
0.00042748451232910156
0.0004887580871582031
0.00044274330139160156
0.0005114078521728516
0.00045013427734375
0.0004742145538330078
0.0004482269287109375
0.0004520416259765625
0.0004661083221435547
0.00045418739318847656
0.0004649162292480469
0.0006306171417236328
0.0006096363067626953
0.0004725456237792969
0.0004458427429199219
0.0004253387451171875
0.0006005764007568359
0.00039958953857421875
0.0004544258117675781
0.0006024837493896484
0.00043010711669921875
0.0004379749298095703
0.00045371055603027344
0.0005774497985839844
0.0004513263702392578
0.0004336833953857422
0.00045228004455566406
0.00039768218994140625
0.00046825408935546875
0.0004360675811767578
0.00045680999755859375
0.0005826950073242188
0.00047707557678222656
0.0004398822784423828
0.00046563148498535156
0.0005862712860107422
0.00046443939208984375
0.00044035911560058594
0.0004448890686035156
0.0006010532379150391
0.0006086826324462891
0.0004298686981201172
0.00046181678771972656
0.0004372596740722656
0.000606536865234375
0.0005757808685302734
0.0006148815155029297
0.00044226646423339844
0.0004570484161376953
0.0004334449768066406
0.0004911422729492188
0.0004425048828125
0.00046825408935546875
0.0005795955657958984
0.0004305839538574219
0.0004410743713378906
0.00046443939208984375
0.0005898475646972656
0.0004699230194091797
0.0004367828369140625
0.0004448890686035156
0.0004572868347167969
0.00044155120849609375
0.00045752525329589844
0.0005815029144287109
0.0005936622619628906
0.0006122589111328125
0.00044155120849609375
0.0004665851593017578
0.0004379749298095703
0.0004551410675048828
0.0004601478576660156
0.0004429817199707031
0.0004622936248779297
0.0004458427429199219
0.0004553794860839844
0.00045371055603027344
0.00046944618225097656
0.00044035911560058594
0.0004673004150390625
0.0004425048828125
0.0004470348358154297
0.0004439353942871094
0.0004105567932128906
0.000469207763671875
0.0004487037658691406
0.0004677772521972656
0.0006084442138671875
0.0004673004150390625
0.0004544258117675781
0.0006129741668701172
0.0004525184631347656
0.0006127357482910156
0.0004260540008544922
0.00047326087951660156
0.0006206035614013672
0.0004487037658691406
0.000614166259765625
0.0005817413330078125
0.0004734992980957031
0.0004436969757080078
0.0006251335144042969
0.00041365623474121094
0.0004184246063232422
0.0005996227264404297
0.0005662441253662109
0.0004711151123046875
0.0005478858947753906
0.0006821155548095703
0.0005891323089599609
0.0006012916564941406
0.000400543212890625
0.0005803108215332031
0.0004050731658935547
0.0003991127014160156
0.0005943775177001953
0.0003883838653564453
0.0003981590270996094
0.0006182193756103516
0.0005173683166503906
0.0004532337188720703
0.00045299530029296875
0.0005998611450195312
0.00043845176696777344
0.00043964385986328125
0.0005872249603271484
0.0007154941558837891
0.0005846023559570312
0.0004544258117675781
0.0004367828369140625
0.00045871734619140625
0.000385284423828125
0.0004258155822753906
0.0005764961242675781
0.0004608631134033203
0.00038886070251464844
0.0004622936248779297
0.0006060600280761719
0.0004565715789794922
0.0006089210510253906
0.0006167888641357422
0.00037980079650878906
0.000614166259765625
0.00041294097900390625
0.0005939006805419922
0.0003783702850341797
0.0006079673767089844
0.00037789344787597656
0.0003979206085205078
0.0005731582641601562
0.0004515647888183594
0.0004291534423828125
0.0003943443298339844
0.0004494190216064453
0.0003750324249267578
0.00037741661071777344
0.00018477439880371094
0.0001659393310546875
0.00015997886657714844
0.00016927719116210938
0.00036525726318359375
0.000339508056640625
0.00017762184143066406
0.00017499923706054688
0.00017499923706054688
0.00016546249389648438
0.00034499168395996094
0.00035262107849121094
0.00019812583923339844
0.00016379356384277344
0.0003352165222167969
0.00018644332885742188
0.0001609325408935547
0.0003542900085449219
0.00017952919006347656
0.0003483295440673828
0.00036454200744628906
0.00017786026000976562
0.0003275871276855469
0.00037360191345214844
0.0003376007080078125
0.00017595291137695312
0.0001766681671142578
0.0001609325408935547
0.0003719329833984375
0.00017714500427246094
0.00016069412231445312
0.00017309188842773438
0.0001766681671142578
0.0001595020294189453
0.00015735626220703125
0.000156402587890625
0.00015592575073242188
0.0001666545867919922
0.00016880035400390625
0.0003490447998046875
0.00017547607421875
0.00036406517028808594
0.0001957416534423828
0.000164031982421875
0.00015854835510253906
0.00035119056701660156
0.0001785755157470703
0.0001819133758544922
0.00015926361083984375
0.00015664100646972656
0.00015354156494140625
0.0003476142883300781
0.0001964569091796875
0.00016069412231445312
0.0003361701965332031
0.00018596649169921875
0.0003654956817626953
0.00017714500427246094
0.0003261566162109375
0.00018906593322753906
0.00018072128295898438
0.00033473968505859375
0.00034809112548828125
0.00019550323486328125
0.00016736984252929688
0.0003371238708496094
0.0003483295440673828
0.0002281665802001953
0.00037384033203125
0.00019359588623046875
0.00017499923706054688
0.00018596649169921875
0.0001652240753173828
0.0001552104949951172
0.000156402587890625
0.00013780593872070312
0.0005245208740234375
0.0016829967498779297
0.0016827583312988281
0.0016455650329589844
0.0015213489532470703
0.0015897750854492188
0.0013928413391113281
0.0011916160583496094
0.0005030632019042969
0.0014576911926269531
0.0005271434783935547
0.0007367134094238281
0.0018992424011230469
0.0011622905731201172
0.0020897388458251953
0.0012125968933105469
0.0012676715850830078
0.00081634521484375
0.0016224384307861328
0.0006542205810546875
0.0014960765838623047
0.0015864372253417969
0.0013790130615234375
0.0019254684448242188
0.0012521743774414062
0.0009164810180664062
0.0018763542175292969
0.0016779899597167969
0.0019109249114990234
0.0014941692352294922
0.001210927963256836
0.0007660388946533203
0.0013654232025146484
0.0011894702911376953
0.0013816356658935547
0.0019216537475585938
0.0014946460723876953
0.0017001628875732422
0.0021238327026367188
0.0013840198516845703
0.0013511180877685547
0.0018546581268310547
0.0013217926025390625
0.0018033981323242188
0.001375436782836914
0.0016179084777832031
0.001191854476928711
0.0006434917449951172
0.0007085800170898438
0.001455545425415039
0.0016760826110839844
0.0013628005981445312
0.0017468929290771484
0.0014100074768066406
0.0014739036560058594
0.0006926059722900391
0.0011501312255859375
0.001434326171875
0.001882791519165039
0.0013129711151123047
0.0025124549865722656
0.0014159679412841797
0.0014984607696533203
0.0017795562744140625
0.0007607936859130859
0.0014796257019042969
0.0016143321990966797
0.0011630058288574219
0.0007038116455078125
0.0015869140625
0.0016748905181884766
0.0006215572357177734
0.0024127960205078125
0.0014181137084960938
0.0012412071228027344
0.0019156932830810547
0.0017995834350585938
0.0014979839324951172
0.0014519691467285156
0.0008602142333984375
0.0007236003875732422
0.000701904296875
0.001739501953125
0.0021953582763671875
0.0012645721435546875
0.0016295909881591797
0.0006618499755859375
0.0005118846893310547
0.0008955001831054688
0.0005438327789306641
0.0006458759307861328
0.0013842582702636719
0.0012819766998291016
0.0008318424224853516
0.0015444755554199219
0.0010404586791992188
0.0016438961029052734
0.0014445781707763672
0.0014262199401855469
0.0010585784912109375
0.001619100570678711
0.0016491413116455078
0.0007483959197998047
0.0014722347259521484
0.000698089599609375
0.0014824867248535156
0.0014624595642089844
0.00185394287109375
0.001432657241821289
0.002027750015258789
0.0012590885162353516
0.0005824565887451172
0.001249074935913086
0.0007021427154541016
0.0005218982696533203
0.0017087459564208984
0.0012755393981933594
0.0015082359313964844
0.0022156238555908203
0.0013720989227294922
0.0007100105285644531
0.0018770694732666016
0.001718759536743164
0.0016336441040039062
0.0021560192108154297
0.001653432846069336
0.0015227794647216797
0.0015194416046142578
0.001386404037475586
0.0013823509216308594
0.0017807483673095703
0.0006482601165771484
0.0006229877471923828
0.0007410049438476562
0.0005304813385009766
0.0006542205810546875
0.0009360313415527344
0.00156402587890625
0.0014083385467529297
0.0009353160858154297
0.0015635490417480469
0.0009765625
0.0009541511535644531
0.0005104541778564453
0.0015232563018798828
0.0017344951629638672
0.0013353824615478516
0.0020477771759033203
0.0019481182098388672
0.0017032623291015625
0.001119852066040039
0.0017044544219970703
0.0015230178833007812
0.0013513565063476562
0.0020170211791992188
0.0013585090637207031
0.0008754730224609375
0.0014505386352539062
0.0019147396087646484
0.0008287429809570312
0.0017666816711425781
0.0015404224395751953
0.0009756088256835938
0.0018837451934814453
0.0012385845184326172
0.0017895698547363281
0.0015594959259033203
0.00089263916015625
0.0008242130279541016
0.0012805461883544922
0.0008485317230224609
0.0007810592651367188
0.0006809234619140625
0.0012230873107910156
0.001466512680053711
0.0017657279968261719
0.0006427764892578125
0.0006608963012695312
0.0016193389892578125
0.001712799072265625
0.0017287731170654297
0.0006346702575683594
0.0013432502746582031
0.0010030269622802734
0.0020666122436523438
0.0008780956268310547
0.0023789405822753906
0.0009250640869140625
0.0017213821411132812
0.0015339851379394531
0.001649618148803711
0.0012331008911132812
0.001110076904296875
0.0013475418090820312
0.0016574859619140625
0.0005228519439697266
0.0013265609741210938
0.0015363693237304688
0.0012433528900146484
0.0010144710540771484
0.0018186569213867188
0.0015912055969238281
0.0014495849609375
0.0007004737854003906
0.0016412734985351562
0.0012402534484863281
0.0013623237609863281
0.0013628005981445312
0.001863718032836914
0.0014731884002685547
0.0013751983642578125
0.000240325927734375
0.0016627311706542969
0.0006132125854492188
0.0017576217651367188
0.0005397796630859375
0.0012316703796386719
0.0013053417205810547
0.0011522769927978516
0.001238107681274414
0.0011217594146728516
0.001256704330444336
0.0014390945434570312
0.0009584426879882812
0.0018470287322998047
0.0015566349029541016
0.0011150836944580078
0.00109100341796875
0.0013146400451660156
0.001104116439819336
0.0014603137969970703
0.00045037269592285156
0.0014481544494628906
0.0006344318389892578
0.0012383460998535156
0.000247955322265625
0.0007162094116210938
0.0015769004821777344
0.0006644725799560547
0.0012159347534179688
0.0006434917449951172
0.0005600452423095703
0.0013804435729980469
0.0009958744049072266
0.0003523826599121094
0.0012307167053222656
0.0016632080078125
0.00046539306640625
0.0013937950134277344
0.0012345314025878906
0.0013742446899414062
0.0015821456909179688
0.0010390281677246094
0.0012764930725097656
0.0006496906280517578
0.000644683837890625
0.0009899139404296875
0.0004570484161376953
0.0014634132385253906
0.001628875732421875
0.0007288455963134766
0.001619100570678711
0.0013391971588134766
0.0008273124694824219
0.0003826618194580078
0.0006723403930664062
0.0016999244689941406
0.0014421939849853516
0.0010106563568115234
0.0012965202331542969
0.001081228256225586
0.0013766288757324219
0.0005304813385009766
0.001325368881225586
0.0011703968048095703
0.0014324188232421875
0.0008935928344726562
0.0006873607635498047
0.0003173351287841797
0.001226663589477539
0.0016236305236816406
0.0018486976623535156
0.0012273788452148438
0.0012784004211425781
0.0019142627716064453
0.0013957023620605469
0.0013604164123535156
0.001300811767578125
0.0015974044799804688
0.001546621322631836
0.0011136531829833984
0.0015320777893066406
0.0010936260223388672
0.001764059066772461
0.0010967254638671875
0.001354217529296875
0.0010986328125
0.0017485618591308594
0.0014834403991699219
0.001641988754272461
0.0010972023010253906
0.0010962486267089844
0.0011265277862548828
0.0013866424560546875
0.0013785362243652344
0.0013659000396728516
0.0011334419250488281
0.0012853145599365234
0.0013363361358642578
0.0014882087707519531
0.0013468265533447266
0.0011222362518310547
0.0011050701141357422
0.001232147216796875
0.0009429454803466797
0.0008935928344726562
0.0008106231689453125
0.00039315223693847656
0.0003712177276611328
0.0002846717834472656
0.00047087669372558594
0.0003883838653564453
0.000209808349609375
0.0011429786682128906
0.0011477470397949219
0.0010876655578613281
0.0010652542114257812
0.0011410713195800781
0.0011069774627685547
0.0010890960693359375
0.0010898113250732422
0.0008738040924072266
0.0008664131164550781
0.001013040542602539
0.0009167194366455078
0.0003857612609863281
0.000843048095703125
0.0013630390167236328
0.000990152359008789
0.0012729167938232422
0.0010333061218261719
0.0011708736419677734
0.0009083747863769531
0.0005025863647460938
0.0006191730499267578
0.0005576610565185547
0.0004267692565917969
0.001435995101928711
0.0015501976013183594
0.0013706684112548828
0.0013768672943115234
0.0012640953063964844
0.0012660026550292969
0.0009860992431640625
0.001081228256225586
0.0010867118835449219
0.0012831687927246094
0.0010230541229248047
0.000993490219116211
0.0012128353118896484
0.0010409355163574219
0.0010676383972167969
0.00090789794921875
0.0005776882171630859
0.0006036758422851562
0.0005114078521728516
0.0007812976837158203
0.0006327629089355469
0.0008723735809326172
0.0009667873382568359
0.0014541149139404297
0.0010628700256347656
0.0009431838989257812
0.0006909370422363281
0.0011610984802246094
0.001294851303100586
0.0012688636779785156
0.0014171600341796875
0.0010449886322021484
0.0011034011840820312
0.0012369155883789062
0.0009937286376953125
0.0009810924530029297
0.0010950565338134766
0.0009975433349609375
0.0009591579437255859
0.0008797645568847656
0.0005850791931152344
0.0005164146423339844
0.0005154609680175781
0.0008795261383056641
0.0005645751953125
0.0013475418090820312
0.001569509506225586
0.0012578964233398438
0.0012009143829345703
0.0010409355163574219
0.0011525154113769531
0.0009737014770507812
0.0009624958038330078
0.0012886524200439453
0.0012180805206298828
0.0011332035064697266
0.001399993896484375
0.0010259151458740234
0.0013780593872070312
0.0011665821075439453
0.0012755393981933594
0.0010564327239990234
0.001237630844116211
0.0013895034790039062
0.0011336803436279297
0.0011012554168701172
0.001142263412475586
0.0011487007141113281
0.0010914802551269531
0.0012593269348144531
0.001186370849609375
0.0010902881622314453
0.0008745193481445312
0.0009970664978027344
0.0007610321044921875
0.0012683868408203125
0.0006358623504638672
0.0007390975952148438
0.0010001659393310547
0.0006053447723388672
0.0005061626434326172
0.0009744167327880859
0.0009806156158447266
0.0005366802215576172
0.0007936954498291016
0.001123189926147461
0.0005567073822021484
0.0007417201995849609
0.0004899501800537109
0.0005714893341064453
0.0004010200500488281
0.0019683837890625
0.0010797977447509766
0.001279592514038086
0.0012853145599365234
0.001199483871459961
0.0011768341064453125
0.001115560531616211
0.0011820793151855469
0.0013093948364257812
0.0012884140014648438
0.0010523796081542969
0.0010402202606201172
0.0010862350463867188
0.0011138916015625
0.0012772083282470703
0.0010828971862792969
0.0012884140014648438
0.001070261001586914
0.0010848045349121094
0.0009827613830566406
0.0010182857513427734
0.0012254714965820312
0.0010519027709960938
0.0009741783142089844
0.0010361671447753906
0.001165628433227539
0.001256704330444336
0.001251220703125
0.0010218620300292969
0.0010075569152832031
0.0008823871612548828
0.0010304450988769531
0.0010960102081298828
0.0009765625
0.0011529922485351562
0.0008630752563476562
0.0007193088531494141
0.0008597373962402344
0.0005214214324951172
0.0008978843688964844
0.0005216598510742188
0.0005605220794677734
0.0009088516235351562
0.0006666183471679688
0.00086212158203125
0.0005261898040771484
0.0004825592041015625
0.0007746219635009766
0.0006062984466552734
0.0006411075592041016
0.0006124973297119141
0.0005288124084472656
0.000553131103515625
0.0005400180816650391
0.0005388259887695312
0.0011065006256103516
0.0016512870788574219
0.001255035400390625
0.001161813735961914
0.001275777816772461
0.0014274120330810547
0.0012156963348388672
0.001134634017944336
0.0009813308715820312
0.0010807514190673828
0.0014374256134033203
0.001129150390625
0.0010547637939453125
0.0009915828704833984
0.0009839534759521484
0.0012383460998535156
0.0012269020080566406
0.0011637210845947266
0.0011451244354248047
0.0011589527130126953
0.0009176731109619141
0.0005843639373779297
0.0005307197570800781
0.0005109310150146484
0.0010230541229248047
0.0005316734313964844
0.0005121231079101562
0.0005946159362792969
0.000415802001953125
0.0011718273162841797
0.001129150390625
0.0011205673217773438
0.0010330677032470703
0.0009796619415283203
0.0012326240539550781
0.0008816719055175781
0.0006239414215087891
0.0005764961242675781
0.0005338191986083984
0.0007500648498535156
0.0006120204925537109
0.0005843639373779297
0.00045371055603027344
0.0004372596740722656
0.0011110305786132812
0.0011489391326904297
0.00096893310546875
0.0014309883117675781
0.0009369850158691406
0.0014181137084960938
0.001070261001586914
0.0014591217041015625
0.0010509490966796875
0.0008826255798339844
0.0014247894287109375
0.001046895980834961
0.0011320114135742188
0.0012576580047607422
0.0007357597351074219
0.0011272430419921875
0.0012655258178710938
0.0010318756103515625
0.0008547306060791016
0.0013041496276855469
0.0009315013885498047
0.0006327629089355469
0.0009758472442626953
0.0006275177001953125
0.0010504722595214844
0.0010373592376708984
0.0006878376007080078
0.0003952980041503906
0.0015032291412353516
0.0012614727020263672
0.0014455318450927734
0.0011184215545654297
0.0011088848114013672
0.0012407302856445312
0.001070261001586914
0.0011746883392333984
0.0010318756103515625
0.001119852066040039
0.0009791851043701172
0.0010194778442382812
0.0011599063873291016
0.0011587142944335938
0.0011212825775146484
0.0011954307556152344
0.001043081283569336
0.0008761882781982422
0.0006766319274902344
0.0007483959197998047
0.0005738735198974609
0.0005211830139160156
0.0005197525024414062
0.0004987716674804688
0.0008447170257568359
0.0004885196685791016
0.0005011558532714844
0.0006642341613769531
0.0004923343658447266
0.0006198883056640625
0.0005362033843994141
0.0005671977996826172
0.0009744167327880859
0.001148223876953125
0.0011110305786132812
0.0009448528289794922
0.00041174888610839844
0.0006735324859619141
0.0010828971862792969
0.0008533000946044922
0.000469207763671875
0.00046539306640625
0.000934600830078125
0.0010151863098144531
0.0010554790496826172
0.0005156993865966797
0.001264810562133789
0.0009846687316894531
0.0011992454528808594
0.0014195442199707031
0.0011768341064453125
0.0013048648834228516
0.001073598861694336
0.0012862682342529297
0.0012416839599609375
0.001062154769897461
0.001049041748046875
0.0011506080627441406
0.0009098052978515625
0.0013401508331298828
0.001394510269165039
0.0006146430969238281
0.0007708072662353516
0.0005252361297607422
0.0005934238433837891
0.0006842613220214844
0.00081634521484375
0.0009496212005615234
0.0005524158477783203
0.0011374950408935547
0.0010552406311035156
0.00043845176696777344
0.0010099411010742188
0.0008909702301025391
0.00045561790466308594
0.0008001327514648438
0.0010824203491210938
0.0005948543548583984
0.0012407302856445312
0.001222848892211914
0.0016777515411376953
0.001043081283569336
0.0009276866912841797
0.0010085105895996094
0.0008399486541748047
0.0005395412445068359
0.0006911754608154297
0.001132965087890625
0.0008721351623535156
0.000949859619140625
0.0008485317230224609
0.00036215782165527344
0.00034046173095703125
0.0008130073547363281
0.0012249946594238281
0.0007395744323730469
0.0010099411010742188
0.0010521411895751953
0.0009889602661132812
0.0012345314025878906
0.0012004375457763672
0.0009081363677978516
0.001062154769897461
0.00106048583984375
0.0008611679077148438
0.0009233951568603516
0.0008575916290283203
0.0008699893951416016
0.0008697509765625
0.0008716583251953125
0.0008656978607177734
0.0010571479797363281
0.0010547637939453125
0.0008308887481689453
0.0007960796356201172
0.0010561943054199219
0.0008044242858886719
0.0008094310760498047
0.0009512901306152344
0.0009562969207763672
0.0008275508880615234
0.0008256435394287109
0.0008213520050048828
0.0007989406585693359
0.0010335445404052734
0.0007245540618896484
0.0010268688201904297
0.0007429122924804688
0.0007331371307373047
0.000713348388671875
0.0011904239654541016
0.001077413558959961
0.0007121562957763672
0.0007224082946777344
0.0007386207580566406
0.0008597373962402344
0.000858306884765625
0.0008399486541748047
0.0007264614105224609
0.0007414817810058594
0.0007882118225097656
0.0011551380157470703
0.0013263225555419922
0.0010128021240234375
0.0009307861328125
0.0011022090911865234
0.0007472038269042969
0.0007309913635253906
0.0011522769927978516
0.0007481575012207031
0.0007212162017822266
0.0007297992706298828
0.0009341239929199219
0.0007495880126953125
0.0008749961853027344
0.0010111331939697266
0.0010323524475097656
0.0008833408355712891
0.0007305145263671875
0.0008637905120849609
0.0007565021514892578
0.0009179115295410156
0.0007424354553222656
0.0009303092956542969
0.0007236003875732422
0.0008795261383056641
0.0007600784301757812
0.0007448196411132812
0.0007207393646240234
0.0010967254638671875
0.0009005069732666016
0.0009567737579345703
0.0008552074432373047
0.0008761882781982422
0.0009377002716064453
0.0008625984191894531
0.001050710678100586
0.0008645057678222656
0.0010035037994384766
0.0008912086486816406
0.0009465217590332031
0.000904083251953125
0.0010716915130615234
0.0008864402770996094
0.0008156299591064453
0.0007843971252441406
0.0007979869842529297
0.0008232593536376953
0.0008003711700439453
0.0007824897766113281
0.0007200241088867188
0.0007336139678955078
0.0007174015045166016
0.0006954669952392578
0.0007312297821044922
0.0008065700531005859
0.0008013248443603516
0.0007884502410888672
0.0007963180541992188
0.0008900165557861328
0.0008573532104492188
0.0008533000946044922
0.0008525848388671875
0.0005950927734375
0.0009779930114746094
0.0010666847229003906
0.0012881755828857422
0.0007719993591308594
0.001062154769897461
0.0007452964782714844
0.0006198883056640625
0.0008373260498046875
0.0007157325744628906
0.0007104873657226562
0.0006170272827148438
0.0007097721099853516
0.0006055831909179688
0.0006392002105712891
0.0005068778991699219
0.0002918243408203125
0.0004925727844238281
0.00047779083251953125
0.0005667209625244141
0.00042366981506347656
0.00045943260192871094
0.000240325927734375
0.000244140625
0.0008039474487304688
0.00023412704467773438
0.00021696090698242188
0.0003304481506347656
0.00039839744567871094
0.0003349781036376953
0.0006859302520751953
0.000274658203125
0.0004487037658691406
0.00039315223693847656
0.00020003318786621094
0.00021457672119140625
0.00017690658569335938
0.00030422210693359375
0.00020456314086914062
0.00029206275939941406
0.00017833709716796875
0.00019097328186035156
0.0003476142883300781
0.0003886222839355469
0.0002818107604980469
0.0004036426544189453
0.00024509429931640625
0.0002334117889404297
0.0004718303680419922
0.0005400180816650391
0.0005922317504882812
0.00030493736267089844
0.00028133392333984375
0.0002789497375488281
0.00022649765014648438
0.0002219676971435547
0.00023245811462402344
0.00023984909057617188
0.0002346038818359375
0.00012922286987304688
0.0004911422729492188
0.0004210472106933594
0.0005650520324707031
0.00039577484130859375
0.00039267539978027344
0.0004165172576904297
0.0003814697265625
0.00041174888610839844
0.00038552284240722656
0.0005390644073486328
0.0005295276641845703
0.0003943443298339844
0.00040650367736816406
0.00037860870361328125
0.00041556358337402344
0.000518798828125
0.00042510032653808594
0.00038623809814453125
0.0003898143768310547
0.00040721893310546875
0.0003757476806640625
0.0005598068237304688
0.00038051605224609375
0.0005717277526855469
0.00038242340087890625
0.00039076805114746094
0.0005443096160888672
0.00039458274841308594
0.0005431175231933594
0.0004220008850097656
0.0004410743713378906
0.0005784034729003906
0.0004553794860839844
0.0003795623779296875
0.0004458427429199219
0.0004146099090576172
0.0004372596740722656
0.0003848075866699219
0.00038361549377441406
0.0005385875701904297
0.0003879070281982422
0.0004036426544189453
0.0003807544708251953
0.0005469322204589844
0.0005161762237548828
0.0005564689636230469
0.0003757476806640625
0.0005469322204589844
0.0005173683166503906
0.00041294097900390625
0.00038433074951171875
0.00041985511779785156
0.0005619525909423828
0.0003936290740966797
0.000415802001953125
0.0003795623779296875
0.00040793418884277344
0.00038433074951171875
0.00038695335388183594
0.0005424022674560547
0.0003952980041503906
0.0005471706390380859
0.000377655029296875
0.00041484832763671875
0.0005204677581787109
0.0005693435668945312
0.0003910064697265625
0.0004153251647949219
0.0003905296325683594
0.0006127357482910156
0.0004229545593261719
0.0005991458892822266
0.0003859996795654297
0.00039267539978027344
0.0005447864532470703
0.0003902912139892578
0.00054931640625
0.0003809928894042969
0.0004076957702636719
0.0005197525024414062
0.0003826618194580078
0.0003859996795654297
0.0004050731658935547
0.0004057884216308594
0.00032782554626464844
0.00041294097900390625
0.00038814544677734375
0.0003933906555175781
0.00040793418884277344
0.0005285739898681641
0.00041556358337402344
0.000385284423828125
0.0003943443298339844
0.0004031658172607422
0.0005297660827636719
0.0004050731658935547
0.0005311965942382812
0.0004210472106933594
0.0005261898040771484
0.00040078163146972656
0.0005273818969726562
0.00042557716369628906
0.0003848075866699219
0.00039386749267578125
0.0004024505615234375
0.0005257129669189453
0.00041031837463378906
0.0003807544708251953
0.0005662441253662109
0.0003750324249267578
0.00041484832763671875
0.0005207061767578125
0.0004203319549560547
0.00039267539978027344
0.00038743019104003906
0.0006601810455322266
0.0004029273986816406
0.000408172607421875
0.0003795623779296875
0.0004124641418457031
0.0005204677581787109
0.0004057884216308594
0.0003886222839355469
0.0005259513854980469
0.0005388259887695312
0.0005478858947753906
0.0003821849822998047
0.00042700767517089844
0.0004324913024902344
0.00037860870361328125
0.00037479400634765625
0.00017523765563964844
0.00032401084899902344
0.00016546249389648438
0.0001652240753173828
0.00017023086547851562
0.00032639503479003906
0.00031757354736328125
0.0001780986785888672
0.00016951560974121094
0.00015211105346679688
0.00014829635620117188
0.00014591217041015625
0.0001442432403564453
0.00016164779663085938
0.0001609325408935547
0.00033545494079589844
0.00031495094299316406
0.00017714500427246094
0.0003407001495361328
0.0003173351287841797
0.00032711029052734375
0.0001823902130126953
0.0003178119659423828
0.0003154277801513672
0.00017571449279785156
0.00016880035400390625
0.0001537799835205078
0.000331878662109375
0.0003299713134765625
0.00034332275390625
0.00016736984252929688
0.00015020370483398438
0.000148773193359375
0.00015854835510253906
0.00014710426330566406
0.00016760826110839844
0.0003387928009033203
0.0001628398895263672
0.0001609325408935547
0.00015115737915039062
0.00016736984252929688
0.00014734268188476562
0.00014328956604003906
0.00014352798461914062
0.0001423358917236328
0.0001571178436279297
0.00034999847412109375
0.00016570091247558594
0.0003199577331542969
0.00017786026000976562
0.00019669532775878906
0.0001556873321533203
0.0001461505889892578
0.00014638900756835938
0.0003418922424316406
0.00018262863159179688
0.0003223419189453125
0.0003135204315185547
0.00017762184143066406
0.0001671314239501953
0.0003192424774169922
0.0001621246337890625
0.0003402233123779297
0.00018453598022460938
0.00015425682067871094
0.0003209114074707031
0.00016379356384277344
0.0001671314239501953
0.00033974647521972656
0.00031447410583496094
0.00012993812561035156
0.0014910697937011719
0.0011620521545410156
0.001851797103881836
0.0016012191772460938
0.0014393329620361328
0.0013170242309570312
0.0013647079467773438
0.000858306884765625
0.0014777183532714844
0.0005693435668945312
0.0012505054473876953
0.0006396770477294922
0.0018160343170166016
0.00118255615234375
0.0007107257843017578
0.0015909671783447266
0.0009360313415527344
0.0012450218200683594
0.0008981227874755859
0.0013360977172851562
0.0013570785522460938
0.0008153915405273438
0.001245260238647461
0.00151824951171875
0.0011303424835205078
0.0017631053924560547
0.0012440681457519531
0.0011441707611083984
0.0008106231689453125
0.0006666183471679688
0.0011966228485107422
0.0008230209350585938
0.0011289119720458984
0.0016925334930419922
0.0014567375183105469
0.0012841224670410156
0.0016546249389648438
0.0014412403106689453
0.0012514591217041016
0.0012128353118896484
0.0014262199401855469
0.001959085464477539
0.0018541812896728516
0.00130462646484375
0.0014722347259521484
0.0018258094787597656
0.0013089179992675781
0.0006453990936279297
0.0010013580322265625
0.0006361007690429688
0.0006203651428222656
0.0017752647399902344
0.00164794921875
0.0006587505340576172
0.0004899501800537109
0.0006411075592041016
0.0013322830200195312
0.0014481544494628906
0.0007436275482177734
0.0004546642303466797
0.0015354156494140625
0.0012972354888916016
0.0017096996307373047
0.0008285045623779297
0.0006978511810302734
0.0019373893737792969
0.001272439956665039
0.001115560531616211
0.0012314319610595703
0.0012214183807373047
0.0008258819580078125
0.0013229846954345703
0.001566171646118164
0.0006723403930664062
0.0008559226989746094
0.0014104843139648438
0.0016214847564697266
0.0015206336975097656
0.0009167194366455078
0.0010292530059814453
0.0009987354278564453
0.0004787445068359375
0.0007350444793701172
0.0008409023284912109
0.0012257099151611328
0.0013432502746582031
0.0006473064422607422
0.0008785724639892578
0.0014238357543945312
0.0014195442199707031
0.0017447471618652344
0.0006818771362304688
0.0018570423126220703
0.0019240379333496094
0.0008587837219238281
0.0019207000732421875
0.0010733604431152344
0.0013871192932128906
0.0013003349304199219
0.0014119148254394531
0.001630544662475586
0.0016415119171142578
0.0015990734100341797
0.0012598037719726562
0.0012350082397460938
0.001215219497680664
0.0010771751403808594
0.0009641647338867188
0.0007109642028808594
0.0005168914794921875
0.0005333423614501953
0.0006537437438964844
0.001466989517211914
0.0013997554779052734
0.0012993812561035156
0.0010776519775390625
0.0013928413391113281
0.0013191699981689453
0.0015921592712402344
0.0016646385192871094
0.0019538402557373047
0.0013399124145507812
0.0017521381378173828
0.0013628005981445312
0.001035451889038086
0.0017688274383544922
0.001569509506225586
0.0013773441314697266
0.0006623268127441406
0.0020813941955566406
0.0013453960418701172
0.0016126632690429688
0.0014412403106689453
0.0008032321929931641
0.0020291805267333984
0.001524209976196289
0.0016982555389404297
0.001291513442993164
0.0014216899871826172
0.0009930133819580078
0.0014717578887939453
0.0006687641143798828
0.0016155242919921875
0.001476287841796875
0.0016069412231445312
0.0017230510711669922
0.0006711483001708984
0.001735687255859375
0.0015568733215332031
0.001138925552368164
0.0012428760528564453
0.0014972686767578125
0.0006625652313232422
0.00164794921875
0.0013082027435302734
0.0007083415985107422
0.0006110668182373047
0.0011086463928222656
0.0013396739959716797
0.0005581378936767578
0.001316070556640625
0.0016031265258789062
0.00160980224609375
0.001535654067993164
0.0014507770538330078
0.0018377304077148438
0.0012440681457519531
0.0016450881958007812
0.0012497901916503906
0.0013647079467773438
0.0012052059173583984
0.0016515254974365234
0.0014483928680419922
0.0014729499816894531
0.0014312267303466797
0.0014150142669677734
0.0010781288146972656
0.001653432846069336
0.001094818115234375
0.0006093978881835938
0.0004665851593017578
0.001577138900756836
0.0010454654693603516
0.0012006759643554688
0.0015430450439453125
0.0004608631134033203
0.0014286041259765625
0.0013475418090820312
0.0013737678527832031
0.0013506412506103516
0.0011539459228515625
0.0006535053253173828
0.001130819320678711
0.0013020038604736328
0.00035834312438964844
0.0012536048889160156
0.0015289783477783203
0.0013556480407714844
0.0003173351287841797
0.0014688968658447266
0.00084686279296875
0.0007648468017578125
0.0011491775512695312
0.0004253387451171875
0.0013804435729980469
0.0006220340728759766
0.0004405975341796875
0.0005819797515869141
0.0003726482391357422
0.0012094974517822266
0.0016319751739501953
0.0013325214385986328
0.0012063980102539062
0.0011658668518066406
0.00031304359436035156
0.0012011528015136719
0.001218557357788086
0.0015168190002441406
0.001239776611328125
0.0011246204376220703
0.0005271434783935547
0.000530242919921875
0.0009319782257080078
0.0011005401611328125
0.001340627670288086
0.0011248588562011719
0.0011532306671142578
0.0015201568603515625
0.0009188652038574219
0.0011072158813476562
0.0012934207916259766
0.0008101463317871094
0.0003821849822998047
0.0004291534423828125
0.00030112266540527344
0.0009512901306152344
0.0011208057403564453
0.0007967948913574219
0.0006170272827148438
0.0009169578552246094
0.0013298988342285156
0.0014674663543701172
0.0004372596740722656
0.0011875629425048828
0.0010528564453125
0.001363515853881836
0.0013971328735351562
0.0012996196746826172
0.0012526512145996094
0.0013184547424316406
0.0005064010620117188
0.0017316341400146484
0.0015921592712402344
0.001058340072631836
0.0008859634399414062
0.0014050006866455078
0.0012254714965820312
0.001245737075805664
0.0010542869567871094
0.0014808177947998047
0.0012402534484863281
0.0012423992156982422
0.0010464191436767578
0.0011570453643798828
0.0011353492736816406
0.0011467933654785156
0.0014069080352783203
0.001245737075805664
0.0008826255798339844
0.0006997585296630859
0.0006198883056640625
0.0002613067626953125
0.0003609657287597656
0.00039315223693847656
0.00018978118896484375
0.001046895980834961
0.001102447509765625
0.0010516643524169922
0.0010700225830078125
0.0010037422180175781
0.0011205673217773438
0.0009083747863769531
0.0010068416595458984
0.0009434223175048828
0.0008757114410400391
0.0008683204650878906
0.0008592605590820312
0.0008633136749267578
0.0008590221405029297
0.0010235309600830078
0.0008752346038818359
0.0008628368377685547
0.0011472702026367188
0.0008578300476074219
0.0009706020355224609
0.001201629638671875
0.0009465217590332031
0.001116037368774414
0.0008077621459960938
0.0009448528289794922
0.0009238719940185547
0.0009319782257080078
0.0008327960968017578
0.0008358955383300781
0.0010695457458496094
0.0009057521820068359
0.0009007453918457031
0.0010159015655517578
0.0010137557983398438
0.0009908676147460938
0.0010662078857421875
0.0009000301361083984
0.0008373260498046875
0.0008230209350585938
0.0008654594421386719
0.0008952617645263672
0.0009326934814453125
0.0007574558258056641
0.0010731220245361328
0.0012443065643310547
0.0012712478637695312
0.0008037090301513672
0.0009772777557373047
0.0008997917175292969
0.0012586116790771484
0.0008263587951660156
0.0008978843688964844
0.0008809566497802734
0.0007555484771728516
0.00092315673828125
0.0011796951293945312
0.0008833408355712891
0.0006582736968994141
0.0006361007690429688
0.0006239414215087891
0.0004754066467285156
0.0004830360412597656
0.00044536590576171875
0.0004494190216064453
0.0004265308380126953
0.0008921623229980469
0.0004649162292480469
0.000476837158203125
0.0005886554718017578
0.0007469654083251953
0.0006258487701416016
0.0005719661712646484
0.0006189346313476562
0.000583648681640625
0.0006623268127441406
0.0005054473876953125
0.00045371055603027344
0.0006110668182373047
0.0004551410675048828
0.0007026195526123047
0.0004639625549316406
0.0004601478576660156
0.00048041343688964844
0.0004832744598388672
0.0007703304290771484
0.0003304481506347656
0.0008261203765869141
0.0005428791046142578
0.0006401538848876953
0.0012865066528320312
0.0009312629699707031
0.0010349750518798828
0.0009372234344482422
0.0010194778442382812
0.0009036064147949219
0.0009000301361083984
0.0009911060333251953
0.001031637191772461
0.0009329319000244141
0.0008723735809326172
0.0010097026824951172
0.0010335445404052734
0.0009758472442626953
0.0008761882781982422
0.0009982585906982422
0.0009627342224121094
0.0009355545043945312
0.0010581016540527344
0.0009758472442626953
0.001127481460571289
0.0009677410125732422
0.0011317729949951172
0.0009264945983886719
0.001129150390625
0.0008757114410400391
0.001219034194946289
0.000873565673828125
0.0009684562683105469
0.0008327960968017578
0.0009794235229492188
0.0008327960968017578
0.0008606910705566406
0.0008590221405029297
0.0009262561798095703
0.0010309219360351562
0.0010173320770263672
0.0008554458618164062
0.0008628368377685547
0.0008180141448974609
0.0008149147033691406
0.0008082389831542969
0.0007920265197753906
0.0008084774017333984
0.0008194446563720703
0.0008234977722167969
0.0008866786956787109
0.0007290840148925781
0.001065969467163086
0.001024007797241211
0.0009558200836181641
0.0009303092956542969
0.0008289813995361328
0.0009584426879882812
0.00057220458984375
0.0006594657897949219
0.0009577274322509766
0.0006206035614013672
0.0005052089691162109
0.0004737377166748047
0.0004525184631347656
0.0005712509155273438
0.0004744529724121094
0.0005528926849365234
0.0004849433898925781
0.0006406307220458984
0.0004913806915283203
0.0004642009735107422
0.0006384849548339844
0.00041103363037109375
0.0004324913024902344
0.0003952980041503906
0.0005562305450439453
0.00040411949157714844
0.0004906654357910156
0.0004153251647949219
0.00046563148498535156
0.0006039142608642578
0.0005025863647460938
0.00044918060302734375
0.0004470348358154297
0.0004189014434814453
0.000331878662109375
0.0011661052703857422
0.0009350776672363281
0.0008664131164550781
0.0009202957153320312
0.0008795261383056641
0.0007536411285400391
0.0008296966552734375
0.0011601448059082031
0.0008981227874755859
0.0011055469512939453
0.0010161399841308594
0.000978231430053711
0.0010821819305419922
0.0011510848999023438
0.0009419918060302734
0.0009303092956542969
0.0010199546813964844
0.0008995532989501953
0.0009024143218994141
0.0008943080902099609
0.00112152099609375
0.001004934310913086
0.0010440349578857422
0.0010030269622802734
0.0009758472442626953
0.0008738040924072266
0.0008785724639892578
0.001142263412475586
0.0009729862213134766
0.0012371540069580078
0.0011706352233886719
0.0009367465972900391
0.0008854866027832031
0.0008804798126220703
0.0011293888092041016
0.0011203289031982422
0.0011210441589355469
0.0011332035064697266
0.0009760856628417969
0.0008716583251953125
0.0010085105895996094
0.0008752346038818359
0.0009753704071044922
0.0009887218475341797
0.0009758472442626953
0.000980377197265625
0.0008335113525390625
0.0008184909820556641
0.0008032321929931641
0.0007991790771484375
0.0009212493896484375
0.0009267330169677734
0.0008585453033447266
0.0009818077087402344
0.0010373592376708984
0.0009694099426269531
0.0009286403656005859
0.0008819103240966797
0.0009696483612060547
0.0010221004486083984
0.001115560531616211
0.0009732246398925781
0.0009262561798095703
0.0009713172912597656
0.0010955333709716797
0.0009448528289794922
0.0009212493896484375
0.0009305477142333984
0.0008933544158935547
0.0008633136749267578
0.000843048095703125
0.0008087158203125
0.0008723735809326172
0.0007531642913818359
0.0010144710540771484
0.0009424686431884766
0.0008785724639892578
0.0008909702301025391
0.0008070468902587891
0.0007450580596923828
0.0009713172912597656
0.0009417533874511719
0.0007684230804443359
0.0006546974182128906
0.0005366802215576172
0.00046372413635253906
0.00047850608825683594
0.0006132125854492188
0.000408172607421875
0.00040531158447265625
0.0004703998565673828
0.0004582405090332031
0.0005755424499511719
0.00051116943359375
0.0004699230194091797
0.0004608631134033203
0.0005779266357421875
0.0003509521484375
0.0004608631134033203
0.0003178119659423828
0.0008625984191894531
0.0008809566497802734
0.0002880096435546875
0.00031566619873046875
0.0007631778717041016
0.0011425018310546875
0.001009225845336914
0.0007054805755615234
0.0008251667022705078
0.0007402896881103516
0.0007245540618896484
0.0007777214050292969
0.0007228851318359375
0.0008211135864257812
0.0006961822509765625
0.0006928443908691406
0.0007121562957763672
0.0007333755493164062
0.0007164478302001953
0.0007770061492919922
0.0007009506225585938
0.0006620883941650391
0.0006704330444335938
0.0009386539459228516
0.0007421970367431641
0.000732421875
0.0006568431854248047
0.0006964206695556641
0.0008184909820556641
0.0006639957427978516
0.0008563995361328125
0.0009474754333496094
0.0006852149963378906
0.0007317066192626953
0.0006585121154785156
0.0009403228759765625
0.0007500648498535156
0.0008046627044677734
0.0009052753448486328
0.0006184577941894531
0.0006270408630371094
0.0007250308990478516
0.0006206035614013672
0.0007305145263671875
0.0006437301635742188
0.0006127357482910156
0.0007660388946533203
0.0007827281951904297
0.0006940364837646484
0.0007600784301757812
0.0008063316345214844
0.0007097721099853516
0.0006933212280273438
0.0007312297821044922
0.0008749961853027344
0.0007760524749755859
0.000759124755859375
0.0006756782531738281
0.0006299018859863281
0.0006849765777587891
0.0006635189056396484
0.0006797313690185547
0.0007140636444091797
0.0006957054138183594
0.0005462169647216797
0.0006988048553466797
0.0007872581481933594
0.0006608963012695312
0.0009584426879882812
0.0006680488586425781
0.0006453990936279297
0.0005471706390380859
0.0008296966552734375
0.0007832050323486328
0.0008013248443603516
0.0007369518280029297
0.0007102489471435547
0.0008187294006347656
0.0007171630859375
0.0010173320770263672
0.0007424354553222656
0.0008447170257568359
0.0011897087097167969
0.0008487701416015625
0.0013358592987060547
0.0008075237274169922
0.0008151531219482422
0.0008080005645751953
0.0008628368377685547
0.0009930133819580078
0.0008587837219238281
0.0008249282836914062
0.0007281303405761719
0.0006532669067382812
0.0005254745483398438
0.0005445480346679688
0.0002849102020263672
0.0003063678741455078
0.0003490447998046875
0.00040650367736816406
0.0002503395080566406
0.00022864341735839844
0.00038623809814453125
0.0003910064697265625
0.0003867149353027344
0.0003085136413574219
0.0008156299591064453
0.0003535747528076172
0.0006341934204101562
0.0002624988555908203
0.00025081634521484375
0.0006043910980224609
0.00021147727966308594
0.00018453598022460938
0.00016117095947265625
0.00025177001953125
0.00016164779663085938
0.0002040863037109375
0.0001881122589111328
0.0003199577331542969
0.0003523826599121094
0.0002772808074951172
0.0003573894500732422
0.0003910064697265625
0.0003783702850341797
0.0002582073211669922
0.0002429485321044922
0.0002467632293701172
0.0002522468566894531
0.00016236305236816406
0.00021576881408691406
0.0002589225769042969
0.00025963783264160156
0.00011277198791503906
0.0014770030975341797
0.0011529922485351562
0.0011730194091796875
0.0010874271392822266
0.0008261203765869141
0.0004467964172363281
0.000885009765625
0.0008654594421386719
0.0008115768432617188
0.0008141994476318359
0.0006639957427978516
0.00030517578125
0.0008292198181152344
0.00018548965454101562
0.0008568763732910156
0.0003261566162109375
0.0010750293731689453
0.0005128383636474609
0.0008566379547119141
0.0010399818420410156
0.0005121231079101562
0.0003399848937988281
0.0008046627044677734
0.00106048583984375
0.0008027553558349609
0.0006380081176757812
0.0009145736694335938
0.0008013248443603516
0.0009024143218994141
0.0009362697601318359
0.001214742660522461
0.0011081695556640625
0.0010001659393310547
0.0009059906005859375
0.0008749961853027344
0.001331329345703125
0.0005164146423339844
0.0007567405700683594
0.0007939338684082031
0.0009593963623046875
0.0008838176727294922
0.0009195804595947266
0.0009088516235351562
0.0009484291076660156
0.0010058879852294922
0.0012400150299072266
0.0008077621459960938
0.0009424686431884766
0.0008521080017089844
0.0006487369537353516
0.0008244514465332031
0.000789642333984375
0.00047969818115234375
0.0007731914520263672
0.0007853507995605469
0.0008325576782226562
0.0008742809295654297
0.0008351802825927734
0.000978708267211914
0.0001761913299560547
0.0007913112640380859
0.0006415843963623047
0.0008356571197509766
0.0004405975341796875
0.0006377696990966797
0.0011208057403564453
0.0009572505950927734
0.0007929801940917969
0.0008835792541503906
0.0009746551513671875
0.00023794174194335938
0.0008618831634521484
0.0008406639099121094
0.0009508132934570312
0.0005843639373779297
0.0008983612060546875
0.000385284423828125
0.00022339820861816406
0.0008027553558349609
0.0004601478576660156
0.0011343955993652344
0.0007905960083007812
0.0009555816650390625
0.0010967254638671875
0.0013577938079833984
0.00047469139099121094
0.0007431507110595703
0.0009188652038574219
0.000827789306640625
0.000301361083984375
0.0001590251922607422
0.0008869171142578125
0.00017189979553222656
0.0009047985076904297
0.0007450580596923828
0.0003871917724609375
0.0011360645294189453
0.00017571449279785156
0.0007083415985107422
0.0009791851043701172
0.0002512931823730469
0.00036835670471191406
0.0008919239044189453
0.0008175373077392578
0.0010530948638916016
0.0007998943328857422
0.0008502006530761719
0.0011048316955566406
0.0010495185852050781
0.0003039836883544922
0.001153707504272461
0.0006785392761230469
0.0007877349853515625
0.0008389949798583984
0.0009050369262695312
0.0007350444793701172
0.0012161731719970703
0.001071929931640625
0.0012197494506835938
0.0006546974182128906
0.00017309188842773438
0.00034928321838378906
0.0002918243408203125
0.0010869503021240234
0.0009710788726806641
0.0009813308715820312
0.0006079673767089844
0.0009412765502929688
0.0005891323089599609
0.0006794929504394531
0.0009539127349853516
0.0009438991546630859
0.0002346038818359375
0.000308990478515625
0.0004940032958984375
0.0007734298706054688
0.0003275871276855469
0.0011992454528808594
0.00017547607421875
0.0003561973571777344
0.000766754150390625
0.00025725364685058594
0.0008749961853027344
0.0007781982421875
0.0013499259948730469
0.0011391639709472656
0.0007979869842529297
0.0011098384857177734
0.0004773139953613281
0.0007646083831787109
0.0010828971862792969
0.0004837512969970703
0.0003490447998046875
0.0003859996795654297
0.00067901611328125
0.0010600090026855469
0.0012819766998291016
0.0007448196411132812
0.0008490085601806641
0.0008358955383300781
0.0007219314575195312
0.0003056526184082031
0.0008788108825683594
0.0011789798736572266
0.0007421970367431641
0.0005574226379394531
0.0008025169372558594
0.0004172325134277344
0.0009796619415283203
0.0006122589111328125
0.00112152099609375
0.00080108642578125
0.0008435249328613281
0.0008375644683837891
0.0004699230194091797
0.00047659873962402344
0.0009427070617675781
0.0001895427703857422
0.0005123615264892578
0.0006737709045410156
0.0008685588836669922
0.0006420612335205078
0.0008370876312255859
0.0007851123809814453
0.0008997917175292969
0.000232696533203125
0.0007884502410888672
0.0006611347198486328
0.0006158351898193359
0.0008118152618408203
0.0014102458953857422
0.0010628700256347656
0.0008194446563720703
0.0007884502410888672
0.0008368492126464844
0.0008413791656494141
0.0004749298095703125
0.000316619873046875
0.0007185935974121094
0.0005040168762207031
0.00066375732421875
0.00024271011352539062
0.0008034706115722656
0.0007185935974121094
0.0008375644683837891
0.0007698535919189453
0.0007827281951904297
0.0009448528289794922
0.0004699230194091797
0.00030732154846191406
0.0004489421844482422
0.00125885009765625
0.0008540153503417969
0.0008647441864013672
0.00017380714416503906
0.0009491443634033203
0.001039266586303711
0.0007898807525634766
0.0010955333709716797
0.000997781753540039
0.0010378360748291016
0.0009980201721191406
0.0008990764617919922
0.0007398128509521484
0.0009887218475341797
0.0010781288146972656
0.0009429454803466797
0.0009775161743164062
0.0004000663757324219
0.0008945465087890625
0.0005383491516113281
0.0010955333709716797
0.0005958080291748047
0.0008041858673095703
0.0007052421569824219
0.0004589557647705078
0.0007791519165039062
0.0009489059448242188
0.0008857250213623047
0.0006473064422607422
0.0004088878631591797
0.0012292861938476562
0.0008344650268554688
0.00047516822814941406
0.0003762245178222656
0.000324249267578125
0.0008103847503662109
0.0007975101470947266
0.0006384849548339844
0.00106048583984375
0.001453399658203125
0.0012221336364746094
0.0008485317230224609
0.0009703636169433594
0.0009851455688476562
0.0011889934539794922
0.0006806850433349609
0.0003292560577392578
0.0008718967437744141
0.0009038448333740234
0.0006608963012695312
0.0008080005645751953
0.000652313232421875
0.0006668567657470703
0.0009477138519287109
0.0009694099426269531
0.0007843971252441406
0.0008962154388427734
0.0008473396301269531
0.0008082389831542969
0.0008635520935058594
0.0010724067687988281
0.00017523765563964844
0.0008497238159179688
0.00047087669372558594
0.00042319297790527344
0.000797271728515625
0.0004646778106689453
0.0008606910705566406
0.0008375644683837891
0.0006258487701416016
0.0007376670837402344
0.0007948875427246094
0.0007941722869873047
0.0008006095886230469
0.0005824565887451172
0.0008838176727294922
0.0008337497711181641
0.0008111000061035156
0.000171661376953125
0.0009114742279052734
0.0007355213165283203
0.0008018016815185547
0.00031447410583496094
0.0006444454193115234
0.0003108978271484375
0.0004215240478515625
0.0010755062103271484
0.0008039474487304688
0.0004949569702148438
0.00048351287841796875
0.00045180320739746094
0.0010311603546142578
0.0007791519165039062
0.00034165382385253906
0.0007886886596679688
0.0009779930114746094
0.0012052059173583984
0.0007121562957763672
0.0008525848388671875
0.0009205341339111328
0.00045108795166015625
0.0006079673767089844
0.0006973743438720703
0.00028634071350097656
0.0009179115295410156
0.0002982616424560547
0.0003044605255126953
0.0003066062927246094
0.0002110004425048828
0.0008590221405029297
0.0009169578552246094
0.0006949901580810547
0.0006504058837890625
0.0008928775787353516
0.0008068084716796875
0.0010704994201660156
0.0010814666748046875
0.0005304813385009766
0.0008237361907958984
0.0007731914520263672
0.0010840892791748047
0.001071929931640625
0.00032329559326171875
0.0010669231414794922
0.0009672641754150391
0.0006763935089111328
0.0009827613830566406
0.0007078647613525391
0.0007846355438232422
0.0008325576782226562
0.0008552074432373047
0.00046062469482421875
0.0004887580871582031
0.0007596015930175781
0.0009708404541015625
0.0006022453308105469
0.0004038810729980469
0.00028252601623535156
0.0004687309265136719
0.0006544589996337891
0.00042176246643066406
0.0010848045349121094
0.0008215904235839844
0.0009634494781494141
0.0010724067687988281
0.0009207725524902344
0.0008680820465087891
0.0009589195251464844
0.00030612945556640625
0.0007834434509277344
0.0004405975341796875
0.0007069110870361328
0.000982522964477539
0.0009262561798095703
0.0006735324859619141
0.0004229545593261719
0.0009148120880126953
0.0009174346923828125
0.0010366439819335938
0.0008168220520019531
0.00017309188842773438
0.0008473396301269531
0.0009517669677734375
0.00041103363037109375
0.0006940364837646484
0.0008132457733154297
0.0009837150573730469
0.0010831356048583984
0.0002994537353515625
0.0009615421295166016
0.00037384033203125
0.0002808570861816406
0.0004413127899169922
0.0003628730773925781
0.0011932849884033203
0.0004775524139404297
0.0009105205535888672
0.0014412403106689453
0.0006558895111083984
0.0010228157043457031
0.0009427070617675781
0.0012936592102050781
0.0007596015930175781
0.0010845661163330078
0.0007741451263427734
0.0007231235504150391
0.0009529590606689453
0.0009670257568359375
0.0009620189666748047
0.0005354881286621094
0.0009176731109619141
0.0012180805206298828
0.0004830360412597656
0.00035858154296875
0.0002391338348388672
0.0004088878631591797
0.00028324127197265625
0.0009436607360839844
0.0003914833068847656
0.0007967948913574219
0.0011539459228515625
0.0011889934539794922
0.0010194778442382812
0.0011970996856689453
0.0008025169372558594
0.0006291866302490234
0.0006394386291503906
0.00044083595275878906
0.0007905960083007812
0.0007748603820800781
0.00033164024353027344
0.0007617473602294922
0.0008573532104492188
0.0006499290466308594
0.0006470680236816406
0.0011816024780273438
0.0007154941558837891
0.0005249977111816406
0.0011992454528808594
0.0006406307220458984
0.0013151168823242188
0.0012166500091552734
0.0004909038543701172
0.0010211467742919922
0.0011496543884277344
0.001062631607055664
0.0008924007415771484
0.0009663105010986328
0.0008897781372070312
0.000858306884765625
0.0011372566223144531
0.0008633136749267578
0.0008440017700195312
0.0010018348693847656
0.0009968280792236328
0.0008547306060791016
0.000804901123046875
0.0009655952453613281
0.0009751319885253906
0.0008935928344726562
0.0011069774627685547
0.000965118408203125
0.0010390281677246094
0.0009601116180419922
0.0008149147033691406
0.0008025169372558594
0.0008697509765625
0.0007793903350830078
0.0010902881622314453
0.0006983280181884766
0.0010564327239990234
0.0008344650268554688
0.0007359981536865234
0.0009210109710693359
0.0011489391326904297
0.0010113716125488281
0.0007190704345703125
0.0006995201110839844
0.0007126331329345703
0.0007271766662597656
0.0008356571197509766
0.000858306884765625
0.0010144710540771484
0.0011556148529052734
0.0007026195526123047
0.0010111331939697266
0.0007090568542480469
0.0008425712585449219
0.0007266998291015625
0.0011200904846191406
0.0007216930389404297
0.0006978511810302734
0.0010671615600585938
0.0010190010070800781
0.001049041748046875
0.000820159912109375
0.0007257461547851562
0.0007262229919433594
0.0009360313415527344
0.0007736682891845703
0.0007188320159912109
0.0007219314575195312
0.0008630752563476562
0.0009708404541015625
0.0008342266082763672
0.0008533000946044922
0.0007121562957763672
0.0007214546203613281
0.0008642673492431641
0.0007066726684570312
0.001005411148071289
0.0008733272552490234
0.000865936279296875
0.0007314682006835938
0.0007219314575195312
0.0006949901580810547
0.0007755756378173828
0.0008478164672851562
0.0010037422180175781
0.001074075698852539
0.0009582042694091797
0.0009348392486572266
0.0008082389831542969
0.0007965564727783203
0.0009746551513671875
0.0008218288421630859
0.0009620189666748047
0.0008866786956787109
0.0008521080017089844
0.0008020401000976562
0.0008084774017333984
0.0007052421569824219
0.0007040500640869141
0.0007765293121337891
0.0007925033569335938
0.0008475780487060547
0.0005936622619628906
0.0011827945709228516
0.0010466575622558594
0.001219034194946289
0.0006840229034423828
0.0007877349853515625
0.0010547637939453125
0.0006275177001953125
0.0009806156158447266
0.0011603832244873047
0.0007741451263427734
0.0008823871612548828
0.0011203289031982422
0.0008080005645751953
0.0007643699645996094
0.0008196830749511719
0.0007321834564208984
0.000591278076171875
0.0006475448608398438
0.0005280971527099609
0.0004260540008544922
0.0002956390380859375
0.0002951622009277344
0.00024008750915527344
0.0004725456237792969
0.0002541542053222656
0.000232696533203125
0.00042700767517089844
0.00016641616821289062
0.00039887428283691406
0.0001971721649169922
0.00019788742065429688
0.0002815723419189453
0.00019478797912597656
0.0006639957427978516
0.0005195140838623047
0.0006861686706542969
0.000179290771484375
0.00015997886657714844
0.00027251243591308594
0.0001652240753173828
0.00017714500427246094
0.00026297569274902344
0.00016117095947265625
0.00015878677368164062
0.00026917457580566406
0.00034165382385253906
0.00022792816162109375
0.0002334117889404297
0.0002377033233642578
0.00022649765014648438
0.00033354759216308594
0.0004525184631347656
0.0005173683166503906
0.0002574920654296875
0.0002636909484863281
0.0002505779266357422
0.0002455711364746094
0.00026869773864746094
0.00028395652770996094
0.0002663135528564453
0.000125885009765625
