19488914.85736451
34389548.83442292
52827221.241752334
53559065.8580896
52827221.241752334
52827221.241752334
16084792.001981974
20568125.497431327
63467659.77304385
63467659.773043856
63467659.773043856
58928903.8517044
43919808.333528385
58928903.8517044
11234718.999999996
49518632.056308776
58928903.8517044
45199646.06870648
51434938.20485235
28179628.687089033
15646107.66301089
81054662.44375283
74445019.2100229
66886895.09102954
48186074.06937344
62574968.15124114
5353159.734308511
90240557.63129392
49722651.893669866
41093636.0
55357648.97706854
28080541.568788275
24820468.648407564
31321415.693498816
19488914.85736451
16680288.0
21973602.084692672
6356305.035230364
6872692.996960486
4690828.0
10140493.541607566
10262239.181053013
8453452.896269687
120805705.20928301
106529197.0877167
150814053.6142094
1446265636.1893272
9123256740.057901
10193779796.394943
4446070608.065275
9972246320.592527
495145252.0593004
3623947086.9131083
1400107682.9319873
11604234965.123579
1681701524.9751344
9299661802.143744
678397082.795917
678397082.795917
22611319272.34505
639287870.5202746
8342460703.682229
1696676942.1293852
4897943202.50495
7066806669.737122
7066806669.737122
4204568398.6919084
4204568398.6919084
4897943202.50495
15903730083.531849
5799761247.229267
13593021831.606915
3902619413.7243557
6588588163.263299
6588588163.263299
3902619413.7243557
14663023425.059925
20082986395.136692
2970031884.633955
2782364359.693649
10118397174.8967
2672463262.1152835
3046730692.577664
2476959203.3005295
1612902692.6867757
1612902692.6867757
7281976319.134688
6301712220.078796
1510157709.0722225
2384066178.074141
1092737372.1606548
939527185.18083
758071955.8541033
758071955.8541033
928666945.2100514
6719538048.073252
10670077907.43388
6719538048.073252
6719538048.073252
6406815476.32133
680259760.0702608
6719538048.073252
23739800049.759808
597204942.5900004
5616469552.408927
1522702389.3324242
8661445625.188578
627236446.6499062
9570606090.941355
6049748405.31708
636230449.1448991
5851036831.546974
21367286158.673515
46046893851.33644
3704581078438.948
18227192444.426556
3680680684079.86
1262690096776.8022
3995956713301.237
676616207842.3154
3177054896827.2397
299643833049.17426
8013642521219.765
1137716485.96179
41388900004.809425
18763289280.0
21734485920.0
2084007389666.9678
1336277521465.9592
13669194336.051323
68778424860.50476
5205196748380.609
49664030252.431366
1279250316958.5305
2001054907619.1672
22707685571.68781
55576414806.29224
55576414806.29224
4965229215830.267
7385513681678.561
969990789566.54
45515372568.83136
959701592012.4918
8743768642.152126
31902682077.410107
2623849424300.3345
918358560.0000002
4671555578.666241
22810410834.47674
30506403518.89144
2140040189246.6921
2140040189246.6921
74660214827.70717
74660214827.70717
146758460071.31204
7465851206916.859
1924166153.2851148
5486340732.689259
280671084481.01074
31862243675.28662
31862243675.28662
31862243675.28662
21842150341.674896
77978446597.8275
6842281444809.238
25708336527.766003
3799272881618.763
20502044911.2401
4784988544201.542
1262690096776.8022
5314901893002.797
523291935591.63446
2069891640736.5107
332670904573.6628
8013642521219.765
1137716485.96179
20393692209.734814
136717632000.0
18763289280.0
21010003056.0
2354578516210.81
211931931926.80533
13213554524.849611
75898995035.15985
6774224017808.438
35276241976.29773
1628691077451.3464
68573159142.85715
5339244941.111969
55576414806.29224
56704971552.39752
3579705740370.116
66054196800.0
7125139794604.127
1018034000256.9788
45099860318.05914
194472041400.0
4190593993.504341
14383239494.461908
2197677297315.4897
887746608.0000001
1607741314.5339704
39122841041.915474
4696747199.999999
2969453906150.785
2140040189246.6921
4202425800.0
32835518189.999996
132330179536.15332
1161145388435.2695
8106999063931.032
3190071640.362059
11634977145.60827
177439010313.78992
31862243675.28662
3786948363.2760673
66091014010.73177
53643204967.430214
138211520848.87125
202465416600.0
1442776929.4501355
3867610977.763238
10162462430.402649
4874741296.456608
12144496396.8612
529704828.33577156
3623947086.9131083
200112146.96546084
13421264698.587421
1264861679.5971344
8940035566.989857
205668995.45082727
5622474459.898118
664914477.2910169
661948857.4648731
15232037565.059875
253180800.0
22611319272.34505
639287870.5202746
9142724465.942055
4232334676.8271055
128597558.85426846
253180800.0
24814148860.119328
4861617766.7282295
4885595727.849095
6925309974.002192
7044231439.80659
721277185.3700316
4151726912.7640347
4109488573.1444397
3409926915.116692
4771324948.564393
10025594754.508417
17156072666.48722
152337600.0
17426379682.501366
17541954985.459404
5249150.548387092
11562582570.912329
5736699535.757467
4214648724.212287
10413094226.679552
14871131516.865717
331291251.7475789
4283289863.4057536
7062358944.2925
123914568.85084084
169727820.86541113
643178968.0605297
10025594754.508415
152337600.0
17816577969.538113
17939505659.244915
14663023425.059925
2940975512.865679
2771801097.6463003
382216188.5400574
10209006476.606585
10365865874.66981
2834494547.4085555
1396159517.7193336
453751602.7032479
583652763.8590175
1612293751.037445
3652829478.091292
6239067907.144725
893695779.8975332
565334174.4110575
2012603319.83802
1087960511.1385233
648610184.4356492
751363377.2261322
757267036.0826747
208111216.69099313
4690852613.907776
7968997009.229581
521860799.9999999
7706604879.2527
7968997009.229581
1160899592.419547
6719538048.073252
146409986.79723263
3184552584.148674
7678967485.551218
917023044.3340018
1398579969.831647
3723973099.751236
466936200.0
28987827665.028843
28985321484.242928
21086885114.874653
3846907305.0
466936200.0
675583864.8227135
456788208.87633646
2040997734.7034583
10640105651.997015
437152975.5034369
13867384079.735796
1393420435.4000587
420772040.3640075
9570606090.941355
8163263945.160934
48924450.00000054
9425552872.64569
8591096720.163532
29634681787.810123
466936200.0
53355047.40210957
52107061.42752777
6544502137.517149
6544502137.517149
21428826.6094995
11233432.893778034
6310361240.873576
52107061.42752777
7982360958.242059
51834810.9375
63262000.17968582
7354975358.968299
35597630.67125277
3703312166.72541
334057886.1860466
101581829.10373126
14696854831.978252
94809707.1634825
94809707.1634825
268875148.1802299
12768266239.554502
135316280.75850275
106096577.06389707
92118240.0
64257839.99999999
64257839.99999999
64257839.99999999
64257839.99999999
64257839.99999999
64257839.99999999
64257839.99999999
64257839.99999999
185681578.5957447
64257839.99999999
10694579377.68294
59973983.99999999
59973983.99999999
59973983.99999999
8956367200.32829
67113744.0
67113744.0
67113744.0
139658721.19148937
67113744.0
67113744.0
9916366973.92118
13095001154.669922
51980400.0
51980400.0
6856185281.066843
48515040.0
5619364156.619216
60587943.82978723
6583701134.705918
17862930.0
48615930.85575131
3729286491.76898
2715120.0000000005
24379656.484845713
71618825.80700746
223246413.45855287
182821565.80700746
71618825.80700746
71618825.80700746
71618825.80700746
71618825.80700746
223246413.45855287
71618825.80700746
105698765.80700746
71618825.80700746
238515492.77290002
15120526520.114458
66844237.41987363
66844237.41987363
66844237.41987363
12478128510.729776
74801884.73176335
74801884.73176335
74801884.73176335
74801884.73176335
74801884.73176335
74801884.73176335
74801884.73176335
13395598545.39579
44462539.50175798
39911791.731723405
6798455872.313276
87481800.0
21428826.6094995
11233432.893778034
7011153944.594475
48226748.34249911
7982360958.242059
51834810.93749999
63997200.0
8227010474.887125
2348277.654028436
2448794481.584771
332857005.23081684
81265463.282985
295633814.1948673
90057600.0
7784153949.808683
86455296.00000012
16880787695.632069
16544644099.662848
14696854831.978252
93459415.81428687
94809707.1634825
248323112.12461263
90057600.0
58069661.314173736
2832748.6184508484
139519777.94645274
8407739623.3195305
7447917605.297824
92118240.0
64257839.99999999
64257839.99999999
53548200.0
62115912.0
64257839.99999999
1716481.2295124093
64257840.0
62115912.0
1220448.5224422673
64257839.99999999
901345423.2461791
12121979037.534103
12362591872.935957
59973983.99999999
59973983.99999999
51406272.000000015
10300220202.045702
13356882.0
67113744.0
67113744.0
21178876.69222833
67113744.0
67113744.0
280834004.81815386
7526498204.818685
54187200.0
12580040702.348944
12629629198.853495
97554000.0
51980400.0
51980400.0
6830802014.058838
41584320.00000001
5999706191.511615
26763186.77794105
166558577.5461144
7454344468.270141
14290343.999999996
18304965.0
164946600.0
320029539.2378053
4047599567.018589
2624616.0
7350620.86813187
175892176.00804135
269529139.53119606
127579947.38931298
5061150.0
5061150.0
71618825.80700746
175892176.00804135
243580729.9539394
59534513.964728914
174064432.785183
49478830.0
153012920.9707065
23676710.79395643
1992352206.1276333
19911618599.59735
16145922378.612877
21136283601.875427
15120526520.114458
5061150.0
138353239.31303844
138353239.31303847
166091400.0
17960062908.28783
1797520860.0
4486454303.760322
183709606.05284318
74801884.73176335
159813495.23607123
7152300.000000001
183056567.91384262
5061150.0
5061150.0
166091400.0
10079423.276923073
34159879.14112305
21014570.97572561
19185187.327148046
52367667.38913216
319496.1093092477
16084792.001981974
20546188.158901606
69186367.4602919
52912925.16751757
52125221.13359344
58928903.8517044
847065.6492634483
57727123.55066531
7645032.825563908
48478551.5131709
45221681.35821074
45118919.013560876
23957312.966983084
260919.7393364929
11239861.150892045
1917288.623116418
76308114.20668434
314707.2922321259
610471.4050852404
314707.2922321259
714207.9495808752
7366147.986801068
76888099.93739028
39628503.58424142
64381520.32272175
76888099.93739028
44031466.46018593
78120852.188016
39628503.58424144
78156822.26381929
305827.6514210355
314749.8464945387
79541333.99556682
78778749.22898865
81054662.44375283
34862881.45612765
27389920.215170827
67098842.71675146
314707.2922321259
259704.1232537294
72707078.99999084
74445019.2100229
2041568.6925918618
77078344.29693021
590515.2000000037
79479836.65391967
24525009.367726084
38746041.572100535
63746713.07857286
314749.8464945387
64463356.51993328
7366154.581391019
47514329.44474205
65577813.10510956
65577813.10510956
65577813.10510956
197877.10638429568
197877.10638429568
66343657.32859894
66343657.32859894
66343657.32859894
35940753.39187969
35940753.39187969
66518669.07818875
66544954.88211282
66222508.90047377
66652634.497464076
9496.290322580637
22403653.312090877
65673294.596946396
65673294.596946396
190720.13661248994
66193537.177552655
63140189.46723785
66485964.846679285
66193567.34652616
66742468.26978411
66742468.26978411
66886895.09102954
47926263.18189811
47974700.89412229
31527821.683028094
48064353.047662616
46903259.541527785
48064353.04766261
24332468.0
23334841.022932872
47970525.56460442
69062.96702034895
48124601.58266065
1836489.3148957312
1836489.314895731
47514329.44474205
202046.59678108132
66718832.829368755
66718832.829368755
35940753.3918797
66897694.03239376
67041726.497464076
11936091.0
4763943.52806504
66062386.5969464
190720.13661248994
606135.2025723472
62574968.15124114
1962415.0000000005
2502877.1317896815
48427871.13119987
48588781.97907753
48607985.67232658
289233.98198653094
49075010.10932235
49188558.460321136
49722651.893669866
27523328.554796074
38882696.00000001
41093636.0
329047.7022654249
786957.827865581
49118277.05636599
9481112.055297473
61645545.682618454
9857594.64304993
20019077.46779642
562350.0
947791.6015889595
27534276.375057638
6010629.507640534
28039915.618867926
9186373.353646357
5593710.553113554
8562716.256410254
18638917.489328194
14258142.692307696
6846242.278888893
21943108.78316307
19272736.90632143
8795769.000000002
8795769.000000002
15598716.136684014
8795769.0
1391520.0000000002
6864647.282674771
6862995.168389059
15840.000000000004
32877.66489692469
7983923.753986506
2211004.424908425
6394916.54374913
16881599.038382493
43675362.48025933
352814.3320481537
19227044.107890118
32717339.44838673
72310902.452305
72310902.452305
562350.0
562350.0
562350.0
113573797.85301791
113565856.67393057
113576288.86136086
58668403.38543658
115699082.62570241
108346290.50203395
115931597.73536225
12994685.0
76968.4115105404
39621313.69620782
76564788.36718795
125028954.03798464
1534872.000000003
562350.0
127024574.89799108
127024574.89799108
114955071.15921272
51218665.766593285
120805705.20928301
11664373.552038971
85927773.14016154
85944338.33482501
85927773.14016154
562350.0
562350.0
562350.0
88156201.45636818
25103226.000000004
39621313.69620783
562350.0
22151074.766896646
72377820.53659183
562350.0
562350.0
114185893.86337897
116464238.69125243
116861590.38424051
37470613.96389975
94021517.58277726
43675362.480259344
32767411.427695192
161962104.20188993
794700.0000000001
562350.0
562350.0
150814053.6142094
50760597.7626042
108444300.96387455
305060221.3381018
357070661.8373735
357070661.8373734
305060221.3381018
80778400.13103755
158466325.41620266
357070661.8373734
35794946.802796006
31424239.299761493
80098137.1902374
161801481.1038267
98578960.66433258
50760597.7626042
318494061.9034516
402726577.63247204
283707854.3696251
276707958.863463
184462223.10448712
75524784.48940745
37584256.87763439
25104251.734623015
27828097.0
129869961.8420622
230002394.79656956
230002394.79656956
129869961.8420622
129869961.8420622
39748596.0
140138024.46122217
8412932.171236182
8412932.171236182
8412932.171236182
27828097.0
29653967.22508857
9201695.426912237
111661010.9867646
106507087.99999999
232046047.0
232046047.0
111661010.9867646
111661010.9867646
47767764.0
5673272.11807798
106507087.99999999
111661010.9867646
383112564.50801927
559051889.6164048
75726167.99999997
163070412.0
80327749.95823196
55771384.0
75726167.99999997
80327749.95823196
55771384.0
320271620.87667364
46494473.00000001
93225242.0
93225242.0
57245081.66497445
46494473.00000001
46494473.00000001
11953391.0
57245081.66497445
201754189.27028573
30526437.0
29928669.919678625
41321098.272370085
25653316.0
25653316.0
57826037.72566191
32531305.0
14319908.232816767
180156311.2528005
188056488.65882882
33447047.636707015
362036035.2189327
362036035.2189327
188056488.65882882
188056488.65882882
362036035.2189327
8683365.905320942
8683365.905320942
133923025.34120104
180156311.2528005
8683365.905320942
8683365.905320942
188056488.65882882
8683365.905320942
873299193.5767081
433777203.8554982
1333945072.3513196
58496845.25048361
323113600.5241502
31424239.299761493
80098137.1902374
161801481.1038267
1237012455.6138065
391366488.8070519
276707958.863463
737848892.4179485
302099137.9576298
25104251.734623015
27828097.0
129869961.8420622
519479847.3682488
230002394.79656956
920009579.1862782
129869961.8420622
519479847.3682488
129869961.8420622
140138024.46122217
8412932.171236182
29653967.22508857
27828097.0
559051889.6164048
559051889.6164048
137625757.16259235
559051889.6164048
47767764.0
36806781.70764895
111661010.9867646
426028351.99999994
928184188.0
22693088.47231192
446644043.9470584
383112564.50801927
383112564.50801927
383112564.50801927
1532450258.032077
2132662097.0210974
652281648.0
16516728.097557172
55771384.0
75726167.99999997
223085536.0
320271620.87667364
320271620.87667364
1244122691.5066943
185977892.00000003
372900968.0
11953391.0
201754189.27028573
165284393.08948034
57826037.72566191
57826037.72566191
14319908.232816767
720625245.011202
188056488.65882882
188056488.65882882
362036035.2189327
362036035.2189327
1448144140.8757308
362036035.2189327
362036035.2189327
1448144140.8757308
188056488.65882882
362036035.2189327
133923025.34120104
180156311.2528005
180156311.2528005
720625245.011202
34733463.62128377
752225954.6353153
34733463.62128377
791493727.5533093
791493727.5533093
114398730.50969358
791493727.5533093
3025235209.3851414
474648626.09607
215094988527.4202
30497586895.104713
61038270338.56026
186965529.66051665
568455123.4056236
63199321113.39742
12415556.890456041
370188300.4799609
979161094.7388632
244790273.6847158
979161094.7388632
34062695714.74357
43997279.84066337
108265229630.4847
8094581037.913521
252744249.25426477
151879937.0672369
20338576678.32214
95926253775.46184
965977152.0
9067034810.45119
591238455.3860877
591238455.3860877
76598655614.8302
1359009786.4463365
591238455.3860877
5278745365.785347
2364953821.5443506
505726361.8759041
53048817153.08939
2022905447.5036163
2022905447.5036163
2022905447.5036163
514347624.0
37836000643.82919
216585781.35292143
3515059111.0268655
253449009.27196375
338960039.0987938
338960039.0987938
205178672162.55267
338960039.0987938
253449009.27196375
51294668040.63817
929453206.0287191
276968528.0800035
829557942.5300797
55816036829.143486
829557942.5300797
829557942.5300797
113673256410.84126
3318231770.120319
3318231770.120319
474648626.09606993
219729150575.15167
32250092226.472443
63506546574.57839
186965529.66051665
30896640.000000004
9452766257.999998
12415556.890456041
350200706.1502763
972366282.7104087
176650633.68485534
118966916.8779968
38737910508.15142
43790953.57210339
1463736192.0
37106055519.699295
8799695543.392855
252745121.66299942
51957094.768152244
12821134750.971552
102281412495.99998
965977152.0
6870542004.816234
18280512.0
603244378.2169949
97703326839.0611
837115679.1682205
63043538.612397395
2279869319.540822
2669883043.856997
505726361.8759041
56641138950.8799
210694698.11879948
1992883129.2029433
1682729334.340437
13866199.142409174
33363779603.585945
86138028.50201268
1087158188.3387575
54814585.06516038
411115177.2362844
162457308.00000003
17035895940.461855
703095893.731189
433783081.01229244
2055104256.0000002
2282689573.0821366
373272191.3770229
129887568.0
110723198617.9734
1343544486.8773952
56032344.0
42257895940.0084
4782734503.011723
6876076895.043601
433777203.8554982
1207636795.0080633
59722393.011986
323113600.52415013
31424239.29976151
80098137.1902374
85253707.56120951
1187108943.0244927
3432960.0000000005
3276162.684215345
1571803.1789496087
128644478.99999999
25104251.734623015
27828097.0
128628403.50716327
514513614.028653
301336.1937670952
919858390.7689991
114860660.01908694
13218546.319777424
13218546.319777424
112024995.62757471
140138024.46122217
8207273.974969035
29652160.776519064
71887.54554999262
51207138.22725506
3375744.0
232188871.36525697
120880139.77237466
25337000.544043332
531266480.0013694
524593033.7162353
327818950.600376
2011288445.9776511
47767763.999999985
36806781.70764895
111661010.98676458
5773010.529794695
426028351.99999994
928184188.0
21340358.798206154
446644043.9470583
2031168.0
421712985.79001576
291610544.27551717
2282940.156463724
421712985.79001576
423550486.8261751
13130024.827775067
200096421.2078337
200096421.20783374
311591391.9840552
455023529.107134
1686788191.0587974
1694201947.3047004
491512169.6190382
8813837.166576367
55771384.0
1660116.0033608172
223085536.0
320271620.87667364
321065284.9474255
1172390939.514401
23410522.01319994
700173686.3090277
1360975172.79358
153890420.00000003
1540688.7936010193
23341043.257735
11953391.000000002
186787493.90104115
23684238.31288455
53552080.15234178
2947926.0
14293069.714627478
7808532.62918574
11930072.560758475
6090509.451684486
316705050.65803736
18050812.000000007
98881677.9613531
51775196.00000001
230516704.69437128
5028394.84931507
413459425.06716126
1590890938.2020972
203594095.05343854
5396125.880659393
68321531.40268609
1952133.157296435
101754239.29571016
817005964.370984
2566730.919916434
20684204.540009443
46065852.87306149
62231015.000000015
22459464.0
514183966.0191772
205042960.40365446
171301891.7013566
279989964.39507985
6225816.0
629641571.6650077
438567656.4256414
51543535.59427817
140456823.91224808
24903264.0
3561274601.034976
1761567644.8267627
118662156.5240175
489860572.88655794
53773747131.85505
53773747131.85505
49513188239.91481
15259567584.640064
202524360.4936284
53773747131.85505
186965529.66051665
18890652741.783684
568455123.4056236
58676946180.00557
15799830278.349356
9640216076.085468
13544243.880497498
12415556.890456041
244790273.6847158
370188300.4799609
45518899760.20675
440307446.85967475
244790273.6847158
244790273.6847158
34062695714.74357
3510593090.841143
43997279.84066337
2023645259.4783802
63186062.31356619
151879937.0672369
20338576678.32214
208480992.0
23981563443.86546
241494288.0
241494288.0
34380079604.92537
20338576678.32214
288811505.8808813
151879937.0672369
2266758702.6127977
764204720.6722751
591238455.3860877
1359009786.4463365
591238455.3860877
591238455.3860877
1319686341.4463367
591238455.3860877
591238455.3860877
591238455.3860877
591238455.3860877
76598655614.8302
108265229630.4847
14611492245.552734
505726361.8759041
505726361.8759041
505726361.8759041
505726361.8759041
505726361.8759041
53048817153.08939
128586906.0
13285825134.562855
97894584.00000001
354474245.3045568
37836000643.82919
54146445.33823036
10203984.000000002
55250580.0
22906739.920060884
3515059111.0268655
253449009.27196375
253449009.27196375
65313580.15106261
338960039.0987938
338960039.0987938
338960039.0987938
51294668040.63817
338960039.0987938
338960039.0987938
338960039.0987938
338960039.0987938
253449009.27196375
32848338425.74092
32848338425.74092
51294668040.63817
3589237254.8563256
232363301.50717977
232363301.50717977
69242132.02000087
829557942.5300797
829557942.5300797
829557942.5300797
829557942.5300797
829557942.5300797
829557942.5300797
829557942.5300797
829557942.5300797
1710984556.5862093
113673256410.84126
118662156.52401748
357060229.55230546
54932287643.78792
55052919371.73059
52521825489.627075
15876636643.644598
227800499.01377884
64752870870.24419
186965529.66051665
18890652741.783684
30896640.000000004
74564196950.91043
3150922085.9999995
8860331334.826326
13544243.880497498
12415556.890456041
243091570.67760217
350200706.1502763
36784593204.58545
283245725.13520575
176650633.68485534
29741729.2194992
38737910508.15142
3898234118.876477
43790953.57210339
2199923885.8482137
1822901760.0
1463736192.0
37106055519.699295
63186280.415749855
51957094.768152244
12821134750.971552
22856419178.17473
208480992.0
25570353123.999996
241494287.99999994
241494288.0
36984753168.32621
914308788.5714285
4050702526.646851
135744345.89992708
151879937.0672369
1717635501.2040584
843322167.0573317
18280512.0
837115679.1682205
63043538.612397395
591238455.3860877
569967329.8852055
667470760.9642493
603244378.2169949
603244378.2169949
489947805.2263572
59783824614.412605
94911206876.28415
880722624.0
96372446612.21426
97703326839.0611
108265229630.4847
14746360282.137346
505726361.8759041
52673674.52969987
498220782.30073583
501109559.0895461
420682333.58510923
56641138950.8799
4712332.18258079
2592960552.0
93851893.59402129
199767215.20085987
33363779603.585945
33442340831.33981
28712676.167337567
10203984.0
49475625.34468331
37977043.33764356
1087158188.3387575
434698233.79906076
54814585.06516038
138511632.68581277
411115177.2362844
62623295.999999985
162457308.00000003
4258973985.1154637
338960039.0987938
50492644.843680896
703095893.731189
703095893.731189
433783081.01229244
42571798743.77541
32848338425.74092
2055104256.0000002
2650638718.9213676
570672393.2705342
570672393.2705342
93318047.84425573
56032344.0
1343544486.8773952
1195683625.7529306
1470335328.1794815
129887568.0
1719019223.7609003
56032344.0
501146640.0
1470335328.1794815
20771054337.81446
42257895940.0084
110409768215.82442
170814796843.13867
2699538888.0
50760597.76260419
108444300.96387455
116760446.33420482
336010413.3647684
336548338.12100744
305090848.9862503
80778400.13103753
173167793.14304203
394235327.2011685
35794946.802796
31424239.29976151
80098137.1902374
95258832.8624186
98578960.66433258
2757484.9013749477
319992648.6826376
3432960.0000000005
313168936.942004
3276162.684215345
523934.39298320294
44385685.0
37584256.8776344
25104251.734623015
27828097.0
128628403.50716327
128628403.50716326
229378747.47574794
2746465.300592783
226502945.3450422
321040.41768322745
229964597.69224977
229378747.47574794
194387727.12693867
3304636.579944356
114860660.01908694
3304636.579944356
128354355.64370589
39748596.0
140138024.46122217
8391899.442158114
8368326.628705006
8207273.974969035
6840813.338400248
29652160.776519064
82477.99999999997
136871252.41378444
27686102.2651143
3375744.0
3375744.0
531266480.0013694
362004883.55018884
59674795.61834327
409313121.4653512
534285638.08956707
233346548.05422336
3375744.0
524593033.7162353
47767763.999999985
9201695.426912237
11014409.052113915
111661010.98676458
5773010.529794695
111661010.9867646
106507088.00000001
106507088.0
106507087.99999999
231176041.4142554
232046047.0
232046047.0
232046047.0
167107279.8945734
232046047.0
1655314.655882034
2584446.3197060167
35579706.44939637
111661010.9867646
26500153.297060333
111661010.9867646
106507088.00000001
106507088.0
5335089.699551539
111661010.98676458
14786321.27744687
200096421.2078337
200096421.20783374
294522793.81345356
294522793.81345356
417732819.5616664
2031168.0
2031168.0
2031168.0
421335075.7306243
421320544.40760744
311591391.9840552
113755882.2767835
421697047.76469934
421697047.76469934
299570492.85132307
421712985.79001576
143095.99999999994
291610544.27551717
418320972.4581497
2282940.453506783
423550486.8261751
423550486.8261751
299570492.8513231
383112564.50801927
559051889.6164048
75726168.0
138834723.97809252
21989130.825495448
80327749.95823196
55771384.0
1660116.0033608172
80328150.64249662
55771384.0
14786321.277446872
317037833.09774196
317033514.56548935
5852630.503299985
320876201.6850319
215672930.47612125
321065284.9474255
352452689.198395
320271620.87667364
46494473.00000001
60757536.80835932
523592.46473119885
5835433.245735312
6050021.369376639
28371764.291022953
31540955.810067087
46494472.99999999
11953391.000000002
55916190.71971241
126666250.27320734
186787493.90104115
187099452.35736144
71369908.0
30526437.000000007
29928797.538611528
7894746.104294849
25653316.0
25653316.0
53552080.15234178
2947926.0
12215711.047551958
15780645.88747298
14293069.714627478
1952133.157296435
12246237.896003425
160755325.97541088
6090509.451684486
6090509.451684486
203776277.52521655
41058405.888107024
6958143.999999999
18050812.000000007
316705050.65803736
27686102.26511432
12943799.000000002
267113213.44392276
5028394.84931507
397722734.5505243
405348181.97702956
160786043.10338557
5610293.8715201
413459425.06716126
362036035.2189327
202249480.065768
203594095.05343854
203776277.52521655
16501913.950053152
188056488.65882882
395240955.9455605
5396125.880659393
68321531.40268609
652326.0000000071
7353730.127290581
1952133.157296435
1952133.157296435
101754239.29571016
204425663.09274602
206626521.19274405
125520480.33874153
855576.9733054782
199076201.796486
11511136.105419781
5171051.135002361
11516463.218265373
182659474.74222445
161301996.54654443
179493195.0485328
14786321.277446873
127994043.0369942
316586395.75804716
6225816.0
745753256.5343993
514253387.3488944
745753256.5343993
745513512.261432
524404981.8539617
765436427.182231
46818941.304082684
74073409.0
62231015.000000015
22459464.0
6225816.0
6225816.0
6225816.0
6225816.0
981844174.543363
525209422.64312834
635544122.9943933
928540.0813725492
9364569.896822479
23406697.302897975
31845891.735021114
31845891.73502111
7839659.583628777
9110635.433755279
26727587.999999996
69387.15301966181
31845891.73502111
9110635.433755279
4225212.810413737
4225212.810413737
4225212.810413737
9364569.896822479
7451976.0
7451976.0
4225212.810413737
9364569.89682248
9364569.89682248
26727588.0
9364569.896822479
3436024.0
3436024.0
7047560.0
33321294.587289914
33321294.587289914
26727588.0
9364569.896822479
12670688.0
12670688.0
188339.73207662036
12670688.0
4323020.0
4323020.0
4323020.0
17292080.0
41488247.0
7451976.0
7451976.0
73000.0
7451976.0
26727588.0
4008037.0
15976862.0
10915776.0
3593556.0
1703543.0
1703543.0
21104025.212635532
21104025.212635532
131006.97013210798
21104025.212635532
71798175.77184193
27331414.50404127
699548.34375
866961.3275109173
906218111.1967247
2217321.762873522
333960.9060402684
554330.4407183805
2217321.7628735215
35392154.04653919
906218111.1967247
554330.4407183805
84813530.7748395
124815.92104197813
979268.34375
1081529.207539294
124815.92104197813
255344989.18882757
1162976.34375
575942.34375
503888.21800663264
564546521.5187525
3144945.375
863451745.696289
1128686.9900414583
1128686.9900414583
1128686.9900414583
2080623.0717571888
348360145.7423868
1128686.9900414583
1128686.9900414583
1128686.9900414583
348360145.7423868
1688213.2310019927
10574593.030848412
10574593.030848412
4514747.960165833
14777742.929964725
4514747.960165833
14777742.929964725
8322492.287028755
713976.0
713976.0
2614096.0
1023536.0
713976.0
293690236.41923285
713976.0
2614096.0
713976.0
713976.0
1346543.0
293690236.41923285
2855904.0
9904476.0
2855904.0
18348292.0
2855904.0
1174760945.6769314
577560.0
577560.0
621160.0
577560.0
217256421.8480457
217256421.8480457
2310240.0
2310240.0
3801120.0
2310240.0
869025687.3921828
198477.0
124908921.34478222
793908.0
793908.0
499635685.3791289
678780.0
233796.0
2686486.678091324
795764.7311889718
795764.7311889718
795764.7311889718
795764.7311889718
2031350.7311889718
795764.7311889718
795764.7311889718
795764.7311889718
795764.7311889718
1006134.7311889719
795764.7311889718
59396219.50467164
795764.7311889718
795764.7311889718
795764.7311889718
795764.7311889718
795764.7311889718
795764.7311889718
795764.7311889718
502677202.45287526
3183058.924755887
13439970.712365294
3183058.924755887
4697722.924755887
3183058.924755887
3183058.924755887
3183058.924755887
3183058.924755887
3183058.924755887
3183058.924755887
2010708809.811501
167122.06736656843
699548.34375
866961.3275109172
766968094.5069844
2217321.762873522
261640.06877622008
554330.4407183804
2217321.7628735215
37469062.63061738
923700179.8922118
554330.4407183805
86358628.83245677
124815.92104197812
979268.3437499999
1081529.207539294
124815.92104197812
4467620.716553163
169659.23834990873
67482.00000000001
67482.0
406942067.83867866
218673.89714253444
131528934.0
661494.5996080993
1115791.5982564592
1128686.9900414583
1928890.9216158525
327567182.61719114
1072043.781149695
58913.45462178592
1128686.9900414583
229200307.2709155
1200768.0
334782063.1377712
134435964.8756123
1205699.3643882186
10574593.030848412
4161794.9941214886
4463166.393025837
192421.79262713826
235209.26619808108
14777742.929964725
8322492.287028755
54729.24220044168
713976.0
2614096.0
1023536.0000000002
153861.0000000004
94394784.87624612
318880701.8199924
713976.0
2557787.2798676044
256485.51430247907
119511.00000000006
1322879.1797503193
44761138.97051814
292618897.5541576
2855904.0
8311455.940730874
2855904.0
18349817.338088892
2855903.9999999995
540571442.793604
792496696.0
577560.0
577560.0
621160.0
444264.55062050954
60452707.45907018
187322724.11855912
187322724.11855912
563868.0
2310240.0
3801120.0000000005
2310240.0
866561373.0825504
198476.99999999994
108147501.45795494
165439.24242636416
793907.9999999998
77718423.00000001
476575.2490129034
175347.0
1952581.4097982314
1072043.781149695
67482.0
1954357.5112004594
646182.0
2693788.511200459
7773.565377643505
1954357.5112004594
1947410.2969557724
1700143.5663411834
2073305.2969557724
259209.00000000035
131024430.67202756
67482.0
322568.55911169166
962090.7137404581
1598415.6186099942
67482.0
1947410.2969557724
67482.0
17236123.567184642
78347709.02875824
2214552.0
2214552.0
123217967.85581689
2645978.3984323973
15169029.491097072
6393662.474439977
269928.0
6588249.49109707
7817430.044801838
6800574.2653647335
3848362.8549618325
6795871.489626106
6393662.474439977
164170764.0
68944494.26873854
7331.5158644525745
9364569.896822479
23100724.302897975
20698402.590548564
8500572.934265336
29071.11875291334
210574.0
26319623.999999993
69387.15301966181
31505921.735021114
9110635.433755279
4225212.810413738
4225212.810413737
4225212.810413737
9240766.234126784
7451975.999999998
2508490.30174342
4225212.810413737
18851.01810909856
18851.026732619153
17725968.0
7498.0
10596.000000000002
7498.0
7047560.0
29992.0
22494.0
3852213.0
9364569.896822479
10396793.0
1578272.4790608592
10396793.000000002
10396793.0
12670688.000000002
12670688.000000002
10396793.0
6545.939402420657
6535.2314136356945
3316021.7850856846
10396793.0
10396793.0
6830409.241285094
5766.594683048356
5846188.1928471895
12670688.0
188112.55547717903
598663.0187447892
6535.2314136356945
10396793.0
3484517.0
12670688.000000002
16878039.0
22189954.55512232
26134.362910897897
25212692.0
21380.19918079314
26134.362910897897
40774310.0
41484467.0
6081.0269111601865
4323020.0
4323020.0
18851.01314582128
4323020.0
4323020.0
4323020.0
18284.496671238565
4323020.0
4323020.0
4323020.0
228182.59548438128
4323020.0
4323020.0
4323020.0
2577114.521936805
13279.000000000005
4323020.0
4323020.0
4323020.0
17001421.879504576
17292080.0
5930936.161103761
17292080.0
17292080.0
17292080.0
17163688.0
17292080.0
7498.0
4848336.0
7451975.999999998
7451976.0
1199644.1888323661
7451976.0
39752.857142857145
7451976.0
7451976.0
17725968.0
62652.0
3099800.0577862645
8288352.0
12583776.0
25830335.999999993
26319624.0
26319647.999999996
4008037.0
4008037.0
4008037.0
11476052.0
4661684.0
18382.1380473738
4265111.0
53078.939058116965
62738.62832523816
674517.0
1703543.0
79551.35101947087
10480265.94965868
6961318.999999999
10396793.0
1949630.0
210574.0
7498.0
904.9999999999999
162804.36217423732
4508427.9518113425
7498.0
30358.999999999996
10361698.365911692
10396793.0
10396793.000000002
10396793.0
10396793.0
242637.83457782882
6777655.15933616
15328952.78953195
598663.0187447892
10396793.0
4508427.9518113425
7498.0
7498.0
7498.0
10596.000000000002
7498.0
8700913.0
1993653.5363061018
19471793.750863202
7498.0
22253278.92012151
18236117.307137743
25136644.826568827
29992.0
823951.8622264252
8521311.639277708
33133767.36379222
41412999.99999999
29992.0
41412999.99999999
41412999.99999999
27327245.36540091
41412999.99999999
2508982.7250016257
5848890.0
22494.0
2108165.6124174283
67658623.20101456
75404.00000000001
29992.0
69767005.70839396
19599723.40768974
46371121.43755953
27331414.50404127
27331414.504041266
699548.34375
216740.3318777293
216740.33187772933
216740.33187772933
592833.8600234397
554330.4407183804
226554527.79918116
226554527.79918116
554330.4407183805
554330.4407183805
226554527.79918116
83490.2265100671
404835.2265100671
554330.4407183805
554330.4407183804
206441102.12385064
226554527.79918116
554330.4407183805
84813530.7748395
124815.92104197813
124815.92104197813
226554527.79918116
124815.92104197813
554330.4407183805
350018.9616110745
979268.34375
1081529.207539294
255344989.18882757
124815.92104197813
84813530.7748395
575942.34375
255344989.18882757
255344989.18882757
215862936.42407224
1162976.34375
702911.1131076203
575942.34375
575942.34375
255344989.18882757
206227925.53232712
503888.21800663264
198821861.9511526
198821861.9511526
503888.21800663264
575942.34375
575942.34375
141136630.3796881
1264535.730315156
786236.34375
378698.19863034866
255344989.18882757
89758572.06976095
215862936.42407224
89758572.06976093
2643648.257712103
1128686.9900414583
1128686.9900414583
5305665.288913982
1128686.9900414583
1128686.9900414583
2643648.257712103
1128686.9900414583
1128686.9900414583
3694435.732491181
1128686.9900414583
1128686.9900414583
1128686.9900414583
1128686.9900414583
1439534.9016861997
1128686.9900414583
1128686.9900414583
1128686.9900414583
1128686.9900414583
2643648.257712103
1688213.2310019927
1128686.9900414583
1128686.9900414583
2080623.0717571888
1688213.2310019927
1128686.9900414583
3694435.732491181
3694435.732491181
2080623.0717571888
1023536.0
713976.0
713976.0
713976.0
713976.0
713976.0
2614096.0
713976.0
2614096.0
713976.0
713976.0
2476119.0
3124701.0
713976.0
713976.0
713976.0
1023536.0
713976.0
1967037.0
4587073.0
713976.0
713976.0
713976.0
713976.0
1346543.0
713976.0
713976.0
713976.0
713976.0
713976.0
713976.0
1346543.0
713976.0
713976.0
713976.0
2476119.0
713976.0
713976.0
293690236.41923285
348360145.7423868
577560.0
577560.0
577560.0
577560.0
577560.0
577560.0
621160.0
950280.0
577560.0
656040.0
577560.0
577560.0
577560.0
217256421.8480457
438552.0
1643352.0
198477.0
198477.0
198477.0
198477.0
547902.0
124908921.34478222
403602.0
169695.0
169695.0
84940342.51651719
58449.0
43994.99999999999
30168.0
35409451.48116942
292602.0
795764.7311889718
2502454.6780913235
2031350.7311889718
795764.7311889718
795764.7311889718
2869666.678091324
2686486.678091324
795764.7311889718
795764.7311889718
795764.7311889718
795764.7311889718
795764.7311889718
795764.7311889718
795764.7311889718
795764.7311889718
795764.7311889718
795764.7311889718
795764.7311889718
795764.7311889718
1439998.7311889718
3359992.6780913235
795764.7311889718
795764.7311889718
795764.7311889718
795764.7311889718
795764.7311889718
1174430.7311889718
795764.7311889718
795764.7311889718
795764.7311889718
795764.7311889718
795764.7311889718
795764.7311889718
795764.7311889718
2502454.6780913235
795764.7311889718
795764.7311889718
795764.7311889718
795764.7311889718
3542533.678091324
795764.7311889718
2031350.7311889718
795764.7311889718
795764.7311889718
795764.7311889718
795764.7311889718
795764.7311889718
795764.7311889718
795764.7311889718
795764.7311889718
1174430.7311889718
795764.7311889718
795764.7311889718
1006134.7311889719
795764.7311889718
795764.7311889718
795764.7311889718
2869666.678091324
795764.7311889718
1439998.7311889718
795764.7311889718
795764.7311889718
502677202.45287526
167122.06736656843
5860050.480151546
699548.34375
216740.3318777293
216740.33187772933
216740.3318777293
592833.8600234397
554330.4407183804
191742023.6267461
191871087.06158322
554330.4407183804
554330.4407183805
1166424.0
67482.0
404835.2265100671
554330.4407183804
554330.4407183804
176318856.19021687
230925044.97305295
554330.4407183805
86358628.83245677
124815.92104197813
124815.92104197814
226350100.33162394
124815.92104197812
554330.4407183805
36888.540480537784
979268.3437499999
1081529.207539294
255344989.18882757
124815.92104197812
68913327.67815554
575942.3437499999
123214570.83124651
4467620.716553163
45780066.21161878
169659.43675508336
711080.0
575942.34375
67482.00000000001
106234830.39937872
218352302.45347342
503888.21800663264
72791525.64839827
38275760.28496158
67482.0
575942.34375
67482.0
101735516.95966966
43920.800072667815
54668.47428563361
67482.0
193180600.77991316
57692885.45876123
43842978.0
57692885.45876124
2643648.257712103
1128686.990041458
661494.5996080993
5305665.288913981
1115791.5982564592
1112612.0930272245
1040448.7485303722
1128686.9900414583
1115791.5982564592
67482.0
1128686.9900414583
1128686.9900414583
1072043.781149695
1128686.9900414583
806523.0738079688
67482.0
67482.0
67482.0
1128686.9900414583
1771943.7137404582
119511.00000000004
1128686.9900414583
1128686.9900414583
1928890.9216158525
1205699.3643882186
67482.0
3608652.763561764
3694435.732491181
2080623.0717571888
63629655.72867804
229200307.2709155
3941784.1892648973
1200768.0
1200768.0
2038997.1760782357
1200768.0
327567182.61719114
327567182.61719114
46056363.0946485
189383198.1157007
334036778.1391246
334782063.1377712
134435964.8756123
229142806.2227254
1200768.0
373831760.39040387
300142136.29001904
124573031.23991168
1023536.0
713976.0
404754.0
713976.0
67482.0
713976.0
2557787.2798676044
256485.51430247907
2614096.0
713976.0
713976.0
2077863.9851827186
1929807.4661581789
713975.9999999999
713976.0
713976.0
1023536.0000000002
119511.00000000006
878919.4539411456
4587454.334522223
713975.9999999999
713976.0
713976.0
713976.0
1322879.1797503193
713976.0000000001
713976.0
48238.611765512076
713976.0
713975.9999999999
713976.0
1346543.0
713976.0
713976.0
153861.0000000004
32084.14064058037
713976.0
713976.0000000001
7664381.802161979
135142860.698401
33729057.482637994
215099018.9905329
290950099.6043568
94394784.87624612
44761138.97051814
722496.0
292618897.5541576
292618897.5541576
292621947.29621536
292988948.67931944
1300720.0
318880701.8199924
251391180.02546936
198124174.0
348360145.7423868
577560.0
140967.0
577560.0
577560.0
577560.0
577560.0
621160.0
950280.0000000001
577560.0000000001
596319.1914004143
577560.0
577560.0
444264.55062050954
60452707.45907018
2220781.0339481914
187322724.11855912
216640343.2706376
220862824.38127914
220862884.38127917
159894192.00000003
438552.0
157052.5053245006
198476.99999999994
67482.0
198476.99999999994
198476.99999999994
547902.0
2199288.0
4293404.822857504
108147501.45795494
108245735.1937753
25906141.0
2199288.0
403601.99999999994
169695.0
158858.41633763447
88871298.416264
58449.0
43995.00000000001
30168.0
29366014.753077917
292602.0
1954357.5112004594
3023639.2969557727
1771943.7137404582
67482.0
67482.0
3223663.372774268
1952581.4097982314
661494.5996080993
962090.7137404581
1072043.781149695
1954357.5112004594
67482.0
322568.55911169166
962090.7137404581
795764.7311889718
67482.0
1954357.5112004594
1598415.6186099942
478917.0000000001
902802.2045886813
3792257.372774268
1598415.6186099942
1954357.5112004594
67482.0
1947410.2969557724
1700143.5663411831
67482.0
1647062.3727742676
795764.7311889718
1954357.5112004594
1700143.5663411834
1700143.5663411834
1647062.3727742676
67482.0
2797835.372774268
298008.5863636364
1647062.3727742678
1954357.5112004594
646182.0
4057017.566341183
95364.00000000001
2693788.511200459
661494.5996080992
1700143.5663411834
67482.0
962090.7137404581
1947410.2969557724
1698967.8724065265
7773.565377643505
1947410.2969557724
1934049.2531687003
67482.0
1598415.6186099942
2073305.2969557724
67482.0
962090.713740458
1223308.0
1700143.5663411834
259209.00000000035
986300.0
1954357.5112004594
67482.0
510072.0
17236123.567184642
67653229.23094894
78347709.02875824
2214552.0
2214552.0
2214552.0
486775609.20721835
177428592.19248846
308382419.1240523
502030582.7730015
54723588.0
54723588.0
118038847.39643486
123217967.85581689
17236123.567184635
140116446.91960174
2214552.0
502677202.45287526
916645.0813725491
1513034.0
7498.0
1513034.0
2728943.9999999995
10396793.0
29694.113725257204
7826568.191908165
3479427.665044531
7826568.191908165
8302542.000000001
3484517.0
10463251.0
3484517.0
10161107.973502113
3223940.5004970543
10115687.2429649
6954696.45439812
7498.0
3484517.0
7498.0
3223900.0
210574.0
7451975.999999999
7451976.0
10463251.0
10115687.2429649
5660919.0
5660919.0
5660919.000000001
10463251.0
5535792.258630535
10161107.973502113
10463251.0
5143962.775891602
7498.0
10396793.0
7451975.999999998
3479419.0
10784581.0
5660919.0
5143962.775891602
13279.000000000005
10396793.0
6961352.728028489
2728944.0
18851.119917231477
2179080.2778749196
18851.09611723148
1166645.0
14729.059653991955
7451976.0
10784586.0
7451976.0
8700795.567178648
6954696.45439812
7498.0
3436024.0000000005
3436070.730396422
3436023.9999999995
3436023.9999999995
9694771.052636156
7498.0
1949630.0
10596.000000000002
7498.0
7498.0
10396793.0
7498.0
1761890.0
7498.0
6961352.728028491
7498.0
7498.0
10784585.999999998
1166645.0
7498.0
1378082.9999999998
1166645.0
10784586.0
12670688.0
12670687.999999998
12670688.0
8700913.0
12670687.999999998
12670688.0
198138.0
198138.0
871532.9999999998
8700913.0
10396793.0
10396793.0
10396793.0
10396793.0
10396793.0
10396793.0
7498.0
7498.0
13279.000000000005
13279.000000000005
7498.0
17535.0
7498.0
7498.0
7498.0
10596.000000000002
15663.0
7498.0
7498.0
1128448.0000000005
10396793.0
10396793.0
10396793.0
7768891.325582811
7768891.325582811
10396793.0
10396793.0
10396793.0
10396793.0
2179075.0
10396793.000000004
2179075.0
6961352.72802849
3484517.0
3484517.0
10396793.000000002
10396793.0
10396793.0
10396793.0
10396793.0
7768891.32558281
10396793.0
1949630.0
7498.0
1378091.646683333
9694771.052636154
15663.0
12670687.999999998
6954696.454398118
6954696.454398118
12670688.000000002
12670688.000000002
12670688.000000002
12670688.000000002
7498.000000000001
7498.0
7498.0
7498.0
7498.0
13279.000000000005
12670688.000000002
12670688.000000002
12670688.000000002
12670688.000000002
12670688.000000002
12670688.000000002
12670688.000000002
6961352.72802849
12670688.0
12670688.0
12670688.0
198155.00000000003
198155.00000000003
378755.0
1742674.3637891887
4323020.0
4323020.0
4323020.0
1128456.133441484
4323020.0
4323020.0
4323020.0
4323020.0
4323020.0
4323020.0
4323019.999999999
4323020.0
4323020.0
4323020.0
4323020.0
4323020.0
4323020.0
7498.0
7498.0
13279.000000000005
7498.0
7498.0
18816.000000000004
4323020.0
4323020.0
4323020.0
4323020.0
4323020.0
4323020.0
4323020.0
4323020.0
4323020.0
4323020.0
4323020.0
4323020.0
4323020.0
3484517.0
1740328.0000000002
4323020.0
4323020.0
4323020.0
4323020.0
4323020.0
4323020.0
4323020.0
4323020.0
4323020.0
260.0
1949630.0
1949630.0
1949630.0
1378082.9999999998
4323020.000000001
871532.9999999998
4323020.0
4323020.0
4323020.0
4323020.0
4323020.0
4323020.0
18851.06541723148
7498.0
7498.0
7498.0
17535.0
4323020.0
4323020.0
4323020.0
4323020.0
4323020.0
4323020.0
4323020.0
4323020.0
4323020.0
4323020.0
4323020.0
4323020.0
316118.00000000006
12670688.0
870391.0
378755.0
1128448.0000000005
7451975.999999999
7451975.999999999
7451976.000000001
7498.0
7498.0
15663.0
45707.0
7451976.0
870391.0000000002
7451975.999999998
7451975.999999998
7451976.000000001
7451976.0
7498.0
15663.0
7451976.0
1742674.3637891887
1742670.0000000002
6954696.454398122
6954696.454398122
7451976.0
7451976.000000001
7451976.000000001
7451975.999999999
7451976.0
7451976.0
7451976.0
7451975.999999999
7451976.0
7451976.0
3450263.0
7498.0
4008037.0000000005
4008037.000000001
7498.0
3199983.0228771223
1128448.0000000005
4008036.9999999995
4008036.9999999995
7498.0
15663.0
4008037.0
4008037.0
4008037.0
4008037.0
4008037.0
873907.0
17535.0
4008036.9999999986
7498.0
4008037.0000000005
4008037.0000000005
4008037.0
7498.0
13279.000000000005
4008037.0
4008037.0
4008037.0
4008037.000000001
7498.0
24182.999999999996
2728944.0000000005
2728944.0000000005
2728944.0
2728944.0000000005
2728944.0000000005
2728944.0000000005
2728943.9999999995
2728943.9999999995
482512.4885533668
11362.999999999998
609170.0000000001
773674.0
276404.0
6222.3751891074135
276404.0
276404.0
7498.000000000002
1703543.0
1703543.0
1703543.0
1703543.0
160848.00000000003
1703543.0
1093558.0
1093557.9999999998
7498.0
6954679.0
11520238.999999998
2323830.0
4345113.0443602195
1742670.0000000002
7498.0
18829001.0
7015606.0
17124307.000000004
18829001.0
13279.000000000005
198138.0
7498.0
378755.0
871532.9999999998
871532.9999999998
3479419.0
3479419.0
6954695.635098119
10396793.0
10396793.0
10396793.0
10396793.0
10396793.0
10396793.0
10396793.0
7768857.999999999
10396793.0
7768857.999999999
10396793.0
10396793.0
10396793.0
10396793.0
13279.000000000005
7498.0
7498.0
7498.0
7498.0
7498.0
7498.0
7498.0
7498.0
7498.0
7498.0
7498.0
10596.000000000002
7498.0
30358.999999999996
7498.0
7498.0
7498.0
10396793.0
10396793.0
10396793.0
10396793.0
10396793.0
8700913.0
10396793.0
10396793.0
10396793.0
10396793.0
10396793.0
8700913.0
6961352.728028491
6961318.999999999
2179075.0
10396793.000000002
10396793.000000002
10396793.000000002
10396793.0
10396793.0
10396793.0
10396793.0
889401.0
889401.0
1949630.0
7498.0
1949630.0
1949630.0
7498.0
210574.0
210574.0
3479419.0
13910848.460211536
7498.0
7498.0
21419891.999999996
13907844.0
21419988.339822207
21419988.339822207
21419988.339822207
17124307.000000004
18854573.000000004
21419891.999999996
871532.9999999998
6954679.0
6954679.0
6954679.0
13910848.460211542
13910813.999999998
27820241.331596237
27820238.0
27820238.0
10596.000000000002
7498.0
18851.000000000004
7498.0
7498.0
7498.0
7498.0
7498.0
30359.0
7498.0
7498.0
28687834.0
14326163.999999998
28687834.0
28687834.0
13907844.0
6961318.999999999
35793597.0
22797545.0
22797545.0
14326222.757954247
9694748.999999998
904.9999999999999
36244344.0
23731309.35441356
25064670.698704645
2264202.3365107137
5536903.148936171
23731309.35441356
48778302.79066324
48778302.79066324
25064670.698704645
25064670.698704645
9175874.422258591
23731309.35441356
1193189.9464383847
1193189.9464383847
16696064.046372067
1193189.9464383847
1193189.9464383847
23731309.35441356
1193189.9464383847
1193189.9464383847
1193189.9464383847
6585254.22040371
1193189.9464383847
25064670.698704645
1193189.9464383847
1193189.9464383847
5536903.148936171
5536903.148936171
91015824.07619792
1696640.1416479726
4725947.0
19587051.505045064
18638610.661233567
4317848.260412149
19587051.505045064
34635324.860070005
34635324.860070005
6009275.999999999
34635324.860070005
19587051.505045064
1077622.059168765
1077622.059168765
19587051.505045064
1077622.059168765
18638610.661233567
4317848.260412149
75676361.0212798
4914766.364007092
23201416.285963356
22937632.453565795
23201416.285963356
44917674.82890071
44917674.82890071
22937632.453565795
22937632.453565795
8595964.759574467
23201416.285963356
1047867.6550610957
1047867.6550610957
15833681.91578014
23201416.285963356
1047867.6550610957
1047867.6550610957
1047867.6550610957
22937632.453565795
6314522.362943263
4914766.364007092
96749795.39821325
23731309.35441356
25064670.698704645
100258682.79481858
2264202.3365107137
5536903.148936171
23731309.35441356
23731309.35441356
48778302.79066324
48778302.79066324
48778302.79066324
195113211.16265297
48778302.79066324
48778302.79066324
48778302.79066324
195113211.16265297
25064670.698704645
25064670.698704645
3982016.10010732
25064670.698704645
23731309.35441356
23731309.35441356
4772759.785753539
94925237.41765425
6585254.22040371
1193189.9464383847
1193189.9464383847
25064670.698704645
5536903.148936171
90564098.73530753
90564098.73530753
90564098.73530753
357783759.36883986
4725947.0
74554442.64493427
19587051.505045064
19587051.505045064
1077622.059168765
17271393.041648597
75676361.0212798
75676361.0212798
75676361.0212798
302705444.0851192
19659065.45602837
23201416.285963356
91750529.81426318
23201416.285963356
23201416.285963356
92805665.14385343
44917674.82890071
44917674.82890071
179670699.31560284
44917674.82890071
44917674.82890071
179670699.31560284
91750529.81426318
34383859.03829787
4191470.620244383
92805665.14385343
1047867.6550610957
22937632.453565795
22937632.453565795
91459371.06611192
91459371.06611192
91459371.06611192
355626708.88877904
33033959.999999996
4960084084.468136
530093315.36586416
4960084084.468136
4960084084.468136
7387427558.885026
38264940.00000001
7387427558.885026
7387427558.885026
405644407.02857083
38264940.00000001
38264940.00000001
153059760.00000003
183274560.00000003
29549710235.540104
4436989931.7512045
4436989931.7512045
24065482.98600585
68364000.0
45416160.0
55127520.0
33033959.999999996
17132040.000000015
26415749.87234043
298527650.8208005
93682149.62103501
93682149.62103501
93682149.62103501
16782291261.07898
374728598.48414004
67129165044.31592
14246097230.797379
34502136.0
4566211530.152344
100540240.03042443
100540240.03042443
4566211530.152344
18264846120.609375
39965604.0
6663683298.526441
159862416.0
1596198250.1982028
3967088458.8856764
152708503.63298285
97845800.71530324
287670222.9867566
97845800.71530324
850481162.89782
391383202.86121297
610834014.5319314
59487464319.311615
4796777.810204968
1446227885.6999004
603706133.5098664
5662432167.021189
65168330.057632856
151768148.0
38264940.0
4720268888.290452
913877829.570438
391047491.0363964
30611952.000000007
5144399.999999999
9263791.14929185
183274560.00000003
29549710235.540104
4999912779.778117
5121789948.6007185
17648020.856404293
68364000.0
45416160.0
55127520.0
33033959.999999996
17132040.00000001
13224240.000000002
302455507.0684381
95584496.54846752
11609016.107857674
105761212.12461695
20166180552.29648
150432200.72820735
116292600.0
9028209035.642534
169807819.0125062
465170400.0
36216684857.23829
11406006269.349607
34502136.0
5789700764.354522
100540240.03042445
100540240.03042443
5747643670.954483
22988003681.77295
2315947.7873229627
8366698841.607063
122447808.0
1311991215.6272998
5221178329.607696
202152211.41336486
110813424.06741571
377313709.97933567
26683673.788816962
718980769.9108437
297004658.0774509
471351373.15151507
84722054272.22649
10021063.752361668
533925.9588473862
24666320.852783367
24779970.41335221
6565731.394092478
2259192.7667859774
5406391.249828414
14113745.21584263
23560941.09701753
379566.0777653691
1257655.0
34598980.83569236
48427048.76583928
313272.99999999994
271146.31168484496
6912629.776924222
1072800.0
192626790.4548081
257327.53192477365
295621.3223374779
268200.0
22899319.37645747
46741707.21350069
571599.9999999999
1029310.1276990946
195113211.16265297
18196980.885032866
24486225.416686803
24914443.712171283
2528469.5431914404
24393627.433721997
23699456.89239323
23731309.35441356
23560941.09701753
23542779.43189042
23731309.35441356
53435065.353687234
3721519.1542567224
2951309.8076923075
6562991.097821305
1185276.2163574097
151033.24465605326
24652703.9070207
3123790.0
92810999.47389369
40524764.6176785
95262707.49803461
95323982.0383968
1289890.6786508528
92818089.64141123
61469216.141587295
95043113.93818364
92811421.12771742
325986.24743663234
268200.0
51598464.35145076
97319225.26911558
1072800.0
1072800.0
55881158.14697792
181147917.6174897
2338889.283400809
74554502.38975473
19220709.855498176
18030687.81092107
774642.5072797936
17175942.860406935
7563823.838113812
245907.63723102745
53622264.9353722
268200.0
53389219.227326386
62220.20237879405
36606349.51776569
224400.00000000003
23742993.910694975
23201416.285963356
99107815.10145077
67541428.05963984
23582220.578985304
527619.5997243525
93460967.20351774
257327.53192477365
41630.97636626786
73237608.04712497
48805586.51520537
48780944.064618796
12195168.198168976
138837646.08311763
1072800.0
1072800.0
3724897.5628252067
99278065.68540403
57420.00000000043
24903437.230494395
24903437.230494395
61451893.133580916
754390.0831251609
94860370.86638662
36371316.42817857
268200.0
113407532.25292574
113586667.2629627
114383419.69506434
6506224.219890939
197009628.1801871
370575796.38627356
262747878.29882127
195028775.9036899
33033959.999999996
4960084084.468136
24065482.98600585
24065482.98600585
530093315.36586416
33033959.999999996
33033959.999999996
4960084084.468136
38264940.00000001
38264940.00000001
38264940.00000001
38264940.00000001
38264940.00000001
38264940.00000001
38264940.00000001
45818640.00000001
101411101.75714271
38264940.00000001
38264940.00000001
112450717.78723405
7387427558.885026
38264940.00000001
38264940.00000001
45818640.00000001
38264940.00000001
38264940.00000001
38264940.00000001
38264940.00000001
7387427558.885026
24065482.98600585
66855056.313297935
4436989931.7512045
24065482.98600585
24065482.98600585
4436989931.7512045
763116423.7174609
80071201.09536168
432294662.0226652
6829777.718869583
1543839403.7447102
33033959.999999996
68364000.0
45416160.0
55127520.0
33033959.999999996
4283010.000000004
24065482.98600585
4436989931.7512045
26415749.87234043
9073620.0
121088776.16286048
93682149.62103501
93682149.62103501
93682149.62103501
169342096.16286045
93682149.62103501
93682149.62103501
227656937.11867282
93682149.62103501
298527650.8208005
93682149.62103501
93682149.62103501
93682149.62103501
93682149.62103501
298527650.8208005
93682149.62103501
93682149.62103501
93682149.62103501
16782291261.07898
1267056.0
2294722.6755396854
8468712.0
45904320.0
6083322207.272898
35713944.0
397564745.89032906
3698822022.834416
87436672.97963268
348890553.98128474
326738195.57512957
87436672.97963268
14246097230.797379
34502136.0
4566211530.152344
25135060.007606108
25135060.007606108
3967088458.8856764
4566211530.152344
39965604.0
39965604.0
39965604.0
39965604.0
39965604.0
47855024.0
39965604.0
39965604.0
39965604.0
6663683298.526441
3967088458.8856764
25135060.007606108
52447239.18192512
399049562.5495507
34502136.0
399049562.5495507
25135060.007606108
399049562.5495507
3967088458.8856764
604073017.7707602
97845800.71530324
152708503.63298285
97845800.71530324
212620290.724455
97845800.71530324
97845800.71530324
97845800.71530324
97845800.71530324
97845800.71530324
97845800.71530324
152708503.63298285
199971330.724455
97845800.71530324
287670222.9867566
14871866079.827904
775999596.4699993
4796777.810204968
1446227885.6999004
24065482.98600585
2413800.0
603706133.5098664
26427168.000000004
33033959.999999996
65168330.057632856
5662432167.021189
27856800.0
38264940.00000001
8249722.752715657
5253525.838509317
7549542.0
36989442.0
38264940.0
36989442.0
2065820.469667319
97761872.7590991
31887450.0
38264940.00000001
37759776.64209853
913877829.570438
3755136064.015272
151768148.0
4720268888.290452
2315947.7873229627
38264940.00000001
45818640.00000001
30611952.000000007
2315947.7873229627
38264940.0
5144399.999999999
2397354869.367715
8100201093.929285
8158456874.499269
7387427558.885026
17648020.856404293
38316845.39156388
895682881.8532858
4999912779.778117
112476600.0
5081263152.531591
5121789948.6007185
4998734299.308851
4436989931.7512045
19252386.388804678
23263300.219805654
4436989931.7512045
25447602.58005788
1484773703.7952144
493988458.50229913
5981876.375686974
26427168.0
68364000.0
45416160.0
55127520.0
33033959.999999996
4283010.000000003
24065482.98600585
1899478939.3251235
13224240.000000002
9073620.0
133624991.25908425
2413800.0
42451954.75312655
95584496.54846752
193567001.20786518
49108574.44128317
2413800.0
243876626.28120404
62284760.13825767
302455507.0684381
2413800.0
95584496.54846752
106097959.21348312
63058338.0
95584496.54846752
105761212.12461695
95584496.5484675
11609016.107857674
2376595328.883825
20166180552.296486
20166180552.29648
116292600.0
150432200.72820735
116292600.0
116292600.0
374234750.7812468
9028209035.642534
13536788212.3675
20942074961.68539
9054171214.309572
21137118548.73768
16782291261.07898
1267056.0
2294722.6755396854
8468711.999999998
45904320.00000001
6174826600.927476
30611952.000000004
241328096.72781694
4277180502.268311
2364853538.2757006
88658886.05841812
373009120.0526
343497102.73585784
62106059.81742557
150031902.27862105
11406006269.349607
34502136.0
5789700764.354522
25135060.00760611
25135060.007606108
5211845904.7103195
5747643670.954483
5747000920.443237
2315947.7873229627
5294551.067448343
39965604.0
39965604.0
33192457.404255327
36654912.0
30611952.0
2649369.7280909196
39965604.0
120727392.85714287
8366698841.607063
5187443426.488471
2402064103.982992
5227970222.557599
19252386.388804678
18717700.510616656
327997803.90682495
34502136.0
8299800.000000091
19252386.38880469
5221178329.607696
509500035.63373274
722890990.1893723
65930807.06093063
202152211.41336486
26683673.788816962
179745192.47771093
74251164.51936272
97845800.71530324
99832696.39506607
110813424.06741571
99832696.39506607
9086489.322902301
117837843.28787877
158940864.92801943
53804611.430351846
377313709.97933567
9488482246.875576
116292600.0
144828000.0
21180513568.05662
21180513568.05662
4664805791.590754
20763259283.5124
116292600.0
9052794.782957602
10021063.752361668
533925.9588473862
23560941.09701753
1674174.9369622408
18196980.885032866
268200.0
24666320.852783367
24779976.788378797
2259192.7667859774
5406391.249828414
14113745.21584263
379566.0777653691
23416409.563246015
23416409.563246008
14491651.587371634
23416409.56324601
23543163.517778836
23560941.09701753
23310562.6141633
70709.99627652972
70709.99627652972
12659529.09086578
47740446.56585991
257327.53192477365
313272.99999999994
583725.0931677019
268200.0
271146.31168484496
257327.53192477365
8372799.472832685
25062572.111804515
20381713.008260343
48602371.789160915
48186529.1347874
48186529.1347874
1257655.0
6597739.053671841
34598980.83569236
10986535.746400088
916635.8614128507
48427048.76583928
48156697.61370202
48778302.79066324
22899319.37645747
17940335.154869862
257327.53192477365
571599.9999999999
257327.53192477365
295621.3223374779
257327.53192477365
257327.53192477365
257327.53192477365
48427048.76583929
48427048.76583928
20381713.00826035
48678016.064618796
5707455.0
48427048.76583929
268200.0
46741707.21350069
25062572.111804508
48702658.515205376
48778302.79066324
54085.83261432269
9836726.324088443
18196980.885032866
7937193.576387797
24393627.433721997
24486225.416686803
268200.0
257472.0000000004
24666320.85278337
13477703.323315896
14262208.40452197
24779976.788378797
24652703.9070207
268200.0
870399.8402095846
24914443.712171283
24914443.712171275
25064670.698704645
18196980.885032866
24821845.729206476
16808433.775449604
25064670.698704645
5754815.505553601
16645466.040502967
1172007.0448215187
930287.2825764603
18101711.622036286
23227083.137974914
149050.2892564217
17243585.128054515
13874092.653684214
23560941.09701753
14113745.215842633
70709.99627652972
23542779.43189042
23542779.43189042
23435037.225597486
23699456.89239323
23699456.89239323
930379.7885641806
1172007.044821519
23731309.35441356
2951309.8076923075
6562991.097821305
1185276.2163574097
1172007.044821519
151033.24465605326
12840923.535774494
13873406.07861284
24764603.395544697
24652703.9070207
24914443.712171275
24914443.712171275
1172007.044821519
57420.00000000043
523349.90911419614
5406391.249828414
3123790.0
5347825.505833905
10427495.890352013
1981330.1051374427
14289842.273691176
53931192.92565665
47649572.231274396
93277017.28285913
93277017.28285913
93277017.28285913
93277286.13924038
93277286.13924038
93277017.28285913
268200.0
325986.24743663234
268200.0
268200.0
268200.0
268200.0
268200.0
268200.0
268200.0
268200.0
989347.7646483111
1289890.6786508528
95030714.40970363
95030714.40970363
11559998.868438369
95030714.40970363
61125538.27492915
95027258.33294113
95030714.40970363
92885024.90275188
40524764.6176785
40524764.6176785
20028181.095307186
51598464.35145076
95748146.31504771
95748146.31504771
95748146.31504771
95764580.52320056
69211957.24184866
61469216.141587295
95813966.01023583
162597.25806451615
11084122.000000004
51671879.68584533
95846453.83259475
268200.0
268200.0
268200.0
98115053.7030828
61125538.27492914
28845169.330639277
98886886.43096708
98886886.43096708
98886886.43096708
91015824.07619792
1683321.4522211575
2338889.283400809
13874092.653684212
268200.0
18638679.22113338
13477703.323315896
4251354.456122637
4266366.735430426
19138654.711643286
11123640.102459673
34210333.96237213
34405203.499064334
22899319.37645747
34354758.490032926
257327.53192477365
20381713.008260343
6009275.999999999
34354758.490032926
13012081.215842633
19220709.855498176
786179.7140831519
18030687.81092107
57420.00000000043
774642.5072797936
18534987.749503203
18550121.373703826
13421981.32141476
4293985.715101734
53234007.960734665
74488897.29870646
305391.8709226355
268200.0
75311880.77052718
7563823.838113812
75717825.9855793
48749379.51382767
75722368.53318697
245907.63723102745
21815.03832560653
19953135.83586903
79191009.00782125
268200.0
53622264.9353722
53622264.9353722
9151587.379441423
9151587.379441423
56100.00000000001
23742993.910694975
70709.99627652972
23201416.285963356
1603249.7264344776
24776953.775362693
24866601.13060404
16885357.01490996
23582220.578985304
23582220.578985307
565032.0000000001
24412536.01570833
43326.448276974756
47843374.5658599
257327.53192477365
588283.4519387048
4609538.946885273
11123640.102459675
34709411.52077941
47843374.56585991
48705299.789160915
48780944.064618796
7479123.999999999
10427495.89035201
22815888.38546708
294374.4142323244
257327.53192477365
313272.99999999994
18007833.458198644
48805586.51520537
44917674.82890071
24765520.464924183
13477703.323315896
24903444.10996521
25037907.68945769
4945098.038802865
18196980.88503287
268200.0
268200.0
3050471.723016568
5767071.745888832
8155324.999999998
5009200.0
57420.00000000043
931224.3907063017
6851984.109300103
6955023.861987218
149050.2892564217
23742993.910694975
24819516.42135101
24819516.421351008
297310.7916231767
57420.00000000043
57420.00000000043
16885357.014909957
24903444.10996521
754390.0831251608
14262208.404521968
1193726.0533741717
830541.9001139043
6585254.22040371
53990208.21658551
53990208.21658551
53990208.21658551
53990208.21658551
268200.0
1009609.9247669223
268200.0
268200.0
95685897.0263736
95685897.0263736
51935578.86530442
95687927.47683175
40524764.61767851
25047244.895190023
25047244.895190027
69193851.76321304
61451893.133580916
96531641.84286997
754390.0831251609
6948189.599695137
53017956.56294078
112134036.85126735
268200.0
115293865.99996479
115472973.01000175
94890812.66422985
36371316.42817857
22150309.8658413
117605281.17766117
96749795.39821325
1217780.3323886995
1217780.3323886995
22500.0
1217780.3323886995
4468426.3422021605
1334883.0
1334883.0
1334883.0
5339532.0
1856923.6322104018
1856923.6322104018
1856923.6322104018
6508364.528841607
594855.8297872341
401220.0
113129.99999999999
66083273.46500786
113129.99999999999
594855.8297872341
113129.99999999999
113129.99999999999
113129.99999999999
66083273.46500786
113129.99999999999
113129.99999999999
162180.0
263340.0
113129.99999999999
113129.99999999999
66083273.46500786
452519.99999999994
452519.99999999994
452519.99999999994
648720.0
2092680.04564007
264333093.86003143
51198383.97775194
118157.99999999999
63152279.11037265
224394.29787234042
118157.99999999999
118157.99999999999
631131.1707446808
63152279.11037265
118157.99999999999
63152279.11037265
472631.99999999994
1514217.1914893617
472631.99999999994
472631.99999999994
897577.1914893617
472631.99999999994
252609116.4414906
305600.0
401220.0
21579.0
9062813.679264817
64867594.746035285
1158972.0
90504.00000000001
552586.6170212765
113129.99999999999
113129.99999999999
21579.0
66695047.12434482
35513066.55280352
71608631.65860258
82962.00000000001
12348.0
162180.0
263340.0
113129.99999999999
113129.99999999999
64867594.74603529
173041.68323864
95400.0
227774.99999999997
6602176.60583739
32073107.510861285
66695047.12434482
23760.000000000004
349316.59398206766
452519.9999999999
648720.0
2015940.6950415352
381600.0
128292430.04344517
264333093.86003143
50012673.24093377
5940.000000000001
75005425.62232132
275044.0
118157.99999999999
118157.99999999999
770651.5212765958
66749190.18083436
67191681.67990038
61515.571428571435
67191681.67990038
472631.99999999994
1607895.0
437435.99999999994
362016.0
842688.0
472631.99999999994
142052266.21121404
266923662.35716358
266923662.35716358
300836.99999999994
1177740.878639969
69218.9780579791
1215438.6682937236
1215438.6682937236
1215438.6682937236
660.0
660.0
660.0
1372.0
2412.0
1213677.8948589428
1217017.6226961247
601334.0
1211170.868701102
1201903.286786072
1210495.734093426
194258.0
200368.0
30003.000000000004
1216864.5789706353
660.0
1217339.3668622412
156400.02731681414
1217780.3323886995
671526.0
671526.0
601629.0
601629.0
1215438.6682937236
3048.000000000001
2412.0
1213677.8948589428
1173787.7072214019
1211032.465237179
1211032.465237179
763800.0
1210495.734093426
8777.935045591941
200368.0
1169269.1188408337
1216864.5789706353
1216864.5789706353
1217401.111859484
1217401.111859484
1217401.111859484
1177785.3956171505
763800.0
13526.666666666666
1177549.6776491979
1207399.1651206496
1215438.6682937236
1372.0
1372.0
660.0
1634.0000000000005
1372.0
660.0
1213677.8948589428
1213677.8948589428
209625.01056152477
601334.0
1216624.5074120665
1210495.734093426
340.0257166452636
672805.0
1217401.111859484
1217401.111859484
227631.04536285548
1217780.3323886995
62813.765802526555
2640.0
2640.0
2640.0
2640.0
2640.0
3647510.4211346623
2801384.4584950944
687208.6601930574
478511.99999999994
478512.0
1417549.2913407697
2007268.4531960303
1648529.8769230768
1651537.1225791753
2804650.777153836
3808497.2803996997
4468426.3422021605
300837.0
1181149.9628705725
1238894.291864973
601334.0
601334.0
75726.0
660.0
300837.0
1286449.9722780297
660.0
601334.0
1238894.291864973
1286449.9722780297
1182097.9234506206
1210325.297913704
116140.0
200368.0
200368.0
1270903.2091852638
2920949.2097363425
1622849.710075188
2889928.212080396
2836100.5003382377
348420.00000000006
1151.8553586537723
1433269.710699261
429496.7166666667
763800.0
1238894.2918649728
11089.999999999998
660.0
660.0
1182097.9234506208
601334.0
238562.55655016878
2348094.036957369
660.0
660.0
1238530.1920112139
1238894.2918649728
417.9357803968703
2346851.8752114964
2346851.8752114964
2348094.036957369
1856923.6322104018
152210.8522986028
1238894.2918649728
370.0981736350313
111300.71238440194
1894.4352947715379
1612355.5384615385
602443.9423076923
3033210.257103451
3033210.257103451
3033210.257103451
2640.0
2640.0
2640.0
2640.0
3649768.341945545
3649768.341945545
3631607.697057637
3631607.697057637
3641290.9256312624
248393.20119047616
601103.9999999999
2151924.0
3067841.1620604843
7191974.434849068
2965585.3635258363
162180.0
113129.99999999999
113129.99999999999
523170.0114100175
401220.0
113129.99999999999
113129.99999999999
113129.99999999999
113129.99999999999
113129.99999999999
162180.0
981315.8297872341
594855.8297872341
113129.99999999999
113129.99999999999
113129.99999999999
263340.0
113129.99999999999
162180.0
113129.99999999999
113129.99999999999
113129.99999999999
113129.99999999999
113129.99999999999
317430.0
113129.99999999999
113129.99999999999
113129.99999999999
113129.99999999999
113129.99999999999
263340.0
162180.0
113129.99999999999
113129.99999999999
523170.0114100175
113129.99999999999
113129.99999999999
113129.99999999999
113129.99999999999
113129.99999999999
594855.8297872341
113129.99999999999
113129.99999999999
113129.99999999999
113129.99999999999
401220.0
113129.99999999999
523170.0114100175
113129.99999999999
401220.0
113129.99999999999
113129.99999999999
113129.99999999999
523170.0114100175
113129.99999999999
113129.99999999999
113129.99999999999
113129.99999999999
113129.99999999999
113129.99999999999
594855.8297872341
113129.99999999999
263340.0
113129.99999999999
113129.99999999999
113129.99999999999
113129.99999999999
113129.99999999999
113129.99999999999
113129.99999999999
113129.99999999999
162180.0
113129.99999999999
523170.0114100175
113129.99999999999
113129.99999999999
113129.99999999999
113129.99999999999
113129.99999999999
113129.99999999999
113129.99999999999
113129.99999999999
201420.0
113129.99999999999
113129.99999999999
113129.99999999999
113129.99999999999
113129.99999999999
113129.99999999999
113129.99999999999
113129.99999999999
162180.0
113129.99999999999
263340.0
113129.99999999999
113129.99999999999
113129.99999999999
162180.0
113129.99999999999
594855.8297872341
523170.0114100175
663915.8297872341
113129.99999999999
113129.99999999999
113129.99999999999
113129.99999999999
594855.8297872341
66083273.46500786
105588.0
105588.0
811704.8697896863
713685.5848066988
105588.0
105588.0
105588.0
105588.0
374472.0
105588.0
105588.0
105588.0
187992.0
105588.0
105588.0
151368.0
105588.0
105588.0
105588.0
105588.0
656940.0909833227
105588.0
51198383.97775194
118157.99999999999
118157.99999999999
118157.99999999999
118157.99999999999
224394.29787234042
118157.99999999999
118157.99999999999
118157.99999999999
118157.99999999999
118157.99999999999
118157.99999999999
118157.99999999999
285674.2978723404
118157.99999999999
378554.2978723404
118157.99999999999
118157.99999999999
118157.99999999999
118157.99999999999
169388.0
118157.99999999999
118157.99999999999
118157.99999999999
118157.99999999999
118157.99999999999
118157.99999999999
224394.29787234042
378554.2978723404
118157.99999999999
224394.29787234042
118157.99999999999
118157.99999999999
118157.99999999999
196874.29787234042
118157.99999999999
118157.99999999999
118157.99999999999
118157.99999999999
118157.99999999999
118157.99999999999
224394.29787234042
118157.99999999999
118157.99999999999
485205.1707446808
118157.99999999999
343994.2978723404
118157.99999999999
631131.1707446808
118157.99999999999
63152279.11037265
162180.0
113129.99999999999
113129.99999999999
521191.5272951362
320975.99999999994
5940.000000000001
113129.99999999999
90504.0
82962.00000000001
5940.000000000001
135150.0
976046.9843090873
305600.0
87329.14849551691
113129.99999999999
90504.0
254562.0
23924.999999999993
27432.000000000007
90504.0
113129.99999999999
113129.99999999997
113129.99999999999
113129.99999999999
234644.5336569453
90504.0
113129.99999999999
113129.99999999999
10044.000000000002
94275.0
263340.0
162180.0
5940.000000000001
5940.000000000001
378645.74999999994
49023.0
113129.99999999997
90504.0
113129.99999999999
354742.23404255323
113129.99999999997
113129.99999999999
5940.000000000001
113129.99999999999
5940.000000000001
401220.0
113129.99999999999
499142.61702127656
90504.00000000001
401219.99999999994
5940.000000000001
94275.0
113129.99999999999
260552.27999999994
113129.99999999999
109358.99999999999
90504.0
5940.000000000001
94275.0
21579.0
552586.6170212765
113129.99999999997
263340.0
109358.99999999999
113129.99999999999
5940.000000000001
61515.571428571435
5940.000000000001
5940.000000000001
113129.99999999999
109358.99999999999
4645.357142857143
113129.99999999999
503985.1737603838
90504.0
94275.0
5940.000000000001
113129.99999999999
17072.999999999996
12348.0
87329.14849551691
113129.99999999999
201420.0
5940.000000000001
90504.0
82962.00000000001
113129.99999999999
113129.99999999999
109358.99999999999
113129.99999999999
90504.00000000001
162180.0
113129.99999999999
263340.0
41184.00000000001
113129.99999999999
220826.0
70278.0
113129.99999999999
113129.99999999999
139864.19999999995
3162.5905979488716
113129.99999999999
113129.99999999999
113129.99999999999
21579.0
180073.01098901103
59044.1665684699
9062830.429856068
9062813.679264817
18257433.288179025
6602176.605837388
64867594.74603527
64867594.746035285
64867594.74603529
14572110.689111048
64867594.746035285
384675.0
95400.0
173041.68323864
95400.0
95400.0
95400.0
227774.99999999997
384675.0
95400.0
261047.2532763375
95400.0
95400.0
360449.99999999994
196802.11243711182
66255318.603056595
6602176.60583739
59390948.15180857
22090822.538054258
32073107.510861285
45023979.77742671
66695047.12434482
164968.94532770046
1158972.0
35513066.55280352
32073107.510861292
71608631.65860258
91584.00000000015
95400.0
492590.0
71608631.65860258
71608631.65860258
59390948.15180857
59390948.15180855
72000171.69771871
66083273.46500786
105588.0
105588.0
806436.0243115395
691866.0319285897
90504.0
105588.0
5940.000000000001
105588.0
374472.0
90504.00000000001
48614.357142857145
84070.92443028168
187992.0
105588.0
105588.0
70278.0
105588.0
90504.0
105588.0
94275.0
620780.2903171214
90504.00000000001
1378132.133439744
1323053.009116225
50621489.94032104
95400.0
95400.0
224849.99999999994
51389500.66477859
6484139.999999999
18257433.288179033
55710759.210951425
46923891.149340846
21987844.84097388
50012673.24093377
44896870.180724554
90504.0
90504.0
118157.99999999999
275044.0
41481.0
118157.99999999999
118157.99999999999
118157.99999999999
61515.571428571435
118157.99999999999
89501.29787234042
118157.99999999999
148800.0
5940.000000000001
401973.75
118157.99999999999
109358.99999999999
118157.99999999999
5940.000000000001
129744.0
90504.0
90504.0
5940.0
118157.99999999999
118157.99999999999
118157.99999999999
275044.0
122449.20239282153
12348.0
114114.0
118157.99999999999
94275.0
11745.0
87021.57142857142
118157.99999999999
22951.377772059
90504.0
5940.000000000001
118157.99999999999
109358.99999999999
210672.0
5940.000000000001
5940.000000000001
485205.1707446808
118157.99999999999
260552.27999999994
90504.0
770651.5212765958
5940.000000000001
4711475.623267864
1219750.775185906
35513066.55280351
35513066.55280351
79305.56849949525
95400.0
95400.0
150058.3425546152
610575.0
66730915.589290895
66730915.589290895
66749190.18083436
66749190.18083436
66730915.589290895
66749190.18083436
22090822.538054254
14080673.259565203
66978358.393215954
67191681.67990038
35513066.552803524
72204510.30419973
95400.0
171750.0
74399635.51826188
74399615.51826185
75005425.62232132
20748665.463175017
595.3809318377912
203865.00000000003
627406.0000000001
671526.0
671526.0
1044.0
21367.999999999996
21367.999999999993
37101.999999999985
300836.99999999994
300836.99999999994
300836.99999999994
300836.99999999994
300836.99999999994
326212.99999999994
601629.0
601629.0
601629.0
601629.0
1203638.0
1203638.0
317011.9354426825
1203638.0
1203638.0
1203638.0
1203638.0
156904.0
1203638.0
763799.9999999999
1274246.0
1274246.0
1258718.9999999998
1274246.0
1274246.0
1274246.0
1274246.0
1274246.0
1274246.0
1274246.0
638424.0000000001
1274246.0
1274246.0
1274246.0
1274246.0
1274246.0
1274246.0
1274246.0
1274246.0
1274246.0
660.0
660.0
660.0
1896.9999999999998
660.0
1896.9999999999998
660.0
1372.0
1372.0
660.0
3048.000000000001
660.0
660.0
660.0
660.0
660.0
660.0
660.0
660.0
1634.0000000000005
1372.0
660.0
3235.999999999999
660.0
660.0
660.0
1634.0000000000005
660.0
660.0
660.0
660.0
660.0
1372.0
660.0
2872.0
660.0
660.0
3048.000000000001
1896.9999999999998
660.0
660.0
660.0
660.0
660.0
660.0
2412.0
2412.0
660.0
660.0
660.0
1372.0
660.0
1274246.0
1274246.0
1274246.0
1274246.0
1274246.0
1274246.0
317011.9354426825
1274246.0
638424.0000000001
1274246.0
1274246.0
326212.99999999994
1274246.0
1274246.0
1274246.0
1274246.0
1274246.0
638424.0000000001
1274246.0
1274246.0
326212.99999999994
1274246.0
317011.9354426825
1274246.0
1274246.0
763800.0
1274246.0
1274246.0
1274246.0
1274246.0
1274246.0
1203400.0000000002
1203400.0000000002
1203400.0000000002
1203400.0000000002
601334.0
601334.0
601334.0
601334.0
601334.0
601334.0
601334.0
601334.0
601334.0
301231.0000000001
301231.00000000006
301231.0
301231.0
638424.0000000001
1274246.0
1274246.0
1274246.0
1274246.0
1274246.0
1274246.0
1274246.0
1274246.0
1274246.0
1274246.0
1274246.0
1274246.0
1274246.0
1274246.0
1258719.0
1258719.0
1258719.0
763800.0
326213.0
326213.0
1274246.0
11774.000000000004
194248.0
11774.700496215295
193771.0
332.54838709677426
194258.0
200368.0
200368.0
1116.0000000000002
159504.0
159504.0
558.5584425736415
159504.0
159504.0
30003.000000000004
627406.0000000001
717308.0
717308.0
672805.0
573.05009363455
4576.0
421168.99999999994
672805.0
672805.0
150537.0
150537.0
601629.0
601629.0
601629.0
1169269.1188408337
1203638.0
658596.0
1203638.0
1203638.0
1274246.0
1274246.0
1274246.0
1274246.0
1274246.0
1274246.0
1274246.0
1274246.0
1274246.0
1274246.0
660.0
660.0
660.0
3048.000000000001
1116.0000000000002
660.0
660.0
660.0
660.0
660.0
2872.0
660.0
660.0
2412.0
1274246.0
1274246.0
1274246.0
1274246.0
1258719.0
1274246.0
1274246.0
1274246.0
763800.0
1274246.0
763800.0
1274246.0
1274246.0
1203400.0000000002
1203400.0000000002
1203400.0000000002
1203400.0000000002
1203400.0000000002
1203400.0000000002
1203400.0000000002
763800.0
601334.0
601334.0
1274246.0
1274246.0
1274246.0
1274246.0
1274246.0
1274246.0
1274246.0
1274246.0
194248.0
1258719.0
326213.00000000006
310341.0
1274246.0
157728.00000000003
157728.0
453026.0
671526.0
539209.0
671526.0
35691.0
21367.999999999993
300837.0
326212.99999999994
601629.0
1203638.0
1203638.0
1307689.0
1307689.0
1307689.0
1307689.0
1307689.0
1307689.0
1307689.0
1258718.9999999998
1307689.0
660.0
660.0
660.0
660.0
660.0
660.0
1896.9999999999998
660.0
660.0
763800.0
1307688.9999999998
1307688.9999999998
1307688.9999999998
638424.0000000001
1203400.0
1203400.0
601334.0
601334.0
601334.0
601334.0
301231.0
301231.0
301231.0
75726.0
1307689.0000000002
1307689.0000000002
1307689.0000000002
1307689.0000000002
1258719.0
1258719.0
763800.0
763800.0
1307689.0000000002
660.0
116140.0
75726.0
116140.0
200368.0
200368.0
200368.0
200368.0
200368.0
310340.99999999994
1588.2842208008349
573.05009363455
672805.0
601334.0
717308.0
300837.0
601629.0
601629.0
1203638.0000000002
1334883.0
1334883.0
660.0
660.0
660.0
1334883.0
1286455.8656451092
193771.0
1203400.0000000002
601334.0
601334.0
601334.0
1286455.8656451094
1286455.8656451094
1258719.0
310341.0
1334883.0
629.2239064618395
651186.0
539209.0
157728.0
284157.0
453026.0
671526.0
300837.0
671526.0
21368.0
21368.0
21367.999999999993
300836.99999999994
317011.9354426825
1171981.632795322
1203638.0
1203638.0
1203638.0
1203638.0
1203638.0
1203638.0
1203638.0
326212.99999999994
1307689.0
1307689.0
660.0
660.0
660.0
660.0
660.0
3004.0
1372.0
660.0
660.0
660.0
660.0
660.0
660.0
660.0
660.0
660.0
4516.0
660.0
326212.99999999994
1307688.9999999998
1307688.9999999998
1307688.9999999998
1307688.9999999998
1307688.9999999998
1286455.865645109
1307688.9999999998
1307688.9999999998
1307688.9999999998
1307688.9999999998
1307688.9999999998
1203400.0000000002
1203400.0000000002
1203400.0000000002
1203400.0000000002
1203400.0000000002
601334.0
601334.0
601334.0
301231.0
301231.0000000001
301231.0000000001
150955.00000000003
1307689.0
1307689.0
1258719.0
763800.0
1307689.0
193771.01715333335
194258.0
116139.99999999999
11089.999999999998
11089.999999999998
200368.0
200368.0
450.85076314301864
200368.0
200368.0
159504.0
539209.0
717308.0
627406.0
717308.0
75255.0
150537.0
150537.0
507.83870967741933
601658.4941093548
601629.0
1203638.0
1203638.0
2406391.0
2406391.0
2406391.0
2406391.0
1258719.0
326213.0
1305.0
660.0
660.0
660.0
660.0
660.0
660.0
1372.0
660.0
660.0
660.0
1896.9999999999998
2412.0
2481590.0
2481590.0
2481588.0
2481588.0
1203400.0000000002
601334.0
301231.0
638424.0
1286437.0
2578227.0
310341.0
2578227.0
763800.0
2609129.0
802140.0
802140.0
61128.0
244512.0
560260.0
474443.0
474443.0
1533909.0
1533909.0
6135636.0
1401902.0000000002
1401902.0000000002
1401902.0000000002
5607608.000000001
61128.0
140065.0
1533909.0
1533909.0
1533909.0
6135636.0
3036719.0
3036719.0
64232.0
3036719.0
12146876.0
3036719.0
3036719.0
3036719.0
12146876.0
1401902.0000000002
1401902.0000000002
44244.62333452578
1401902.0000000002
5607608.000000001
1401902.0000000002
1401902.0000000002
5607608.000000001
3208560.0
3036719.0
3036719.0
1533909.0
1533909.0
6135636.0
1325362.0
74156.0
1533909.0
1533909.0
1533909.0
74156.0
6135636.0
474443.0
474443.0
474443.0
18539.0
18539.0
18539.0
18539.0
18539.0
1401902.0000000002
1401902.0000000002
1401902.0000000002
74156.0
5607608.000000001
74156.0
5301448.0
140065.0
140065.0
140065.0
560260.0
474443.0
474443.0
9128938.156082826
9128938.156082826
173236.31625044503
9128938.156082826
31410364.93649695
15083.999999999998
11155878.91127624
1391156.5967569517
13826.999999999996
367044.0
111704636.94394878
367044.0
111704636.94394878
487250.72553622123
267394.255400065
267394.255400065
113585725.5741489
267394.255400065
1069577.02160026
1069577.02160026
1069577.02160026
1069577.02160026
162812.92606492282
11155878.91127624
367044.0
111704636.94394878
367044.0
111704636.94394878
446818547.7757951
425166.0
425166.0
218940062.82950515
425166.0
425166.0
218940062.82950515
425166.0
1408148.0
682192.0000000001
218940062.82950515
5632592.0
4570608.0
1700664.0
875760251.3180206
425166.0
218940062.82950515
425166.0
425166.0
425166.0
2209131.0
425166.0
425166.0
425166.0
425166.0
1700664.0
1700664.0
2036384.0
1700664.0
1700664.0
1700664.0
1700664.0
875760251.3180206
267394.255400065
113585725.5741489
267394.255400065
113585725.5741489
267394.255400065
1069577.02160026
339186.8115559699
888993.948894406
152356113.6566303
218940062.82950515
218940062.82950515
111704636.94394878
504624.0
2185920.0
446818547.7757951
23587331.947587915
759600.0
504624.0
612528.0
367044.0
367044.0
3598272.0000000005
1468176.0
1468176.0
190356.00000000017
23587331.947587915
446818547.7757951
797456.0
47589.000000000044
113585725.5741489
339186.8115559699
113585725.5741489
376749.594175651
500114.58914765035
291130582.1179798
330606.00000000006
100818.0
13826.999999999996
1040912.7735670558
1881578.846254005
1040912.7735670558
1040912.7735670558
1040912.7735670558
1040912.7735670558
409088622.1279155
1040912.7735670558
1881578.846254005
5628050.759632476
1040912.7735670558
1040912.7735670558
1040912.7735670558
3694133.523540809
1881578.846254005
1040912.7735670558
5628050.759632476
1040912.7735670558
409088622.1279155
78109067.65065211
1040912.7735670558
4619036.7765276795
1040912.7735670558
1040912.7735670558
1040912.7735670558
1040912.7735670558
1040912.7735670558
1040912.7735670558
1040912.7735670558
409088622.1279155
4163651.0942682233
4163651.0942682233
4163651.0942682233
4163651.0942682233
13517494.094163237
4163651.0942682233
17499167.106110714
4163651.0942682233
4163651.0942682233
34875417.68095953
4163651.0942682233
13517494.094163237
18476147.106110718
7526315.38501602
4163651.0942682233
18476147.106110718
1636354488.511662
15083.999999999996
136728119.20736694
4214289.327581757
1391165.5906614324
13826.999999999996
216614.9810204968
40508906.87526437
367044.0
114854875.15694354
487250.7255362212
32184.0
154196.99999999997
41419491.486004256
32184.0
1069577.02160026
1069577.02160026
1069577.02160026
1069577.02160026
162812.92606492282
11995101.537040008
367044.0
114628532.86454153
114854875.15694354
154197.0
868911.0674351047
114854875.15694354
458324370.05530554
356985123.99999994
425166.0
32184.0
7266697.999999999
425166.0
245466.00000000003
153707061.56236777
32184.0
878184.4510762907
682191.9999999999
31310518.221874543
2137223.532467532
4570608.0
128736.0
54337604.74159878
32184.0
233810391.02785596
32184.0
425166.0
425166.0
32184.0
425166.0
425166.0
425166.0
95900.99999999991
128736.0
1700664.0
2036384.0
1700664.0000000005
1700664.0000000005
89995.48397331865
1700664.0
875760251.3180206
267394.255400065
115448620.32710679
267394.255400065
122908465.6248527
267394.25540006504
128736.0
339186.8115559699
888993.948894406
558374.5101131066
1180416.0000000002
114854875.15694354
504624.0
731205.0
66963356.999999985
22026865.832324564
759600.0
504624.0
612528.0
367044.0
367044.0
3598272.000000001
1468176.0
1468176.0
483841330.98437804
190356.00000000015
17552517.512461234
3371.569711084649
47589.000000000044
20268629.070085127
339186.8115559699
116663284.6002064
113585725.5741489
282562.19563173817
226950300.0
500114.5891476503
330606.0
23248.59802862889
13826.999999999993
32184.0
59069.88679986137
32184.0
32184.0
183021.0
1062049.961649639
1550568.0
440037302.13972265
330173099.592124
3270030.019848752
1040912.7735670558
2150555.4405677114
1062049.961649639
867142.622228987
1178866.213483146
3941174.2920133783
1636636.7123316498
1062049.961649639
6049430.694583241
245465.99999999997
232016422.15468824
1550568.0
440037302.13972265
117254214.75309624
474613874.00175554
109929983.93462655
497057.7154687499
2810145.0198487523
250538.37342091775
933701.7272727271
865066.1130313565
32184.0
127560.93817356192
1175124.5791624107
1055462.9292668824
46952429.93491284
429562173.0929327
2103043.730564271
1550568.0
438521800.9524894
102968304.00736049
217344593.135739
440129486.28288823
555045.4085681356
1366025.9819332417
4221851.717067529
2182603.3085014746
11494536.000516033
3413846.6445684005
7823431.49350179
3488472.6422433294
4700498.316649643
37601194.39690506
4696257.201200771
117780.45235716231
20726641.762270845
6546546.8493265975
3450336.6565236426
20727397.831460673
6202272.0
13389940.00000002
1753637035.9132335
1754087203.8099575
938088095.4354117
870301872.9671303
802140.0
802139.9999999999
3208560.0
3208560.0
61128.0
244512.0
11433.810633450934
474442.99999999994
474443.0
1339002.4714831375
27274.0
1533909.0
1533909.0
14304.0
3579884.0
1401902.0000000005
109857.80325977462
1401902.0000000002
3576.0
17133.0
3576.0
1401902.0000000002
1401938.89643327
431983.03419318463
5607608.000000001
5607634.605733081
5607634.605733081
5607608.000000002
5607608.000000001
61128.0
140065.0
1533909.0000000002
1522622.6444961878
1533909.0000000002
1533909.0
13996.2501511585
17133.0
1533909.0
23532.759972435233
5330635.999999999
4548443.999999999
3036719.0
115138.00000000001
3576.0
27274.0
1446.022942765054
3036719.0
3199.6093274152054
3036719.0
3576.0
560523.7623525372
3036719.0
8341.399987923836
5272.926045682247
1176783.25920996
14304.0
9999.498219257628
7183579.407536969
972957.4852576944
5353584.6418318525
42815.999999999985
14304.0
12146876.0
12146876.0
3576.0
5655.893791840716
1271531.4588188755
3576.0
3576.0
3036719.0
3022222.277492278
1230056.7649430728
3036719.0
3036719.0
3576.0
3036719.0
3576.0
10703.999999999996
3576.0
3036719.0
3036719.0
3036719.0
1913914.527966257
12146876.0
12146876.0
14304.0
12146876.0
9999.498219257628
8082981.2211778825
23449.409579742365
12146876.0
11787954.460199364
12146876.0
1401902.0000000002
1401902.0000000002
1401938.8964332708
1401938.8964332703
1401902.0000000005
44244.62333452577
44244.62333452578
1401902.0000000002
14304.0
14304.0
1401902.0000000002
953936.9338617122
1401902.0000000002
14304.0
14304.0
13010.223393433318
3576.0
1533909.0
1533909.0000000002
1533909.0
2089626.0
1982601.0
1325362.0
1325362.0
74156.0
1533909.0
3576.0
1533908.9999999998
1533909.0
1533909.0000000002
3576.0
1533909.0
1533908.9999999998
1533909.0
1533909.0
1533909.0
3464107.9999999995
5330635.999999999
4116811.999999999
6135636.0
6135636.0
5187387.999999998
74156.0
74156.0
474443.0
474443.0
474443.0
985.3794824617147
474443.0
18539.0
3576.0
18539.0
18539.000000000004
18539.0
953936.9338617125
1401938.89643327
1401902.0000000002
1401902.0000000002
1401938.89643327
1401902.0000000002
5607634.605733081
10728.0
74156.0
55617.000000000015
5301448.0
5301448.0
74156.0
140065.0
140065.0
2583.1775587365437
560260.0
474443.0
985.3794824617147
7782214.31390612
7782214.31390612
3576.0
3576.0
1176783.6338561582
3278978.2938758982
413318.0
7797172.249333362
7797527.457533748
4245360.828695493
7797829.095928992
3278.7684964136993
38206.000000000015
759473.2125976763
115138.0
6349161.8038582625
5315.569410153777
6569.236190766375
3576.0
3576.0
6199886.077198871
3278957.999999999
6962189.0
3279346.9999999995
6557860.0
3576.0
3576.0
27274.0
3576.0
3766379.3201423264
6146409.205190399
3278978.293875899
7797527.457533748
7797527.457533748
4245360.828695493
7797829.095928992
115138.0
3229784.8998345775
6557860.0
9920132.680384375
10017719.54503734
10026172.375496896
10026172.375496896
10015368.218455061
9128938.156082826
156325.2356393423
203574.04432338252
2827277.7617676933
164990.2572214511
277889.40876354714
3259817.612288931
3259817.612288931
4243984.106609057
1230053.5865926957
7782634.830485195
7782214.31390612
4792.702045093399
8475.594975929287
3576.0
14173.437574840213
7797829.095928992
7797829.095928992
3278979.4747036914
1645624.0
6962189.0
7797829.095928992
562298.2864028428
3576.0
10026172.375496896
6199886.077198871
6712807.609645238
7255862.403716544
5334883.880639099
5334883.880639099
587656.5144663473
15668430.388306098
21541815.488411523
14304.0
38405.99999999997
14304.0
64222.68347900223
21877641.436087336
21892804.437121604
21892804.437121604
11429506.06801603
3299508.0
3820718.5728009115
21877641.436087344
15715649.614866178
9466562.292386636
21892804.437121604
2304612.0209999997
2308770.0
4355.345201990251
15526619.303971857
15394109.826580951
14304.0
14304.0
33193421.501987584
33159638.180149358
33150232.873820245
9466562.292386636
33159638.180149358
15083.999999999998
15083.999999999998
27318.12708975816
27318.12708975816
347789.1491892379
11155878.91127624
13826.999999999996
367044.0
367044.0
367044.0
367044.0
111704636.94394878
267394.255400065
267394.255400065
267394.255400065
267394.255400065
267394.255400065
267394.255400065
267394.255400065
267394.255400065
1073153.948894406
487250.72553622123
267394.255400065
267394.255400065
113585725.5741489
162812.92606492282
11155878.91127624
27318.12708975816
136134.0
100818.0
367044.0
367044.0
546480.0
367044.0
367044.0
367044.0
111704636.94394878
425166.0
425166.0
425166.0
2209131.0
425166.0
425166.0
425166.0
1408148.0
425166.0
425166.0
425166.0
1408148.0
1894634.0
425166.0
425166.0
425166.0
509096.0
682192.0000000001
1142652.0
425166.0
425166.0
425166.0
425166.0
425166.0
425166.0
1408148.0
218940062.82950515
425166.0
425166.0
2209131.0
425166.0
425166.0
425166.0
425166.0
425166.0
425166.0
509096.0
576240.0
509096.0
425166.0
425166.0
425166.0
425166.0
425166.0
425166.0
425166.0
425166.0
425166.0
425166.0
425166.0
425166.0
425166.0
425166.0
425166.0
425166.0
218940062.82950515
267394.255400065
267394.255400065
267394.255400065
1141713.948894406
267394.255400065
267394.255400065
751073.948894406
267394.255400065
487250.72553622123
113585725.5741489
267394.255400065
888993.948894406
267394.255400065
820193.948894406
339186.8115559699
267394.255400065
267394.255400065
751073.948894406
113585725.5741489
38089028.41415758
7034086.999999999
425166.0
218940062.82950515
367044.0
546480.0
504624.0
899568.0000000001
111704636.94394878
73150.0
31424.999999999996
5896832.986896979
75886.41909855093
5896832.986896979
72782645.52949496
899568.0000000001
367044.0
367044.0
367044.0
759600.0
367044.0
367044.0
504624.0
504624.0
612528.0
367044.0
367044.0
47589.000000000044
5896832.986896979
111704636.94394878
797456.0
47589.000000000044
5896832.986896979
267394.255400065
339186.8115559699
267394.255400065
888993.948894406
339186.8115559699
5896832.986896979
94187.39854391274
113585725.5741489
359100.0
5896832.986896979
125028.64728691259
5896832.986896979
72782645.52949496
330606.00000000006
100818.0
100818.0
4812636.607654047
13826.999999999996
29647233.787546203
1345430.8462540053
1040912.7735670558
1040912.7735670558
1040912.7735670558
1040912.7735670558
3694133.523540809
1881578.846254005
1040912.7735670558
1040912.7735670558
1040912.7735670558
1040912.7735670558
7019758.759632476
5628050.759632476
1040912.7735670558
1040912.7735670558
4619036.7765276795
1040912.7735670558
1040912.7735670558
1881578.846254005
1040912.7735670558
3379373.5235408093
4374791.776527679
1040912.7735670558
1553402.8462540053
5628050.759632476
1881578.846254005
1040912.7735670558
1040912.7735670558
1040912.7735670558
4374791.776527679
1040912.7735670558
1040912.7735670558
1040912.7735670558
1040912.7735670558
1040912.7735670558
1040912.7735670558
1040912.7735670558
1040912.7735670558
1040912.7735670558
1040912.7735670558
2529521.523540809
1040912.7735670558
8718854.420239883
1040912.7735670558
1040912.7735670558
1040912.7735670558
3694133.523540809
1040912.7735670558
1040912.7735670558
1040912.7735670558
1040912.7735670558
1040912.7735670558
1881578.846254005
1040912.7735670558
1040912.7735670558
3379373.5235408093
1040912.7735670558
4619036.7765276795
1040912.7735670558
1881578.846254005
1040912.7735670558
1040912.7735670558
1881578.846254005
4619036.7765276795
1040912.7735670558
1040912.7735670558
3694133.523540809
3063149.523540809
1040912.7735670558
5628050.759632476
1040912.7735670558
1040912.7735670558
1040912.7735670558
1040912.7735670558
1040912.7735670558
1040912.7735670558
409088622.1279155
15083.999999999998
15083.999999999996
34182029.801841736
34182029.801841736
27318.12708975816
27318.12708975816
347791.3976653581
4214289.327581757
13826.999999999996
367044.0
367044.0
367044.0
216614.9810204968
7539156.255305967
40508906.87526437
114854875.15694354
267394.255400065
267394.255400065
32184.0
267394.255400065
32184.0
32184.0
267394.255400065
1073153.948894406
267394.255400065
487250.7255362212
154196.99999999997
267394.255400065
41419491.486004256
116479988.8405764
116663284.6002064
121052771.61101055
162812.92606492282
11995101.537040008
26725.336080349593
136134.0
100818.0
367044.0
95900.9999999999
546480.0
367044.0
154197.0
367044.0
868911.0674351047
114628532.86454153
114581092.51382639
114854875.15694354
371424.0
89246280.99999999
425166.0
425166.0
2209131.0
425166.0
128358.00000000004
425166.0
32184.0
712407.8441558441
138761.3521420339
78803.99999999999
193578.0
878184.4510762907
1894634.0
425166.0
682191.9999999999
425166.0
425166.0
28460.66666666667
1142652.0
32184.0
425166.0
236007.0
425166.0
245466.00000000003
32184.0
1215729.701728306
31310518.221874543
123755070.32128815
7266697.999999999
13584401.185399694
153707061.56236777
193587587.15584606
32184.0
32184.0
32184.0
425166.0
425166.00000000006
425166.0
425166.0
425166.00000000006
425166.0
509096.0
576240.0
509096.0000000001
425166.0000000001
425166.0000000001
425166.0
32184.0
425166.0
32184.0
55803.99954236943
425166.00000000006
425166.0
425166.0
425166.0
32184.0
425166.0
425166.0
95900.99999999991
425166.0
76194043.46142901
216193552.61320665
233782886.53271028
1609698.5714285714
233810391.02785596
218940062.82950515
267394.25540006504
267394.255400065
267394.255400065
151254.0
267394.255400065
32184.0
751073.948894406
267394.25540006504
487250.7255362212
30937151.991859276
115448620.32710679
1499688.0
116523667.61678267
116523667.61678264
116523667.61678264
71723897.70399693
122908465.6248527
122908465.6248527
108869386.60115618
113585725.5741489
267394.255400065
888993.948894406
267394.255400065
687038.3545745306
339186.8115559699
267394.255400065
267394.255400065
751073.948894406
113585725.5741489
2816753.9999999995
55803.99954236943
1180416.0000000002
558374.5101131066
54674.86424926606
243735.0
504624.0
845665.4612536172
113476465.99506925
114854875.15694354
22321118.99999999
73150.0
18834.32698873247
53130450.00000001
6272699.999999999
6598137.141127357
75886.41909855092
5506716.458081141
4388129.378115309
899568.0000000002
367044.0
305350.47279649397
367044.0
759600.0
367044.0
367044.0
24447.809523809527
504624.0
612528.0
367044.0
367044.0
113476465.99506924
371424.0
120960332.74609451
47589.00000000004
4388129.3781153085
10183.827628523439
47589.000000000044
110664.00000000122
267394.255400065
339186.8115559699
267394.255400065
32184.0
30044.357142857145
57031944.0744876
115448620.32710677
20268629.070085127
116663284.6002064
71723897.70399694
6598137.141127358
94187.39854391273
113585725.5741489
359100.0
56737575.0
3981281.3795533865
125028.64728691257
5128805.176893445
330606.0
100818.0
32184.0
63600.00000000001
5598310.027777777
13826.999999999993
29432541.284741588
3270030.019848752
1484722.125100936
915705.6536240365
1040912.7735670558
138761.3521420339
32184.0
133092.0
2150555.4405677114
1055462.9292668824
455341.9939777472
32184.0
1055462.9292668824
7518102.546789726
6049430.694583241
545650.8271253686
497057.7154687499
2810145.0198487523
250538.37342091775
1062049.961649639
85691.6039203731
1062049.961649639
2873634.000129008
32184.0
933701.7272727271
1402619.7272727273
2150744.4578651683
853461.6611421001
1040912.7735670558
32184.0
1955857.8733754475
872118.1605608324
1062049.961649639
32184.0
545650.8271253686
32184.0
306741.52708638355
1175124.5791624107
1062049.961649639
867142.622228987
1178866.213483146
2709740.292013379
853461.6611421001
9400332.992357928
865066.1130313566
183021.0
193578.0
3941174.2920133783
32184.0
1062049.961649639
1174064.3003001928
1062049.961649639
154197.0
1636636.7123316498
865066.1130313565
1062049.961649639
29445.11308929058
32184.0
5181660.440567711
127560.93817356192
1636636.7123316494
1062049.961649639
862584.1641309106
1209343.2698659978
5181849.457865168
1178866.213483146
1300068.0
1062049.961649639
3173090.471714978
747286.2698659977
6049430.694583241
1175124.5791624107
1062049.961649639
306741.5270863836
245465.99999999997
1055462.9292668824
862584.1641309105
59431381.44416804
232016422.15468824
232016422.15468824
429562173.09293264
46952429.93491284
429562173.0929327
1550568.0
3347485.000000005
1550568.0
2103043.730564271
1550568.0
1550568.0
1550568.0
4989796.67708329
1931040.0
2000425.3637149471
1550568.0
1550568.0
438521800.9524894
438409258.9783084
438409258.9783084
438409258.9783084
438521800.9524894
234522023.85885292
102968304.00736049
102968304.00736047
217344593.135739
440037302.13972265
440037302.13972265
245459603.20656013
440129486.28288823
117254214.75309624
217575468.24178258
460844627.8526305
1550568.0
474613874.00175554
330173099.592124
475772394.23471534
409088622.1279155
802140.0
802140.0
802140.0
802140.0
802140.0
802139.9999999999
61128.0
61128.0
61128.0
61128.0
3576.0
474442.99999999994
474443.0
287622.00000000006
1533908.9999999998
3576.0
27274.0
1533909.0
1533909.0000000002
1533909.0
3576.0
1533909.0
1533908.9999999998
1533909.0
146873.55718828648
144189.3256833993
144189.3256833993
1401902.0000000002
1401902.0000000002
1401902.0000000002
3576.0
3576.0
3576.0
17133.0
3576.0
1401902.0000000002
1401902.0000000002
1401902.0000000002
1401959.1863332703
1401959.18633327
1401902.0000000002
1401902.0000000005
1401902.0000000005
1401902.0000000002
1401902.0000000002
61128.0
3576.0
140065.0
140065.0
140065.0
140065.0
1533909.0
24406.0
17133.0
10703.999999999996
1533909.0
1533909.0
1533909.0000000002
1533909.0000000002
1533909.0000000002
1533909.0
1533909.0000000002
1533909.0
1533909.0
1533909.0
3576.0
3576.0
27274.0
1533909.0
3036719.0
820151.0
1640898.0
3036719.0
3036719.0
3036719.0
3576.0
3576.0
15016.999999999995
8756.0
3576.0
11589.622657819233
3576.0
27274.0
3036719.0
1809237.4597729833
3036719.0
3036719.0
3036719.0
1645624.0
3036719.0
3036719.0
3036719.0
3036719.0
882917.9999999999
115138.00000000001
3576.0
3036719.0
409902.00000000006
820151.0
1728.601594549537
3036719.0
3036719.0
3036718.9999999995
3036719.0
3576.0
10703.999999999996
14262.000000000002
3576.0
3576.0
16806.000000000004
3036719.0
3036719.0
3036719.0
3036719.0
3036719.0
1217236.4273305212
3036719.0
3576.0
3036719.0
3036719.0
3036719.0
3036719.0
3036719.0
1726562.9264441484
3036719.0
3036719.0
3036719.0
3036719.0
3576.0
10703.999999999996
3576.0
13719.622657819233
3576.0
3576.0
3576.0
3576.0
3576.0
3036719.0
3036719.0
3036719.0
3036719.0
1645624.0
1645624.0
3036719.0
3036719.0
3036719.0
803708.0
882918.0
3576.0
2974990.0
1640898.0
3036719.0
3036719.0
3036719.0
14619.62265781923
3576.0
3576.0
15016.999999999995
3576.0
13719.62265781923
3576.0
3036719.0
3036719.0
3036719.0
3036719.0
3036719.0
3036719.0
3036719.0
3036719.0
3036719.0
3576.0
409909.79910979525
1401902.0000000002
1401902.0000000002
1401902.0000000002
1401902.0000000002
1401902.0000000002
1401902.0000000002
3576.0
3576.0
16806.000000000004
3576.0
1401902.0000000002
1401902.0000000002
1401902.0000000002
1401902.0000000002
1401959.1863332707
1401902.0000000002
1401959.1863332703
1401936.0313332702
1401959.18633327
1401902.0000000002
3576.0
3576.0
17133.0
1401902.0000000005
1401902.0000000005
1401902.0000000002
1401902.0000000002
1295692.0
1401902.0000000002
1401902.0000000002
3576.0
3576.0
1401936.0313332702
409904.32230979524
1401902.0000000002
1401902.0000000002
1401902.0000000005
1401902.0000000002
1401902.0000000002
1401902.0000000002
1401902.0000000002
802140.0
3036719.0
11589.622657819233
3576.0
15223.000000000002
882918.0
1533909.0
1533909.0
8299.77753465659
1533909.0000000002
1533909.0
768204.0069999999
768204.0069999999
803707.9999999999
882918.0
1533909.0
1325362.0
1325362.0
1325362.0
1325362.0
803708.0
803708.0
3576.0
3576.0
18539.0
18539.0
18539.0
18539.0
1325362.0
1301478.9999999995
1533909.0
1301478.9999999998
1533909.0000000002
1533909.0000000002
1533909.0
1533909.0
1533909.0
3576.0
3576.0
3576.0
3576.0
1533909.0
1533909.0
1533909.0
1301478.9999999995
1533908.9999999998
1533909.0
1533909.0
1533909.0
1533909.0
3576.0
3576.0
3576.0
15223.0
1533909.0
1533909.0
1533908.9999999998
1533909.0
1533908.9999999998
1533908.9999999998
1533908.9999999998
3576.0
18539.0
18539.0
18539.0
1533909.0
474443.0
3115.190968623315
474443.0
474443.0
474443.0
18539.0
18539.0
3576.0
18539.0
18539.000000000004
3576.0
18539.0
1401936.0313332702
1401902.0000000002
1401902.0000000002
1401902.0000000002
3576.0
1401902.0000000002
1401902.0000000002
1401959.1863332703
1401936.0313332702
1401959.18633327
38206.000000000015
3576.0
1401902.0000000002
1401936.0313332702
3576.0
1401902.0000000002
1401902.0000000002
1401902.0000000002
18539.0
18539.0
18539.0
18539.000000000004
1401902.0000000002
1325362.0
1325362.0
1325362.0
18539.0
3576.0
18539.0
18539.0
18539.000000000004
140065.0
140065.0
140065.0
140065.0
140065.0
3576.0
140065.0
3576.0
16085.999999999998
3115.190968623315
474443.0
3301557.0
3301557.0
3301557.0
2974990.0
3301557.0
287622.00000000006
287622.0
287622.0
409902.00000000006
1640898.0
3279346.9999999995
3279346.9999999995
3279346.9999999995
6557860.0
6557860.0
6557860.0
6557860.0
6557860.0
6557860.0
6557860.0
4351812.999999999
4351812.999999999
8301049.999999999
8301049.999999999
1726527.0000000002
8301049.999999999
8301049.999999999
8301049.999999999
8301049.999999999
8301049.999999999
8301049.999999999
8301049.999999999
8301049.999999999
5473.000000000001
3576.0
10703.999999999996
3576.0
3576.0
3576.0
16678.0
17133.0
3576.0
3576.0
3576.0
3576.0
3576.0
3576.0
3576.0
3576.0
3576.0
16806.000000000004
17133.0
14173.437574840213
3576.0
15223.0
3576.0
3576.0
27274.0
3576.0
8301050.0
8301050.0
4351813.0
8301050.0
8301049.999999999
1809253.4451729832
1809237.4597729833
8301049.999999999
8301050.0
8301049.999999999
8301050.0
6962189.0
8301050.0
4351813.0
8301050.0
8301049.999999999
8301050.0
8301050.0
8301050.0
1809253.4451729832
6489839.515600862
6489839.515600863
3278990.7060036915
3278990.7060036915
3278990.7060036915
3278990.7060036915
3278990.7060036925
3278990.7060036915
1645624.0
1645624.0
1645624.0
824877.0
413318.0
3656427.0
6962189.0
8301049.999999999
8301049.999999999
8301049.999999999
8301049.999999999
8301049.999999999
8301050.0
8301050.0
8301050.0
8301050.0
8301050.0
7566523.0
7566523.0
7566523.0
7566523.0
4351813.0
4351813.0
4351813.0
4351813.0
8301050.0
3278.7684964136993
14788.0
38206.000000000015
768204.0069999999
5867.0
769590.0
769590.0
803708.0
3576.0
115138.0
115138.0
3576.0
3963338.0
820151.0
3279372.2972525433
6557860.0
6557894.914631581
6557894.914631581
1809237.4597729836
13114161.168637892
6962189.0
13114159.0
13114159.0
8286.000000000004
3576.0
3576.0
3576.0
3576.0
3576.0
15223.0
3576.0
3576.0
3576.0
3576.0
3576.0
13523806.0
13523808.0
13523806.0
13523808.0
13523806.0
13523806.0
13523808.0
4351813.0
13523808.0
4351813.0
6556908.0
6556908.0
3278957.999999999
1726527.0000000002
1645624.0
3656427.0
6962189.0
6962189.0
14756237.0
14756237.0
14756237.0
14756237.0
7566523.0
14835720.0
1257.0
1257.0
6780.0
1257.0
1257.0
1257.0
1257.0
1257.0
1257.0
7640.0
2926.0
1257.0
1257.0
1257.0
1257.0
2238.0
1257.0
1257.0
1257.0
1257.0
1257.0
4458.0
1257.0
72496.0
1257.0
1257.0
4458.0
1257.0
1802.0
1257.0
1257.0
2926.0
1257.0
4523930.0
1257.0
1257.0
1257.0
1257.0
1257.0
2926.0
1257.0
1257.0
1257.0
1802.0
10799.0
14364.0
1257.0
4458.0
1802.0
1257.0
1257.0
1257.0
7640.0
1257.0
1257.0
1257.0
1257.0
1257.0
1257.0
1802.0
1257.0
10799.0
1257.0
1257.0
5916.0
7640.0
1257.0
1257.0
1257.0
2926.0
1257.0
1802.0
1257.0
1257.0
5916.0
1257.0
14364.0
1257.0
1257.0
7640.0
4523930.0
1257.0
1257.0
1257.0
105602.21666666666
1257.0
1257.0
1257.0
1257.0
14364.0
1257.0
1257.0
1257.0
1257.0
10799.0
1257.0
4458.0
1257.0
7640.0
1257.0
72496.0
1257.0
1257.0
1257.0
1257.0
2926.0
1257.0
1257.0
1802.0
1257.0
1257.0
2926.0
1257.0
1257.0
1257.0
5916.0
1257.0
1257.0
1257.0
1257.0
2238.0
1257.0
1257.0
10799.0
1802.0
2926.0
1257.0
1257.0
1257.0
1257.0
4523930.0
5028.0
17832.0
5028.0
5028.0
5028.0
23664.0
30560.0
5028.0
5028.0
5028.0
5028.0
5028.0
5028.0
5028.0
5028.0
17832.0
8952.0
5028.0
43196.0
27120.0
30560.0
5028.0
7208.0
39768.0
5028.0
5028.0
5028.0
138840.0
23664.0
8952.0
5028.0
5028.0
5028.0
5028.0
5028.0
5028.0
117760.00000000001
5028.0
5028.0
5028.0
5028.0
5028.0
5028.0
5028.0
5028.0
5028.0
14108.0
5028.0
23664.0
5028.0
5028.0
5028.0
5028.0
5028.0
27120.0
5028.0
43196.0
11704.0
5028.0
5028.0
43196.0
5028.0
27120.0
5028.0
5028.0
23664.0
5028.0
5028.0
7208.0
11704.0
18095720.0
1257.0
1257.0
6780.000000000001
1257.0
1257.0
804.0219349591688
1257.0
803.8907656098575
7640.0
1257.0
1432.551039006799
803.5142064313181
1257.0
1257.0
1257.0
2238.0
804.6831440527767
1257.0
803.6061008861373
1257.0
804.0219349591688
4458.0
1257.0
72496.0
1257.0
1256.9999999999998
4458.0
1257.0
1802.0
803.5142064313181
185.94534840065458
2926.0
1257.0
531659.0
2886675.000000001
1272.0
5129.0
2886675.0000000005
2886675.0
2886675.0
151803.00000000003
5062.999999999999
4465.000000000004
85218.00000000001
592515.0
1272.0
645464.0000000001
4250948.0
1272.0
4455749.0
4455749.0
14364.0
14364.0
803.5142064313181
1257.0
1257.0
1257.0
1257.0
2926.0
1257.0
1257.0
1257.0
1802.0
10799.0
1257.0
4458.0
1802.0
1257.0
1257.0
1257.0
7640.0
1257.0
1257.0
1257.0
1257.0
804.0219349591688
1802.0
804.0219349591688
1257.0
10799.0
1256.9999999999998
1257.0
5916.0
7640.0
1257.0
1257.0
1257.0
2926.0
1257.0
1802.0
1257.0
803.5142064313181
2480.9482539813803
1256.9999999999998
14364.0
1256.9999999999998
1257.0
7640.0
590776.0
2125395.9999999995
2125395.9999999995
475891.0
475891.0
1272.0
2886675.0
2886675.0
2886675.0
1062779.0
2125395.9999999995
4382959.0
4382959.0
4382964.0
1257.0
1257.0
1257.0
135000.0
1257.0
1257.0
1257.0
804.0219349591688
852.1666179479685
804.0219349591688
1256.9999999999998
1257.0
1257.0
10799.0
1257.0
4458.0
1257.0
7640.0
804.0219349591688
307.09530033333203
1257.0
1257.0
1256.9999999999995
804.0219349591688
2926.0
1257.0
1257.0
1802.0
1257.0
1257.0
2926.0
1256.9999999999998
5916.0
1256.9999999999998
1257.0
1257.0
1257.0
1257.0
1257.0
2238.0
803.5142064313181
804.0219349591688
10799.0
1802.0
2926.0
1257.0
1257.0
1257.0
1257.0
132850.0
151803.0
2886675.000000001
1272.0
4465.000000000004
1272.0
3037.0
1272.0
1272.0
2886675.0
557972.9999999999
2886675.0000000005
2125218.0000000005
531228.0
2148407.0
2886675.0
89110.3789827051
645464.0000000001
2125218.0000000005
4523930.0
3771.0
17832.0
5028.0
5028.0
5028.0
23664.0
2173.0016225639583
5028.0
3213.0
3771.0
5028.0
5028.0
5027.999999999999
5028.0
5028.0
17832.0
6714.0
5028.0
2410.881932372378
27120.0
22920.0
5028.0
7208.0
39768.0
39768.0
5028.0
5028.0
3213.0
138840.0
23664.0
3213.0
3213.0
5028.0
5028.0
5028.0
3771.0
3771.0
117821.68155555558
117821.68155555558
5028.0
3213.0
5028.0
3213.0
2410.0355599744034
5028.0
5028.0
3771.0
5028.0
14108.000000000004
5028.0
23664.0
3213.0
5028.0
5028.0
3771.0
5028.0
1861.8699246071396
43196.0
5028.0
11704.0
2362.5168440551465
5028.0
5028.0
43196.0
3771.0
20340.0
5028.0
3770.9999999999995
17748.0
5028.0
2957.2006905735534
2281.9880952380954
11704.0
269332.68652982655
4251116.0
8501583.999999998
11546700.000000004
5088.0
12148.0
11546700.000000002
11546700.000000002
11546700.0
4251000.0
9078012.0
752724.0
1417622.9999999998
1427673.0
531400.0
8593628.0
17003792.0
17531836.0
5012380.0
5012380.0
18095720.0
315039.0
24135.693053607367
159433.26510724428
158664.95440899322
459925.0
25080.25256848518
459925.0
459925.0
459925.0
459925.0
459925.0
459925.0
459925.0
89.88583623358531
90.43046851730067
89.88583623358531
89.88583623358531
191.9186708352738
89.88583623358531
89.88583623358531
110.53435473467819
89.88583623358531
242.9207817523285
459925.0
459925.0
459925.0
459925.0
459925.0
459925.0
86688.78689999999
314671.7220697636
314671.7220697636
326480.0
326480.0
326480.0
19516.718291208865
459925.0
459925.0
459925.0
459925.0
434352.0
69472.0
459925.0
91.94040313745522
796.5238713868139
2325.747145735393
47176.42545098866
74331.13076350035
53311.9467723591
641.9134121439101
44160.467180716645
6050.3752988704755
5979.042864357903
5726.253440470453
411996.0
90.58904109589041
425718.0
125865.55835565284
113683.83054079961
434352.0
459925.0
459925.0
459925.0
459925.0
459925.0
142.28589804767734
89.46762458116838
89.46762458116838
89.77779316073654
160.09039598404405
90.43046851730067
89.54331725882932
89.92418788980194
89.54331725882932
98.80724876441516
459925.0
459925.0
326480.0
459925.0
150489.0
459925.0
459925.0
50731.793532913085
459925.0
30.003131149501517
459925.0
410865.0
410865.0
410865.0
3090.75474744865
326469.4899
326469.4899
326469.4899
434352.0
459925.0
459925.0
459925.0
192212.0
459925.0
459925.0
192212.0
69472.0
459925.0
459925.0
459925.0
459925.0
89.88583623358531
89.88583623358531
89.88583623358531
278.1538767370333
89.88583623358531
173.36565042362443
89.88583623358531
375.8026563472123
89.88583623358531
242.9207817523285
89.88583623358531
192212.0
459925.0
69472.0
459925.0
459925.0
459925.0
459925.0
314671.7220697636
326480.0
459925.0
459925.0
459925.0
459925.0
459925.0
459925.0
459925.0
459925.0
459925.0
434352.0
459925.0
51281.46576239476
3435.9909283594743
53311.9467723591
53311.9467723591
5790.4875330859695
411996.0
16982.048345744788
37721.20148696615
22.016178453241817
326469.4899
439467.0
459925.0
459925.0
459925.0
459925.0
459925.0
89.46762458116838
90.58904109589041
89.46762458116838
459925.0
48104.56681309057
459925.0
459925.0
459925.0
459925.0
459925.0
459925.0
459925.0
459925.0
434352.0
312802.19632307265
459925.0
459925.0
459925.0
459925.0
250.0
250.0
250.0
250.0
250.0
250.0
315039.0
115542.0
410865.0
128.25285004384682
7261.092827166303
19511.631612898847
19511.631612898847
34088.93647006848
326469.4899
326469.4899
326469.4899
459925.0
459925.0
459925.0
434352.0
459925.0
69472.0
459925.0
459925.0
459925.0
89.88583623358531
122.61999891963
89.88583623358531
111.30046611233085
141.926076407151
89.88583623358531
89.88583623358531
89.88583623358531
190.52911799627114
173.16911920128797
142.07583353327857
191.0641137921662
89.88583623358531
89.88583623358531
98.17931406967324
89.88583623358531
89.88583623358531
89.88583623358531
89.88583623358531
89.88583623358531
459925.0
459925.0
459925.0
459925.0
459925.0
459925.0
459925.0
459925.0
82942.32491506517
459925.0
459925.0
459925.0
459925.0
459925.0
459925.0
459925.0
314671.7220697636
326480.0
86688.7869
158691.53472640106
158691.53472640106
305081.45953630237
459925.0
459925.0
459925.0
459925.0
459925.0
459925.0
34892.0
39041.08674002088
91.95758223472832
83096.48658886348
52327.02745562899
48173.61767515773
92.85478598380807
411996.0
425718.0
37721.20148696615
93052.7054386936
459925.0
89.46762458116838
89.92418788980194
459925.0
459925.0
459925.0
459925.0
459925.0
339474.0102
459925.0
459925.0
150489.0
459925.0
62607.0
398700.0
115542.0
203448.0
410865.0
410865.0
567.9952802855958
150489.0
10620.0
357.0
17836.0
163268.0
163268.0
326444.0
629900.0
594088.0
629900.0
629900.0
629900.0
629900.0
629900.0
629900.0
629900.0
629900.0
357.0
390.0
357.0
357.0
357.0
357.0
357.0
357.0
357.0
636.0
357.0
357.0
357.0
357.0
357.0
357.0
357.0
629900.0
629900.0
629900.0
629900.0
629900.0
629900.0
629900.0
594088.0
629900.0
629900.0
629900.0
594088.0
326480.0
326480.0
81648.0
40852.0
86660.0
339448.0
629900.0
629900.0
629900.0
629900.0
629900.0
192212.0
192212.0
629900.0
113058.0
62559.0
111855.0
3846.0
113055.0
113055.0
113058.0
111147.0
111147.0
268.6525274115761
111147.0
111147.0
83550.0
83550.0
269.68053244592346
83550.0
83550.0
339474.01019999996
425718.0
331.34018407438396
267.9852133122498
267.9852133122498
267.9852133122498
267.99305245632286
339474.01019999996
411996.0
192212.0
411996.0
425718.0
40824.0
86660.0
326444.0
326444.0
411996.0
652924.0
1305264.0
1305264.0
594088.0
1305264.0
357.0
357.0
753.0
357.0
1242.0
357.0
357.0
486.0
1346038.0
1346038.0
1346038.0
1346040.0
1346038.0
1346038.0
1346038.0
1346040.0
192212.0
1346040.0
111855.0
652676.0
326480.0
163408.0
594088.0
594088.0
594088.0
1379855.0
758772.0
434352.0
434352.0
1380035.0
14364.0
14364.0
1257.0
1257.0
1257.0
1257.0
1802.0
1257.0
4458.0
1257.0
1257.0
1257.0
1257.0
1257.0
5916.0
1257.0
1257.0
4458.0
1257.0
1257.0
1257.0
1257.0
1257.0
5916.0
1257.0
1257.0
1257.0
1257.0
1257.0
7640.0
3743.066784218647
7640.0
1272.0
1257.0
1257.0
6780.000000000001
2926.0
1257.0
1257.0
1257.0
1257.0
1257.0
1257.0
1257.0
1256.9999999999998
1272.0
14364.0
1257.0
1257.0
1257.0
1257.0
1257.0
1257.0
1257.0
1257.0
1257.0
1257.0
1257.0
1802.0
1257.0
1257.0
1257.0
1257.0
1257.0
1257.0
1256.9999999999998
20522.0
20522.0
14364.0
7640.0
1257.0
1257.0
1257.0
1256.9999999999998
1257.0
1257.0
1257.0
1257.0
1257.0
2926.0
10799.0
1256.9999999999998
1257.0
1802.0
1802.0
10799.0
1257.0
1257.0
2926.0
1257.0
1257.0
1257.0
1257.0
1257.0
1257.0
1256.9999999999998
4458.0
1257.0
1257.0
2238.0
1257.0
1257.0
4458.0
1257.0
3527.0
1257.0
4458.0
1272.0
4458.0
1257.0
1257.0
6780.0
1257.0
1257.0
1257.0
1257.0
1256.9999999999995
3037.0
1257.0
1257.0
1257.0
1257.0
1257.0
1257.0
2238.0
1256.9999999999998
7640.0
2238.0
1257.0
1256.9999999999998
1256.9999999999998
1257.0
1257.0
1257.0
2926.0
1257.0
1257.0
4458.0
1257.0
1802.0
1257.0
1257.0
1257.0
2238.0
4713.919091271422
1272.0
1802.0
2926.0
1257.0
1802.0
9942.0
9942.0
1257.0
1257.0
1257.0
1257.0
14364.0
1257.0
1257.0
1257.0
1257.0
1257.0
34710.0
5916.0
1257.0
5916.0
1257.0
1257.0
1272.0
1257.0
2238.0
1257.0
1257.0
1257.0
7640.0
1256.9999999999998
1257.0
1257.0
7640.000000000001
1257.0
1257.0
1257.0
1257.0
1257.0
1257.0
1257.0
1257.0
1257.0
1256.9999999999998
1257.0
7640.0
1272.0
1257.0
10799.0
1257.0
1257.0
4458.0
1257.0
1257.0
1256.9999999999995
1257.0
1257.0
1257.0
1257.0
1257.0
1257.0
1257.0
1257.0
5916.0
1257.0
1257.0
1272.0
1257.0
1257.0
1257.0
4458.0
2926.0
1257.0
1257.0
1257.0
1272.0
72496.0
72496.0
1257.0
1257.0
1802.0
1257.0
1257.0
1257.0
1257.0
1257.0
1256.9999999999995
10799.0
1257.0
6780.0
1272.0
1802.0
29459.895170544714
29459.895170544714
1256.9999999999998
1257.0
5916.0
2926.0
4458.0
1257.0
1257.0
1257.0
1257.0
1257.0
1257.0
2926.0
2290.0
1257.0
4458.0
1257.0
2238.0
1257.0
1257.0
10799.0
1257.0
1257.0
1257.0
1257.0
1257.0
2926.0
1257.0
1257.0
1257.0
1257.0
1257.0
1257.0
1256.9999999999998
1257.0
1257.0
1257.0
5916.0
4458.0
7640.0
1257.0
1257.0
2238.0
1257.0
1257.0
2926.0
14364.0
1802.0
1257.0
1257.0
1257.0
1257.0
1257.0
1257.0
1257.0
1257.0
1257.0
1257.0
1257.0
1257.0
1257.0
1257.0
1802.0
1272.0
2926.0
1257.0
1257.0
1257.0
1272.0
9942.0
1257.0
3527.000000000001
1257.0
1257.0
5916.0
1257.0
1257.0
1256.9999999999998
1257.0
1257.0
1257.0
1257.0
1257.0
1257.0
293.6180664652568
1257.0
1257.0
1257.0
1256.9999999999998
5916.0
2926.0
1257.0
1257.0
1256.9999999999998
1256.9999999999998
1257.0
1257.0
1257.0
1257.0
1256.9999999999998
1257.0
1257.0
1257.0
1257.0
2926.0
2238.0
1257.0
2238.0
1272.0
1257.0
1257.0
10799.0
1257.0
1257.0
1256.9999999999995
1257.0
2926.0
1272.0
2926.0
1257.0
1257.0
1257.0
1257.0
1257.0
1257.0
2926.0
1802.0
1257.0
1257.0
1257.0
1257.0
10799.0
10799.0
1257.0
1257.0
1257.0
1802.0
2926.0
10799.0
1257.0
1257.0
1257.0
6780.0
2926.0
1257.0
1257.0
9942.0
4465.000000000004
5916.0
1257.0
1257.0
1257.0
1257.0
7640.0
1802.0
1257.0
1257.0
1257.0
1257.0
5916.0
5916.0
5916.0
1257.0
1272.0
1256.9999999999998
14364.0
1257.0
1257.0
1257.0
1257.0
2926.0
1257.0
1257.0
1256.9999999999998
1272.0
1256.9999999999998
1256.9999999999998
1257.0
1257.0
1257.0
1257.0
1257.0
2926.0
1257.0
1257.0
7640.0
7640.0
89780.17956157788
429337.5906043768
590776.0
590776.0
49709.17552024004
64474.0
1272.0
49709.0
68700.0
132850.0
531676.2619597368
531659.0
1062779.0
1062779.0
1062779.0
2125395.9999999995
557972.9999999999
2125395.9999999995
2125395.9999999995
2125395.9999999995
475891.0
2886675.000000001
2886675.0000000005
475891.0
151803.0
2886675.000000001
557986.4085886263
2886675.000000001
1110493.0
2886675.000000001
2886675.0000000005
2886675.0000000005
2886675.000000001
2886675.0000000005
5129.0
1272.0
3037.0
1272.0
1272.0
1272.0
4465.000000000004
5129.0
1272.0
1272.0
1272.0
1272.0
1272.0
1272.0
3037.0
5129.0
1272.0
4357.000000000001
1272.0
1272.0
1272.0
4805.999999999999
1272.0
1272.0
5193.999999999998
8141.0
2997.999999999999
1272.0
1272.0
1272.0
5193.999999999998
2886675.0
2886675.0
2886675.0
2886675.0000000005
2886675.0000000005
2886675.0
2886675.0000000005
2886675.0
2886675.0
2886675.0000000005
2886675.0
557972.9999999999
2886675.0000000005
2886675.0000000005
2886675.0
2886675.0
2886675.0
2125218.0000000005
2125218.0000000005
2125234.173830307
557972.9999999999
1062750.0
1062750.0
1062750.0
1062750.0
1062750.0
531228.0
531228.0
531228.0
2148407.0
2886675.0000000005
2886675.0000000005
2886675.0
2886675.0
2269503.0
1253095.0
151803.00000000003
2886675.0
22216.794175600822
89110.3789827051
5062.999999999999
250908.0
250908.0
250908.0
250908.0
472540.99999999994
4465.000000000004
85218.00000000001
592515.0
1272.0
645464.0000000001
645464.0000000001
475891.0
592515.0
645464.0000000001
132850.0
1062779.0
1062779.0
2125395.9999999995
2125395.9999999995
4250948.0
2148407.0
4250948.0
4250948.0
4250948.0
4382959.0
1272.0
1272.0
1272.0
1272.0
1272.0
2290.0
1272.0
8141.0
4382959.0
4382959.0
4382964.0
4382959.0
4382959.0
4382964.0
4382959.0
4382959.0
4382964.0
2125218.0000000005
2125218.0000000005
2125218.0000000005
2125218.0000000005
2125218.0000000005
1062750.0
1062750.0
1062750.0
4455749.0
4455749.0
4455749.0
2269503.0
1253095.0
1253095.0
475891.0
4523930.0
