557329.520688391
7255481.726005791
4791576.052291847
6407203.393777022
5513554.006098042
5912207.6339869555
5578481.461782624
3356689.386546901
13615417.511900421
22911318.43148806
23078036.60197327
11534637.681916397
6428793.980649405
11656064.114679417
312055.97053623234
1709706.724643063
4627536.652502071
2389441.451791181
5590613.50835116
505943.548373189
120961.2831316129
13895695.515581816
14556944.04135967
4591014.951658202
4809485.618722251
9400500.57038045
687893.6057634568
28452639.556941476
8157182.963265949
8545355.343907954
16702538.307173895
4256780.923115837
4459346.538259988
8716127.461375821
2929247.305851079
3068640.145918766
5997887.451769843
819372.7539114382
293264.312916726
307219.75648282806
3701126.577467381
1162124.4062600087
1217425.9238809294
44795619.155360684
31844702.063421044
80267374.0533871
30539760.89833446
308393507.3799744
274180562.72256523
136135432.28146282
809565291.8190858
20511557.35208817
65719071.37288436
41532934.71093904
274562070.08770984
93034.16684468495
137254823.52997032
3003532.578506843
3032669.3260750733
988903468.7750293
12788504.520879112
265919351.86781162
23606815.35751292
22241007.58191133
46815500.15582688
44296531.59516769
27052401.533059534
12703580.655621085
24679668.11176644
336082703.30377406
46404451.719175264
352075727.319726
44956413.44365478
95858789.51636682
90700983.31434292
26011681.176491797
688158430.6234998
2024865464.4248614
38325607.045122124
46616580.07014623
577564359.8834791
52147973.43780826
43405341.9350527
25081836.887320835
7450350.631434649
22881939.30790481
311633643.370318
326463220.4167013
46852751.68569831
28057977.693843797
14028772.912700526
17063615.32645409
2990477.326922678
2829570.82495626
11850424.804230677
184052091.50055307
392447024.745671
226776056.189438
106492132.20665842
206885802.56400082
8571855.477830004
123894478.43861873
4412302806.899933
10791505.857772697
192810499.74536523
35621083.54449101
36050441.963453546
8729958.161379421
760332174.7015502
464343607.6781813
17584419.873862
423616591.4258381
5529438279.044205
1.0
25746621571.787655
19087.977718430644
81488816527.68228
7671442610.505005
33073029428.357613
6549620.494131997
15541636171.058407
363770385.4330199
108757053077.34114
72886.18136072431
3101592.5485206055
4328.302817141092
8377.179600443449
4163673285.398444
3157849639.4097085
40521.96321186954
5228269.956412978
37758261085.56358
1.0
5481037513.721674
8525481512.563784
155820.95527191478
6901034.302501514
3276131.1869520154
77313308409.76967
222689481574.69583
5441592695.019279
872250.9478983459
2927823966.8876243
102019.00803001322
118022.6179515593
35011686749.75989
14348.835678584155
189454.2428856441
402183.5435611072
253951.09538207616
26471760238.714058
9590544730.280853
6449235.337112294
1.0
68774231.05000807
509965564098.199
85419.46888583497
15053.038672661936
1070873739.4949267
983230.923088153
3270965.812190055
121752.13945010246
578531.1535170808
2853152.806759513
567396805657.2859
1.0
23523638083.5982
11130.864681322299
57091902688.02031
7671442610.505005
22944201971.172806
219738.35077148597
867931951.6328211
104610394.74598502
108757053077.34114
72886.18136072431
219727.27257379325
7157974.9966607
2653.439669354197
2434.3962164785294
3673190947.755687
112374450.173312
8506.920557424099
3918492.6067154976
18084397369.731346
1.0
3778340762.676847
31959.657960882687
3709.529043410719
6901034.302501514
3163441.3849789626
25604258371.281372
49663.47275743738
26408891874.91294
2358391243.5436206
500274.84625314554
4765.70296426657
178.2267667796201
5665.767574215057
32330584179.72008
5830.4769435516855
12451.717846708058
375790.18838425877
1.0
13503050525.256126
9590544730.280853
41.2355582700717
1471110.897844413
1.0
3794038546.2468457
63763318186.33368
50631.74796211496
9324.361709558787
141072360.46824065
983230.923088153
16.46864020938313
97682.73768494635
563663.5397593133
1496568.2027543676
74004.45286682836
26182816.717523653
2151631.9249885255
227091789.70629555
79874650.91916823
568435807.7526103
5107757.549606445
65719071.37288436
1805.0864070908094
188581576.14534318
3256.1325356092457
110916248.94290644
1109.6170701435296
7445890.243031691
867302.5521424802
1405209.0963763723
128226646.70974164
6778.957855295089
988903468.7750293
12788504.520879112
186776675.40997493
18392844.40231704
70885.73061245492
54279.48125861369
1843146195.2105575
8605112.518719813
13225309.859062528
13111680.440701483
37040102.093078315
941901.462707029
22985217.15771632
2683657.0389871174
3631441.794251951
8119584.178404718
114930451.2830642
152218503.50319344
4286.506169401248
235131753.80490762
245458463.56409165
89178.26291161546
32083045.813865244
11802335.10310152
1934958.4397073276
94699847.73491403
116734571.59739193
45164.91152826264
30807944.430847082
48261769.8533529
7.841418820452672
360.8189665176091
539522.7410726972
217749336.35558832
530.2332335768399
225463211.90761662
629270720.4156171
688158430.6234998
30691345.131955992
20290615.27614556
1399220.2843491791
244128165.678169
287231497.2612721
44412846.350669436
2821944.427892217
38.8988273409869
14382.615701736191
15348984.025745368
14649787.863670463
270900553.1439882
12119194.029016174
541536.814598483
3812099.685506375
10351440.63035834
904077.6292897946
1197345.6828626315
2119625.3943460444
746340.389005952
38850517.662925184
164657034.862236
26.39398933696928
113564820.7566299
198549065.76674658
708.2222023823647
106492132.20665842
1035.7862478063073
1665683.1923451643
55766898.04632029
3335150.119632887
321293424.5268678
34917237.47601867
8619.837848754683
1826211869.775529
944878134.6032249
586062237.8701949
345644658.80350316
23383.979258924053
5979837.2564183045
1038.975141623791
21181163.246123772
19950365.529768538
1146882.9158427408
562838577.0081613
18903060.180277143
3851.544382943379
760332174.7015502
427657165.79534537
1.7977970249337805
387693700.5832082
233088059.55950296
2724213977.820615
680.8910190989316
7843.521459008092
1.0
144730848.2504235
162783196.68729168
31548.200720054763
111.69867634895934
423123764.958233
26013.984088027042
381349995.17115206
13914.628082288273
3201.9377068042336
136580774.123011
3735.6866932517205
12760632.059764413
153396.93209193388
3504.636537745631
498996935.9709183
61048.820490097816
61048.820490097816
67086.91428748354
522742489.974202
126785.0456405447
36189.17877281682
23191.538200786224
11851.342027366
564.5933330940236
444.11314502837473
264.68088167155724
5968.90020616232
5389.315077883972
264.1567521950295
5932.286429429444
45404.02491603402
2574.4704385772006
167487938.01035684
716.2699823621685
465.246967520331
1.0
175458114.9598108
6793.378727134337
26461.290805590266
30611.579353336307
22811.691860712916
909.3601125487054
14532.24913908468
342946052.9701675
1021739425.9451199
34057.33202412503
4012.0504601031034
291622580.11286145
10552.392966363546
305499899.2414311
94225.19260580206
597122479.3542924
523.5230456711943
40397.92164488454
155304340.80731156
453.3573520699772
5985.884556560273
29077.413916146295
177200.34595185047
29077.413916146295
29077.413916146295
9580.826656668154
9507.095893222207
9507.095893222207
93688.33287839386
56410.690557462374
154576.4533138264
1.0
335847.4734127484
2228422423.557465
24961.148187970535
147501.63953980673
5455.2328364358555
709341194.2862934
42668.10308136428
48788.437346592444
13826.21894736436
156556.73938071664
5110.806327355485
167653.30672439907
1.0
2900699617.4869885
389.30500420344333
1.0
120001505.51086153
5.194529873291695
31548.200720054763
65.87971955286336
298490437.3205608
12916.069878662878
381349995.17115206
9064.821606347286
2917.9571544199034
93189972.21086496
1.0
386554.54481472407
103436.71782053013
239.02890185548264
6594.343520030278
11853.591191817848
25923927.49273325
1896.1954954185142
407146340.7816864
174225731.17497522
498996935.9709183
34909.68479942235
61048.820490097816
34709.011521996494
2995.656061337662
8264.94287691343
1.0
25051.528651448043
237330722.54058695
129390724.64636828
16324.079323083019
4383.280344733964
232.06137970708113
38.23052024603795
74.50559711327514
5968.90020616232
1.0
200.8685329463375
1422.0847309835456
1.0
2497.8078282361776
807987.4964262311
75932565.75413674
144957485.88151798
378.2028423085883
459.0664728643341
1.0
47747938.271302655
51.649242955706654
17223.615354864745
30611.579353336307
252.74362012150698
856.9014656065006
13151.886847677499
2011947.3930440696
109371631.32178873
289.14141430240966
112996961.55976857
241791671.52101994
2399.7570327647704
34057.33202412503
2115.695680957777
125482281.76068486
5039.060008778206
298523373.90617746
3383.531294986735
7170.426760748917
321790494.7177776
25.603966460922585
31.08942930611093
317.30080070090685
20.86517735649737
134413401.6366963
212.4067492115309
310.6612113977784
25826.031298783968
96254.12696944838
13357.789149296737
1.0
1.0
9507.095893222207
8439.748352477287
75484.35910641206
19547.773087249665
67038.62913558702
7675.644238462862
1.0
1.6867699565880692
17791400.826862898
708331960.1451707
313979047.4808837
1066450143.2774686
2228422423.557465
1.0
95775.41420328601
3161.97214442454
1612.5616155614155
373921890.99605566
40735701.76289117
93695807.08834998
39751.57047256796
48788.437346592444
6899.773177655613
1.0
4326.329106086855
1.0
1.0
472.3526537706836
34369.189674232824
3882188.8690637783
167706.7662606679
60520.02235026314
3043144.9188195807
1.0
5578481.461782624
1886346.5824398128
9165040.92502173
4025402.0178932836
10516720.001859551
11534637.681916397
83.55655308341318
5100221.338738682
8458.908683495456
1167266.010292067
109787.31853349955
1588374.6382332144
450686.6645822715
1.0
3885.669758984584
554.0162273331186
7273013.738248861
73.2416131764857
107.5987810465048
211.69287791308176
477.91514669018846
355347.3602776074
6577128.533355294
307188.5286396043
1319375.348760208
4325043.932387042
532838.584285116
7092922.99135007
785361.0499548214
8222894.474124602
65.46004827735797
105.4156438764756
10978336.887672167
4262825.8961890815
13895695.515581816
477231.13520810695
167363.76307617928
4691586.446986892
70.7237706953271
16.8535643567732
7852715.8904204685
14556944.04135967
40931.21193308289
13369353.873821838
449.399298901988
17711389.03050582
828431.9468635418
1850566.228756973
6324815.79618199
69.83747914084091
4727923.396440766
38234.99598274772
1059997.3703599498
1389643.436102562
1017754.7327440737
1999692.2461348635
26.638505215962653
18.5990104666255
2583611.609178118
1082919.5878077794
2174388.9547557947
483522.83189488814
268137.26877729845
2190448.246571314
2107061.55335251
898401.9336788148
2701751.719753404
2203.2402679713878
247260.99636684183
3245068.339467489
3662453.0226750914
1.0
1606283.589688735
527611.6850202755
1718013.3097832892
1019971.5316842688
1984467.8262951786
4311882.254972174
4591014.951658202
744835.1616601077
1714558.2598004127
147518.8862899341
2258228.2400004934
941193.883843053
3117583.056214872
53685.6065095537
35449.183198278704
1446008.206885694
1.0330017611356304
1262402.9196602236
37078.798698808765
12296.343747504827
2012016.9403948085
7.829147283091373
2197358.357877389
3738132.0649966635
681396.8295780336
4374373.628800339
5819334.775968277
339592.1170499265
108591.92649316334
4386367.380991888
1.0
63.62212859140546
9400500.57038045
18152.585716408947
16093.480970127583
2308816.907403285
2751841.7365575
4822257.016237755
1.0
6123149.197189062
3439118.774992516
8157182.963265949
398393.13795289374
3736334.486683294
7996006.443635017
14.731121514154996
134.46592181935537
10386716.050951831
596049.7964027504
7808710.348855098
141377.07497041716
159785.585416665
5.774065795575062
1.0
2505113.3908737777
5708.570738677057
2748215.606706601
51629.266036463625
172206.39826463428
215170.188166877
1057848.1395356995
99833.45179072637
23140.49198095605
756237.936450139
1438043.8118105286
165600.90103051256
89025.37114638436
960981.4434872045
318026.6241352224
27840.47006373755
87991.68122031294
216419.21193738465
1.0
1.2416002888545572
1950509.566863693
55423.46894374351
288809.9821959354
1204586.882689178
3091580.2707005357
1.0
457484.3604862372
275067.26175344473
4641713.441312337
8896602.78857266
182.3952357281938
87.51234680673976
1.465451680360042
12713210.939820956
18540498.011046644
9126861.789260337
9128128.906081596
12257796.214900639
6738921.496411477
21437719.33068838
3509135.0653979406
1.193284495949059
2621024.156298568
18954188.867953435
34492895.74201752
68.92749800418046
237.4043385194554
17766345.63084844
17441062.190111753
19750531.191544782
5659969.419711617
44795619.155360684
408747.788787856
9521178.940116648
10218390.875500804
12036536.979690038
158.57669688864513
72.39329200122064
149.85821051427405
16786606.09263093
1828762.0914063004
3775178.590434388
134.36173856361785
3220940.2351442515
9725158.68159635
5.0761970955377915
1.0
27194875.498054978
42408859.53622681
49844752.27002651
2833447.0052912845
16465462.539443715
14733225.08144136
1231259.5883172634
41082529.31602046
426.5126416916079
9.898594012096147
3.930907820544317
80267374.0533871
2571740.7051240946
10504245.24084197
33655192.78151741
93613370.06829269
59654717.3518981
41855242.9922489
4474000.058307613
35079342.72261995
74605213.89873049
4701894.257105392
2167844.107012092
2240094.9366892516
8077961.747932471
6956449.8188672615
2617035.6310303216
21197470.574217517
58203750.30781429
32285073.557979915
30217109.46700349
3959089.958054577
1715769.6305774064
26104.218459215997
1419093.6033812237
1041907.6415320568
5474970.797296132
14721959.021385243
27032811.56545935
8395373.297578625
7499169.524452655
5729890.640354776
10778595.690801162
250738.80441197223
253435.76744533805
254428.8924774501
3148210.560540507
2011128.0776894945
257574.1494849814
1867427.9680815537
1967981.1074289614
5021432.814776407
9220474.454064345
2863532.1500026993
2557850.8864857918
1954377.1888484973
85994.12495619508
3184187.288462238
4344289.156758607
54179751.0367627
162744669.71267214
3391216.441870612
15888681.27464972
4934426.083795518
4903242.4517311
5486977.616739306
7486060.085143275
4975873.964507228
95413659.52777687
1317040.1800610665
4655659.0788048245
8548832.013968524
2654945.3001499916
3408613.4061201345
2952243.115654279
1219855.9583192384
4027840.25987554
50236126.38371971
1241326.8576491901
1806206.0413700338
11243942.317434937
320758.74296486273
588984.8384951459
21331421.362656455
1271077.1386172574
2159203.859412281
11907946.743257022
15654356.945052171
2898656.1955159362
42093886.8870336
77293797.0158722
24004542.700421453
21442064.418903477
22867071.405053195
716927.0649222662
681363.2905936233
23852843.431908187
26692544.63651087
716123.0438326892
719552.6478297086
36417497.37864532
728674.2639072565
460706418.46655416
21020601.340226293
212346114.16981614
1218257.8961323986
12496408.01086289
918850.8950887441
1607297.8602761466
7384550.0975062335
58023018.273414455
23642436.354277253
8002388.838064512
11618876.7194407
2758612.3394268835
1419636.0762985765
991480.2240597912
1200019.764016373
16784573.705972023
4869438.829881122
43205036.700450495
2990427.2098843907
24275565.459982354
5380753.705159998
12490451.463117588
53869.78766054224
1136558.0537328208
2672682.661983764
120721528.04153746
120721528.04153746
4236878.913378276
120721528.04153746
2226490.4021676374
630057.3419249041
409308.2050193796
5949262.815712096
18451579.644487776
265383.3502090405
8871896.014112582
41176248.451524846
41176248.451524846
41176248.451524846
131076046.62881614
396195099.64379424
31795681.387724277
61686.652057523286
6215142.0291441735
2325681.2047346598
6672457.250046673
70954731.3418002
70954731.3418002
232087933.3136369
4049098.306918997
17107520.394848682
1220322.2692228202
38176867.44117094
27202249.540337313
16211760.483797483
16211760.483797483
1419145.9406053773
36609700.84813051
3431166.744543551
3431166.744543551
13922984.502986241
13922984.502986241
123534369.65672068
70658903.08731349
70658903.08731349
154676709.83401272
8550404.503499063
29968281.64097864
30234851.975534793
11313760.270916687
11313760.270916687
74555414.45660739
2221777.28237218
74371718.40527916
2249745.236741438
345174058.61738247
345174058.61738247
12114332.166985048
345174058.61738247
1048121081.3058126
93546.46926909983
10699724845.562399
173117877.48332998
950178640.1001691
5056.80450799565
8973.47243445384
71034888.51325081
2219.654233420706
1434.1146456607662
25566.191389072857
1.0
12774.214562702917
807969911.2188772
47.009977857997235
7809114232.735877
1219814.68973217
17383.846997829743
1233.1946752553424
26476922.395255197
639760915.4446718
1976.9611363641714
29409609.82074901
1.0
94341.4188790396
2663568238.821774
188472.42724758928
311066.54307550425
3944808.5337513955
744797.2712306147
82264.19139891853
4589849146.132011
1.0
1.0
711859.0592059187
37236.56012271745
2469547260.812837
161953.70919008294
91800302.25675777
4396.619623508892
75605.37847234376
21999.8519229588
11050625179.713766
7223.089227441501
68632.78026310117
1938558420.2734811
373993.244277517
106028.59799073426
59205.94165578861
1721480713.184361
1825202.237529072
412509.1832725865
22328276469.402786
537669.6221615454
130538.03802464933
77214.44555849988
5025516273.110751
164967876.74388304
661290420.8748442
3220.377031104572
1.0
71612.56861252163
2219.654233420706
949.0673799346587
21713.550135561283
1.0
1.0
760542049.1051661
50.54174510606223
8307.73390798251
962704403.193163
1257768.7194160023
12421.510511272883
1.0
1803329.972926304
212311270.91452903
1754.8956317361856
2256266.0566991833
1.0
86918.67839923357
1834813983.9867122
32546.05723315274
1059.2214436206782
82863.23837362533
689447.6739406872
82264.19139891853
4279506984.5002584
1.0
1.0
82986.3270100902
1.0
2115549742.76419
77.00370771188014
1074669.1287134634
1.0
5370.173203555003
1.0
270987589.1350032
5848.330511942943
62992.44774494405
8176.334032375097
357942.73215805873
66281.45175499294
299.09620961712284
1627222848.3321762
576123.6271344702
2.364895752315437
293769178.10657966
28218.837931559814
72309.4867757974
17226221.127311394
79177163.26281187
1162811.598127982
8707399.89160863
325963.80079580465
1006754.8281320446
573503.1530326956
49149340.96955017
1.0
1.6698670801479412
1.6166685188153345
8157.424721395026
726632.572898047
991480.2240597912
733074.4999828835
14102901.927504087
1.0
25917949.98242122
1437661.8411869826
165.40234882292515
115.5407115550165
108521.86831917327
10211541.852064436
57183.30187032438
1043422.201960083
12.880021512441488
2333855.4617881025
154.32017553205168
13592462.00097126
945761.755041513
463972.5021822546
71787333.14718254
51025790.64577645
14213854.289779799
310066883.5495218
727052.6519449204
486911.1700832171
28335.118413756874
25.070216993624264
1974321.8354799598
14000103.209675642
19830.271931994386
6625786.774201756
147.35150984904936
32501763.389010146
3989895.1323506813
82.72698186374825
32501763.389010146
28283255.282555934
144445.1064734952
4859526.79567374
5769522.651804103
2777525.9096637494
2130092.9240951836
64224805.06954954
120000643.4488583
5899347.688403661
3.7158619531338437
6215142.0291441735
1.0
4738307.99479882
70954731.3418002
57459498.432523444
171976895.02492324
18.323139813864852
24067434.756863832
73255287.70593841
432746.7957827573
2.719970112656778
137.7642047897116
1071416.7638026322
28412116.467176802
20977.44673489284
11439424.614304986
95111.05275658784
86985.14515491395
195.78488130132916
58598.115716672546
1.0
856913.4026522504
2.0220092596551704
2727672.1429244564
598.2932128739766
713960.1342366097
1.0
54826855.19636778
77612762.1000741
7387947.965322894
109.44750354366134
5758.092925716483
33.8901541873708
2525059.1490680813
63947129.800573684
1.0
229638.6300810278
1387939.7764624376
3537794.959299119
2802872.2178683695
23224842.87954185
11469830.600518202
13299436.729855893
4843444.358970778
2006.4724993772713
118533156.6695624
1770137.3784678264
11961369.67995059
1186010.9969548094
3980.3131902875025
516284783.1230633
66316450.99998478
30973.12749826754
1.0
3549701330.6885104
2335656493.6374936
1816484817.39612
311922861.45740217
1769.3610126556882
3462593098.199229
4519.514364014159
597070882.2005258
26596.217926068908
2572058667.6909814
25273980.30516519
679332.4545378527
9531.749091839523
990.7564339349009
8231.502054487954
11053.817058004137
1252060933.548337
139783.30615259308
1.0
4117.922553401643
158773072.0673558
27582380.57361014
377.56095102595106
399031.37849888415
5820.314324163417
9505.173368407153
204077865.95141834
324.3333329365994
205642750.79166323
674.8799930450957
654.5695397608519
384228416.12042207
245776468.1022425
7057.8026634970065
3758.169812030578
9443804.90642819
420422.5361077799
1.0
214844.36384892376
354592.4172449229
271019.09891088674
1288426.4944914163
243260.6117807869
128661.0214181578
107542.10798721151
1.0
3036267066.7265034
8889874069.916983
423520935.49419355
92998.56068632058
1.0
1.0
71385.34196574693
232903.08721277822
5188762657.226168
12328.981877018849
227873494.93348557
13060.741741076017
9490.58227252348
2815403516.4242544
52896.21644035257
1155.9668748722406
15262.759570567063
8406.279342102158
85752175.42511854
30661.944903508145
33888.105904884746
1061.7629205323585
300526.0964628843
20458.73690904008
87447.87414280011
3579965902.3570805
44312.48366465275
147416.6604372696
5090.024709917522
5487.154201348771
255658.09692518154
2060305739.2994487
889465683.03761
201269782.00646886
76305795.45599964
25105.503142203077
122773.80062814523
34034.96981572705
502958.02288763766
2440094.363265408
173750.75114098412
112478.19138342877
70666.58193965498
42329.86609948673
502224.25484202796
1.0
5576219.106990486
23538079111.31229
25563.31844227865
1.0
1651971475.7469761
2133624551.1872544
1672036664.0067875
217024068.28795475
1021.3988720422781
2434551050.2025466
2583.9333942961102
597070882.2005258
1.0
1743032312.410307
32085.724867582183
22471.710807524443
9531.749091839523
990.7564339349009
6994.06039308949
5962.384565991558
73888573.67991208
9880.569731886275
1.0
1.0
134938401.50162822
8042925.704636353
371.49221511638063
409107.39068190794
249490.32269425454
391.51609675902284
887863795.5341026
4134.114973374179
1.0
17044960.075054605
140209316.54819864
208.57720270587214
68244463.60637712
208.60995003267314
578.0076284183729
345989147.0094331
1517.8812802164648
9067496.43713041
149.72134696383407
807.8484872436003
724401.8832369143
324494.25523588504
1.0
33205.023061611435
1899.2593216315472
271019.09891088674
26744.9083714088
225159.0329251577
120501.25275765079
102717.94751668579
1.0
989264484.0451833
1491953574.687375
2264.464345568112
1018884203.73658
2134503333.234688
8889874069.916983
186067212.52240506
92998.56068632058
1.0
1.0
41820.361272158196
27218.926492666273
4869291513.206205
1.0
361.18410871240184
22.716907887917277
506.54260531110265
2510250556.1305
2652611690.843303
25.736815719801864
493.4726742098409
956.2934141109433
4545.922052670602
3150053.0292540453
30036.483801747912
1.0
624.1310423751852
17871.383947285445
1.0
1.0
86565324.39637081
44312.48366465275
1.0
3586.540047690779
4271.78009686512
143801.75520415924
1105674522.38764
889465683.03761
748.4191450799104
10053108.077823095
23938.56097738298
117274.02124285055
21316.092648464175
3.1666656495197536
907243.6450283603
9212.03414704572
57599.13480360036
321.33776980162247
23364.157249009586
3.5188517762833236
116853.65956141324
1.0
513309149.33493143
846661358.422358
7154779743.646863
21618811455.757816
2980.294995083012
2290377.2649664455
7874992.296686893
297579.27449633885
30217915.064968318
37859126.41202582
27421303.73046155
3111924.7481728815
19632784.612970106
50559732.98690974
927683.2394079352
606875.6749728001
1285834.3247354678
611448.1919034718
6956449.8188672615
119.36826433354743
16887480.061222598
75.7646521999
21409688.219058014
902.2686494452976
1.0
7323.91794641513
911.5725691412047
734916.9004419169
1041907.6415320568
2956745.2340442557
4602266.630391465
11741848.298245385
104.58525948189754
812147.0181932641
11.594661549687736
8831029.924982168
13202243.197066676
1662279.1567465544
56.34844998428953
3237163.637543679
39.41410128239436
260763.5129791867
5729890.640354776
6816258.26140533
73194.70493671056
124281.94947490923
248695.62162988842
5364.100137551498
1324567.6366041352
11.540433932607455
8639884.657337064
323175.0692061211
3001.7895758537225
7.912506412263839
83512550.73387085
18433009.91834916
2096678.739064984
42977237.757617004
113001970.09099053
14580664.632251814
1183.3768506076744
66727101.74341695
449182.3928623766
190146.76294486193
1876.2638394192509
152978.50075279886
69.24648059885202
1260586.9454827884
768653.5820801646
1193194.8814023735
653092.4636062903
1422540.8975554726
2515500.143753229
1566440.32790538
5405170.592520255
274901.24974668084
5731818.498499693
1.0
35.327109276942195
97082.46559650592
2440926.0000534165
45991.54154170721
551251.0451860983
459918.76182753424
1072920.5797998023
6424.490084205988
3092683.1300017587
245621.13977764515
5093014.176890354
5813328.780506585
13014696.431809613
14673657.040399034
19437664.70039499
293.0933071578881
44.24479251113168
431.5796257872717
30513357.357290477
13951691.199897751
3700278.726823963
771417.394447019
23279120.317880705
30476560.82655968
10808890.096830003
37629029.23986605
21941.839041042174
6526579.760688741
16891918.5170643
71.37302317282051
48236362.94494662
36659751.66177616
6214906.272882583
54179751.0367627
162744669.71267214
2743312.5829567406
2680808.391667806
13087.234721505829
2184473.320881926
4903242.4517311
1.0
5467519.387600829
3321686.507971111
221176.67101882322
31492193.37971033
62468982.680539005
6.672494557353013
38249289.462936334
9229319.28410856
66166734.90819072
29144230.72518287
95413659.52777687
140692.3517661332
280721.17064038035
3.3600013584775463
59.90520222177384
3.7896695623627186
7590.21833884588
30046.717222154177
1948873.440675477
821787.3987538661
478941.1366488228
2208604.901643355
32845878.482260544
34890823.33773446
9875699.115111308
941676.2613220816
102132.18029344188
10251.087881236952
128304.30530977961
435054.31918504124
13034023.988659473
172434.93400650134
74392.95105055846
981953.8652891116
275181.75256297376
63.07095814676728
73859.72775089963
3339250.7868009354
81.30724843384064
1.0
14511699.575279403
1593239.10341834
2.520265586679896
3.477871310413932
2250215.679022665
914599.9457597112
205.2232548999346
1945477.130417983
1.0
30052037.90399004
40436746.51087676
13746387.701113485
376.78042126424674
54139635.5273417
77293797.0158722
11965257.194969388
14664465.46522221
20668528.360175468
73.16240344205228
21442064.418903477
8688359.216459611
59.68741108306
11276.574334424005
1.0
89862.22464070369
125.91825454468837
53.45402031128715
5315292.960449055
22303316.250101123
14515287.4963611
431468.0608636247
1.0
16767700.388581084
281821.1749945214
74284.39878466973
450475.1066467611
1765582.7653412702
15226612.60827887
32051849.523722716
2792641.5208659465
7309202.12195451
12831940.316180268
32.220940166417826
293264690.80148387
47544659.09173794
184938340.2052576
139670817.60036364
111120975.97843038
335762038.04046124
594924.5024824142
21784140.97000301
5214631.787464127
3466877.0661325892
47.63308875542013
1418.5588975404971
2907.343253968832
2193.0603507537585
212077522.4098239
45522731.3155129
183046324.94115052
110311.73923484828
3327778.2029822054
5410988.047674075
10019549.866163285
6641457.994354448
1793623.5045405389
1894884.8575622784
4166285.913545557
3207.768081654434
6984659.305569054
3194587.262633793
687506.7447239391
812424.0762032091
924728.8369008753
3295235.4175724224
1189532.0786773914
1189963.0615780589
1026499.7082280144
1995638.0887041048
797800.209836492
1327875.470916296
779884.7171913561
263971.9808191481
108147.39787551302
342358.0849558098
8601979.864890328
4391797.620753508
2598113.292230208
1465011.2574863483
3982198.50715808
3982198.50715808
11156.032714679413
3982198.50715808
1358266.3984969899
1358266.3984969899
1358266.3984969899
4792970.934574539
14483470.241717879
2340558.720627679
2340558.720627679
6557.018594380696
2340558.720627679
8514988.893803721
1259326.87399296
4443913.608654372
3051719.128766779
994687.5394727516
534771.6305808325
534771.6305808325
11386135.04347696
11386135.04347696
31897.981682846388
11386135.04347696
34191579.03138102
1699849.154289086
4191.7832301828
4056.2501843866344
110835433.77429067
1927.2633742028843
90.81927300212989
1.0
2205.0450707890695
419463.5674568394
87468013.2514142
882.2990845879384
10594137.729068121
96.56331274497768
8252.27502235659
891.5127445189665
592.8472096285877
30751792.51891546
3339.787264436071
70.51318212865378
1.0
15722205.077836068
18574.07192893211
46520731.00957829
1.0
827.826429702788
1974.5202659089223
1133.6786739965567
61363702.64449156
5477.362508323691
3735.8648304341295
2123.7127585769304
61363702.64449156
7875.199622431299
28534.660618586127
24066.679150173
2835.1231708111454
33490.78195348521
1177.6781574181257
9249.923316571558
29656.629182479443
1.0
741.331039938523
2444.3482683243747
8261.639317558971
974.8498897582509
20930211.098104134
1757.0208239458188
1481.008682626836
2444.3482683243747
85.44308103110194
724.3656173466308
20930211.098104134
1.0
28542.034974483624
5388.862243245153
38269.95242482808
114.58600211345598
67261299.87305847
646.4286766521312
456.83444606777067
2586.1614295791337
554.3863981911776
36066848.27398712
36066848.27398712
1.0
1.0
17290.924382422614
5419.679972863145
120743066.9719604
3062.180141329833
19405602.128827643
2158.438113300991
2642.7884955778172
62367075.7856595
962.7562470351481
1171.7904228720836
14728.831102489052
14728.831102489052
2366.9697791841295
13940.115353741148
465.23788617702104
8030.280148156887
6575.976919303885
1029.4760191654605
21771.726068411164
1024.6057168814505
22517.231683493777
4285.834021339621
4171137.3299963726
3475.5616783693513
2366.9697791841295
2143.395590365681
14342.365091841624
702.2443406573103
277.2707254419998
3241.480417119315
175454690.12205857
12858.66812391942
264526.4737366104
3706.55451859037
54723.202639906965
92287.85788483656
39172.42107524243
21549.66604486445
21549.66604486445
989.8469356873534
81024.8934591157
530702053.18937236
1.053441320564713
1609.157695966837
3360.1429001840106
43199964.78720567
114.44491053691527
1.0
1.0
1611.6783786091648
402409.1328770295
60892054.37491727
750.042852601917
5730361.5772627685
39.86301105040774
6780.596612370508
558.0838471754882
302.7509003373424
233.99452962609942
1.0
1.0
1.0
3550026.8497716836
1.0
57681.21412153612
1.0
811.9652975379784
1721.441029280106
638.7118415204559
23579128.400609743
650.8115142807376
1.0
2123.7127585769304
11700849.663898923
83.18296331668573
50373312.82719234
6913537.022295364
546.8949822759687
23117.052002390803
1330.5006853569992
2415.6060758951853
1.0
1.0
8105.878913422733
22493.506251245068
1.0
601.4379945476629
1450.208828588241
1996.995846240526
1.0
868852.8030841
14384209.448257413
518.6196875326393
217.31479158612308
8.548394665309338
1.0
275.5189754500848
286085.9790717975
7137492.369970046
1.0
492.1593852764605
4995.986738648235
25036.798752183335
89.30857284281579
5052348.965510999
22335317.881080892
646.4286766521312
296.2660718499563
2226.4789834476283
12.848513492337622
1345710.0546874201
29612255.338125892
29612255.338125892
1.0
1.0
1.0
586.1604137002275
93030713.17019507
1457.1990342051195
14678816.029123738
1.0
1482.2203148546214
1038333.7183027903
1.0
1.0
260.9209261349468
699.1182881385787
1.0
12276.24418249452
4.1551507784547645
6880.22877344937
5.271423051548254
876.0278066958531
11784.589014640278
273.01452997577064
14243.676548857535
1.0
3969314.198131129
1.0
21.981593075628293
636.5235726880193
4792.617147465799
1.0
216.69908381853526
1.0
1942686.7243075417
2414121.123226537
270.9700633419501
756.1749269128828
14921289.771467423
1127.9941814008027
163285.15551409533
202.84062883035105
1.0
44728.51501273201
33787.03863741414
16383.389878048354
6704.0909626728735
472.99416983953455
36065.967099914655
1655925.9540328283
11222906.579043934
1.0
819699.6990834312
4205583.264706093
2506524.400257213
387223.47034707194
1.0
6994.289903510946
2859805.6051237774
3071.6511650874936
4589593.375668999
1871488.576472846
350313.0402162303
310799.1080886568
170842.06448353908
1765632.38014573
702623.5918725498
90623.52574550826
497042.02759008174
11.42995216170396
1.0
767597.5113668279
1.0
1.0
1.0
86810.43660819743
5.64506318274266
5.162946166839701
8415.138731810963
746667.5715857267
1096819.7442377487
99813.38980622428
1095610.7038266333
2338989.9837091556
3719415.1311532552
2052314.017323611
534008.1853759326
16.780983270876277
5.177211310762382
75229.69482407364
1975241.7296406508
2338989.9837091556
380510.06724014843
3.959191645252514
476162.6834464547
3982198.50715808
2743.764134783559
10758.17302671518
13.496692241989457
1705855.0921184479
194310.7869660118
1653141.265309365
1296763.0451631837
657255.7027305939
62.53473873267068
7275486.268792208
1.236902012947912
31.940956710553163
11527638.502330335
9618478.989970542
4.321156623103484
777757.8940892661
145458.61156122034
3.299725040637417
52911.213857058916
318568.01473830605
267220.43441600725
38.159218112940714
777757.8940892661
765772.6700235511
904106.7971346653
4436.383008300262
106696.69911632474
125633.94932283844
319899.74903428
20313.235312332792
1.0
314765.5715558388
263951.97712596215
64177.488224002336
181643.58004503493
2195783.5771609154
48249.42014956337
1443836.0522261942
2376199.4597746683
4136812.415907132
500593.5586543026
1812326.4029323114
1.0
81695.44170606848
1021054.0867441974
1374989.3493906811
47995.368511191846
2340558.720627679
1.0
1374989.3493906811
2340558.720627679
3996496.615124992
1.0
1.0
707412.5961438491
1404485.1192643363
5772678.4921318395
5845642.774223778
2578356.201087744
672149.1576209876
426427.12699854234
721116.6653933624
1473887.1109371567
257490.2073901948
1.0
323368.69478640886
19.72572894575129
1.0
1198.1786767808603
268562.08282300713
3671.8287904135054
582663.665152326
403030.657707065
6616946.318827033
220471.3210458585
110346.6987349418
50.327669729099675
11567.607738301316
83848.60973384518
181078.76237609767
18.533021879294395
1.0
742120.3507340614
2068380.8041950017
4641239.384032205
4678770.097084001
6616946.318827033
30298.389338528315
3815.8595687626143
1143216.0898790301
82659.28735362434
2207662.952927799
171412.1419290766
24.211036317933104
1.0
15.763122021452665
34.92983271247863
1.0
1662441.4102683354
120307.7853908648
2734206.9046009704
66.09619937844059
8257744.302516844
4365007.398638877
166663.726050248
1.7990659883283573
272250.8678138179
1859515.0465196166
6887110.6800884325
10236177.143980622
84.66880037922809
17437645.333935197
12407769.930184864
2116234.2158636195
19882349.28139317
48096.65839745415
212397.58735076594
1.0
662785.0022973149
20176082.684528906
194.6801658144633
126.01401583274523
15378379.04962321
2911621.0575312334
15714797.709246043
1641445.6650947246
5697091.619835409
5326.252413099857
90.72749289550512
995.7242186816914
1586.3807125534067
1556.5065289679012
1.0
42983730.88742372
27625376.71444911
4277.3111909029085
737.6980181674511
30200090.93603914
36.974916334969336
3323.0709356552084
1.0
838.3791949980152
19752541.75653047
33182665.703215506
993.6347798519758
8228672.209276209
1.0
23.891652728186564
35521194.557156876
76.90642024790775
2148.166672867301
1874.81207092573
10140.61605300945
1104.7480920235241
62854892.30693257
490.17361420436856
22923856.645783316
2263.5009067330543
39107421.70519645
39991847.152009256
23871276.322359685
6572.068485800496
409.87966833526565
551.8419081132483
175.47421886814746
29906257.283077903
16683772.18178725
527.8156686968565
18198046.130202074
8532155.868154373
1.0
222.035007227828
15647.06854507438
5263408.670241634
1300.546210676932
6745.214967887354
168.5847344883322
49729452.84443549
1112446.3483863731
16761110.82057663
1019675.2176664474
10629.599117572976
805.6408495672474
1.0
23598.786013319394
1035.615634592634
8965.20743235903
8965.20743235903
8965.20743235903
1056.1269032593837
12475.830396514966
5923.195730620643
539.1578995801091
6852.212065744387
6852.212065744387
9525.740508730276
438.70319224062837
438.70319224062837
4673.588433883889
307.25158592417
2651.616737304871
22762.029418478392
2656.776900630905
2470.1362324580996
1418.2385549306484
9851.920115012479
2719.0014758622438
9851.920115012479
3445.738431506131
11047.549631024569
3481.5811126214953
2110.7354251698057
498.07015273989356
1.0
1.0
1779.1579068393135
1779.1579068393135
2936.432176038812
2936.432176038812
1940.062475921264
2244.349184188224
10669.650085247722
7135.173254626449
143.69128423918127
2014.4770526849622
102.64405265441664
9924.831020719397
102.64405265441664
1672.484827607049
14306.162875808774
84.7583919528688
66.67155598783444
66.67155598783444
66.67155598783444
870.1912626595469
39.73466315694654
896.0686454248546
809.0596416106185
1065.4609199760228
42.83480656901376
39.655979316735134
3226.8628963417495
890.5720788568552
890.5720788568552
1171.1017698211822
6816.184170970633
386.4869840176833
1.0
25143775.99796332
76766345.66734563
806.5353561906463
1.0
1.0
569.9826539064651
5255.335714180158
619.0934761166001
3226.698791542915
6444.170128431777
1554.3573581553349
7100.9197059528315
1447.9748805891995
2019.8653937951735
691.6961565629774
44999842.008847386
2691.7195479761076
10088.944153411085
78.59021113251725
806.8642347074498
3678.915889285348
987.9233987936406
6064.4535472472635
23313970.673812125
1352.814335229742
94.10803152745318
359.1587611038676
16115170.194347708
438.04150250707363
1.0
68.05935209666019
9899496.947554648
898.618766817778
4008.540946962053
24549.20986965468
4008.540946962053
4008.540946962053
4630.7019739263005
19515.02416037691
19515.02416037691
4630.7019739263005
4630.7019739263005
19515.02416037691
2951.460006662964
2951.460006662964
2951.460006662964
2774.350724481769
3218.8148357626683
3218.8148357626683
19188.846327321648
19009.474399130297
1647.6919940001776
96172.53254704735
96172.53254704735
1343.3804411688347
1343.3804411688347
1302.6995932780537
20457.469315132592
1302.6995932780537
20374.191693681125
20374.191693681125
1313.9363959633586
1313.9363959633586
1313.9363959633586
1108.100148799776
33325.5972924899
884.9806626765695
13247.378021355886
860.8602198565331
735.7910774666681
14350.625088030542
581.9820661959268
57153.481250200435
10442.452469698268
10442.452469698268
7875.299028645142
7875.299028645142
479.5639071441925
7875.299028645142
338.11969922562054
364.25817508858376
7649.752006049474
364.25817508858376
22928.362326572296
4077.1816790298963
29378.536315786507
29378.536315786507
10844.464013013403
5043.007948931663
1.0
59694.4102207024
5538.070968249333
27004.31668142568
27004.31668142568
1.0
215754884.30099463
1.017055452443744
1016002.973869841
1782.0253201559624
1.0
668.521969053451
1295.8454769114587
69.53438767842071
1.0
15569636.075694399
19553273.63471466
878.7011115877826
43.599173421304044
1.0
1.0
3323.0709356552084
1.0
605.6496148587132
14294195.392925063
22828047.41637802
748.1647216998153
4439148.766759982
1.0
13.713338228657351
24632385.253075477
30.533266548379515
1000.246564867639
1.0
7384.99728438289
600.6367983475855
62854892.30693257
241.87504996288502
14564080.928665245
1290.6386790173747
6035146.535585455
289.97882324462284
565238.3435809345
1.0
347.3984165339576
541.5109898787576
1.0
4483145.290962791
11132989.386484392
123.07128315283704
616711.7481767773
186781.93534912288
1.0
163.145239710897
1.0
1198504.271495431
1.0
1.0
1.0
15734112.585898414
152426.6883092249
25034.781658039
30521.145085881773
8110.764204099659
141.2222406728563
1.0
13643.13306922341
990.2900352874854
4953.259738621393
477.0643409455619
8965.20743235903
890.748985485412
1.0
1842.9048341018256
36.90095743317356
802.0099568636455
1557.034272676293
622.1891037887053
1.0
1.0
1.0
307.25158592417
823.777677269873
1.0
2656.776900630905
1982.528715283361
879.9486505174614
629.4052976737305
1.0
3987.6632931971717
2843.9989894453624
7891.989225461025
1745880.2928133053
11043943.21800564
769.6985587276118
393.8188849207407
1530.3468272231635
1492.757027343665
4.149953266393114
39009432.40572425
27355827.927136563
575018.2495624634
3716810.275708918
27749564.85080263
58013337.35238316
7191986.189106641
17660646.666672472
322.9445362664467
62952094.6416944
25188007.043027718
10904640.810172278
2167.792568924706
566.8599390094284
10.270411031172133
1.0
1.0
547.8800216307038
218.89397209290428
13.866889157309531
1690.7033861789864
1046.891479315249
2244.349184188224
172.16815888086865
70.49350063343738
58.539406343737305
1845.7307611500696
42.90183713422684
2692.169598982022
1.0
18.663634234774232
8786.648137753411
33.933035929262694
5.170567994395101
52.31655568988209
52.31655568988209
306.62144240345003
10.153720596896106
896.0686454248546
1.0
802.9644577705901
31.28270586893476
24.84948721510311
52.3330333204606
684.4647598554269
207.11545126702205
1.0
1.0
368.64829240941975
1.0
120877.82276343848
1747043.7790901114
207837.40421047065
6668393.22733144
9918909.62417119
1358224.8833842787
524370.0803825044
22.454288722482232
7176442.247690831
7202672.784465994
14600846.717161415
19062366.360770714
174.68527486449938
17340504.64184886
6707084.4101750245
8544698.175702054
76766345.66734563
806.5353561906463
1.0
1.0
311.2237317019657
5255.335714180158
289.5624323677522
2554.499068733373
1.0
719.047218694618
253.36582445918776
435.4721625352602
211.59032766253182
10.337892033822154
2113070.981112423
445.0513879967348
33974934.974326365
33959131.6248095
42942600.30812246
22114086.79799485
19606274.574889325
758.6087702002379
1.0
3.7259131228636497
1.0
1485.1136634005372
517.9659279288117
6.18230299610784
40.303404007670295
2.483580847494078
16717403.104017556
17675389.035835695
595837.6073721189
115.96708633969787
48.330858558092
57.53324133088909
1.0
10458887.374767061
1.0
1.0
26.851058805207632
6699927.305240894
44.14952301700561
3318.637635605917
11314.137273274688
1802.117761444889
1.0
1.0
12302.561286166861
273.1122718335198
392.69464402799844
752.1821986004644
926.3510335925828
2427.156216279902
1.0
37.11690143710299
790.946767440587
3218.8148357626683
1.0
16219.07486621118
6559.384459652734
19.844275562440416
488.7869945042933
58766.29557156359
77.33725896443512
1119.506162178291
1.0
11135.114950378227
298.5331481933173
1.0
10567.406949413358
1313.9363959633586
1089.5559380997386
344.0313455804483
471.240584835192
15353.330353981242
1.0
10622.874562509647
4.647323348445164
353.53172529075516
11780.623283434976
6.101665205397162
43445.38716767554
1.0
8692.588276472277
2874.972299531092
5697.804272574951
1.0
2325.2431893334415
261.4575604827671
172.386900025594
4.4127209772138425
270.5323599529459
9093.19779999238
1.0
13118.598695569639
18017.90573013126
1.0
1009.1673093067868
1915.3908293749432
1.0
1.0
120.82636633911662
21149.39762421581
1.0
1.0
1080358.9563002961
2148945.889010514
4479463.683238833
719.5968468889371
283.31198874965133
1122.512414289275
112677886.13143517
7529913.823878604
54136330.52900079
163243687.91090468
7120211.353297486
913998.2629703454
10569359.713456076
31128725.1850178
2903596.668382661
30951599.681768697
30.106001658571678
215754884.30099463
102253.39386243687
496418.994194048
1.0
830760.8705430134
71184.54258736633
1234240.8550040622
1.0
1271623.2485420152
226185.90286084276
2151385.883658367
3259372.19457423
92462.5123984884
292790.5959401171
34365.14917655615
1278294.3785919598
561473.2633209218
1581650.2959181147
970207.3893264016
1.0
292746.27471248776
1.0
3230422.9995345008
13152.75196331882
2130114.384569922
1053950.62445821
3404182.430374736
2940339.536619435
946611.9210602321
521475.1508973582
1856446.4887801907
3503127.226956013
814856.8221917311
876155.6932342178
4372227.568012144
257575.91777931096
3.3293085095655948
2705096.7350295302
1718167.5123988374
212960.57326250637
10527977.486036498
1303344.8032381744
1362355.1235573404
37.63451226494155
2246876.977893074
835305.1652778216
373742.25447212567
17.86242141954015
49048.945303063585
1.0
12727.864735845933
1.0
364674.2051294358
2871149.3668985483
336524.7655047476
43086.648779293064
155244.15073528397
3.1048534233189233
743604.1330066813
178905.18241581053
120106.8831231587
18054.23602557113
1309521.2304202458
1.0
19816.337396738894
10.583106308114061
1.6208519660827347
1.0
2105439.560271896
11.629744236145736
56736.148231238505
1.0
156733.3139639597
2.5645376519009964
1.0
1640178.2265744503
2384.6391803809192
5.5032021583814945
5736.02461343271
940.9624181950004
2981579.9087349223
2011985.026875463
1705212.5774806056
1045906.6261062551
208420.6645178332
690267.2224333133
3560751.3868048997
10004.858555690433
433.31268814860414
12033.438695918192
319263.1339743844
1270999.4045637613
701181.348972979
1726942.3476943797
2560586.350481461
2676777.228054878
3160797.3750121393
20.237796229952167
30.847562253965577
1.0
40.69173783691626
50.295050731951584
22.488421037272577
30.181569423229476
29.716330214519143
95.96961791582285
90.15734337289142
177.61941262858062
151.04794926257517
1.0
190397.59289159483
2898633.8629962644
905100.7069788978
2638946.070251032
192566.43954701204
184516.25701948968
2400876.7022470925
657631.4528359908
1930018.9991890707
1701097.8259258384
96651.78354469813
1060006.4068211054
52383.256327450625
262720.4342006858
299327.0174319463
222236.83672952597
1460216.918421652
1792389.3885318262
3010339.943644645
3298635.839203091
1474061.282378493
464501.43842980615
3674841.947375716
334566.37418287783
1.0
83957.35487573988
1591778.3941051485
29.25700864978761
5850640.928876779
797465.8940344974
822236.8534517644
2361486.118848986
5622289.448378194
8256428.5662336815
9784158.853619287
76.68347857048111
68.15082929553876
23.18028637159703
26.443884037421196
29.181382560442902
6.6321851629667625
6439779.7885587
8489184.833399955
8594283.601622649
6000354.194199917
3472564.520005528
4389828.58730961
2330890.0101463916
1272901.9193880036
9240402.738031514
2112677.6816116846
2864679.3076474695
7809.058763935502
2628.6892016390657
9799.927916289142
17421.27156823335
92138.68716131398
150603.02818022485
169416.24833408574
21476.128529824364
405766.285620171
455291.9306702888
481658.5435951231
592817.6626985737
603823.2715008606
110949.1394488247
49229.58642017718
289822.4464218929
433753.81625817076
422244.6800457449
467179.4637114164
877491.5816625436
1106080.7855164076
9.521583033054148
2.013368952845439
1.0
10.722842358403344
7.7871884272790775
44.46379667451307
1137820.2102810764
483237.6190823364
968715.6598849584
448490.87133674667
765988.7323230793
433687.61354338547
653680.0056111807
387897.8484874647
382799.89907755615
220624.29040908435
112777.66862772936
122891.63622846082
145667.12729016494
57178.64949724995
24281.36799836292
727501.6138456623
878443.2831277982
934715.2983899433
911236.2224777563
836883.3900425286
735764.6731888569
445259.2107856867
394062.79719231406
1221953.6440978758
1895.1266773152267
96196.50984388257
45683.0523262165
29483.92604724263
165313.46337009157
374037.1018745828
59395.076871868645
523315.3278939365
1678566.1898386616
955216.0894753577
1987379.6440115157
2571295.8387446813
2888573.6454064804
6.486573605155016
1.4792359011350293
1.0
1.0
25.11115327515866
3164904.4809795893
1413439.9792801093
2409411.110637759
558799.2590551774
1229121.4710613075
900735.0783946393
934485.1548156007
361885.8843012093
1552010.2611657619
3865128.380777455
1914314.571474352
4333705.0925035
3671.6884778134104
12705662.135887
26472.00971731061
9009.655814481994
1439.6737541209022
170020.52722823425
955962.0502247202
1978747.7519056133
3.445780685303139
14.008595876039365
1.0
26.181246909495727
1223709.269668344
1.0
891889.6727983338
1462410.5609161453
386134.6717172115
2160277.9719145745
1.0
1.0
4395653.309897553
96543.89482220686
264650.72682969074
346341.8671101322
1070234.255840919
2696952.117335593
4701100.674110486
3515010.570063547
4046660.3594559985
5738694.378161891
3052192.035982961
4365671.047157375
1689939.880600462
2679150.807813979
7467821.671883999
389669.99443379586
1.0
109026.39408130175
23799.34655507862
4.370061993002604
59962.08597261844
5717.032501184055
88115.97453497848
734740.3524533015
2.2655680951656154
1.0
1031911.7323554434
589340.7022144663
168410.836530057
144955.09253149806
1132963.2830393268
4910.123260935908
1.2600834808963237
357655.530883823
1.0
392781.33947075834
612477.2668952566
2393707.102631696
15.073934764830081
16.12717257894734
947839.5700810439
901017.8208576195
2194292.577738815
149560.46472649882
2.097314299453492
1.0
349193.1426590345
81096.39523524095
636214.3690841304
98894.43017803477
57097.069598515685
307974.789474966
1418316.742288142
1815252.115468158
885.3917075188286
3.073192580448724
25533.949806568056
88242.24938562533
72681.57652218924
1.0
39934.48695525286
178106.06350688144
1.0
80497.34788552937
408016.15172384435
412710.072655617
394949.090087741
7005.249659067363
460496.6270799146
653529.4211813189
47938.81361324743
1.0
12253.328043769516
3831469.0186426486
23036.27425409411
1164037.9529792788
164977.40251819737
30.000859487630336
647427.5599263806
3237887.6222740584
3513378.2450583354
10889461.268597912
1.0
143523.02954445896
1.0329522755964227
144399.59399793763
77409.55641100416
79026.29903079914
159276.7325690654
918399.4502958682
168987.6173657658
3306370.1427109586
2012017.650237685
3455443.6097819232
1914964.1089324786
2027556.6015369068
4199961.712829925
5349073.926624449
415421.21305717604
5729273.41559293
430872.94539424824
6453804.300500828
7247592.382134381
7462850.7236114275
9614514.617232619
1.0
43.57481729533201
65.30656231652722
45.98635141525558
45.98635141525558
33.318299095605504
1.039822266318412
1.0
23.60189839140194
50.63427511771312
1.0
33.0202217060606
74.65340175734728
45.51090397803134
1.0
56.405892500380034
1.0
1.0
6313915.206323746
9419245.337729001
8851945.704487711
8851768.781230671
1576483.3595910277
2105863.4886670043
6314048.37104589
5576858.46636851
4181643.596514034
3043071.2517345953
3164741.8828367116
635965.0479890072
941772.4175961514
727214.1158232964
116125.65909546855
4123860.693514745
6594354.741922972
8508126.973804234
8101073.889657716
6249899.7484611515
3779405.7000529245
10396039.344041301
28397.83905208224
895688.9867784424
559706.0441582877
1.0
1451417.6929734438
190047.5800546185
1.0
81310.98279495609
213808.0956469422
1497242.4892211428
2452724.9422164243
36.80407586110928
1.0
13968381.031864101
5419878.292328792
11625095.475101978
17099831.95096368
18768339.54261638
15792953.666699115
18894391.728977073
21495349.76060626
488274.129997412
1089746.2816084586
4209484.391058584
2446746.8989197942
5095695.002979592
12791478.267257927
14488649.549662359
17635286.977186404
23386323.657840256
177.91095457019392
3.1150626649587387
86.96988617730082
1.8682218800043853
132.12174268008133
1.850001144615004
131.51687088012264
283.2241536381093
65.39847461214994
2.2176041886852786
263.33874457665576
16254011.540625483
3933278.795286186
13513331.5088708
13289913.18088709
13317297.136798836
3774941.4731771466
21555665.1742201
21372353.610112358
18575079.45671712
6622492.826266141
9727426.464590285
19573.692824948077
36328772.821334
1129146.8317586852
1477272.7594720705
167805.57548295916
267322.63402757526
1507838.0254478303
3642284.891386745
4824409.606409253
2075215.5510789645
1516586.300308135
945297.7028805998
1816981.806946173
69329.14439502585
66271.38722019207
1239425.7103599713
69728.89352228247
64324.46069183432
2209430.6667146273
69649.83953007158
70035.11156707365
68592.46338054587
699952.5219286735
69189.44927616115
2432241.536529308
70578.50041279336
65796.3149473895
416155.9528079219
432808.81729812105
45210179.46117373
160762.77195849054
204236.91084883022
1182879.0596309726
1547571.1071350076
280043.60200356256
1579590.8693642162
3815608.746402979
5053986.725194663
990281.1808036779
1226567.4289757062
1903445.743915796
69425.01541040868
73491.60047700907
2314569.899906314
68954.76054407365
2547983.575390349
435959.3883379638
21008470.572507303
239252.1426412759
2312025.891389657
3024843.866607077
3087428.894812045
7457893.637789721
9878396.33160391
4249183.497983202
3105341.7449508663
1935578.8836842768
3720427.5508619677
141957.42516456736
135696.4026306007
2537831.442473274
4524000.566620939
141812.0102247715
134777.25420400014
141671.38731489913
4980225.111919655
1176598.3390085024
886213.5228740986
67428408.2283137
205713.89866484774
278169.6824227092
4541697.840388328
34586.97570215247
57208.879128122
340125.84855670296
340125.84855670296
1128756.6201004328
1128756.6201004328
1128756.6201004328
10881179.264486473
5728420.125134348
5728420.125134348
5728420.125134348
12309911.25630575
693193.739157799
693193.739157799
33232.65649106835
693193.739157799
917223.0135921957
917223.0135921957
215698.10457394348
6371330.300837052
894500.0443281353
12422.675931982521
12178.433489929983
2643570.7047854033
263458.9882117287
27983763.371117674
27983763.371117674
27983763.371117674
126052242.12618877
240766.12075064657
4757821.675148355
3033119.039818292
960870.5132705856
12225.64634842838
1294913.15249926
29315414.76302665
29315414.76302665
29315414.76302665
48896160.35131884
652848.7514693179
421217.0167373609
9299519.515536679
696437.120555137
696437.120555137
9429201.703207757
2311226.899237683
2311226.899237683
22280156.55781561
11729436.131384086
11729436.131384086
25205609.000345103
7792309.110343942
3534428.004024794
421139.9791326372
13045850.374647176
25172.079757258904
5412939.879274513
5412939.879274513
57299178.1341443
57299178.1341443
57299178.1341443
174754415.45667416
2557.818043796091
16209366.198256196
2725304.213692291
26800446.9728633
26800446.9728633
88941143.61092682
140.5535263462436
88941143.61092682
88941143.61092682
136683.3463011498
1806.5938468845948
16917.358748024315
1.0
80477.53929617655
901601780.679352
54620670.92828516
54620670.92828516
116.89657491595851
5790.408021650378
3244.0592771605775
3366.2121259228907
1.0
331.5981894935816
2543.151132505873
347946.22701006645
40736.802637391615
1.0
53861.55465936418
2204999618.5566697
102572.64307329424
11925965478.283745
2309927993.352761
348.3204063408122
33190080.580586456
18718.7900814263
23276.459443293865
54876235.36574555
1050031430.0224156
1279.0575565026695
924228877.0309076
10780.746312257908
47906757.19157087
426516269.8377184
379012.9872818813
274871.92836142366
1273460.8256088034
55155.41321497154
1603505.0378765468
224614.30080484433
2268628.7146306643
13955445531.94543
1.0
2283185.8313462017
3793517.260267151
35478380.12679884
226.16428814223326
149841.99934745458
59.358930239139326
21177836.94028525
1059162.7308429484
18402.652204893486
50.631531573133294
1.0
1.0
80477.53929617655
901601780.679352
37514490.29987925
36603259.59498306
19.96336244206413
5708.839875515073
3419.953263762139
3366.2121259228907
1.0
55.8551951190716
11.04896465043872
303794.0265537734
8601.068351452514
1.0
52030.99453994681
1290708447.8066924
4537.485921953825
7867.593009453209
513505996.57884187
3234.5456766969414
67621.76864625266
2080058784.945009
1041577284.1085688
348.3204063408122
50055754.996527195
7064.923253265834
4093.5053694291273
53553436.92858964
447394141.7107431
1.0
850841154.8557315
3581.231548685285
13929095.123348761
476093775.5336652
257621.6050157715
176520.74555603514
793208.7837564258
1950.0466591850331
287865.0634568617
90845.08717251795
519310.3747027347
9253402957.423403
24821.220880388326
1.0
324468.93083541153
359254.1113285202
39978.08447727109
43790.72746005326
36856.8609350172
64251.60881666397
409547.1216459964
2.667538913199802
3105.868278971815
265488.67197918665
477399.83212653594
30.606874559332503
1.0
28323.639215808103
1.0
1456303.8846018282
2.664061770440643
1.0
7.391306538540583
674852.636745249
184308.91000262208
1.0
37.13386733385469
12309911.25630575
91314.36371953884
411765.9416331496
465446.79356477654
5363.0645315271295
160819.3518680922
897208.0905625393
917223.0135921957
963047.2045022594
950336.9801933652
917223.0135921957
1204626.4885321688
33436.840685232644
11366.194304693856
631751.1136465416
10757.079436087806
3.0665178580535133
2257667.007609378
3757.404510219468
13206369.515887165
4370875.742570127
11428879.588239292
22516428.106769253
2.7896080401082695
4841277.53586167
3648321.946822791
24381087.308482904
14661066.553940617
61.62317848539751
85.95252443806378
6831701.8572672345
26848386.64824338
714.7325363233589
246.2546056223909
3701096.7480955333
24643305.07855911
2991.7405818919415
2092781.6524063959
1125875.8083792974
321168.950949635
1621.959899078947
1215748.6284245756
225563.8411475679
1.0
13757508.506229065
141.95200074038343
6788662.345978752
63.55251937135518
734367.6680877267
5.850156229572315
577822.0512711614
421217.0167373609
1524051.5000709381
3468530.707707545
617288.8710629856
1.0
3935676.5402874877
88.07778195119896
316.25812746433684
724403.7397989152
10623060.168821814
6823103.982518591
7518.195575609176
7252689.688720586
20.895887605712307
23.95736176575829
121413.46242547092
8185288.420796187
1.0
5495821.249632139
5495821.249632139
6218002.645518777
24944.719927271453
16527863.644500934
5005192.063366847
207.9261451416103
33380779.902397607
38399220.60302151
36013605.60045032
1829064.1808494178
37183890.05816276
105196433.70695888
54571041.296735235
27954278.308661424
19917.157986047627
126218715.28642093
2940.027203641724
998.6779904909436
17706332.685031965
2084.186949166554
259.5160380697475
164545504.6510719
6682.668295599825
4273.075209653442
1927.9235751367432
33071.093710823574
533.1248464790749
533.1248464790749
14295.41977361314
14295.41977361314
44168.939278703656
14450.513492059194
532.069135749443
47631.16254148925
337357124.83257776
1.0
24241.49808365804
26470.588178899736
1186.9349810365209
10243.38622156318
505.2077156261705
11114.731138601595
296553916.11681235
4788.356378228811
22592.089279858705
195678374.9357555
129.5431468295214
2876.652969210599
81217365.33055313
19137156.379789095
9853.975212370411
7691530.964944928
1214.902560662703
21698416.585825644
24873.51842168693
13915.955742886264
7796.373789113267
8089.940948955544
1.0
106.26443063072931
1142.2138926871307
83023722.09386821
3149.1705273241732
104.94040084196942
336604.87923311145
47040.39523511828
33078.16376126589
38526.698344936725
212446.85304845657
15562.154437420484
15319.856447334065
553892.1386135262
8365.574932394804
319258.74128441
3703.7887774223173
46936.22253036696
4208.029954394894
1.0
515102.45054892375
66838.2430102137
47762.88551704511
1.0
3845416528.1798415
2341.298593842996
786.518410982531
106.39491443166648
12360.13979423845
353410794.2013439
3795.167407683997
7831280.430279801
86974536.48654108
249278.17652045775
541057.4921259392
145141.92123355577
1.0
997459152.6412954
2712.2932296459016
258443746.65217227
6019.960225741751
7485.706043776691
335877723.1259905
336921165.93243873
4851.513734124184
61658.37683539485
8191.692992359705
8353.93659914719
8353.93659914719
75348.36204273523
3545.991818198261
27791.478452680658
1034.4565349736188
607219816.7417767
400668413.09900326
1012.4596430851141
11061.725003414642
15306825.300625974
4797.900279553859
14967867.547032801
1.0
15710315.497913102
169998258.58040923
48224337.683496155
1.0
487232.9031283231
67730.40396930253
516493.69680114946
72755.95019711644
435003.3237282802
21326.136224599617
307542.8061038714
195212.8972137752
170930.51880183388
731342.9931159624
1077028.5485939612
1.0
1618805.3315418917
4494342566.927101
13219723.190078398
1.0
8839386.263738694
2735.545015134599
1.0
15882596.140129996
167.855990827555
160.2687516015614
1801.9268605749855
147318001.5010483
4648.341298774492
4293.8996245004855
1.0
1.0
39.37366252064203
155.18721866869748
207.7895327039747
5822.172334257931
1.0
5932.792486335469
783.009863755222
532.069135749443
3021.543747611943
20888549.700287737
18314671.552898668
561277.0200731959
72558183.38485344
1.0
24241.49808365804
26470.588178899736
66.17611328000997
1.0
220.76641858806462
1.0
28841885.988044757
260162344.68810758
288276819.4468429
296553916.11681235
516.11431050158
1500.4613211605126
7074656.477372381
82098622.95258626
312.5080644319539
98960184.73014545
122018748.71738562
84946477.46534225
195678374.9357555
43.69720467999254
607.1787638344857
81217365.33055313
18.162147656629877
6928924.92152446
2222431.1605443326
529.2094126398807
9084.976755848802
13030.421543423729
7715.215682566912
8089.940948955544
1.0
17.902022308687695
316.22829226509106
10551527.015856523
22.850831634433955
78.74070556704493
245449.53031366118
1.0
1070.021241190558
19926.784673209513
209188.04837982054
1667.7433476997032
1.0
398556.7910098153
301.98277219147184
275752.31680086907
1.0
9748.512721224939
2678.5303236870777
10964.204914880098
1.0
63815.715529022185
25418.43671456949
1.0
29275429.797714792
921910754.1837375
1127619058.763246
21804.00968714481
27533.87130994458
6065.284477906906
184.94238241563832
14383.97205182939
438716010.81675524
504945643.84326917
1840290675.630598
669136119.5249978
2790207363.87961
3845416528.1798415
2341.298593842996
452.9101251483642
65.48860558486122
12781.31472537496
131951574.5900946
870.1419288360461
1027920.322474055
62717031.83782029
3205946.427961899
148544.24827459495
540304.6051707017
99109.90370555429
1.0
28333.761662916506
422366505.4666428
2712.2932296459016
243578961.71548358
2272.7233184679317
1312.4918092852527
234346241.7892544
221175429.30276784
143540526.86295336
1.0
1.0
7792.750821058223
8353.93659914719
1977.905359268392
5339.4591948709285
1175.3053664111153
1.0
813.2153577957934
2373.7947355962106
503603099.20298207
193421388.7318334
28040703.401116546
295356968.92722785
210.4201965738867
237.01030643407478
4476134.211208885
4600.975189348514
464.8383715316821
1.0
152270658.3714191
10133310.680150473
43316863.33145107
1.0
324527.59359469486
1313.21744275129
92988.06657343866
29377.397778603026
435003.3237282802
11015.284542985886
177281.20110409136
186881.692793527
4.412065845983991
167650.10635824504
135110.80822409719
1.0
1037419.3626092349
1528768505.2551591
4419.2102910385365
22594.48092524179
1690522448.7888708
2888589375.314839
178743217.27615893
3194384753.5932055
564.2213655354581
495431.23814470344
77156.06249451099
1.0
999374.1551085891
12996.548711001837
307542.2159936354
1.0
1160724.728465754
1305573.941257697
147468.80037068258
142847.76753267826
192813.45837672
15.413628190637827
653037.0071213234
581439.8800974104
117486.46976136774
1098926.4714624658
888036.8676583765
1313764.1394072291
1204695.3626004467
42.94259182327654
2.0665652696399293
220748.11495346035
2787825.2619910156
26.849787984737606
63.3997068857293
1.0
1.0
1.0
1.0
214691.23264052276
187991.1366666286
192302.6952544842
2067669.4019189856
1417834.718471115
991169.9375798022
9227.187052057345
217600.36243994857
778172.24534939
18636.75984070072
27.718149068762724
1424162.8228449002
486459.17372043175
3642284.891386745
763228.9271078194
399554.04991617677
1.0
1.0
3.0346329023699754
1.0
13.674305283314819
1.0
4.143877064476247
2832688.185387358
1770576.8328506744
197166.78076947833
3631358.642909233
76071.26638534537
4603706.361971073
12.033687677545178
268712.4067630246
648777.9005535204
3623528.318723038
4824409.606409253
1.0
196260.21672676466
212546.05097201822
70731.33804302661
404713.47457377496
819647.0272659003
3.043484710318017
3.9585259075741503
997195.5756609427
127740.65604028458
105694.34413369567
1739313.2283503523
1761640.9924622718
14.666637217369795
6.0579866090727075
1296511.5500517914
906298.2106538588
2075215.5510789645
438379.2883550096
320869.4169933987
425272.477953688
1516586.300308135
4058.605706876854
291042.2527801463
20069.40856563073
26329.701937843613
697892.1004792864
1285069.6391103491
10.567411028190248
384695.0554766211
316014.7607943631
1815820.174773225
416149.28625903564
16.442830236867188
2085823.7563532803
2146190.2977660457
727064.7304664718
1486571.1577297659
2064840.069238779
10808.945382332011
37492.67501890021
2209430.6667146273
24793.239130302736
460988.9414156826
36756.93714476318
31837.986000929715
41.53200202377096
27729.780411659136
238952.12895185107
1241607.3169750664
1924824.9225136638
1103429.4992917017
688743.992022174
27006.45886917907
1.0
30.12668196899768
283279.0833707375
8339.018571464805
56973.00857990684
3221438.521309812
51278.03587892311
411424.7177549353
8342970.511720296
1131060.4339507832
10637913.212402176
10838812.99682278
12130471.75803272
12939965.765381334
10907081.764935208
17291594.23386534
256.3475721563979
339.9789553913719
88.32222835182553
88.32222835182553
71.30894604518599
25.885325731502427
75.26384884626896
2.174349186288459
2.250752005907867
1.299886464791203
165.6154482600129
1.8256318128895623
18712080.738784563
17330136.112083837
1115555.570731034
12378713.417294243
3070221.133793168
9486384.737456476
9922000.78615321
4530557.476609761
4341289.042587644
4594720.78994123
1552651.2706790117
6298395.882619715
10100322.823533101
12721315.13535763
18080859.699587137
12517640.37215925
6341074.923300512
4535469.2090960685
21636114.34451424
54631.7866582369
3541610.296978182
9139969.6302533
36988231.622615665
4.913838958684965
239.3256777203153
239.60139298669327
41345923.650249414
4107844.2134165154
7128915.537871753
28194451.30199765
31935147.55538091
43568440.79238247
45210179.46117373
80777.02971291995
3602.2477458273875
270873.75834800955
8.177446543592836
680346.2207513758
119414.74001449879
162828.16033290504
143716.5585873455
1515967.8777783925
4003.600565776428
938629.2591449346
1424616.0253594392
929227.4430214077
1146810.0839977607
1.0
199386.07206124114
990281.1808036779
563698.5891655731
13633.734619522293
552799.150439699
9112.551842448254
547558.1254816026
1.0
6334.455175527574
1524743.5732416841
1742014.2754370351
99246.13763735844
406605.83009615424
3381326.9080632636
6243203.455344435
561.2655688725679
62.3446224082867
7545083.266858562
86181.90870552986
10051771.47322749
2946864.2052192166
11074398.47943808
1.0
27.305645748640117
5434940.027225123
6890383.895957472
1.0
6093943.324395876
9988764.208970742
401489.5795078037
363632.1858952826
2.0656699350477936
2152563.735781814
4.844410012745574
2312025.891389657
3096.971604947934
494053.4991627452
2081336.7159398512
1128469.8782278341
1968151.12132414
1284098.5450575042
1.0
276985.33990253124
1194.9020113983236
3756217.9008437744
218.97562219155466
107.3609509692315
4486.750400324101
622304.9955772246
2636054.2527762535
6041637.082341435
6485861.058666532
7821626.051050853
135210.16836274686
686134.8780938095
664927.7880837698
51.148700175442364
1.0
41.276517175806056
2253740.883860185
8192866.106633798
9878396.33160391
1957769.8321706408
281484.3866126254
3746327.200252393
3127868.2627573325
60030.25428385476
600532.2504639841
8.123806149804677
8.828997679921
56781.401075767
6873.5408414204485
72406.24783260234
107834.85143037108
1.0
39347.532468671554
49711.24651962774
111331.10487557083
1.0
3911116.411143467
2472381.1335375095
2832094.173813089
206.26324921409287
1.0
3.78622968418511
625054.6327354491
3744661.7958984748
8459.751870307004
558651.5309533633
89990.87420238311
2436.876161390493
876577.6859513049
13533432.96247027
19700265.782327533
20351138.126024447
22963597.548067205
296.4281252114325
1118.4668577223183
71.05491081794821
381.1568477001486
22037250.756552637
37697664.977199905
13400456.013597194
29954605.463298872
7307242.0899820095
3262971.394004738
2415870.0526753003
22938763.884927485
11407539.069023805
54304433.902285226
134460.49774324134
1671262.6555387105
12718304.133639747
47500677.59257391
7.440121710458554
36733068.268315405
44842090.73006667
19552895.302851252
6439809.437542914
618693.8715146959
38388260.51050723
67428408.2283137
615348.6759375279
615348.6759375279
3375.457354286691
615348.6759375279
2120622.0858255057
644631.0104811117
644631.0104811117
644631.0104811117
1678251.6539068313
1259979.686418639
1259979.686418639
1259979.686418639
3787127.0620577224
1757.1198350347518
1149.1492965729228
2263.3318908043398
14343152.960087515
57.407402369218744
2263.3318908043398
22.666458352309625
264.9860736554081
1.0
14343152.960087515
10.981104208282357
537.5760702091516
643.8075559530979
668.0496922075276
1.0
350.3603858458083
14343152.960087515
1.0
649.3835170843801
762.4985340302112
4337.726289055755
5314.2167701193
69398190.31412408
15025694.452107752
206.26807159043224
29368847.412195254
2465.4159595737874
308.21765676461655
1787.9958253701582
8283.649238153808
29368847.412195254
358.77671889893674
29368847.412195254
1909.0398960346042
9682.380563951061
1607.9025913840605
626.9196982217655
14139.473413967691
2412.479689396681
89062146.31022993
28.620289822255256
1127.3804589261265
1.0
934333.094225284
5991526.247133946
39734.41224992702
2.155349570451332
1959.3438656980798
9.03999007977591
46.48043520578179
1.0
11547892.308261367
3054343.7059520623
8954253.556917435
1.2425721044493192
1.0
630.6741037746841
668.0496922075276
1.0
339.27574107379377
7520506.974630545
33.18781533099526
42.6586847966779
65.50808827697851
256211.24479812765
3597556.8491292023
11547892.308261367
1.0
44.37184377979198
102.82296310485559
4337.726289055755
674.7121792124204
393.4967259829472
13687321.556160908
69398190.31412408
7105276.045048694
1.0
26598883.044935834
1666.3548685754315
308.21765676461655
1130.9364328058098
4825.327446749802
17142052.393880144
24873140.935665093
11.132037523847266
24873140.935665093
668.9284071103893
1613.90448295945
541.0660309248149
186.96611816410734
3097.4055624512393
419.8805983377859
24727864.256502893
53509857.71627905
37471393.37685683
27636.129974365682
42829.473261871164
4732.032677459979
178240.45003779445
218513.39855264442
219658.09590016105
3.49498268554678
1.0
1.0
1.0
1.0
285293.97031319246
115875.41490705397
75732.80315097068
200950.1063670065
134496.6177242
381711.3382529288
35616.20388975384
22578.927004845278
2156.891081948395
478181.1002013257
1.1786502749542835
590784.3439471837
374.31053404416804
615348.6759375279
24523.647324129553
17158.41939285665
49773.66314374901
78719.1641759123
216583.025294323
6.029846139016061
1.0
132850.01106227774
71110.4654046965
266520.7181146479
229342.23211775156
76385.10797249134
381711.3382529288
148.95453135356064
31548.146553538565
124558.22967736429
522864.59329256404
338710.73384174495
403648.9732835461
383005.13986809045
305504.15384643903
245348.7792072344
29013.319881226085
358.9495580276716
122433.27809659424
79948.53328601795
235571.58785968684
1.3406712761577373
7.487321339433457
1.3609672470958736
2.1656090322722883
1.0
1.0
339568.47790322383
338040.09338059305
20547.638440379254
77658.82157992823
145081.80197073444
381711.3382529288
1.0
52742.64230479785
582635.1070974802
583306.7332995394
44103.673760405894
615348.6759375279
16014.98832152179
12.024201842186008
4.142829565033148
4.665919136112186
2.8294785860358305
1.0
884127.2320405432
182955.8337501477
133119.69646882714
69171.8934421403
73887.02149906955
42737.32725393376
193974.2323221055
471349.05211848405
368049.65898878896
523557.89580369426
262253.23982804175
2120622.0858255057
3632.490606243938
119034.57872948305
422748.56302772847
44104.79730567934
49672.61725579266
3611.1612975209514
1.0
9391.014264386256
313547.7937995376
3.364699723164511
14934.281262512319
374953.5795211142
192951.97848954605
184062.2978706052
213964.4743784352
805.3095483326491
6854.80255113165
26579.76971153753
199200.21785094764
320594.055778908
106211.3391838659
376623.1783806384
884673.0417616548
2892.634774010859
2.1812984900775727
40709.091465908656
1335.1718298270005
135754.13090442438
822172.5367419784
868.1271031394956
43.57295726355934
1.0
355153.36482375226
113488.58940289747
68525.96245374688
1094243.99403031
4.546994926986806
2.814796552844949
567491.3366416803
822172.5367419784
211.71038756707122
665285.032297627
835694.8093551373
757802.2274813947
1259979.686418639
13198.628269367842
822172.5367419784
1.0
35652.978280364485
1.0
27622.55604843594
3189.5931246392543
605176.8466655021
787936.2077513201
816156.7176649772
15.61492432463022
8.48073348079158
1.0
16.493843125221034
1740837.5319322003
1197770.562156608
753934.4296908678
467790.6367560603
960567.3296533688
5188.670370226526
104194.37234515656
676815.477657566
646647.6470063301
2301034.5959290015
1483915.7020251765
2362.809736215632
324.5468832239742
324.5468832239742
1980.3217649867656
324.5468832239742
324.5468832239742
379.6073368227026
1597.8337937578988
444.79148933259256
1.0
1054.5736368980854
4110.027505881697
1993.6705467272582
225.57584940392735
1243.2436981098037
1243.2436981098037
1243.2436981098037
209.89470429537496
1853.963806612373
209.89470429537496
1853.963806612373
263.7700423504899
263.7700423504899
263.7700423504899
3236.96458423761
120.45487124377382
1620.839454937064
1555.6648766907301
131.21398601657037
1555.6648766907301
1521.3729241955386
1521.3729241955386
7822.048182475629
106.07108665335429
1614.2985544193202
1614.2985544193202
106.07108665335429
2731.5735786027017
106.51247567323077
106.51247567323077
2731.5735786027017
748.1423593297644
106.51247567323077
106.51247567323077
83.92013740346145
1415.94712945376
1415.94712945376
1063.2234669966604
71.30976419442362
6375.483450469252
1532.3567514707036
1532.3567514707036
68.36287622293985
1962.6988840656145
59.06623091280267
1150.6485743838166
59.06623091280267
735.9737917157157
46.771402416799056
2372.6209398773412
2372.6209398773412
634.8795324262811
634.8795324262811
26.948434246056554
634.8795324262811
611.3971898670775
611.3971898670775
26.948434246056554
611.3971898670775
26.948434246056554
689.0550910581859
689.0550910581859
689.0550910581859
1902.7725104612045
770.0338025639786
770.0338025639786
29.010382228902543
29.010382228902543
602.3699878491628
602.3699878491628
602.3699878491628
328.56612199361047
1796.6885220950962
25.682807874865244
25.682807874865244
28.06196197675057
606.4942259067061
28.06196197675057
606.4942259067061
28.06196197675057
896.4928409084808
896.4928409084808
28.06196197675057
828.0771075250907
1.0
409.53328735058733
409.53328735058733
4020.7783219586454
1.0
4288.415257802421
4020.7783219586454
4667.7319244910705
450.5745193003796
312.82323570260746
312.82323570260746
1.0
2212.5502856835606
23938522.27854868
1673.8692278515482
199.63960499190438
4305.609628858066
1104.7571820067917
236.31023097570062
1942.187590200121
276.3219546641299
1942.187590200121
3391.000634964403
3391.000634964403
137.45800990998396
137.45800990998396
1381.3716634372165
1691.117490044249
71.61603120677371
2056.0969973287406
61.87699040811173
770.9962621086112
48.99709316124512
890.1824631308266
2510.7678185264117
1.0
10354115.840118771
1.0
1.0
664.5378403222643
777.2788858013921
3271.7030216094454
390.2105899415323
485.2759298817932
485.2759298817932
461.8860803796278
540.0919970146197
540.0919970146197
6627.96521920201
6627.96521920201
246.64177698293432
3318.8091045374945
3318.8091045374945
565.9914846867632
3115.142771751592
3115.142771751592
3042.0877053593454
218.0935150205068
171.83374653195366
2899.274330015207
171.83374653195366
171.83374653195366
2177.04209487142
3137.633108997794
2421.766673267133
120.94322132091436
12877.07781618133
95.76849557804414
1464.4429649257247
1739.9284280690295
4858.146778754827
1410.89995234637
1233.4046989567928
1233.4046989567928
1233.4046989567928
59.40126912269234
1241.8494334263064
4907.484122266893
1241.8494334263064
1835.646703624498
8198.793446892532
838.55486027953
8232.891704108652
1.0
10882.278723603824
1.0
34351271.512711845
1567.4483949153798
237.0129559973653
269.3310702457875
930.7565111514604
147.2532332314489
1.0
236.99662621479237
307.9174309278173
38.19627724004751
1.0
53.56870560667882
3022.4019584057082
37.94728953189125
15.744890166911086
353.4659602573356
162.3396574135211
616.8789051037342
1.0
1.0
6.879568554240836
1853.963806612373
35.31820702672278
125.15398268456855
77.5904752591343
1222.2907866898784
4.792892849253883
502.9559600328079
1555.6648766907301
1.0
127.30565159995223
1494.3794439857147
1521.3729241955386
1.0
1.0
721.3115393425643
7.682378444916509
19.92142830949909
860.3150010036273
106.51247567323077
871.6775312065017
34.301462603109286
324.3050604238081
1.0
88.40064628204112
1.0
1390.9242691203797
1172.6303366902166
852.944011990417
2.915476930692813
3637.5216723463586
1.0
64.74119004185293
47.08490621973842
102.7999080770201
25.12363151637983
423.6442370135517
1.9187226803203137
1.0
4.049832130176815
1.0
2035.8797363595343
229.16741246915353
525.3463866480799
5.678985983725788
634.8795324262811
1.0
44.65639354951315
1.0
1.0
10.554965015458246
252.71714828015448
1.0
242.08799579761802
240.62142049112043
268.37234915887547
39.79573471305679
1.0
11.642703123727793
1.0
1.0
69.26446633860239
55.26727538585819
720.574631606645
1.0
8.146780835284789
2.215319126808466
378.13981456311603
17.25036254056152
119.46394673066814
28.06196197675057
31.228082531264874
858.3222069787329
18.552996083795055
828.0771075250907
1.0
1.0
133.17279107782062
97.39436426350518
340.29993797839586
1.0
4.841755918928967
1.0
431.03130165721296
307.69740659739074
162.80310469074516
1.0
105.59262563974868
1.0
217173.01433181207
761338.947293805
1495962.4002313178
166312.50583352818
5739087.291619634
5663693.624942803
6809616.717227899
680107.5043962415
10216715.263183938
126.66812164841835
135.7345213015106
185.5013482434192
97.05374894496205
37.75766462127183
24.481014950888206
67.35919616032545
113.50504458153976
1.1513050170926957
93.22461710182746
1.0
56.727418140180006
87.46451111174646
1.0
7219949.741237697
304029.7008835702
4548750.526682398
689670.7654222042
3319408.5938347974
3465863.869054103
11456194.41086674
2770.4868572037494
103280.43792975179
4530798.97447489
4808706.265790315
21993930.394083034
28.28794160887642
769.6644005061103
37.3481012838809
18920809.899210572
14444637.609561311
7175780.06648818
10155764.454145975
16688895.541743854
23938522.27854868
903.0113243421657
78.39662214547458
3782.6987978366597
676.8381706312166
47.4305209682927
1099.145679733188
1.0
1942.187590200121
1760.3582739204319
570.5615049488686
1.0
8.309015392533754
1264.7365014076113
992.0239620443305
35.67835716521192
12.49210958060492
33.11583581128348
362.4968759957067
44.567819139777406
44.486306347106854
1169.0230687372743
1.0
18369.49421648151
37397.151950835476
4060269.181630433
30.979027695086103
23.53824915476871
283.08660284179626
5458065.32274625
594611.1381644534
1270311.3694636484
9726876.942644581
2652135.8854046464
336337.4073832669
4845372.411592513
3586537.257226277
1.0
1.0
235.15009808620107
2176.8913594361106
17.63492748353214
390.2105899415323
421.49142182808293
421.49142182808293
9.730766223616321
540.0919970146197
97.49592245763127
2700.2413868041886
23.23102313780086
1.0
551.9301061801857
1879.6622236570931
185.06952874060207
3115.142771751592
1.0
157.95502442852205
63.44920435156804
34.919246345984966
1.0
46.488870061488804
78.70699247506752
1339.2386534911523
593.2311849838309
27.37295486131608
1.0
79.73883023587588
83.19106664765496
33.96387498796419
1.0
175.47499146651558
1213.4420761571903
1.0
352.5883579703768
1.0
46.74862313829584
512.9632550531197
1049.7245216172564
1.0
1.0
8198.793446892532
142.49658024482693
952.0441058724234
1.0
6216.883942896927
1.0
153534.7527546776
174901.65841027605
9552721.187245615
10675472.342342751
34.124525603265916
27.222294286176854
317.01221041001384
545.1924779671546
633.60356072442
12679725.469892148
20889859.177401498
20625726.743360974
20568742.3363992
14798198.693516746
15426695.817436628
1944444.1233149106
1284928.416297113
24417550.394216947
29704103.55127329
8333019.252492595
24211777.820105452
3.92866057758637
267.1121148758989
15125335.430015327
25168761.88080336
31199647.025115818
3124772.989164916
1.0
34265.51306061613
84808.27629705644
74740.10128052217
52209.27925376542
1.0
9623.13603406705
81.41963150537336
2020.138237340113
37182.706781537934
13887.80333056293
57247.69731937926
49879.97590020527
39129.054488088805
9708.01509932418
79629.9822714339
75976.73228629318
135113.00859750062
119065.08076290386
71868.62846506585
191660.16842611693
20520.210208110464
228432.99202627008
218897.63788914695
235146.0872170922
130583.35438356073
11930.110707610918
253070.74063671994
44559.00839808966
299828.89961522643
305491.2471163825
137543.58960141378
277095.6162445255
341896.56621603837
342416.8503933036
204470.99894577533
203119.456842075
419629.31574871193
341442.6376079589
58796.0843622086
451224.1001577955
288255.6286539354
487362.47121178644
501870.19974607625
450444.56538879883
524557.7244219655
536159.4400763352
311145.4222207241
509473.6437115005
6.601887143641374
6.622439257913502
7.225139831849742
6.309124904015444
7.225139831849742
2.1146080547827903
4.924228492495944
10.549428675223098
11.822815485892232
5.166164809134573
1.0
2.4893563248306227
2.4893563248306227
2.0098380573854726
1.0
1.349795620959586
1.0
2.685796559272205
1.985837128549202
3.58552567580265
2.685796559272205
2.685796559272205
7.343448504364396
1.0
9.795123042461263
1.0
4.96234036760005
1.0
1.0
1.0
1.0
3.019596816142079
16.71261344826946
3.944057820723145
4.382958808525236
6.644771990211096
1.6049233261305562
25.089310040668995
1.0
2.833266235648247
3.870336765806972
1.6223829962210072
1.0
1.7827214361999595
1.0
1.0
1.0
1.0
1.0
3.2194034692852367
1.0
1.0
345501.4105089364
584387.9136678652
298485.6158576702
535229.1477654973
532822.9524812402
531257.1232984109
55205.90741950279
527398.7919811337
105311.07529474296
261643.19981483734
233717.83738782437
57150.626840327044
508216.54805617465
290152.9157724315
488448.77157019573
483801.5478260856
471567.0064261953
54686.93501016462
451113.0270727419
122796.84295132729
28219.160951970025
401870.53602696274
37512.232410739685
168728.0827340826
348893.24141435314
100801.19742800282
319976.2335753044
250314.12639333008
212546.5322170527
279650.95393196546
104810.02364409153
297876.1029336971
242129.6977389847
113481.0432105369
35838.84165299032
123559.15546358461
36070.79885018831
122358.95241495066
59323.60372430203
40256.51559202205
46753.60529676376
109241.63355069284
129501.90991229149
66423.28016886064
35203.26066539441
30020.52332189624
42293.390943718536
40518.03430330744
73768.6653503504
217506.76415341286
268281.8709530061
276684.0634751279
295742.6900367902
346265.16140242224
402343.73991080583
477093.72172860225
506026.6731624382
439838.3861186162
427739.93693131703
415612.16993760463
376079.51315771305
336366.5190599228
327964.326537801
286343.518032049
242455.4946178709
202304.65010212298
153762.30854724254
69700.99657478978
39001.289373467276
609812.4910722069
147.4728370768289
319.85814369140707
419.4456975483897
3922.235412931693
1539.7933928109308
99820.05840872413
59146.523856654276
82809.74242097758
3.2047946635049014
42204.62508360102
76462.91563892455
1.0
50499.350829849405
44397.46347376788
5684.151434244979
24459.67148844949
116555.84052039903
158400.03716384704
158471.0689554869
1.0
1.0
82196.34588521278
283225.6856515598
71651.27563837584
74130.78487744062
86765.46949707267
150728.04746140484
221154.82475759636
79959.43023249647
241174.13777049383
413223.52186220174
39733.51559673898
530705.0791473316
539166.548060624
300213.54871937033
404537.62807040045
956881.8258858044
957893.1828986325
907396.6360930065
981177.0716963763
1016152.3336263621
1042510.9290412859
626672.520470975
1170735.4991603876
2.0595579895064273
1.0
6.4926173490909305
1.0
1.0
40.96918649678524
40.96918649678524
19.996854341148666
4.5145443647917105
7.874629642125099
2.2033442020225347
2.2957052459487373
6.753149849137881
1.7745069159254458
1165332.1985346514
1141355.859952557
1173876.3817374324
1007153.4930305309
407589.51848952234
808093.1951565634
768887.1301770668
481338.11719155224
147876.21824128527
472525.31335608446
175220.00432254007
610958.9167724609
468672.84147103084
345918.99116998684
263807.9460555548
561819.1207809094
540590.6881827075
489087.8598745126
347764.66776504234
162411.0139552718
72559.67628177785
170038.60278714323
157112.4012928378
294865.9415387258
352859.1531429791
443235.9755579074
617975.1076368119
756827.4755639974
840725.4831808264
942158.1128211012
1181959.3169272847
1005.2578091487233
645480.1407555735
11949.236301070565
144739.82528706107
1274246.0000000007
17134.10517874642
54378.25729432268
42927.56512658412
41994.097136451506
20228.48881033862
7481.732613997208
2368.249102754698
4821.350577724893
7910.122183896977
7347.067409409386
147136.2705154639
208739.1347815671
170490.9294753596
314628.77726212854
396694.5679990028
179402.62055944517
399113.7955006617
424445.158239796
504553.89914027887
523461.8184376243
307264.30462212575
665942.4821313577
3.376701090591366
6.647301533901194
3.9939071636101375
3.034620157978136
3.886788951793627
6.533272134405636
34.60284105864798
3.961391492398799
1.0
190452.13771747937
479416.3074247971
390767.04698643036
377418.42570783617
56786.78527593797
290767.9709046399
255000.8241994408
64519.12214700928
73323.03317352635
84480.60262817267
28107.440656067618
84449.26257289357
31909.724842471387
34948.2418058851
5070.277282532806
604233.2511969826
595203.7565711549
444846.8526329562
384917.98000834236
363627.50692356785
323817.7851295977
217255.88061133833
188338.8800602434
703669.7990178079
1.0
2206.5757314871785
1.0
2300.8045164425043
76659.01291841015
18461.61314742919
18201.626035058955
12872.124193582202
72994.3778432217
65852.71596074452
1.9611017855915587
1.7350069434174802
26851.42638129677
51264.73659812425
345337.3258811429
23021.648632056073
60402.49704734282
159690.6021533502
586678.3217340268
715916.40117654
403920.8638990156
5.63224615202287
1.0
1.0
1254017.520599739
365129.53426942223
1061.9969737946708
341921.14148454444
289657.57048295706
100602.46451725667
51783.15593175298
394183.1154887293
606394.9906920535
510044.67850046704
135017.06988330866
1334883.0000000002
1.0
28367.729101381337
58585.79951454884
38853.436242270065
140394.50983032165
75825.31840514771
26772.655793075697
3501.6840134968884
406010.5296313354
7054.1595566068145
2474.5037287422806
3033.598452047047
12555.332504764147
31086.955179256336
305572.84994295717
410007.4945567793
422790.7301675109
422791.14036428736
448694.1707567209
257899.9552317177
461886.5113872559
527879.1415248163
63043.42335694734
981394.7053052611
1108035.415457935
4.190268170979872
7.196438104004941
7.196438104004941
7.4954887674623025
2.723837207356169
26.376172623288262
1.0
2.184938769293878
4.667707674983614
4.667707674983614
1.0
1.644354318428061
3.0181705231187514
5.40217536629179
12.751240556043854
13.04717910694386
41.50443163378371
1.0
134479.86009549207
513247.6151225167
894866.6993341577
907147.3799470378
905074.3115624678
837456.597536329
315372.9932344862
401299.74724638084
723480.0019503711
592290.9541177828
687788.1239241277
620499.9798418196
282330.75440716976
373625.84417190595
216423.39963652883
424004.97682230215
226435.1591720281
103024.44277989339
179622.19160710264
156802.75978196177
78150.36635607162
61223.98468156732
33273.101229003005
64704.033545753395
956997.9734059271
1075473.2797663007
566180.0669194736
285638.06263103767
1313482.2900900152
2010.4297834074523
25628.85888610053
4645.624851327062
2814.604304475543
9252.626936491151
100276.87048816604
86795.39797051447
1.0210736363147075
142575.47440495784
93767.21891873045
160609.85483429197
93018.61684124783
610244.5684255405
463972.08321748883
715542.8432748864
44723.180188835824
66605.81479933554
125797.74555860364
540.0733959928807
40600.94614046819
164673.7286084353
584324.0873069554
472865.9411050762
1220586.4252894146
1303948.7270912505
1523783.5461170275
1774814.24675771
1097721.0983743959
291496.4278037276
23.321859877435823
49.89123545879351
1.0
1.0
6.296372865595681
1.0
1.0
15.621654417457568
1.0
4.679468086085451
11.505488351649731
135.552020322868
1.0
1367458.4584112633
1086766.8691442632
1851907.0796887048
1676010.1525914168
711926.9011189411
244465.8351589135
25025.275330816814
577821.6370245847
963075.2984515885
1457039.623821039
216154.66084275438
2137635.772895993
443213.70099002036
2609129.0
374789.1966185415
374789.1966185415
28497.18241037552
116153.58899582423
77468.67464045851
56926.21968688209
56926.21968688209
50953.09009571705
50953.09009571705
331161.2310849582
68899.59785105797
68899.59785105797
68899.59785105797
442127.39484045486
8566.816829237869
14170.01569368582
84245.46478323739
84245.46478323739
84245.46478323739
504480.229123349
279580.7095845115
279580.7095845115
3537.4267497827395
279580.7095845115
1570726.284259542
1418867.2162478713
1418867.2162478713
1418867.2162478713
3162911.029094378
171696.53229235037
171696.53229235037
2172.4099172596966
171696.53229235037
898418.9832234723
308938.05047035514
308938.05047035514
1130494.5125879517
950524.1530766507
601778.551460446
601778.551460446
717144.0909495042
717144.0909495042
1802212.0071799748
607131.421261702
18689.443596061574
227186.14129991384
227186.14129991384
227186.14129991384
20143.32554393524
1121215.2641919474
221557.90952914662
221557.90952914662
221557.90952914662
3076.9614017351923
3044.9749103273234
3092.9546474391263
3016.4652114637884
2890.605321358914
654783.6445158288
654783.6445158288
654783.6445158288
20016.667888748743
2160078.795171222
20321.712582353237
1291157.5027138104
65255.919264596414
65255.919264596414
31687.487249055983
181736.51247812365
153453.10645372333
153453.10645372333
6931273.120193096
6931273.120193096
87698.72206798151
6931273.120193096
20885026.03153
20.69771698559777
923785.1820566193
1717.5395267915078
63.865399505825906
260.6412858637754
1651732.053105774
17.3344556518031
1651732.053105774
41.26332083764736
9.117778723353752
104.02791514582745
2233498.969403155
44.24312294721101
750.5868621334466
576.1476245758114
1774.5799200383467
933.3404872387537
35.64007136251996
277708.1021652811
16.626550324931856
2730961.640400362
102.35543263211545
2730961.640400362
41823610.257628866
760.8158862177631
63.6533665145226
9063089.57088377
14.322383849166961
221.38420805006768
9063089.57088377
9.309000246956575
1468.8893670580294
3178.563464545081
9063089.57088377
7838.939616073711
12555.343834237085
163.36831835644054
95896228.57990828
78.35687993944845
45995021.22000968
824.372023692512
184.09164968855907
1479.9970930041736
22644.053126641127
1591.8239804051275
1559.5790336222376
72.68584779079048
1723.8763907380426
1.0
7041.314375591256
8882.38650078311
12348.028358272495
581.1142583893242
3443.927165612719
169.52589655512116
99510690.25999363
1.0
5565838.4066921165
690.650726106227
5565838.4066921165
7.437465561309776
308.10596764155525
1481.224501434888
487.08327456902566
10236077.861202382
19507686.78507158
19507686.78507158
23247459.17257462
8153.2377884513735
3095.8161125366264
19049192.098981395
1867551.1072041884
590.0417334608455
330.56916752474393
343.016525009986
1.0
164.13548126185995
20575.839026828908
223.57668621899379
3613.1644190396783
27.039579685485855
1965416.9536157975
54767538.60824321
6389.710166744483
1.3526030187297085
21225938.04349308
2478.8849313073774
21225938.04349308
510.7533321087742
843.7015921905369
11117973.934612306
259.14672974098767
1.6200747440819272
29.049358531020093
1.0
2845.9858182657345
1318.3579246785848
32176.447248547556
595.7885785425077
7958.306433534999
224689139.75475922
4027.1193691890107
18861.89755149407
13.917831832757749
22026.259561945408
13679.230861497814
13679.230861497814
35455.669819562245
8421.265889316803
4151.074251407944
63374.84053181037
1.0
224689139.75475922
12269668.332060792
2744.8551590064426
15898.863385037483
26240.46681118221
18366.985073426848
8421.265889316803
4151.074251407944
28835.806059690785
5488.484569529393
3453.7146676926623
224689139.75475922
1.0
67892.79862485391
1.0
9500.015130345872
70690.48490523986
10881.295094424357
331364.63894627907
4645.833225488882
59528.588236969634
227545.93950378118
1174.020250679298
101756.87173686405
175526.4538573156
101756.87173686405
38094.984227275905
38094.984227275905
686827874.3296211
2.1296945377122785
2597176.078758183
25155.609225743763
1173.6531205737365
63.865399505825906
1.0
213825.43404874526
17.3344556518031
2360990.463772643
26.331413861894408
1.0
1.0
155196.09482185572
1.0
283.43224847603136
489.4419830750439
1647.6409238303588
161.1763589804286
51.91902183572475
385398.6478251156
10.223898767274807
2520537.4789881445
3604391.067652822
1.0
23.180851030567297
3604391.067652822
17569299.08176962
13843612.294140156
52.46140821302309
1.0
24060.873560452765
6.158998063741201
1.0
2145912.3532067444
1.0
1.7449808217375085
2225.7988828753755
190088.341818883
15.18267475765918
1716.1536624602472
1.0
2170484.6644920423
1.0
41946899.836194955
1.0
5.826729812907053
748.079934620235
1.0
765.2753378224281
282.57321485292675
58.145081050187045
1.0
1.0
5843.590622582495
8882.38650078311
4538.1449893393055
182.69881547549315
1.0
145.91691124791794
99510690.25999363
1.0
3700097.8618001863
586.1310169296905
3784439.826567327
1.2937579548181557
1.0
965.5942123095201
306.875017708322
1.1616774085865482
77.50944240223906
20702747.589494262
1972.3466965761982
36.866705529090844
35450.0127164006
549177.9401070414
575.3281369804121
352.5692487432201
343.016525009986
1.0
193.16712212705465
1705.9234373870597
75.15104441269256
3340.481703661339
37971634.29178607
4.710424033106876
149538.63345976252
1.0
1.4498711704732756
582758.6394592574
124.19245701122699
22456016.575406406
21225938.04349308
9.542460101719287
4001290.353943711
525.9406881226947
2.7204411829918596
1.0
27.8500046320337
1.0
1.0
1.0
1.0
4.06539425877074
7115.440725805434
810.7549926961234
170398815.43389902
105862524.91282167
1.0
4027.1193691890107
12777.710556136324
16207.894496060551
311.3948809474375
8710.420960884114
31100.122032073945
2206.4710234893096
837.319104629145
37982.44041515125
1.0
74108011.58362384
263.89286205394154
195832540.36380485
26759544.346875913
155134753.94065416
11598573.739885034
90.0005902569423
2643.8702129917597
91.09609009925074
5891.757088362168
653.8267041662796
1.0
1.0
5363.95775638832
3216.331770089448
3012975.7800084846
128736768.94654085
543.3196116399846
781.3326311940853
187211917.9212126
22131018.335433256
56641540.79019237
198165261.2214847
1.0
49.38464654488075
1.0
500.617629348347
12207.398400060067
3976.12597088328
5705.905377652906
247.57792406553367
55108.53661013203
101788.63230016733
610.6822918379022
1.0
88868.444574382
22735.740612203168
3046.201552912548
35313.016475549906
6565.491413370125
96.42315740190327
430755375.5768643
311786752.65757936
77363916.91704024
153984148.50114608
104558.03542463378
47615.08669286548
187066.1750505621
169784.66170228113
3084.854086785547
83451.3287831823
1.0
804.2834586209937
56926.21968688209
4533.313858597412
1.0
56295.11488420696
50953.09009571705
1.6316473160314473
34862.93710593409
39569.92863930044
975.8044902471131
4818.010015806472
1.0
3.913942377958647
1.0
68458.99479502042
75388.69932206435
3975.3520886983565
70082.0591823671
178085.21598156536
399345.7193705123
371825.5750542301
164955.51491936654
9189.389575451572
8576.982647568193
43590.62145324829
12313.222944019704
60070.74708845229
85942.57891109578
1.0
1.0
85942.57891109578
1.0
198645.80149578012
166982.67417475945
15459.43905039175
1099.7687202655673
10.812565933991598
1.0
42.11543376047104
63089.79639290803
1.0
120177.56121879321
1.0
641.256646994171
162201.98439597932
6.288560173616722
1.0
13019.191924504614
1.0
1.0
132845.5065964495
31813.443964902413
11898.92234448731
7.739455111292967
1.0
213879.15601159225
943317.7398967817
1.0
1.0
100513.65200528981
13.461752547216872
2.2159119248041623
1240714.5624274246
135522.42536910519
15550.75119958322
512149.3701704386
664750.3703220899
1.0
57419.65026767497
1.0
1.0
1.0
181798.5762046515
453248.62196955405
1062983.9712326988
2436.203046003681
718667.0130147173
2055123.0262555638
8.766156173756032
1349290.8036947988
1.0
562957.3104193038
23.240775554166827
2553704.7881546123
1210066.7071136727
3162911.029094378
18761.54447374375
79185.05021201546
73547.09928908662
117427.59248440122
116251.85731969793
1.0
356.11468441190493
35035.73399777211
5.615259818972217
3.920129650829125
198106.40688547408
6808.706336527024
187260.2277837851
2.757862904529408
2.6152027841474523
1.0
1.8568611080553392
493633.3169711393
205547.9018002017
166719.45232725618
39694.12946937546
8075.834495677735
192.14232629946787
607131.421261702
5415.064838892467
57585.81411134991
1.0
216967.19332697737
227186.14129991384
73398.46925276433
1.0
48958.435177505715
194018.37373371955
202093.37581326577
234641.0410532425
227186.14129991384
97568.41092909739
878990.2451152141
206824.53970605426
693972.1611446255
779255.5649332949
370411.2753450171
1479.3916405677564
3198.7033645424
112520.35180417617
6752.757371531503
156830.4397392365
1.0
167994.24688200577
2080.1496322521484
1.0
3237.24395746749
1.0
321.39165687252523
21006.505663736134
535438.0088999355
553087.8460214796
30545.734211896775
535438.0088999355
654783.6445158288
1514831.2552435752
1.0
2007.2923421266064
364.3693518766784
353293.76281703287
898093.4450145593
12523.091863400145
1977.6500568156534
48333.36089307248
1.0
149698.32094376118
108657.2279758997
1.0
2723010.757474415
4189769.9807110247
24.849960789576144
24.849960789576144
170973.15896526654
935036.6768370966
38033.55129753499
2430591.1992893573
3661424.401141315
743604.5094162109
4725023.8057702845
1.0
4481.878325648477
114832.03908078287
65600.96919913669
716553.6401368787
15.861036933565956
1.0
1.0
145.31105344988316
1956486.987755147
619390.3558235606
3402835.1351010646
426215.6680031736
1718490.1748119893
24.849960789576144
33.24861509627013
1.0
9.279416234016876
472847.1603393339
914038.358253223
157325.1957949211
4474797.512074403
3532692.1754640937
937290.9620114557
4725023.8057702845
48126.73613614866
714477.1001429984
1760063.2993932064
5956936.267163949
3713153.772798037
4743166.836556109
4593712.9168999465
4200816.279527293
6931273.120193096
19650.273518572045
82986.45549567319
471653.1963587129
24221.101702201962
21742.361434460257
673373.9679927541
800382.7988126228
481292.0413007345
105386.827066217
2919352.3099357574
4496138.924866748
1.0
16.455045448265487
17.561176816457618
81.55974513179599
4441168.642909485
3461179.419686717
393334.07648163626
556267.8575488701
1696128.254032318
4725023.8057702845
200218.23687465955
41.17695510435347
6628443.105394774
2927908.828594644
2076413.866194865
2513733.152123622
835372.4237464863
64311.34551020514
198835.43950622194
3505666.071172776
13595735.77456355
158.30731838487384
1.947655743107305
1.6020308339684721
50.26623358474509
10049768.93314329
7407024.281233817
7213618.595221144
1883044.4580447476
291538.9121033712
1487899.6920171925
9730898.565207476
5472342.89692863
1637055.342898073
14261377.331026364
34353.781464785374
27653.83410645761
17.09097793223344
3517275.8492864696
5317033.643257886
134.35261916135295
78.19108052014774
18931454.529664334
9679260.513950165
7665856.620333631
1603404.77573489
9920733.098208938
502.7574146959025
7.33390567824638
1.445111490302124
104.41659455900911
606.0431125807215
1065150.201358704
37.0916618067957
1.0
109.40238354782221
835.1952163326426
1644.9768309569195
10424522.536034368
243.83228692714408
243.83228692714408
269.4876136664084
187.16473734786103
82.82574325284573
55.53695730354962
36.07354992815802
576.4820863078322
4771.26354215627
251.3374536819388
633.6405013902365
303.20081121358487
13604381.139844045
196.84465146963908
1533817.2032536163
6.368098023752704
237.35540067422687
8.161926063995514
172.31366937278216
95.54636870374543
975.4758410994076
82.82389144203452
509.8757755006256
21.455925918146246
13604076.974265987
626.3305138647853
1.0
2654.2807197073826
15566.35368435936
400.4923293300899
5138.5684625013655
222.06936861411216
2584.635730655241
2822.301979132488
180.69389502730746
3099.5755290756047
5124.557461263852
5124.557461263852
49.96692103799119
49.96692103799119
1339.8327160148633
1339.8327160148633
11089.147680985066
4139.716833395492
53.86539679618144
1354.368815081082
49.867974956196576
49.867974956196576
772.3495864369914
594.7296357543037
4464.212376100038
31618666.677120965
622.4458168794229
1.0
17097.494505867
468.50783954898145
424.2545241482448
2457.384571927133
477.78704493027874
477.78704493027874
2838.8661918267476
3099.9098157842736
2490.2134168201633
4309.402018254525
4309.402018254525
202.8060582045653
138.99923090283846
1199.57944570361
1201.9138803054504
1201.9138803054504
1589.479188231489
1237.6558911325217
1177.5671877156062
54.88177740561881
1117.4784842986921
59.163715822827314
59.163715822827314
59.163715822827314
1301.6206486797578
59.163715822827314
34728748.34766831
434.4339408262164
310.3750937118337
1.0
1272.9975051484685
2202.9670151423647
101.45653884420014
2049.7159363433116
2801.455497993707
2278.4008266127967
17753341.82399655
95.97874291312014
495.360217910778
62.00760121546661
677.4699983861271
1506.3947585857613
16.24515746328852
360.74220517092635
2766.9058794349176
10184937.766600495
4304958.895213332
3945.104952916342
98.82920425236928
4434388.407521802
679.5829225972983
1315.6420674667613
2839.1855217889993
2105.787700016177
8095415.737125399
589.7298581069665
94.36652754456605
632637.2765492587
97.94438505272309
602671.9088160475
5107866.689794996
6905.3592777453
247.9588879135764
1502.4766811553354
2632.133770463588
1472.5965357273924
75.03350616501282
1212.596891456149
2718.518952356994
825.0179323078833
856.0834222084283
1.0
409.6410938230738
8.751628745315637
636126.7337682598
18380272.627258774
3176.325096171154
8.662156128736008
600343.0806834155
1.0
1566.4226256970985
184.529035089777
816.580622508324
892.1772811496961
631638.9627201101
165.21939597062314
13412800.724653551
773.5129645233579
638788.3927063539
272.9464876830739
611337.6091206964
5060553.0148054445
393.17693909552173
13.101908973332446
5.724085262768108
635699.1381723923
20.58357468718434
3524755.580455184
33172.630168011034
1.0
4587.456497686514
1.0
4587.456497686514
22839.7941565738
22839.7941565738
22839.7941565738
22839.7941565738
1.0
1.0
55008.36696516285
14324.023094634427
3203.657208106232
3203.657208106232
17432.50968371965
25654.768575291473
25654.768575291473
2889.658749670302
3737.3973941586546
23608.724078407045
27376.89173960774
22098.897913398076
22098.897913398076
1.2459255677894312
21178.098117518963
3716.2543378333535
21178.098117518963
1564.5836843693191
111758.08730110855
1564.5836843693191
22513.25954909368
39255.540398430996
1506.680088015876
1500.2549958736367
1500.2549958736367
20145.772862403468
1116.9852974877806
14867.144076361588
14867.144076361588
76154.72810018659
16578.900725372587
81099.93359518694
826.7227278540405
653.3616665210191
10373.254259341273
32587.584797791285
372.46817333742956
9561.193182042687
399.11894405973874
8366.362755625214
8366.362755625214
8366.362755625214
8366.362755625214
4615.61326418026
34283.20782975578
4615.61326418026
61258.779704092776
34283.20782975578
34283.20782975578
8450.003712141875
12776.285044057937
12776.285044057937
12776.285044057937
402.73388072169985
1.0
56586.09585973064
54531.59780815409
1.0
75962.70378390294
6432.660969043239
4517.4151119254375
1.0
1.0
4517.4151119254375
1.0
235592023.647857
502.7574146959025
1.2153111140878035
1023163.5734944767
2666162.1244174577
1.0
52.67127722214403
407.80943183008606
77275.78103706933
37.0916618067957
1.0
109.40238354782221
421.9857782813547
1.0
43058.026254120945
724109.3177918635
9741879.113195539
236.41470600274016
92.09339890046087
1.0
159.0591478287501
1.0
1.0
34.866638188287816
761.9589147177701
535.1398015018098
135.71269581281874
1.0
52.20870013637093
1134550.3661918186
9402876.020776574
12704212.311937831
11713388.486088574
192.1494227377116
1426339.0388556006
1.0
11.709163016157015
4.721468513812374
15.45027185060467
1.0
947.3700113265268
35.305556338360546
1.0
13.748250451683104
147.60507679720615
8756491.482138658
5705552.679639027
12600057.257959835
387.1421086326101
4502936.827679128
402.47204503436404
1.0
12126.358136850571
154.9906724704711
1.0
1564.4853377469988
1.0
5.465602089221185
1.0
1.0
11.199856125470895
18.252546466552438
4604.793326562942
15.171497272245903
4920.614073935446
19.854438137108335
562.1766741537106
1.0
564.8952077955205
1.0
79.66549757169439
1.0
49.867974956196576
1.0
1.0
267.0626376908898
2015816.9943364733
1791104.8763706998
80064.26180848356
706519.249495502
6776874.709897748
11572528.243868029
1.0
1.0
1.0
414.47086096958856
86.8539884155502
2033.4381416590709
477.78704493027874
112.99338848223017
2838.8661918267476
3099.9098157842736
2240.901006408876
301.9072963540692
1583.613242296956
62.212009688435934
8.060693520268014
1.0
716.5730859246278
1.0
1.0
154.94145018234465
266.6084362335575
38.67223587949211
805.4971010699986
1.0
25.58358726830949
49.74522863583097
1.0
43.252258058668936
3230174.0759158786
29804068.793180153
33940528.34718295
144.4099950618472
28802813.474617258
34728748.34766831
45.73016319859691
291.72444129164313
1.0
1.0
1202.2498020911307
1.0
140.89507763917516
456.5587076279388
1600.4455243322823
651110.0586403132
7593990.420052395
26.940550265994798
9266614.826932898
11579116.2614175
8334303.894157157
1194908.7781369982
13058008.876727415
11215839.252107998
7819402.448114864
17753341.82399655
86.05446858629358
280.9124184800867
11.892105996637126
12.82095958338729
917.2628214734003
5.251083254554172
77.90865184952058
1890.2186815551422
10184937.766600495
192.9034492971468
1.0
14.538926416122145
3.1814520986763757
1.0
18.80257131470384
568.5685507712177
4.068221510103106
5630249.116357976
6021754.969538796
21620.916822496445
428.80093597793575
1.0
1448736.5267514049
1395.9662936613372
184767.90933906057
44.08278999024337
178035.74015527705
79411.19290391135
567.2275565870154
227.3889338899715
155.8982072980126
955.6439870779614
1367.627790561478
25.221625470512908
1113.9689928979572
1.0
824.8870361126652
856.0834222084283
1.0
354.6585053318601
9149007.840902071
88.00267997109923
12741550.482352888
1.5242948018257076
48405.35103021945
1.0
8.502085240440156
17.031634685658865
1.0
91.50152796722125
52.81014128446498
1.0
1.0
1510354.5262009355
8238057.691429559
713048.1463242373
10812589.967687773
492089.2155278326
404257.5946756925
2.983460440879276
13412800.724653551
513.0320461229254
1667818.3574102584
14677.42227072825
170.51808051729384
23709.29133840327
6.0438386142804355
9.611646672939656
1.0
4.006236875835395
565794.1915526163
17.39976610145177
2847084.0148703405
1.0
24262.810981128932
1.0
4587.456497686514
1.0
1.0
1.0
15198.143829244007
12257.10843921433
17.251405110998373
1.0
1.0
48392.14745577782
8678.499587665752
174.73423748843447
65.06587304306717
2795.6517825223523
66.39616599236301
18295.742439002504
1.0
1956.9269447676218
4072.5944026429524
1.0
7936.112550310832
3594.2034833815574
20651.234603216242
1327.8311741250056
21178.098117518963
1.0
1888.9530878382855
85.29031656987189
16683.36941825614
1.0
225.6278583286562
1.0
23.842667244589293
18623.659641341146
534.6227356143053
356.51696399218315
8891.415665894849
48834.56775715811
6684.5128874631655
34783.20226522613
30.94868755294768
4.7729390783233185
104.9037482718488
28287.931869517648
1.0
8585.398687194252
205.9177105254848
1081.408345233162
1.0
2119.5759478225787
730.6969104769958
904.0566015169379
1.0
1.0
30751.433034525897
1.0
7545.031873107968
7626.157135911192
1019.408265099109
36.736155317320275
11687.13016518126
257.3523036602698
1478.5654462891735
1.0
6504.550120359069
1.0
45762.68934201343
6209.854433793484
2449.6132176186475
1.0
1.0
3936.7028056020417
1.0
4620950.062770236
74820638.8505641
77450168.42563821
108450135.51186143
7941503.327923139
118227339.0083559
2349.957397155933
24.697288098032274
1094.917480311343
2478.602359976019
793.951682402846
252.51306736407372
25.9656702216402
2382.4688308464724
1341.4569108366695
8194.466355106617
577.4566500250344
21.92027937627068
193633843.21523178
144628652.93948
82935765.08145225
141750924.7868298
104978116.30804539
26096223.257296413
22680626.29918169
8971341.0255037
73585555.85280547
183340005.5170392
152303253.72351426
67569643.4945451
204167764.09342977
24158322.649380166
59259749.6089595
167441206.24596485
27.831633072997978
163602425.13629797
110280891.5913353
155996565.92548686
235592023.647857
136944.99425842796
166262.69299142787
361844.8348470514
137074.5741281954
124519.6665016943
94524.81727044593
5560.90557321661
24511.83389348399
40693.69053476238
10839.805415274524
1.0
1998.150559051741
121941.1016262
450.9962332590919
7240.539904290929
1.0
1.0
44151.90488182849
11467.218133553826
99008.07385626789
1.0
24490.584452518477
54953.54991602562
109146.11881320001
149.73105679711148
674.8318565135321
1319.874742388442
25868.02405515583
30367.617000332248
11801.782799186625
1.0
1.0
1.0
4.861192453711843
1.0
118843.99268931757
23234.245646682364
98133.91366577236
59126.883184784965
132588.59007144326
126655.87108550874
79839.08825990678
124174.60916958313
10922.962024681408
55072.58913004717
16161.682299640705
1.0
1313.6124808667887
15410.068830375576
13703.572491148365
15996.06398707091
20860.2425045127
1.6145394007513267
3.9762862481971966
1.0
76198.404351478
66427.5927969198
14569.048529385806
127955.20754876973
104963.32446576348
68977.76844203848
75756.96236067564
102471.65667966509
151150.04592725367
144567.75845650682
5.209931192199472
1.0
1.0
59732.57288591418
1924.7129553974498
1687.9066406904794
30986.50327123916
127720.52423810252
423852.3160702594
257883.5217142537
1.0
3.656562810439687
9.86877088477575
1.0
1.0
1.0
1.0
1.0
120758.35826569438
33254.77041031847
145630.09525141848
29947.92082204306
29630.088907504673
31786.102233838177
310002.83529053204
218984.8675014663
154996.3059133307
468335.2994695124
1751.2481665407072
2102.120236776818
1.0
63240.0329367868
11951.581481726473
32988.61952429548
88.48291578444358
124260.66652189202
5477.09744663424
8156.9241150173375
296573.1486986228
18.061078199314878
2.956489558196413
4.0183821092265255
1.0
1.0
7.976287277461414
240031.62899763515
81004.21570837106
359715.5514349366
219199.64434940432
598887.1192868999
5089.792030439481
931626.1985913427
1.0
147629.9660212605
247888.97749237876
228753.88295632004
374166.17053072015
309358.05147083546
45117.50530176324
121872.14347359604
880810.1612126166
869886.8269172313
1078786.8066098855
1.0
1.0
1.084078681956425
1.0
4.571622623866371
1.0
1.0
1.9063799254655223
1.0
898547.3055332046
711157.9562794609
566973.7160698297
292807.5530162375
67160.4459756543
57426.53174598162
733292.5582403438
969458.1858817231
1169118.384360822
53626.43848955612
70007.30360248021
2.155407263864456
1027183.1862872229
195912.9535546821
441343.50362285634
160069.75681523845
2335593.8380494877
13.566499164951637
14.795561892314767
1.0
10.043721632878357
6.021955256988801
17.083046821206835
1.0
1994014.2071306205
141991.0911736903
346842.5453457976
696981.8677025924
1165809.635473472
2128775.916429489
2250729.3444354855
2520667.535324415
3039341.6664981
1.0
788.4883468488031
29184.673619804027
52151.19725555389
34117.28610973661
11189.829760607463
65800.87625998104
130823.42095249928
2.160331940784584
1.0
1.0
1.0
162827.0981763785
203529.3192510309
148587.1400893056
21341.605354157506
124523.40719676438
208363.79254561156
199740.4246540077
18565.14766716801
281520.021403132
310376.34721016634
1.5675302941161084
2.303565836034749
1.0728461153289486
268808.867692621
232391.72150234456
163161.95967037173
367789.47220260004
24168.832616772765
103083.12772848354
160448.2558001396
1.5109909978767933
1.3432207698249023
19929.616790777338
11277.713778514946
394297.6923497113
446898.0628542567
578624.9142267989
141633.95674828702
183061.03329002397
376751.7399068656
661773.1937202
802832.2935309
434631.17095839867
10.031135648589364
3.0202862232415795
1.690456585981494
64417.656029654114
8117.225023436463
793989.9637895986
2.8335870794523355
356423.99765754293
868169.1831541867
3312.6960380212013
3863.5709825464014
38411.14195501754
8855.622595871902
310311.17155207496
686.1680089273881
27775.88412384937
243910.2633517335
627157.8845245726
502.36094464152904
66441.96856424601
3.7354584084625735
1.0
1905.7550209706471
1771.8930391838876
2483.5366801653477
806.7237054199414
1300530.313584
4255.84478034501
38857.876963562485
9934.8610389181
127374.90256297494
132114.23887138363
92375.68833432157
250271.19047156442
195579.27922109293
2.0562474842560086
1.0
1.0
1.0
74758.841774019
84843.40053374587
63713.32675654244
40141.98743335778
329457.2993252552
355428.28040298773
88300.75337900841
259250.08068036614
297212.25432870706
2.5630506676917055
3.1866577402609857
3.8364499435700257
23.028923829473023
458677.10127144726
471537.01981375896
163215.41118459703
335629.6152059943
160594.66210582762
322238.10738501936
451091.05611822224
1.0
483.6048461699062
1045.151009676746
3688.5742790236054
486653.2240626001
21897.053751553896
1.0531382143648929
295457.01855185116
312540.7774011228
249400.23687860585
3637.81554511249
3161.2291107552273
1.0
6460.533820936403
3.2254039325825894
1.0
533.4403841199145
14902.016063489224
120467.68260187577
66495.20728591873
705864.0473231822
1.0
158767.59916292975
825916.581031655
673929.2802644434
62100.946581867815
941692.4726001408
2525.7649739866683
1.0
1106741.4097779726
156016.91993590508
7.545332320005226
645549.5112646157
404983.10021227965
53189.991256658504
4078.2707424230734
2570.4920809639184
655.3524303377309
115.28454115407068
1402605.6776343002
296322.3368539573
633734.2481853209
862856.4238088541
155.06558556440723
1.0
4100.823294291466
245.85387755577108
2.384376020875343
333.02767534108074
82577.64994847994
81998.7021547478
4270.547544116925
54469.37493553695
1.0
9822.195993130023
1.0
10681.783684047696
1.0457544423153728
191099.04784070794
1086478.6761542042
103787.82841240565
2079773.4923056867
826877.2879442519
1884132.4937975262
66657.55893795405
48683.634493392725
86301.49875054204
39522.88231593094
170900.025463617
1120608.4033798315
1262740.7937175808
794424.2540616181
1987318.561072555
2478736.742076101
2894192.083447805
2972176.4678282384
3201298.5776811065
2972829.0291819
3348332.328680033
1023378.4774893654
607833.6859695169
4093826.089346937
4229178.621398169
308398.410681958
4681199.234339099
4697033.594646211
4676606.908584889
3958738.6617620545
6657502.228650581
7212187.041609587
7769055.300916394
7784792.066072884
320.06714895233654
94.07982651277037
1.0
46.556711587300164
46.556711587300164
46.556711587300164
131.3832930953392
152.84036651864838
1.0
1.0
33.567715012496784
1.0
12.59042474186298
1.0
1.0
1.0
1.0
33.95002523210731
93.56443597788595
139.39590946022477
72.59103286384324
345.4791279121947
54.291114000308156
28.56434972366524
1.0
1.0
7704852.9019388575
7180643.518547032
1163840.611696064
6693365.158261858
5808364.525260822
824542.5908044705
761406.7491357181
3317890.441864004
6006831.191355355
5685914.015345179
5622406.895506169
2034150.5967857174
4785757.715998165
1384636.7362319168
4571850.805502012
3461635.9463006877
4279542.966783776
4153617.2947917082
3839435.636633097
390575.8430380364
1545067.5626241171
1095763.9002335253
1648781.096694841
1760222.6024028047
719197.2048308097
1150512.420290993
366583.7911593809
1102902.961486478
521406.3407859253
991963.2648793821
381089.71034481336
148553.17631973568
56915.06081476666
1101793.3481387983
2995086.053928597
4052069.366430053
4740604.26388643
5212219.426972282
6505195.229649028
7288379.6855823845
7462321.746263476
6199061.023711147
5998003.996233737
5793352.204728067
4460018.997607248
3705806.481891926
3510254.648862483
3038639.485776634
2750225.8364978223
2433355.5374077572
2100267.612011736
1745663.6830998873
1359981.9587871875
8310055.089088544
1.0
81.60677092900872
31803.16154634592
24287.2963738627
12879.446323119764
21043.23090702393
770532.5745202164
247078.41501315613
23.79200121199137
80751.54368280503
115423.1473223401
15.492527434954608
3963808.722006788
343374.6496804587
1292101.2474079095
3476898.400799244
1643798.037339603
2555315.532496463
758555.7375788353
4512715.514511911
3383020.45347796
9681967.424004199
11881065.662878942
30.39304703327928
1.2651324741299492
1.2651324741299492
70.40781290534792
90.74077886982656
44.49983445135701
1.2778250269043512
92.49276347636281
23.83313917240192
101.92903413449946
70.00631971429179
1.0
13225506.890969481
7510775.412706652
12604088.734888675
6514945.1985816425
9541334.524564987
9167705.31167764
4789648.212640356
1400346.9600814031
6462822.939865654
1690518.9787864997
5942730.723832039
3931336.6607761183
1335259.7936281296
114836.5672789351
131595.9944469836
3461046.539265881
4480223.955485526
6943785.841768487
8451687.051071912
8845936.646065993
9831662.394013714
13762430.313307613
5900293.70748718
14847412.749299102
1.0
56.87295472983917
266.37696755957234
266.37696755957234
77.64920313529836
1.0
1.0
42.807621847036366
42.807621847036366
388.73184698296484
40.192407466825856
22.28632584341623
515.6938655641777
252.11271889272194
24.475641879406385
259.3875708270842
18.618497167385748
393.75061933197065
454.4115681632319
18.530415747720763
18.530415747720763
254.2290625881714
19.318790000488598
2823.0476041776697
8.414018495515059
500.7223575223124
145.23091884449525
102.10415352731054
469.32510576939035
5.405796360733746
118.92924688435639
58.62350636705067
112.39110640312902
3173170.224684037
56.87295472983917
56.87295472983917
56.87295472983917
1.0
62.85696224012177
266.37696755957234
33.3015142692064
211.90339307545995
40.192407466825856
370.580741276301
370.580741276301
1.0
283.23916048396427
283.23916048396427
227.53112171671373
18.618497167385748
393.75061933197065
311.06563975193995
154.33204698825855
18.530415747720763
193.18480685653353
193.18480685653353
12.70037769110909
193.18480685653353
12.953784334154028
1252.5238167297648
12.953784334154028
1252.5238167297648
366.35905750846314
109.81902657242676
500.7223575223124
500.7223575223124
102.10415352731054
102.10415352731054
5.0145550941786
118.92924688435639
58.62350636705067
407.23339496178835
147.79424006849104
5.004625113139043
862.043887977197
77.51107077839781
895.0105785670497
1.0
48.775052323572524
448.0171771049667
3173170.224684037
1.0
1.3977932978960812
1.0
31140.92540996714
56.87295472983917
56.87295472983917
266.37696755957234
62.85696224012177
1562.2002825897594
1.0
42.807621847036366
38.7641906998094
38.7641906998094
224.53154591621336
370.580741276301
515.6938655641777
259.3875708270842
514.2877565590481
12.70037769110909
2823.0476041776697
12.953784334154028
211.06929431078225
12.953784334154028
940.8783676780062
109.81902657242676
109.81902657242676
500.7223575223124
1112.8790975834365
107.59446612405645
5.0145550941786
1112.8790975834365
5.405796360733746
118.92924688435639
118.92924688435639
1112.8790975834365
118.92924688435639
118.92924688435639
118.92924688435639
118.92924688435639
407.23339496178835
58.62350636705067
407.23339496178835
407.23339496178835
142.43109396251654
147.79424006849104
1.0
70.7204375085615
77.51107077839781
48.775052323572524
3173170.224684037
192.88673106704752
1371.682382982959
182.9066185403609
1.0
182.9066185403609
2952.0460135756325
876.1497666486114
208.47232800970664
1.0
876.1497666486114
1.0
1.0
125.90410053351766
712.5162919440477
145.33862593982352
1116.2267038049474
1736.2777817921121
145.33862593982352
1736.2777817921121
838.3906566809052
857.6331216335395
168.95421712519058
891.0963759701194
4348.607022307797
1045.2456366541053
60.42391915377327
58.96234874015059
1000.73134403663
1488.1241018525043
956.2170514191536
58.96234874015059
60.119960446442526
802.8400092092016
1488.1241018525043
40.88541737426418
40.88541737426418
4493.580762732972
40.61123740716008
1162.2187033682671
671.1884094354913
27.016594851286143
375.3443864176777
362.9004552917711
362.9004552917711
336.0276825945578
412.851808914413
1335.8263903542306
412.851808914413
1209.6066600899085
17.21531189603216
17.21531189603216
433.7918529084116
360.7713470119901
17.21531189603216
1322.558613242456
352.8851691149507
3064.7827800293185
1322.558613242456
1322.558613242456
483.6741075546364
483.6741075546364
1928.574098536823
482.48347087592
229.74371619326953
229.74371619326953
2493.918963413119
249.6031365545156
165.95515718614203
1331.375633916284
1331.375633916284
9551897.236478472
1.0
42.744322391472856
7.586359846330631
11.752222216169365
22.318636778071273
1.0
1.0
1.0
11.66581820929084
41.629678530581266
1.0
1.0
1.3495731998072458
197.87341417940993
10.049962649430041
84.61820607999348
1.0
11.681087183810854
1.0
14.037663224054132
1.0
244.92276840061
6.552505437550982
358.3722694633272
1.0
1.0
110.89827943298557
78.49524119057416
281.9626705872138
1.0
1.0
31.361254034196755
82.47569290306306
166745.77816930908
1110505.5705209367
12.281140347751201
21.375177820138344
1281697.5674718933
1079118.6986833476
1785899.6366175136
79552.35533085513
2059.508231341866
1.0
11443.328074527471
73089.65607779476
11.039463558648636
359753.5810840131
1752162.114371726
3.3191234670339322
1575072.5944032979
2809627.879773493
1.0
1.0
1.0
56.87295472983917
52.79952249343237
1.0
1.0
179.56283309993773
33.3015142692064
71.12677568386692
22.508264897087255
14.649301491016363
217.50500519187497
34.37807155786382
1.0
172.7025723517367
14.12016659575645
178.8815965766999
168.2462811984451
94.40262202133017
4.40662056794465
4.4931393012549785
119.4465266931937
1.0
1.0
271.44910681927695
1.0
1.0
703.7299043007765
20.191010274539384
109.81902657242676
387.1356320097029
431.6025491319389
45.960357348429255
61.389465668608594
2.045643021672453
30.567447842697756
8.528080712370247
225.03123568267318
1.0
1.0
1.0
1.0
486.1033485550747
1.0
1.0751025522210826
264.313661780032
302116.0917548187
841757.0910814902
537697.733535552
115841.27434541866
131381.63608593956
4.402087687706159
1586183.2360474602
2204922.5223481585
2296950.7945283884
335717.1357418168
655227.5230101047
2184614.7749213907
2010549.7315829434
1722147.8770390525
1.0
1.0
1.0
29584.632338195606
13.997135363839519
9.829462626469503
71.12915877434676
1.0
1.0
1.0
1.0
10.109895414461263
1.1352870550672625
28.880792707121728
1.2858106128039708
367.6883537440474
89.84142557256827
1.0
1.0
1.0
1.635507383787558
13.630482519592425
1.0
1.0
37.25255281723243
60.45815997387762
212.21845738042256
241.99358759087156
22.792948214754276
3.827227655290743
427.81942132579474
1.0
190.96418842974953
1.0
60.56187880454692
1.0
8.51134519587089
5.597116560108075
78.83715476081413
25.423050305142763
1.0
1.0
309.43398252611377
139.98823216616452
147.79424006849104
1.0
51.859925535192716
75.30190364454603
37.07227976637958
29541.92703848017
45506.815198194075
1437910.772630183
9.877237588051493
7.893785292417277
8.29231918419371
12.842435912357912
4.941483327547328
11.932627645829442
2167904.665770692
96888.06407077014
965677.6075516623
719713.72294912
270074.2897012636
821789.3127797175
2296950.7945283884
1213.9876720069071
439955.31851087074
958178.6346625076
3173170.224684037
1.0
1048.3043478300353
44.96327086661578
1.0
75.55891198362015
213.01434679805848
1.0
18.4077183661304
1.0
1.0
1.0
1.0
12.713870443567806
587.4150745252358
21.99864868233956
97.93025490399393
23.84831625212193
122.70908283260063
1.0
128.7685690326885
4.620264921270114
45.36092128148598
891.0963759701194
64.21263519638318
2642.6791975690376
448.29072509023075
3.6057404852515598
1.0
479.81901158240254
1.0
1.0
1.0
15.310446100028539
740.6943627382142
623.8663490756035
2.3996492849707254
1.0
1595.3629727320663
3137.332109986946
14.863111047495924
1.0
516.0395684721078
1.0
1.0
246.63462118345137
99.40504606826434
1.5198450314626015
312.0457586246382
20.57379975190781
220.7524208909749
145.57235231483946
1.0
7.601270791024822
313.265348223259
12.430678246141284
12.434840559307593
1.0
1397.6196764229535
1.0
249.26286493842812
1.0
549.1365192159591
34.23495759048144
383.20307829854977
6.901832266437463
2.793892388280641
35.739562472545046
1.0
36.973324770819886
16.26355472064278
1.0
1.0
980.0752205065369
143724.89559155
517337.7636591857
2231657.830989448
2287605.66775459
78.0892425562115
1.0
4891951.188417468
3400163.1631404865
3597523.112719495
914085.2580006673
3013930.083203698
45197.282311198614
20517.95626502386
175873.6933398182
192584.03356208527
2469615.4096965464
7648755.100997522
6576134.970568788
2690150.8276563985
1901037.3783900652
9551897.236478472
27608.77837890753
953.1352057163546
14888.67008699678
2136.0301252924605
25672.752984978186
4299.867558203546
92090.94107913238
59496.32015890474
103165.08844552413
128007.88811200383
128672.72394238823
198150.76965513994
214691.0892746244
1.941872138281865
1.0
1.2841938691012718
1.2841938691012718
2.1650958037199928
1.0
1.0
1.0
1.0
1.0
169913.3444695514
119238.60633555638
83031.14598944377
67466.91471084552
114567.14794392473
106299.36581193918
10086.805243905712
45392.20069920013
51561.57719578657
22841.969227085327
14311.498080440242
25042.77601056947
1745.8323019942663
105986.86273112264
116093.81086352542
170388.94341644295
86787.93936044403
43639.827163156755
12591.736774254307
228420.2730454247
1.0
359.81116475274905
397.2097248779947
28866.019649702932
9795.412927753045
19266.9512363379
1.0
21686.28029730063
1575.2849024760817
1697.1956831916712
4339.664734787278
19537.84210250109
2.434116778859649
104797.23183491212
7288.8768157412005
33048.3101356141
50201.800367747455
171969.02173849888
234832.14715141084
259795.82654129888
339688.15383744607
415523.06957768364
1.145030696830333
4.949975877200481
14.754763446629685
1.9882489905753593
1.0
1.0
1.0
1.0
9.307694372871321
1.0
233847.98922736375
122160.2026411771
41810.23158826053
212835.56153577624
39598.11203509676
384487.7447821337
429365.2637851158
318.95644728118054
245326.61292532488
523.7505731031864
459924.9999999998
94294.78475871547
25757.246355373474
17760.084451428276
2832.8798452817387
28073.334351815127
20677.958032780716
44893.512618880624
14781.693986698692
77804.1687861407
80283.4932485576
50589.60741496494
15132.935848753255
99777.45353054878
111626.38952853966
17181.030092548976
7385.41893934783
91058.3353130569
172831.2975689054
79199.70173088084
121364.45019899194
1.6124048298019609
1.2841938691012718
1.0
1.0
1.0
11.602829978020699
1.0
3.691360894866626
1.821845087984309
1.0
1.0
28546.720009014505
187948.8931779219
8754.292102293855
155720.3010122975
78324.8279503197
70936.75162903084
41342.4149602142
9225.782207035461
8120.626135856301
156748.56775725106
165760.71903713126
209802.34333950322
192737.59812996
163973.08974329077
160679.48826556857
157356.12007346994
136959.09344081813
130106.44161907633
53132.544735231815
228420.2730454247
422.19714021752725
123.9407364839165
13201.309119572594
26953.911239337907
3088.5401441356225
4589.942402783109
13234.611441266887
9140.385955013526
87.43513664553373
41058.39485079922
86791.46479716
108849.48321979579
251676.33887698434
234254.33028957355
371259.0769973494
225233.35156644104
2.679394694114095
1.0
1.0
235943.08412657343
31369.92775370767
298189.9772949256
289238.5134263323
288537.86132085335
124107.63058863566
274926.83253060834
229586.62432848278
219266.0867656423
176234.7330331045
24425.297880055645
53855.15500425667
260718.5053467552
406551.5971760361
357581.58109580865
459924.9999999998
1.0
26.702496852820907
1.0
54.64139718954136
61.59475694782532
235.83765499167728
161.97204899315912
6982.367033581104
57414.20296427802
1.0
1421.4608418864607
2824.7230024436426
1083.7356992645587
693.0977967097133
37356.070769471364
30616.782293282376
35475.16597426766
70827.32782505505
74903.71435235451
92407.1218397828
25648.482780769555
49831.298888221165
6994.073383595961
132501.76154509082
126974.73315114468
213320.71754508588
1.3289978894540566
1.0
1.0
1.0
4.16865332722096
1.0
1.0
1.0
1.2639994029815298
1.0
1.0
1.0
1.0
1.0
1.209567696703607
1.0
1.1155311241380448
3.688188006330367
1.0
1.0
210787.1682212231
203011.2907114266
201045.12366342734
200218.29746091668
78802.76706448189
131313.30712373953
165161.98508765333
62461.853718120685
14668.506189550113
57209.213667217075
90117.14109370319
94096.13143202926
76035.39175022712
59842.913991839836
70392.63559294942
51851.147213736105
46543.30242940055
18904.65108942188
4259.44587207397
18996.354106940948
27416.690839439165
49192.042973105956
86680.23324797054
148402.45885972795
215308.47861477087
204806.83145014886
111806.40452549986
228420.2730454247
215.63652198106286
690.0276691991857
1.0
5751.639231911349
23920.370778267745
31349.60224965214
1.0
55184.24897401707
137316.39324959248
12066.213298111123
27582.276323747064
217779.9197590915
2.592156600591652
1.0
414839.677437761
415400.3659992827
185353.16945485838
130351.15043613163
91215.76106853808
132197.19249079216
324288.9057865573
184653.2439577315
51885.625497422065
459924.9999999998
26095.91402206421
18738.909074528045
45321.92692874701
23636.63982454939
94696.18641931024
8771.052968046648
1.0
2016.1286158291673
10539.196219651401
1.0
9224.79388253724
63130.548139316765
69462.7670828084
47043.03862903686
162676.15671033668
76049.66471837292
212561.40054737678
219622.28509558243
233505.79357308193
209451.61982326928
342733.69596929156
465180.5443086405
636960.5598676886
641354.6947076254
7.449669345284223
1.0
4.397851770591703
1.0
3.991696904925624
1.0
1.1403991155784046
2.2995517258000295
1.0
2.42799118689657
2.860746001047096
4.100089926917255
3.6192546705167516
2.047235426920035
5.875813604730798
1.0
1.0
599247.8981054154
595234.2058197792
473234.67673959007
424782.13927164074
319572.62265943765
354073.8811903132
343800.3418571116
126923.40118964665
200114.9129950495
241011.06699514305
123626.92071343072
71974.63623922464
91353.96630628484
84055.22373794123
13876.794321998867
1.0
85430.12211028443
216847.24570821717
445388.58761943877
457578.43647548294
310220.53889732895
295498.92991749704
279108.1526197617
100107.46703504334
69071.85849381344
685506.0902974652
31459.226802882207
2098.1738373215358
2703.6655832981664
2703.6655832981664
2176.375244061754
2249.841585793309
86609.00133323461
8171.475791288803
43062.291091338935
1.0
34188.34465059635
9500.686195995995
6377.447730723388
46318.642518038636
1.0
47483.33805792683
14963.532309622942
21741.82465073096
124208.69808536909
1.0
1.0
1.8178481823379988
1.0
1.0
23551.681995347742
252367.64752602545
74695.41939112515
310802.69367174944
411950.4800209256
26228.907488966503
17788.219064109384
229742.04217571262
230680.0683300172
24595.5168237912
238863.8097096234
788030.822194832
788061.4148835852
321188.1227254532
972780.1647635715
8.375207760371158
5.465940576602282
7.451566088804258
4.985799768342069
6.684951608642585
4.792854019970916
1.0
6.212663190743691
1180379.8927911932
1093489.878872224
1070073.8501508571
614234.6196122444
934324.7414969241
934320.3516487093
894722.0574432318
455319.32893415575
128050.79834910163
624165.9305739983
1008.0568512129389
173161.8196780028
150126.16292565144
81162.26326237076
437364.8268518488
500912.15637886757
514917.41727467626
845464.4924474166
657786.3902165773
457741.00530135585
344635.9627785559
1380035.0000000007
1.0
1.0
1.0
1.0
1.0
1.0
334.17293368779303
47.869066251967695
411.34591763271345
1.0
54.75200288182299
1.0
17.22043068427098
81.08271787296897
173.85527852003577
74.75730278273699
1.0
34.89338811407685
17.095048770515554
1.0
1.0
31.554391011128857
12.821760715277021
90.35726481427233
1.0
54.75200288182299
92.08446335425388
45.954803814885004
1.0
195.4520621457369
1.0
13.911654008621694
1.0
1.0
58.5174549664492
11.040067974843863
247.41467146828003
6.03783245786047
149.94622382273923
6.969888702394047
10.936421233099818
1.0
30.867844463805174
7.160597828678426
1.0
1.0
1249.0722524561927
14.60676565877474
29.236194186259034
53.63845325240401
1.0
1.0
1.0
1.0
12.657903763752282
1.0
5.693609785299767
1.0
12.793571762681864
47.4773519163763
1.0
40.91586262867933
87.27520836900435
1.0
40.91586262867933
1.0
717.2475640444748
804.466628115452
132.50611559657193
18.375700870079815
56.93617164370649
8.12516774293844
12.626585406862482
4.882687203611155
1.1713943619766836
66.18138021874441
38.29145926964007
256.2893921988613
29.03120019606586
153.43766095350787
36.381959526543376
1.0
1.0
17.631032737708928
1.0
291.86980616162555
230.8728991288271
1.9631868873459717
1.0
278.09354485279573
528.3300970873786
8.318528267591752
62.23878627968338
1.0
25.13337718591575
13.885829769043564
38.18046570482359
528.3300970873786
242.58989903021217
11.911888913264134
51.35877670739285
17.338101533264005
260.1817239308971
156.90613861407735
257.9723594817979
94.32006496540538
469.1414410483883
1.0
3.740457572838103
1.0
1.0147348069784587
54.46147645587544
74.67339775219205
1.307922357513815
95.04769745199472
160.59216468874857
1.0
1.0
1.0
253.45976113890845
369.8040540540542
13.502863814847682
128.64098283523583
1.0
46.83310442342263
2.2557456918443286
2.9752204088644514
105.37491061657231
1.0
1.0
20.9811896460845
28.207551106863125
71.2916512038436
51.04516168007156
386.0813068102989
18.139636654456222
96.00037627371763
1.0
403.8088235294118
403.8088235294118
1.0
36.7912957589414
1.0
221.21795855130665
1.0
1.0
221.21795855130665
20.586584418862724
1.0
29.883059590348946
24.699243099732065
1131.132016886611
213.0753998298391
1.7695062692714256
18.08678577384365
1.0
15.156193856907914
219.25912840203017
8.726650143239663
1.0
37.410294204479605
1.0
199.6506336799448
1.0
206.75832604018595
186.5148322751832
4.521154330420906
1.0
1.0
7.481464116048348
10.72413259135047
8.922552743498601
176.27157716484123
1.0
133.28442375263066
5.827911016397183
162.64638054848405
26.418470418470424
231.43227721382445
139.03272377266777
7.7378875607641575
17.981105660264248
74.78980500325848
1.0
1.0
13.546278072121442
1.0
17.981105660264248
1.0
5.732344349738034
1.0796933853195079
1.0
5.8421296398372355
474.3154958475472
3.9250516936248157
1.0
346.66431219425124
194.1703690443766
8.384425398175342
1.0
241.15565140326072
324.61330262224766
5.425783450928594
9.148974947043984
235.5356670705338
11.186179159905311
1.0
5.568982581691991
214.08594397892898
168.64321285438817
1.0
1.0
1.0
1.6956313429292662
18.10669317428761
1350.6036722281467
65.36409508084502
1.0
1.0
16.052189460700795
1.0
450.0298633079795
334.65277108047786
6.704529044481407
1.0
328.4141426031905
1.0
1.985695295334274
16.95281956278701
10.110901307786229
1.0
1.0
945.2809827302615
79.48213490123966
3.3045582938591527
1.0
9.471918457735946
684.2243095496262
1356.1873499308122
30.962242342148308
6.2630150049505655
22.715227872151456
347.8793416191222
144.22893252788575
6.203081876274771
1.0
5.857108917636211
83.29279874437468
200.44512064107636
1.0
44.53961778855826
1.0
1.0
41.43551476078598
1.0
1.0
1.0
70.01630373927992
799.852273021385
1.0
8.074871089205793
1.0
8.074871089205793
8.074871089205793
46.623061401767515
2.7025640345395643
9.821816135107229
78.5886846426244
1.0
1.0
79.7342806088845
1.0
156.56695156695162
273.9940383557297
1.0
549.7211123387748
142.0516825484952
587.6328656563413
7.985984802294545
52.53178810512076
25.613503457524388
95.20675070468704
1.0
108.62652023096169
423.18105984799035
335.1446702063769
13.697428145514017
38.202393356523345
1.2483525686188586
161.2228739002933
29.667069869169573
56.18186944111685
50.03236553946691
5.37871215074283
100.54602415999646
1.0
9.73061879452753
1.1210200866947189
77.14974191419996
1.0
379.6747013306316
1.0
549.392411143782
1.0
2.818858827610307
51.85569458495676
1.0
189.82256740311072
123.93465892796732
8.75480855160271
86.57361310697404
65.86236404978416
72.21514398577429
123.93465892796732
1.0
1.131526490310878
1.0
3.417438048443857
64.17843936069667
136.2332277234662
8.53840694886386
16.778550822747448
1.0
6.769471595157755
1.0
2.5603839465956324
1.0
262.23357414222517
40.27547057655921
35.01022143503507
4.821711678060906
1.0
1.0
81.62311987849534
1.0
10.277112567054774
9.187551662693984
20.687832926173638
98.8685610109245
1.0
4.620788795650315
10.494825409674812
42.34458599052817
191.99646514060626
1.0
33.55681987709268
1.0
1.0
1.0
710.9958339143868
1.0
61.06924148371786
1.0
1.7405705356749057
95.00455890981931
1.0
322.6372241517252
1.0
1.0
252.18276263440515
79.06055016615147
1.0
3.1566886986767027
10.1641964230665
291.5569755710099
105.64465928718768
30.695630143013894
13.778474397259385
1.0
189.9292371107535
396.35978195746446
7.135001303101382
27.945809756903294
6.466210675753628
191.68519219795493
1.0
144.23639309703918
3.772405505752213
1.0
4.550373033700497
2.072615818597694
210.70750988142288
1.0
19.08331681852067
1228.9999999999998
1.0
798.5047543928248
13.582828452897417
1.0
1.0
1.0
69.5343886995223
80.13732088984594
68.73581115701508
1.0
66.55086413638601
1.0
104.44521841079587
18.192497522443556
1.9750019594099701
1.0
1.0
1.0
658.4120288851226
7.029068778548093
103.23190788557505
1.0
66.86463531805342
3.9744757140021822
131.86346814955738
31.46269139979021
1.0
1.0
1.0
1.0
46.87528834886051
1.29091006080095
400.2505150197638
1.0
1.0
400.2505150197638
1.0
1.0
337.50837854890295
29.116124221670994
69840.19000242524
76144.230155672
477949.4712502361
90577.93752097155
11838.477406824195
8656.357819945633
1.0
17426.2163274441
15004.881893365071
18610.015314478675
56446.44447581782
208595.9733495483
381923.32225679327
199140.08433475427
528791.0257724454
923984.4263303962
84272.79656243692
1033340.9504919013
1064507.3321531937
703766.5226605193
135509.71408381106
905467.2167214194
1508858.162838665
153445.39294651864
51715.1977342656
1342804.7659713018
207093.66418984265
1814679.2160169005
322624.40802645736
1746515.6819500595
2182152.858798654
2606441.3966123555
2623554.554635868
2716105.3297075443
33.37022316181501
38.236028830125385
1.0
14.469980218866482
17.72040358455726
4.712884334819351
32.21938796342669
18.478473776805263
13.624907005038109
27.708853346895243
11.897655866909412
9.233219579916998
7.400939971953995
3.088351064829811
15.994865808594275
19.080675074791568
1.0
21.78829623059356
1.0
1.0
23.434948192337718
27.306064247537822
23.62364862786198
28.403477394663184
60.12326167558432
54.7601855495464
191.37563507393054
78.95875904707135
16.105399948079988
1.0
1.0
1617200.920794692
2757108.103183265
2749036.7552871914
2212053.614414555
1318574.6712273052
2120423.180269282
2058665.7572265745
2043148.5462296759
2038264.1192992236
1659073.717500628
1972203.9909966623
158372.84969707747
1246630.9438039514
1457586.2403755079
1545246.4999086931
1514875.9285862045
1376133.5385295132
1179875.694649305
934799.455580762
250058.00095096946
75335.76887727808
156351.50343993254
192644.24021488393
467976.66380258487
409961.813881676
152420.85848472835
349176.903775359
142155.50031845365
117640.55660903061
1135010.753189896
1704715.4802111008
2387571.464675742
2809336.8840876827
2211217.972898673
1231960.948204564
777838.376087361
92599.41297558106
2942207.2800600193
278.2618153387744
1455.7547173172043
2725.57504580527
189104.11195011146
27078.223998414887
1603.3958743585283
240307.03288396104
22580.540959193044
1.78904321595762
24610.28361997525
100954.0775379945
29.762006166478137
230613.8695056815
571436.694052529
125712.35330079927
574679.9239352172
746989.9807656924
69285.15736532287
435864.5658558832
538093.3875094966
878667.8506960226
1037025.3640085827
2352892.2687580404
1126722.512899783
3044891.2561688297
3625292.002092359
3444487.8525897674
4175239.3076570733
1.0
1.0
19.766703282099854
13.666096751644716
140.37878742734216
28.330815504908223
5.368055458191038
1.0
4197054.64339978
3628977.7808009014
1811164.0938596851
3201817.1312635154
3035965.984499737
2722592.1574945967
3032322.2967663216
2768062.186576131
2386310.967546343
1210500.715691326
1960701.2303559373
1437142.7358766752
1345346.1747692314
1193287.8400744537
651046.9890206095
133014.30697324092
109253.77506628314
2233540.822908152
3205556.1632079394
3969017.0532863247
1463475.7429234365
1296289.4944764723
935821.5614932546
532828.6043980877
4523929.999999999
