0.0067064762115478516
0.004770755767822266
0.004402875900268555
0.0028450489044189453
0.0046236515045166016
0.004714488983154297
0.00273895263671875
0.0044384002685546875
0.0028395652770996094
0.0027861595153808594
0.0026922225952148438
0.004613637924194336
0.002933502197265625
0.004568576812744141
0.005220174789428711
0.006067991256713867
0.0060350894927978516
0.006054401397705078
0.006453752517700195
0.00392603874206543
0.005442380905151367
0.0043332576751708984
0.004462003707885742
0.004424333572387695
0.0044672489166259766
0.0025806427001953125
0.0025784969329833984
0.002500772476196289
0.0043315887451171875
0.0043315887451171875
0.002380847930908203
0.004196882247924805
0.004103422164916992
0.0023546218872070312
0.0041539669036865234
0.004391908645629883
0.002588510513305664
0.004142045974731445
0.004452943801879883
0.004473209381103516
0.0027489662170410156
0.004348039627075195
0.00444483757019043
0.0027310848236083984
0.002462148666381836
0.0026092529296875
0.0056951045989990234
0.0030481815338134766
0.004709005355834961
0.004775285720825195
0.003056049346923828
0.003972530364990234
0.006165504455566406
0.004169940948486328
0.006453275680541992
0.00658416748046875
0.004982948303222656
0.004781484603881836
0.005215883255004883
0.0044863224029541016
0.005260944366455078
0.003364086151123047
0.0033457279205322266
0.004887819290161133
0.00510406494140625
0.004834175109863281
0.004748344421386719
0.004705667495727539
0.004781246185302734
0.004637956619262695
0.005185365676879883
0.004575014114379883
0.003511190414428711
0.0034313201904296875
0.0035049915313720703
0.003200054168701172
0.002763986587524414
0.0026700496673583984
0.005103588104248047
0.005096435546875
0.004523515701293945
0.003459930419921875
0.005143880844116211
0.005622148513793945
0.005232810974121094
0.005164146423339844
0.004583835601806641
0.0046367645263671875
0.003469705581665039
0.0035066604614257812
0.0051763057708740234
0.005194425582885742
0.0052073001861572266
0.005063772201538086
0.005186557769775391
0.0045490264892578125
0.004621267318725586
0.00463104248046875
0.004622220993041992
0.004597663879394531
0.004540681838989258
0.004598379135131836
0.002804279327392578
0.004259586334228516
0.004174470901489258
0.0041806697845458984
0.004217624664306641
0.004204511642456055
0.0025107860565185547
0.0026137828826904297
0.0026154518127441406
0.002725839614868164
0.002455472946166992
0.005628108978271484
0.005460977554321289
0.009751558303833008
0.0038285255432128906
0.006494998931884766
0.007016181945800781
0.0076029300689697266
0.006066083908081055
0.0056951045989990234
0.0053560733795166016
0.009509086608886719
0.0075991153717041016
0.009792804718017578
0.009787321090698242
0.005915641784667969
0.005861520767211914
0.009738683700561523
0.009000062942504883
0.00531458854675293
0.005674839019775391
0.004004001617431641
0.004115104675292969
0.007547855377197266
0.007198333740234375
0.007249593734741211
0.003396272659301758
0.0033321380615234375
0.005743980407714844
0.008989810943603516
0.005876779556274414
0.009137868881225586
0.009068489074707031
0.005269765853881836
0.00983881950378418
0.009419679641723633
0.00897669792175293
0.008867263793945312
0.005227565765380859
0.004960775375366211
0.005182027816772461
0.003663301467895508
0.0053479671478271484
0.003513813018798828
0.00893402099609375
0.009053230285644531
0.004987955093383789
0.007169961929321289
0.007238626480102539
0.007464885711669922
0.007151603698730469
0.0035800933837890625
0.0031862258911132812
0.008239984512329102
0.005698442459106445
0.014375686645507812
0.004434347152709961
0.006175994873046875
0.01125192642211914
0.017395734786987305
0.01699519157409668
0.016339540481567383
0.005063533782958984
0.009397029876708984
0.017082929611206055
0.005335807800292969
0.01983642578125
0.019329309463500977
0.009499549865722656
0.017580747604370117
0.022493839263916016
0.012932300567626953
0.007458209991455078
0.007418394088745117
0.01057577133178711
0.010984420776367188
0.013811111450195312
0.007333517074584961
0.007829427719116211
0.004539966583251953
0.005292415618896484
0.0054743289947509766
0.011560916900634766
0.012680768966674805
0.017514467239379883
0.01514124870300293
0.016906023025512695
0.005622148513793945
0.019151926040649414
0.016005277633666992
0.009275674819946289
0.01768946647644043
0.011078119277954102
0.005014181137084961
0.007140398025512695
0.005548238754272461
0.004950761795043945
0.005051374435424805
0.004269123077392578
0.017863035202026367
0.012475967407226562
0.01050114631652832
0.007126569747924805
0.008794546127319336
0.01029658317565918
0.007386445999145508
0.004465818405151367
0.0039479732513427734
0.008867263793945312
0.004103899002075195
0.004987239837646484
0.008105754852294922
0.0035827159881591797
0.011570453643798828
0.005349397659301758
0.00786137580871582
0.010006189346313477
0.01644420623779297
0.012018442153930664
0.011403322219848633
0.016028165817260742
0.014966487884521484
0.011517047882080078
0.009587287902832031
0.009723186492919922
0.004508018493652344
0.004950284957885742
0.008897066116333008
0.01015162467956543
0.0011777877807617188
0.0043010711669921875
0.003109455108642578
0.0171356201171875
0.013202428817749023
0.013293027877807617
0.008345365524291992
0.016243934631347656
0.010225772857666016
0.01506495475769043
0.011458873748779297
0.01511836051940918
0.0064852237701416016
0.006509542465209961
0.006283760070800781
0.006751537322998047
0.008623838424682617
0.005784749984741211
0.009066581726074219
0.01655125617980957
0.01653313636779785
0.007849454879760742
0.009587764739990234
0.010021686553955078
0.00942683219909668
0.007700920104980469
0.0076482295989990234
0.010026216506958008
0.0075838565826416016
0.003761768341064453
0.004524707794189453
0.0046918392181396484
0.0030710697174072266
0.0026154518127441406
0.010618209838867188
0.010229825973510742
0.0011725425720214844
0.010285615921020508
0.0063936710357666016
0.006829023361206055
0.01114964485168457
0.016694068908691406
0.010336637496948242
0.013334512710571289
0.009634733200073242
0.004822492599487305
0.004541635513305664
0.01089024543762207
0.011240482330322266
0.011434555053710938
0.01318669319152832
0.013583183288574219
0.013224124908447266
0.010017633438110352
0.010464191436767578
0.00472712516784668
0.010407447814941406
0.010151386260986328
0.004792928695678711
0.009379863739013672
0.00428009033203125
0.009502172470092773
0.00958704948425293
0.005930662155151367
0.010150432586669922
0.005362033843994141
0.0041348934173583984
0.0031914710998535156
0.0034332275390625
0.0041310787200927734
0.003366708755493164
0.002642393112182617
0.002984285354614258
0.010190248489379883
0.0061528682708740234
0.006541728973388672
0.0067386627197265625
0.009805679321289062
0.004170894622802734
0.0035355091094970703
0.003258943557739258
0.002677440643310547
0.0030715465545654297
0.003691434860229492
0.00299835205078125
0.004719734191894531
0.0036737918853759766
0.0031273365020751953
0.008810758590698242
0.005207061767578125
0.004930734634399414
0.0048296451568603516
0.006905317306518555
0.008386611938476562
0.003276824951171875
0.006826639175415039
0.005140781402587891
0.008564949035644531
0.010328054428100586
0.006711483001708984
0.008265495300292969
0.005942821502685547
0.008318901062011719
0.008486509323120117
0.004800081253051758
0.008387327194213867
0.00889730453491211
0.008578777313232422
0.004611492156982422
0.006883144378662109
0.007024526596069336
0.008897066116333008
0.008776426315307617
0.008570671081542969
0.008639812469482422
0.008583545684814453
0.008583784103393555
0.00836634635925293
0.008506298065185547
0.00863504409790039
0.008518695831298828
0.008614301681518555
0.004835605621337891
0.008542060852050781
0.008519887924194336
0.005478620529174805
0.00500035285949707
0.007059574127197266
0.007113456726074219
0.007086038589477539
0.007142543792724609
0.007111549377441406
0.006983280181884766
0.0031707286834716797
0.0031349658966064453
0.008955955505371094
0.008545398712158203
0.004747867584228516
0.008746147155761719
0.0051386356353759766
0.007354259490966797
0.0031518936157226562
0.00871419906616211
0.008412837982177734
0.0047647953033447266
0.00857234001159668
0.008466482162475586
0.004911661148071289
0.004908084869384766
0.004837989807128906
0.004988908767700195
0.0049724578857421875
0.004847049713134766
0.0049571990966796875
0.005146980285644531
0.004950046539306641
0.00516963005065918
0.0032949447631835938
0.005131244659423828
0.003171682357788086
0.005211353302001953
0.0054209232330322266
0.0054471492767333984
0.00339508056640625
0.003348827362060547
0.0034072399139404297
0.003355264663696289
0.003368854522705078
0.003398418426513672
0.003410816192626953
0.0034508705139160156
0.003153085708618164
0.012459278106689453
0.00797271728515625
0.00572967529296875
0.010846376419067383
0.00718379020690918
0.014448404312133789
0.0041332244873046875
0.010992288589477539
0.0051043033599853516
0.012346267700195312
0.010973930358886719
0.010347604751586914
0.010120868682861328
0.010931730270385742
0.014562606811523438
0.013571500778198242
0.010170459747314453
0.00670313835144043
0.010684967041015625
0.009862422943115234
0.006821632385253906
0.009862661361694336
0.004754066467285156
0.011764287948608398
0.008699417114257812
0.017110586166381836
0.006818532943725586
0.010524749755859375
0.010925054550170898
0.004986763000488281
0.0039081573486328125
0.00392460823059082
0.01257944107055664
0.016530275344848633
0.01669454574584961
0.01195669174194336
0.01361536979675293
0.008887529373168945
0.011933088302612305
0.013650655746459961
0.015869617462158203
0.012000799179077148
0.014238357543945312
0.010305643081665039
0.007147312164306641
0.005205631256103516
0.01170039176940918
0.008977890014648438
0.006938457489013672
0.006636381149291992
0.007527828216552734
0.009395122528076172
0.007112264633178711
0.008880615234375
0.0076770782470703125
0.0074481964111328125
0.005204200744628906
0.004279136657714844
0.004846096038818359
0.0051915645599365234
0.0044345855712890625
0.004519224166870117
0.008631467819213867
0.012145519256591797
0.0067288875579833984
0.011713504791259766
0.006939888000488281
0.008801698684692383
0.004209756851196289
0.004698991775512695
0.016405105590820312
0.010789155960083008
0.010460376739501953
0.006791353225708008
0.0051152706146240234
0.01387166976928711
0.011347770690917969
0.00531458854675293
0.008435487747192383
0.006859779357910156
0.0068051815032958984
0.011244773864746094
0.005294322967529297
0.005632162094116211
0.007458209991455078
0.00925445556640625
0.010197639465332031
0.005342960357666016
0.004529476165771484
0.0008618831634521484
0.004622936248779297
0.004741191864013672
0.0040531158447265625
0.003302335739135742
0.0032091140747070312
0.010288476943969727
0.010774374008178711
0.007153987884521484
0.0038580894470214844
0.0032303333282470703
0.003974199295043945
0.0045299530029296875
0.0036275386810302734
0.0034782886505126953
0.0043146610260009766
0.0040547847747802734
0.004575490951538086
0.004214286804199219
0.004842281341552734
0.003772258758544922
0.007777690887451172
0.005468845367431641
0.007208585739135742
0.00433802604675293
0.005186796188354492
0.010876655578613281
0.0028853416442871094
0.008921146392822266
0.004088878631591797
0.004892587661743164
0.004321098327636719
0.005039215087890625
0.0043065547943115234
0.007369041442871094
0.008057594299316406
0.007749080657958984
0.012294292449951172
0.010968685150146484
0.00882863998413086
0.005063533782958984
0.010751485824584961
0.0008821487426757812
0.007248640060424805
0.006604909896850586
0.011481046676635742
0.006816387176513672
0.006918430328369141
0.011276483535766602
0.007246732711791992
0.010147333145141602
0.010481119155883789
0.0070819854736328125
0.010456562042236328
0.00923299789428711
0.009002447128295898
0.0051882266998291016
0.010879039764404297
0.010291099548339844
0.00701904296875
0.00972604751586914
0.009886026382446289
0.00879526138305664
0.011144876480102539
0.010545730590820312
0.006942033767700195
0.007178068161010742
0.006495237350463867
0.00500035285949707
0.0007424354553222656
0.003958463668823242
0.004480838775634766
0.003185749053955078
0.0040569305419921875
0.003916740417480469
0.0034470558166503906
0.00416111946105957
0.0032806396484375
0.010986089706420898
0.0068264007568359375
0.007338285446166992
0.010251283645629883
0.006938457489013672
0.007115602493286133
0.006870269775390625
0.007678508758544922
0.010729074478149414
0.007396697998046875
0.006638526916503906
0.0068438053131103516
0.009389638900756836
0.008792400360107422
0.008923768997192383
0.005166053771972656
0.006322622299194336
0.01071310043334961
0.006722927093505859
0.0067021846771240234
0.006448030471801758
0.010602474212646484
0.00999903678894043
0.010258913040161133
0.010019063949584961
0.008704185485839844
0.009055614471435547
0.004984617233276367
0.011371612548828125
0.007003307342529297
0.010564327239990234
0.008485078811645508
0.008927345275878906
0.004946708679199219
0.010344505310058594
0.006958961486816406
0.01026773452758789
0.011946916580200195
0.0062181949615478516
0.004729747772216797
0.004295825958251953
0.0038797855377197266
0.004335165023803711
0.004649639129638672
0.0037343502044677734
0.0038809776306152344
0.004107236862182617
0.003087282180786133
0.002960205078125
0.003376483917236328
0.0037353038787841797
0.003383636474609375
0.0038177967071533203
0.0027878284454345703
0.0037994384765625
0.0008993148803710938
0.010773420333862305
0.006855964660644531
0.005227804183959961
0.006059408187866211
0.006476879119873047
0.0066204071044921875
0.004413127899169922
0.009697437286376953
0.0068128108978271484
0.006434202194213867
0.004512310028076172
0.004045963287353516
0.003165721893310547
0.003129720687866211
0.004102945327758789
0.007074832916259766
0.010102510452270508
0.010741472244262695
0.006366729736328125
0.0048100948333740234
0.006361722946166992
0.008831501007080078
0.009806394577026367
0.006876945495605469
0.012520790100097656
0.005074739456176758
0.004328727722167969
0.0043773651123046875
0.004489898681640625
0.0072476863861083984
0.008394241333007812
0.008977413177490234
0.010201454162597656
0.00444483757019043
0.007056713104248047
0.008231401443481445
0.009050846099853516
0.009882211685180664
0.005467653274536133
0.004126548767089844
0.006255149841308594
0.004609107971191406
0.003923654556274414
0.005290031433105469
0.0007317066192626953
0.004010200500488281
0.0039136409759521484
0.004102945327758789
0.0036194324493408203
0.0036911964416503906
0.0032317638397216797
0.003985881805419922
0.0040149688720703125
0.0030527114868164062
0.004405498504638672
0.0036020278930664062
0.003392457962036133
0.003142118453979492
0.0027313232421875
0.0029888153076171875
0.0029752254486083984
0.004033327102661133
0.0032529830932617188
0.0031614303588867188
0.003846406936645508
0.003458261489868164
0.004044055938720703
0.003995418548583984
0.0031404495239257812
0.00410771369934082
0.002885580062866211
0.0034055709838867188
0.0031440258026123047
0.004162311553955078
0.0037071704864501953
0.002988100051879883
0.003261566162109375
0.0037140846252441406
0.002717733383178711
0.0033588409423828125
0.004287004470825195
0.0029053688049316406
0.003104686737060547
0.004461765289306641
0.003640413284301758
0.0033714771270751953
0.003972053527832031
0.004055976867675781
0.0030434131622314453
0.004238605499267578
0.0035257339477539062
0.003771066665649414
0.00416111946105957
0.0041768550872802734
0.003264188766479492
0.0030717849731445312
0.004217624664306641
0.002644062042236328
0.0032379627227783203
0.003602266311645508
0.0026023387908935547
0.00220489501953125
0.0029265880584716797
0.0023202896118164062
0.0032355785369873047
0.0024874210357666016
0.002318859100341797
0.003304719924926758
0.003511190414428711
0.0031588077545166016
0.0035123825073242188
0.0032851696014404297
0.0030384063720703125
0.004339933395385742
0.004065275192260742
0.004133462905883789
0.0037069320678710938
0.00520777702331543
0.0050144195556640625
0.004889726638793945
0.004834890365600586
0.0030553340911865234
0.002748727798461914
0.002480030059814453
0.0026874542236328125
0.002536296844482422
0.003157377243041992
0.0028760433197021484
0.0025963783264160156
0.002638101577758789
0.002649545669555664
0.0028908252716064453
0.002811908721923828
0.0033769607543945312
0.0030846595764160156
0.0027556419372558594
0.0029489994049072266
0.003114938735961914
0.00275421142578125
0.0033664703369140625
0.00278472900390625
0.003113269805908203
0.003005504608154297
0.00283050537109375
0.003134489059448242
0.0022194385528564453
0.002524137496948242
0.003185272216796875
0.002913236618041992
0.003204822540283203
0.0029861927032470703
0.0033712387084960938
0.0030431747436523438
0.002974271774291992
0.0023577213287353516
0.00267791748046875
0.003454446792602539
0.003102540969848633
0.0027320384979248047
0.003020763397216797
0.003407001495361328
0.002742290496826172
0.002947568893432617
0.0022683143615722656
0.002923250198364258
0.0030694007873535156
0.0024154186248779297
0.0028836727142333984
0.0029468536376953125
0.002524852752685547
0.002641439437866211
0.002462148666381836
0.0020318031311035156
0.002745389938354492
0.002037525177001953
0.0022246837615966797
0.0020210742950439453
0.0023980140686035156
0.002050638198852539
0.0020716190338134766
0.002254486083984375
0.002190113067626953
0.002518177032470703
0.002207517623901367
0.0021848678588867188
0.0021905899047851562
0.0022094249725341797
0.002195596694946289
0.0022373199462890625
0.003877401351928711
0.0035712718963623047
0.0038251876831054688
0.004306316375732422
0.0045664310455322266
0.004887104034423828
0.005219936370849609
0.004820585250854492
0.005308628082275391
0.005211591720581055
0.006317138671875
0.005835294723510742
0.006375551223754883
0.004413127899169922
0.0041043758392333984
0.0035812854766845703
0.003740072250366211
0.0035250186920166016
0.0045392513275146484
0.0034224987030029297
0.003998994827270508
0.004007101058959961
0.003946065902709961
0.0044155120849609375
0.003799915313720703
0.003322124481201172
0.0031287670135498047
0.003364086151123047
0.003808259963989258
0.004170417785644531
0.003625154495239258
0.004142045974731445
0.0037796497344970703
0.004088878631591797
0.003648996353149414
0.0037078857421875
0.003136157989501953
0.0033838748931884766
0.003795623779296875
0.0029163360595703125
0.002825498580932617
0.003487110137939453
0.004175901412963867
0.003940105438232422
0.00451970100402832
0.0036482810974121094
0.0031707286834716797
0.003108501434326172
0.0030291080474853516
0.003818035125732422
0.0037412643432617188
0.003958225250244141
0.0033130645751953125
0.0030853748321533203
0.0029582977294921875
0.003749847412109375
0.003561258316040039
0.0029489994049072266
0.003216266632080078
0.0034949779510498047
0.003915309906005859
0.0034410953521728516
0.0027909278869628906
0.0033254623413085938
0.0031502246856689453
0.003046274185180664
0.0036766529083251953
0.0033178329467773438
0.003509521484375
0.0035400390625
0.0037412643432617188
0.002717256546020508
0.003058910369873047
0.0024995803833007812
0.0026967525482177734
0.002199411392211914
0.0023605823516845703
0.0022156238555908203
0.002428770065307617
0.002052783966064453
0.009468317031860352
0.0036766529083251953
0.004392147064208984
0.005357980728149414
0.009556770324707031
0.010568618774414062
0.0064542293548583984
0.00915670394897461
0.009059667587280273
0.008409738540649414
0.006972312927246094
0.008421897888183594
0.004658222198486328
0.009722471237182617
0.003832101821899414
0.007809877395629883
0.008772611618041992
0.008750438690185547
0.004963874816894531
0.004611968994140625
0.008555173873901367
0.004153728485107422
0.006743907928466797
0.007817268371582031
0.003811359405517578
0.00830698013305664
0.007730722427368164
0.008017778396606445
0.0076444149017333984
0.00845646858215332
0.003680706024169922
0.0056934356689453125
0.005719184875488281
0.008054018020629883
0.008303403854370117
0.003525257110595703
0.007841348648071289
0.00391697883605957
0.0075795650482177734
0.008260011672973633
0.007843017578125
0.0031647682189941406
0.008378028869628906
0.008090019226074219
0.0037469863891601562
0.008022308349609375
0.007585048675537109
0.007270336151123047
0.003096342086791992
0.006974697113037109
0.007342100143432617
0.0029218196868896484
0.003658294677734375
0.0036966800689697266
0.01540827751159668
0.004860639572143555
0.0075223445892333984
0.009801626205444336
0.021048307418823242
0.019730567932128906
0.014603376388549805
0.008478164672851562
0.024379968643188477
0.014426469802856445
0.018573999404907227
0.014533758163452148
0.010986566543579102
0.018143653869628906
0.009165763854980469
0.011083602905273438
0.008101463317871094
0.012545108795166016
0.01912999153137207
0.017780065536499023
0.009627103805541992
0.01627326011657715
0.012907028198242188
0.012261390686035156
0.011782407760620117
0.009022712707519531
0.019260883331298828
0.0015590190887451172
0.009808540344238281
0.010128259658813477
0.007995367050170898
0.007962942123413086
0.007124185562133789
0.008048295974731445
0.010093927383422852
0.015496969223022461
0.009789466857910156
0.009874820709228516
0.006298542022705078
0.018433570861816406
0.017507076263427734
0.017913818359375
0.006060123443603516
0.01493382453918457
0.014293670654296875
0.008263349533081055
0.008337974548339844
0.010222434997558594
0.007251739501953125
0.003331899642944336
0.009372234344482422
0.009005069732666016
0.004864692687988281
0.005347251892089844
0.0053005218505859375
0.008913040161132812
0.004074811935424805
0.007201671600341797
0.00859379768371582
0.013628244400024414
0.013929128646850586
0.017436981201171875
0.00548100471496582
0.011696338653564453
0.010420083999633789
0.011513471603393555
0.013799428939819336
0.014968156814575195
0.0038712024688720703
0.0165865421295166
0.008423566818237305
0.014548063278198242
0.00917506217956543
0.014522314071655273
0.00891876220703125
0.008367061614990234
0.0165712833404541
0.010253190994262695
0.011983156204223633
0.014351606369018555
0.012821674346923828
0.010905981063842773
0.008496522903442383
0.010677576065063477
0.009359598159790039
0.010406732559204102
0.009243011474609375
0.007709026336669922
0.004756450653076172
0.0034868717193603516
0.01789402961730957
0.007350444793701172
0.016979455947875977
0.01325368881225586
0.008910894393920898
0.009787559509277344
0.011296272277832031
0.007913589477539062
0.008125543594360352
0.006783485412597656
0.01014852523803711
0.009638547897338867
0.0072193145751953125
0.008021354675292969
0.00116729736328125
0.008820533752441406
0.011053323745727539
0.010576963424682617
0.003644227981567383
0.004041433334350586
0.0034940242767333984
0.008449792861938477
0.01669764518737793
0.0036516189575195312
0.017433643341064453
0.008377552032470703
0.0029969215393066406
0.007333993911743164
0.003962039947509766
0.003625154495239258
0.0039520263671875
0.004691123962402344
0.009960412979125977
0.009337425231933594
0.008250951766967773
0.009927749633789062
0.009146690368652344
0.0036802291870117188
0.008747100830078125
0.009100198745727539
0.005494594573974609
0.004010677337646484
0.0010437965393066406
0.010323762893676758
0.009678125381469727
0.010496377944946289
0.00481867790222168
0.004793882369995117
0.01007986068725586
0.004523038864135742
0.008527517318725586
0.004169464111328125
0.008385181427001953
0.0072667598724365234
0.013248205184936523
0.009736061096191406
0.01072549819946289
0.0031795501708984375
0.004767656326293945
0.0041964054107666016
0.003485441207885742
0.003021240234375
0.002531766891479492
0.003940105438232422
0.0023746490478515625
0.0036208629608154297
0.0038335323333740234
0.0027742385864257812
0.003044605255126953
0.004122257232666016
0.0010020732879638672
0.0029637813568115234
0.003630399703979492
0.0034766197204589844
0.0035953521728515625
0.008644342422485352
0.0051517486572265625
0.003109455108642578
0.0031585693359375
0.002984285354614258
0.0044727325439453125
0.0071413516998291016
0.0029320716857910156
0.008503913879394531
0.004166364669799805
0.008658409118652344
0.005126237869262695
0.005899667739868164
0.005110263824462891
0.007920980453491211
0.007676362991333008
0.007379055023193359
0.00788569450378418
0.003936290740966797
0.007339954376220703
0.005723476409912109
0.007942914962768555
0.003512144088745117
0.0035386085510253906
0.008051156997680664
0.0067768096923828125
0.007858037948608398
0.007780313491821289
0.003676891326904297
0.00768733024597168
0.004010438919067383
0.007185697555541992
0.00743556022644043
0.003405332565307617
0.003986358642578125
0.0072209835052490234
0.007235288619995117
0.00383758544921875
0.0071010589599609375
0.005387067794799805
0.006676912307739258
0.007395267486572266
0.006756305694580078
0.006991147994995117
0.007167339324951172
0.006798744201660156
0.006650686264038086
0.005209207534790039
0.002922534942626953
0.002893686294555664
0.0033676624298095703
0.006943464279174805
0.004930734634399414
0.0051631927490234375
0.007416963577270508
0.006856203079223633
0.0029921531677246094
0.008089542388916016
0.0034949779510498047
0.008150815963745117
0.007267951965332031
0.0027472972869873047
0.006934642791748047
0.00776219367980957
0.007262706756591797
0.006899356842041016
0.002689838409423828
0.0072629451751708984
0.006814479827880859
0.0072405338287353516
0.006877422332763672
0.00704193115234375
0.007337808609008789
0.0027861595153808594
0.006896495819091797
0.0071451663970947266
0.007107734680175781
0.006658792495727539
0.0074498653411865234
0.00273895263671875
0.0028328895568847656
0.0029664039611816406
0.002691030502319336
0.007308006286621094
0.006621360778808594
0.007140398025512695
0.003332853317260742
0.0031261444091796875
0.003175973892211914
0.003169536590576172
0.0029447078704833984
0.0034666061401367188
0.0032112598419189453
0.0029189586639404297
0.0031142234802246094
0.0028076171875
0.014597415924072266
0.008305549621582031
0.00444793701171875
0.0034432411193847656
0.003606557846069336
0.008826971054077148
0.009693622589111328
0.0041615962982177734
0.015582799911499023
0.004108905792236328
0.012957572937011719
0.0059812068939208984
0.013842105865478516
0.011975765228271484
0.007529497146606445
0.007784843444824219
0.014190196990966797
0.017783641815185547
0.011748790740966797
0.017620086669921875
0.013650655746459961
0.013715028762817383
0.007855892181396484
0.010906696319580078
0.014292478561401367
0.007723093032836914
0.0047948360443115234
0.0042078495025634766
0.0044558048248291016
0.012010812759399414
0.014814138412475586
0.011776208877563477
0.010711431503295898
0.015367507934570312
0.009060382843017578
0.015429019927978516
0.015552997589111328
0.007498264312744141
0.011093378067016602
0.012000560760498047
0.01350092887878418
0.017557382583618164
0.011850357055664062
0.009735107421875
0.006601095199584961
0.012007713317871094
0.0011272430419921875
0.006859302520751953
0.00963449478149414
0.009235620498657227
0.0076389312744140625
0.007797718048095703
0.00673985481262207
0.004277229309082031
0.004118919372558594
0.004737377166748047
0.005211591720581055
0.0036628246307373047
0.0030145645141601562
0.008648872375488281
0.006777286529541016
0.006957292556762695
0.006933927536010742
0.009741544723510742
0.009690046310424805
0.003348112106323242
0.014832735061645508
0.012223958969116211
0.01338505744934082
0.011488676071166992
0.004004240036010742
0.0034732818603515625
0.008599996566772461
0.015413284301757812
0.013646364212036133
0.011610269546508789
0.0031359195709228516
0.007164716720581055
0.011399507522583008
0.009104490280151367
0.011019468307495117
0.011349201202392578
0.011557340621948242
0.004878044128417969
0.006618022918701172
0.008272171020507812
0.00968027114868164
0.009662866592407227
0.009210586547851562
0.004806041717529297
0.0027022361755371094
0.003742694854736328
0.004700660705566406
0.007073879241943359
0.006992816925048828
0.008505105972290039
0.003614664077758789
0.0037164688110351562
0.004392147064208984
0.003798961639404297
0.0031075477600097656
0.004484415054321289
0.003638029098510742
0.003110647201538086
0.003827810287475586
0.004838705062866211
0.004713296890258789
0.00397181510925293
0.003072977066040039
0.003324747085571289
0.006739616394042969
0.007657766342163086
0.003584623336791992
0.0033240318298339844
0.002630949020385742
0.0026831626892089844
0.0075833797454833984
0.0030431747436523438
0.0029561519622802734
0.010934114456176758
0.00844573974609375
0.008531808853149414
0.010188817977905273
0.003110647201538086
0.007055044174194336
0.0042247772216796875
0.00527644157409668
0.004723787307739258
0.004591464996337891
0.010064840316772461
0.016413450241088867
0.010560989379882812
0.00958561897277832
0.002548694610595703
0.00974893569946289
0.007306575775146484
0.008433341979980469
0.008077144622802734
0.010208606719970703
0.008756875991821289
0.007542848587036133
0.008278369903564453
0.00940394401550293
0.00794076919555664
0.008858442306518555
0.006886959075927734
0.010166168212890625
0.0026254653930664062
0.006353139877319336
0.009530305862426758
0.008348464965820312
0.007355213165283203
0.000885009765625
0.008683919906616211
0.008063077926635742
0.0038902759552001953
0.003766298294067383
0.0038216114044189453
0.0030515193939208984
0.003129720687866211
0.00374603271484375
0.003834247589111328
0.003141164779663086
0.002470731735229492
0.003608226776123047
0.0037276744842529297
0.002705097198486328
0.010833740234375
0.006483793258666992
0.009548425674438477
0.010253190994262695
0.008031606674194336
0.009198427200317383
0.01085519790649414
0.008687973022460938
0.00776219367980957
0.008545160293579102
0.0071964263916015625
0.010829925537109375
0.008484840393066406
0.010740995407104492
0.0066661834716796875
0.0069959163665771484
0.009411334991455078
0.010526657104492188
0.0072956085205078125
0.007108449935913086
0.009494781494140625
0.008178472518920898
0.00961613655090332
0.010297298431396484
0.006630420684814453
0.0007531642913818359
0.0030393600463867188
0.003919124603271484
0.003129720687866211
0.0031354427337646484
0.0031647682189941406
0.0030548572540283203
0.003695249557495117
0.0030519962310791016
0.003161907196044922
0.00398564338684082
0.0037658214569091797
0.0031316280364990234
0.003372669219970703
0.0033435821533203125
0.003157377243041992
0.0024869441986083984
0.0027618408203125
0.0033745765686035156
0.0035295486450195312
0.003332853317260742
0.0027480125427246094
0.0028412342071533203
0.0034673213958740234
0.002078533172607422
0.0021538734436035156
0.007425785064697266
0.007419109344482422
0.010612964630126953
0.007348537445068359
0.0026025772094726562
0.010330677032470703
0.006440639495849609
0.00741124153137207
0.0008296966552734375
0.003869771957397461
0.0032830238342285156
0.0030634403228759766
0.0031518936157226562
0.0032002925872802734
0.002559661865234375
0.003587961196899414
0.002088785171508789
0.008864641189575195
0.008249759674072266
0.008202791213989258
0.006957530975341797
0.010527372360229492
0.007310152053833008
0.010317325592041016
0.00837564468383789
0.006507396697998047
0.010536432266235352
0.003816366195678711
0.003383159637451172
0.0024924278259277344
0.0024378299713134766
0.008463859558105469
0.008468151092529297
0.0028600692749023438
0.008641481399536133
0.008437633514404297
0.0033338069915771484
0.003216266632080078
0.007216453552246094
0.004142284393310547
0.002511739730834961
0.0030591487884521484
0.0006542205810546875
0.003981590270996094
0.0030219554901123047
0.004059791564941406
0.0024290084838867188
0.003125905990600586
0.0041272640228271484
0.004178524017333984
0.003991127014160156
0.0040247440338134766
0.004058122634887695
0.0040166378021240234
0.004185199737548828
0.003174304962158203
0.003542184829711914
0.002903461456298828
0.0026934146881103516
0.0034651756286621094
0.0020189285278320312
0.00433659553527832
0.0034017562866210938
0.002490520477294922
0.0038802623748779297
0.0020318031311035156
0.0032949447631835938
0.0030677318572998047
0.004979610443115234
0.0030679702758789062
0.003931760787963867
0.003975629806518555
0.003957509994506836
0.004167795181274414
0.00252532958984375
0.004133939743041992
0.003982067108154297
0.0040454864501953125
0.002780437469482422
0.0039691925048828125
0.0030944347381591797
0.002711057662963867
0.004144906997680664
0.0049114227294921875
0.0030596256256103516
0.0006794929504394531
0.0038542747497558594
0.003909111022949219
0.0029773712158203125
0.0031697750091552734
0.003948688507080078
0.003060579299926758
0.004078865051269531
0.0033905506134033203
0.0023453235626220703
0.002716064453125
0.002348661422729492
0.003065824508666992
0.0023794174194335938
0.0026171207427978516
0.003850221633911133
0.0025987625122070312
0.0025932788848876953
0.003870725631713867
0.003912448883056641
0.0032243728637695312
0.003421306610107422
0.003519773483276367
0.0025997161865234375
0.002528667449951172
0.0026092529296875
0.0024847984313964844
0.0033445358276367188
0.0026426315307617188
0.0033016204833984375
0.002434968948364258
0.00315093994140625
0.0030548572540283203
0.0030295848846435547
0.003081798553466797
0.0033724308013916016
0.0034749507904052734
0.003434896469116211
0.0031845569610595703
0.005149364471435547
0.004851341247558594
0.0040285587310791016
0.00471949577331543
0.004423856735229492
0.004544496536254883
0.003643035888671875
0.00434565544128418
0.0042874813079833984
0.004216194152832031
0.004832029342651367
0.0026924610137939453
0.0024726390838623047
0.0026361942291259766
0.0025763511657714844
0.002590179443359375
0.0024826526641845703
0.0025446414947509766
0.0022056102752685547
0.0023708343505859375
0.0025954246520996094
0.0026063919067382812
0.002588033676147461
0.002660512924194336
0.002293825149536133
0.002636432647705078
0.0022008419036865234
0.0023696422576904297
0.0023360252380371094
0.0026521682739257812
0.002567768096923828
0.0019066333770751953
0.0019533634185791016
0.0018737316131591797
0.001974344253540039
0.0018641948699951172
0.003802061080932617
0.007642269134521484
0.0072078704833984375
0.0033833980560302734
0.007355451583862305
0.007247447967529297
0.0059168338775634766
0.0072748661041259766
0.0038499832153320312
0.003202676773071289
0.0076656341552734375
0.0039048194885253906
0.007916688919067383
0.007693052291870117
0.007791996002197266
0.007471323013305664
0.005797386169433594
0.00921010971069336
0.00909113883972168
0.007155179977416992
0.004472494125366211
0.008836984634399414
0.004935026168823242
0.005071401596069336
0.007038116455078125
0.0071735382080078125
0.007215976715087891
0.003534555435180664
0.007377147674560547
0.007050991058349609
0.007388114929199219
0.003388643264770508
0.007155895233154297
0.006853342056274414
0.0069544315338134766
0.006850242614746094
0.006861686706542969
0.006678104400634766
0.006850481033325195
0.006955146789550781
0.005080461502075195
0.007282733917236328
0.0068705081939697266
0.007230520248413086
0.006772041320800781
0.0033152103424072266
0.006832599639892578
0.0067293643951416016
0.006883859634399414
0.00701451301574707
0.006874561309814453
0.003200054168701172
0.004904508590698242
0.006893634796142578
0.0068204402923583984
0.006690502166748047
0.006616830825805664
0.0030333995819091797
0.0070035457611083984
0.007376432418823242
0.0069463253021240234
0.0067403316497802734
0.0032341480255126953
0.0030548572540283203
0.004981517791748047
0.004950284957885742
0.006863594055175781
0.00682830810546875
0.003099203109741211
0.007025957107543945
0.003336668014526367
0.006661653518676758
0.006886720657348633
0.0030281543731689453
0.00680232048034668
0.006665229797363281
0.006433248519897461
0.006493091583251953
0.006461143493652344
0.006188154220581055
0.006253957748413086
0.006307840347290039
0.006206035614013672
0.006434440612792969
0.006399869918823242
0.006501913070678711
0.006410837173461914
0.00645136833190918
0.0025892257690429688
0.0064678192138671875
0.00641179084777832
0.006340742111206055
0.0064275264739990234
0.006491661071777344
0.006430149078369141
0.006420135498046875
0.002626657485961914
0.003298044204711914
0.0032575130462646484
0.0032968521118164062
0.003234386444091797
0.003129243850708008
0.003239870071411133
0.0032782554626464844
0.0032460689544677734
0.0032248497009277344
0.0032417774200439453
0.0025086402893066406
0.009958028793334961
0.014039993286132812
0.00906991958618164
0.004306793212890625
0.008885622024536133
0.011158943176269531
0.011664628982543945
0.008980512619018555
0.007028102874755859
0.0039827823638916016
0.01092076301574707
0.010118246078491211
0.012918472290039062
0.013975381851196289
0.014031171798706055
0.012891292572021484
0.010475873947143555
0.015357255935668945
0.0182039737701416
0.012652158737182617
0.0051021575927734375
0.01316690444946289
0.006691455841064453
0.01222681999206543
0.012907266616821289
0.010635137557983398
0.01604747772216797
0.00861668586730957
0.012610912322998047
0.016427278518676758
0.0069255828857421875
0.011034965515136719
0.00839090347290039
0.006875753402709961
0.010174036026000977
0.013625383377075195
0.007513761520385742
0.011466264724731445
0.008998394012451172
0.01087045669555664
0.008571624755859375
0.007429599761962891
0.007447481155395508
0.011256217956542969
0.010940313339233398
0.01304483413696289
0.016675472259521484
0.013360261917114258
0.010345220565795898
0.00789785385131836
0.0175631046295166
0.017310142517089844
0.001154184341430664
0.013268470764160156
0.013553619384765625
0.010330677032470703
0.011011362075805664
0.00796365737915039
0.009176015853881836
0.008824586868286133
0.007384061813354492
0.00935816764831543
0.004908561706542969
0.003734588623046875
0.006940364837646484
0.014651775360107422
0.010807514190673828
0.01651310920715332
0.010434150695800781
0.006868124008178711
0.006907224655151367
0.006689310073852539
0.006905555725097656
0.0055997371673583984
0.009216785430908203
0.00457310676574707
0.01739645004272461
0.008718013763427734
0.008999347686767578
0.011626958847045898
0.004190921783447266
0.012885332107543945
0.008375883102416992
0.010602474212646484
0.010289907455444336
0.01003718376159668
0.00659489631652832
0.006507158279418945
0.006608247756958008
0.007397890090942383
0.006866455078125
0.008679389953613281
0.008518218994140625
0.008980035781860352
0.010660171508789062
0.002697467803955078
0.010665178298950195
0.010408163070678711
0.008580207824707031
0.008356094360351562
0.008350849151611328
0.008939027786254883
0.00814056396484375
0.003372669219970703
0.004097461700439453
0.003409862518310547
0.0033621788024902344
0.002760171890258789
0.00500178337097168
0.0040514469146728516
0.004767894744873047
0.0007898807525634766
0.0048007965087890625
0.0034911632537841797
0.0043561458587646484
0.004197835922241211
0.0047800540924072266
0.004121065139770508
0.0033919811248779297
0.004581451416015625
0.00931859016418457
0.00822591781616211
0.0032303333282470703
0.003569364547729492
0.003173828125
0.004175424575805664
0.00809478759765625
0.0032584667205810547
0.00634455680847168
0.0032083988189697266
0.006109714508056641
0.009380340576171875
0.007145881652832031
0.007805585861206055
0.008040904998779297
0.008008241653442383
0.00971078872680664
0.0072672367095947266
0.009908914566040039
0.009845733642578125
0.004629373550415039
0.010837078094482422
0.00922250747680664
0.009402036666870117
0.004519939422607422
0.00599360466003418
0.005319118499755859
0.005980491638183594
0.009122133255004883
0.007887601852416992
0.009794235229492188
0.008330345153808594
0.006148099899291992
0.007231712341308594
0.008998394012451172
0.01011037826538086
0.009513378143310547
0.007725238800048828
0.009607315063476562
0.008302688598632812
0.006234407424926758
0.009510517120361328
0.00856328010559082
0.007073402404785156
0.0028247833251953125
0.008291482925415039
0.009655237197875977
0.00781393051147461
0.008057832717895508
0.007936477661132812
0.007141590118408203
0.0042574405670166016
0.0041582584381103516
0.0033881664276123047
0.002810239791870117
0.003924369812011719
0.0029535293579101562
0.0031061172485351562
0.0030744075775146484
0.007692098617553711
0.0061719417572021484
0.00882720947265625
0.008725166320800781
0.009611368179321289
0.010253667831420898
0.00970602035522461
0.0076296329498291016
0.006046295166015625
0.007154703140258789
0.007108449935913086
0.0006840229034423828
0.007628202438354492
0.010111093521118164
0.007962465286254883
0.009610891342163086
0.007776021957397461
0.01020193099975586
0.010159969329833984
0.00972127914428711
0.004048585891723633
0.0034058094024658203
0.003344297409057617
0.0036439895629882812
0.002763986587524414
0.003084897994995117
0.00379180908203125
0.003042936325073242
0.010061502456665039
0.009538412094116211
0.008485794067382812
0.006207942962646484
0.009327411651611328
0.0027310848236083984
0.009665727615356445
0.0062830448150634766
0.0028138160705566406
0.003685474395751953
0.003316164016723633
0.0041332244873046875
0.0034761428833007812
0.002986431121826172
0.0038590431213378906
0.003033876419067383
0.0038254261016845703
0.00799107551574707
0.010214090347290039
0.006147861480712891
0.004106760025024414
0.0034027099609375
0.0032112598419189453
0.0033750534057617188
0.0029506683349609375
0.004685163497924805
0.0032243728637695312
0.007967233657836914
0.008015155792236328
0.0033805370330810547
0.003290414810180664
0.0020890235900878906
0.002863168716430664
0.002088308334350586
0.003319978713989258
0.002381563186645508
0.0006594657897949219
0.0031845569610595703
0.003286600112915039
0.003493070602416992
0.003363370895385742
0.0027399063110351562
0.0029349327087402344
0.0028183460235595703
0.0021448135375976562
0.0020775794982910156
0.004338502883911133
0.0028383731842041016
0.002737760543823242
0.0027494430541992188
0.003370523452758789
0.0026493072509765625
0.0034368038177490234
0.002629995346069336
0.002603292465209961
0.0034897327423095703
0.0035026073455810547
0.0033905506134033203
0.002067089080810547
0.0024929046630859375
0.002758502960205078
0.002717733383178711
0.0035953521728515625
0.0005958080291748047
0.0004971027374267578
0.002402782440185547
0.002550363540649414
0.0033593177795410156
0.0025048255920410156
0.002664804458618164
0.002568483352661133
0.0034182071685791016
0.001957416534423828
0.002366781234741211
0.0026078224182128906
0.003233194351196289
0.003279447555541992
0.002562284469604492
0.0032470226287841797
0.0031108856201171875
0.0032012462615966797
0.0031898021697998047
0.0025179386138916016
0.0028104782104492188
0.0027229785919189453
0.006838798522949219
0.006567478179931641
0.006738424301147461
0.006604433059692383
0.006661415100097656
0.004812002182006836
0.002732992172241211
0.0028362274169921875
0.006714582443237305
0.006776332855224609
0.002866983413696289
0.006632089614868164
0.006712198257446289
0.00481414794921875
0.0067195892333984375
0.002792835235595703
0.002780437469482422
0.006524085998535156
0.0027561187744140625
0.00468134880065918
0.006666660308837891
0.0028467178344726562
0.006629467010498047
0.0066852569580078125
0.006713390350341797
0.006634950637817383
0.00675201416015625
0.002819538116455078
0.0067157745361328125
0.0028085708618164062
0.006809711456298828
0.002897977828979492
0.004649162292480469
0.004647493362426758
0.008297920227050781
0.008625507354736328
0.00820779800415039
0.008224964141845703
0.004306793212890625
0.0043866634368896484
0.008093118667602539
0.004143476486206055
0.0042073726654052734
0.006143808364868164
0.008422613143920898
0.008496761322021484
0.0040857791900634766
0.007834672927856445
0.008372783660888672
0.007790803909301758
0.004479885101318359
0.0037431716918945312
0.004579305648803711
0.003728151321411133
0.006261587142944336
0.006442546844482422
0.004506826400756836
0.006405830383300781
0.006468296051025391
0.006383657455444336
0.0063686370849609375
0.006451606750488281
0.00646519660949707
0.006415605545043945
0.006364583969116211
0.006437063217163086
0.006742715835571289
0.006499290466308594
0.006443023681640625
0.006325960159301758
0.006566524505615234
0.0065343379974365234
0.006563425064086914
0.006530284881591797
0.006893634796142578
0.006312131881713867
0.006539583206176758
0.0065822601318359375
0.006575107574462891
0.006611824035644531
0.006539344787597656
0.006644487380981445
0.0063953399658203125
0.006475925445556641
0.006548881530761719
0.006571292877197266
0.004674196243286133
0.004609346389770508
0.006604671478271484
0.006529569625854492
0.0067310333251953125
0.006544351577758789
0.006545543670654297
0.006582498550415039
0.006394624710083008
0.006594419479370117
0.00644373893737793
0.0064656734466552734
0.0064809322357177734
0.006510019302368164
0.006562471389770508
0.0065419673919677734
0.006636857986450195
0.0066030025482177734
0.006587505340576172
0.006575822830200195
0.0065860748291015625
0.006530284881591797
0.006590366363525391
0.006582498550415039
0.006457090377807617
0.0065155029296875
0.006536006927490234
0.006413698196411133
0.006634235382080078
0.006476402282714844
0.0063686370849609375
0.0065615177154541016
0.006378650665283203
0.00658869743347168
0.0046308040618896484
0.002631664276123047
0.0025730133056640625
0.006559848785400391
0.0045549869537353516
0.0046215057373046875
0.006376743316650391
0.006530284881591797
0.006577968597412109
0.006319284439086914
0.006539821624755859
0.006360530853271484
0.006397724151611328
0.006294965744018555
0.0065271854400634766
0.006579875946044922
0.0026471614837646484
0.006569862365722656
0.006656169891357422
0.006527900695800781
0.006581783294677734
0.006654977798461914
0.0067424774169921875
0.006776571273803711
0.002671957015991211
0.006577253341674805
0.006628274917602539
0.006531476974487305
0.002747058868408203
0.006620645523071289
0.004622220993041992
0.0066220760345458984
0.002648591995239258
0.00647735595703125
0.0028884410858154297
0.002838611602783203
0.002847433090209961
0.002789020538330078
0.002811908721923828
0.002814769744873047
0.0028145313262939453
0.0028371810913085938
0.0028138160705566406
0.002833843231201172
0.002851247787475586
0.0028471946716308594
0.002878904342651367
0.002878427505493164
0.0028700828552246094
0.0028524398803710938
0.002833843231201172
0.0029125213623046875
0.002892017364501953
0.0028765201568603516
0.0028727054595947266
0.002863645553588867
0.002853870391845703
0.0028657913208007812
0.0028350353240966797
0.002871274948120117
0.0028743743896484375
0.002899169921875
0.003017425537109375
0.002949953079223633
0.0028858184814453125
0.002880573272705078
0.002887248992919922
0.0028586387634277344
0.002834320068359375
0.002896547317504883
0.0028753280639648438
0.002880096435546875
0.002899646759033203
0.0028772354125976562
0.0028624534606933594
0.002872943878173828
0.002828836441040039
0.002849578857421875
0.0028722286224365234
0.002870798110961914
0.0028684139251708984
0.002887725830078125
0.0029010772705078125
0.002881765365600586
0.0028717517852783203
0.0028409957885742188
0.002840280532836914
0.0029435157775878906
0.0028753280639648438
0.0028886795043945312
0.002850055694580078
0.0028221607208251953
0.002788543701171875
0.0028426647186279297
0.0028493404388427734
0.002833127975463867
0.002567768096923828
0.0041790008544921875
0.003726959228515625
0.009145259857177734
0.011050939559936523
0.007141828536987305
0.008663654327392578
0.008947610855102539
0.00726771354675293
0.003782033920288086
0.0032563209533691406
0.008443832397460938
0.00836324691772461
0.004400014877319336
0.010613679885864258
0.006636619567871094
0.013555288314819336
0.008641481399536133
0.0032727718353271484
0.003509044647216797
0.0070879459381103516
0.0042133331298828125
0.0060939788818359375
0.009075641632080078
0.0035457611083984375
0.008498430252075195
0.010395526885986328
0.011518478393554688
0.009198665618896484
0.009073257446289062
0.002832174301147461
0.008544683456420898
0.0038285255432128906
0.009193658828735352
0.004256486892700195
0.005618095397949219
0.00639796257019043
0.010414838790893555
0.008897542953491211
0.01059269905090332
0.012012958526611328
0.005265712738037109
0.005238056182861328
0.0126495361328125
0.005958080291748047
0.004564762115478516
0.007592201232910156
0.010756731033325195
0.011919736862182617
0.004696846008300781
0.011957645416259766
0.012658834457397461
0.009469985961914062
0.005137443542480469
0.004874467849731445
0.006224632263183594
0.0050160884857177734
0.006875038146972656
0.010484933853149414
0.006814479827880859
0.009568214416503906
0.00846409797668457
0.008518457412719727
0.01099085807800293
0.006463289260864258
0.008315324783325195
0.010237932205200195
0.00861358642578125
0.008666276931762695
0.008162498474121094
0.008302927017211914
0.010002613067626953
0.01052999496459961
0.008172750473022461
0.01052093505859375
0.0065212249755859375
0.008729696273803711
0.008531332015991211
0.006445884704589844
0.00692296028137207
0.010161399841308594
0.008431196212768555
0.010374784469604492
0.010742902755737305
0.006864786148071289
0.006988048553466797
0.0051784515380859375
0.00445866584777832
0.004274129867553711
0.0035469532012939453
0.0035080909729003906
0.004291057586669922
0.003467559814453125
0.0036454200744628906
0.00359344482421875
0.004359006881713867
0.00418400764465332
0.0038368701934814453
0.0030133724212646484
0.003934621810913086
0.0032072067260742188
0.0038480758666992188
0.0032525062561035156
0.003901243209838867
0.0033347606658935547
0.008609294891357422
0.010979413986206055
0.00693511962890625
0.00740361213684082
0.006109952926635742
0.010713577270507812
0.010973691940307617
0.0007998943328857422
0.008192777633666992
0.008869409561157227
0.006533384323120117
0.009031534194946289
0.010935544967651367
0.008948326110839844
0.008521795272827148
0.008910179138183594
0.010637044906616211
0.008547544479370117
0.008111238479614258
0.006879568099975586
0.010652780532836914
0.008572578430175781
0.006952047348022461
0.006838560104370117
0.008790016174316406
0.00882863998413086
0.006456136703491211
0.008227348327636719
0.006943464279174805
0.008808374404907227
0.008784294128417969
0.010483026504516602
0.00693511962890625
0.010011434555053711
0.008550405502319336
0.008474111557006836
0.008884191513061523
0.006329536437988281
0.0045795440673828125
0.004246950149536133
0.004335165023803711
0.0035834312438964844
0.003637075424194336
0.004244565963745117
0.004238605499267578
0.004273891448974609
0.004443645477294922
0.00451207160949707
0.003819704055786133
0.0030736923217773438
0.0038967132568359375
0.003348827362060547
0.003251314163208008
0.003262042999267578
0.002594470977783203
0.006403923034667969
0.006304264068603516
0.006356477737426758
0.009266138076782227
0.006474971771240234
0.00889897346496582
0.0069692134857177734
0.004908323287963867
0.008207321166992188
0.008110284805297852
0.009235382080078125
0.008744955062866211
0.010427474975585938
0.004258394241333008
0.003517627716064453
0.0029854774475097656
0.004094839096069336
0.003284931182861328
0.003984689712524414
0.0033407211303710938
0.008260488510131836
0.008542537689208984
0.01069951057434082
0.008701801300048828
0.011193275451660156
0.011207818984985352
0.00798654556274414
0.004565715789794922
0.00362396240234375
0.0036487579345703125
0.0030493736267089844
0.0036535263061523438
0.003863096237182617
0.011127710342407227
0.008563756942749023
0.01268458366394043
0.004081010818481445
0.007930517196655273
0.0061419010162353516
0.008832216262817383
0.0036690235137939453
0.008217573165893555
0.0029518604278564453
0.00370025634765625
0.0034732818603515625
0.003464221954345703
0.004376411437988281
0.0037889480590820312
0.004205226898193359
0.004345893859863281
0.0042552947998046875
0.004240751266479492
0.0029172897338867188
0.004112958908081055
0.004236698150634766
0.003625631332397461
0.002846956253051758
0.004155635833740234
0.0029044151306152344
0.0034873485565185547
0.003900766372680664
0.004106283187866211
0.0035517215728759766
0.0041790008544921875
0.0029675960540771484
0.0043942928314208984
0.0036847591400146484
0.004279375076293945
0.0006082057952880859
0.004190921783447266
0.002841472625732422
0.002959012985229492
0.003548145294189453
0.0036039352416992188
0.004396677017211914
0.0034897327423095703
0.003584623336791992
0.0035102367401123047
0.0036067962646484375
0.0029325485229492188
0.0029184818267822266
0.003587007522583008
0.003439188003540039
0.0029370784759521484
0.003764629364013672
0.0037403106689453125
0.0035140514373779297
0.0035583972930908203
0.003751516342163086
0.004216909408569336
0.0032122135162353516
0.0038526058197021484
0.004229068756103516
0.0034682750701904297
0.0035810470581054688
0.0038480758666992188
0.0035407543182373047
0.00427556037902832
0.00293731689453125
0.003725290298461914
0.004307985305786133
0.003580808639526367
0.002920389175415039
0.0039730072021484375
0.0005822181701660156
0.003467559814453125
0.004353046417236328
0.00421905517578125
0.0035619735717773438
0.00354766845703125
0.0035905838012695312
0.004343748092651367
0.00440669059753418
0.0037267208099365234
0.0030171871185302734
0.003696918487548828
0.0036318302154541016
0.0036618709564208984
0.002995014190673828
0.004071474075317383
0.003892183303833008
0.0032258033752441406
0.0026035308837890625
0.003173351287841797
0.002498149871826172
0.0032737255096435547
0.002868175506591797
0.003952503204345703
0.0031719207763671875
0.0037467479705810547
0.0025289058685302734
0.0026357173919677734
0.0024559497833251953
0.002687692642211914
0.0030019283294677734
0.004365682601928711
0.0032389163970947266
0.0030045509338378906
0.0037996768951416016
0.002440214157104492
0.002685546875
0.0037050247192382812
0.0026595592498779297
0.0037147998809814453
0.0011203289031982422
0.003326892852783203
0.002777576446533203
0.002518892288208008
0.0028221607208251953
0.0024099349975585938
0.0034198760986328125
0.0027008056640625
0.002902984619140625
0.002741575241088867
0.0026688575744628906
0.0038385391235351562
0.003366708755493164
0.0030260086059570312
0.00380706787109375
0.003179788589477539
0.0029540061950683594
0.0035347938537597656
0.0012149810791015625
0.002569437026977539
0.003022432327270508
0.0026862621307373047
0.0031528472900390625
0.0035135746002197266
0.004674673080444336
0.004896879196166992
0.005605220794677734
0.004689216613769531
0.00396418571472168
0.005292177200317383
0.004134416580200195
0.004437923431396484
0.004189491271972656
0.00534367561340332
0.0045855045318603516
0.004903554916381836
0.0044574737548828125
0.0052068233489990234
0.004697084426879883
0.005217790603637695
0.004698753356933594
0.0044155120849609375
0.0038824081420898438
0.004377603530883789
0.0045125484466552734
0.0052220821380615234
0.004912853240966797
0.005231380462646484
0.003991127014160156
0.004910707473754883
0.004896879196166992
0.005488157272338867
0.003916025161743164
0.0044956207275390625
0.004170656204223633
0.004830598831176758
0.005370616912841797
0.004304647445678711
0.004445314407348633
0.003795146942138672
0.003711700439453125
0.0032215118408203125
0.0037283897399902344
0.004296779632568359
0.002946615219116211
0.00045013427734375
0.0003337860107421875
0.003289937973022461
0.003636598587036133
0.002955913543701172
0.003696441650390625
0.003701925277709961
0.0029783248901367188
0.0030014514923095703
0.0029976367950439453
0.002920389175415039
0.002910614013671875
0.0028955936431884766
0.0035529136657714844
0.0035331249237060547
0.003681182861328125
0.0028676986694335938
0.0028533935546875
0.002859354019165039
0.003541231155395508
0.002825021743774414
0.003620624542236328
0.0028417110443115234
0.0036182403564453125
0.0030062198638916016
0.0035753250122070312
0.0029833316802978516
0.0035550594329833984
0.003550291061401367
0.003015756607055664
0.003541231155395508
0.002976655960083008
0.0029535293579101562
0.003594636917114258
0.003875732421875
0.0036051273345947266
0.003483295440673828
0.002925872802734375
0.002911090850830078
0.0031211376190185547
0.003161907196044922
0.0031638145446777344
0.0030553340911865234
0.0029811859130859375
0.0029382705688476562
0.0023491382598876953
0.002946615219116211
0.003485441207885742
0.003705739974975586
0.003310680389404297
0.002899646759033203
0.002608060836791992
0.0033111572265625
0.003117084503173828
0.0025489330291748047
0.002488851547241211
0.002531290054321289
0.002568960189819336
0.003133058547973633
0.003349781036376953
0.0032863616943359375
0.002531766891479492
0.0031516551971435547
0.0031354427337646484
0.003313779830932617
0.002614259719848633
0.002580404281616211
0.0031850337982177734
0.0031452178955078125
0.0025196075439453125
0.002496480941772461
0.00244140625
0.0025587081909179688
0.0033407211303710938
0.002568483352661133
0.003651142120361328
0.0031239986419677734
0.00043010711669921875
0.003525257110595703
0.0035321712493896484
0.002955198287963867
0.0037851333618164062
0.003587007522583008
0.002923250198364258
0.002955198287963867
0.0030090808868408203
0.0030040740966796875
0.0029404163360595703
0.0035429000854492188
0.003520965576171875
0.0039010047912597656
0.003580808639526367
0.0037391185760498047
0.0035181045532226562
0.0029723644256591797
0.0029942989349365234
0.0028717517852783203
0.003456592559814453
0.002851724624633789
0.002852201461791992
0.002866029739379883
0.002798795700073242
0.0029129981994628906
0.003613710403442383
0.002819061279296875
0.0036275386810302734
0.002881288528442383
0.0035529136657714844
0.002885103225708008
0.0036330223083496094
0.0028562545776367188
0.0028460025787353516
0.0034787654876708984
0.002854585647583008
0.0028798580169677734
0.0035812854766845703
0.0028526782989501953
0.0030744075775146484
0.003093242645263672
0.0030291080474853516
0.0029196739196777344
0.002923727035522461
0.002895355224609375
0.002886533737182617
0.0029053688049316406
0.0022568702697753906
0.0026252269744873047
0.0035696029663085938
0.0035707950592041016
0.002901792526245117
0.0022461414337158203
0.003626108169555664
0.002474546432495117
0.0033426284790039062
0.0025420188903808594
0.0033674240112304688
0.002470731735229492
0.0024247169494628906
0.002559661865234375
0.0030646324157714844
0.0038912296295166016
0.002475261688232422
0.0025174617767333984
0.003185272216796875
0.0026082992553710938
0.0033669471740722656
0.002624034881591797
0.0032465457916259766
0.0033316612243652344
0.0032258033752441406
0.002522706985473633
0.0033278465270996094
0.002758502960205078
0.0027768611907958984
0.0025599002838134766
0.0006422996520996094
0.0030007362365722656
0.0006995201110839844
0.0036573410034179688
0.00044798851013183594
0.003355264663696289
0.0034966468811035156
0.0037648677825927734
0.00293731689453125
0.003595590591430664
0.0036096572875976562
0.002861499786376953
0.002856731414794922
0.0029206275939941406
0.0036420822143554688
0.0031099319458007812
0.003109455108642578
0.002902507781982422
0.002329111099243164
0.003147602081298828
0.0028629302978515625
0.0022661685943603516
0.003267049789428711
0.002542257308959961
0.0030739307403564453
0.002504587173461914
0.002566814422607422
0.0025713443756103516
0.0033049583435058594
0.0033855438232421875
0.0025839805603027344
0.00316619873046875
0.0025396347045898438
0.0034084320068359375
0.002492666244506836
0.0006654262542724609
0.002767801284790039
0.0040645599365234375
0.0031943321228027344
0.004202842712402344
0.004197120666503906
0.002855062484741211
0.0034942626953125
0.0034317970275878906
0.0038042068481445312
0.003633260726928711
0.002787351608276367
0.0029227733612060547
0.0036656856536865234
0.003622770309448242
0.002912759780883789
0.0022454261779785156
0.0026197433471679688
0.0028667449951171875
0.0040264129638671875
0.002850055694580078
0.0034928321838378906
0.0028772354125976562
0.0022711753845214844
0.0031058788299560547
0.0024268627166748047
0.0038254261016845703
0.002538442611694336
0.0027663707733154297
0.0031571388244628906
0.0035088062286376953
0.0040798187255859375
0.003498554229736328
0.0034868717193603516
0.002953052520751953
0.0029244422912597656
0.0028808116912841797
0.003656625747680664
0.003219127655029297
0.002524852752685547
0.002570629119873047
0.0028295516967773438
0.0028891563415527344
0.0034449100494384766
0.0029718875885009766
0.0034415721893310547
0.002968311309814453
0.0027441978454589844
0.0041811466217041016
0.0033638477325439453
0.002890348434448242
0.0028808116912841797
0.0029087066650390625
0.002870798110961914
0.0030765533447265625
0.0022373199462890625
0.002482175827026367
0.0041234493255615234
0.004291057586669922
0.0034210681915283203
0.0035941600799560547
0.0028345584869384766
0.0034236907958984375
0.0033636093139648438
0.003651857376098633
0.003414154052734375
0.00429224967956543
0.0027971267700195312
0.0002968311309814453
0.0002512931823730469
0.0001838207244873047
0.0002601146697998047
0.0026023387908935547
0.0027730464935302734
0.003484487533569336
0.002778768539428711
0.0032634735107421875
0.0026903152465820312
0.0033173561096191406
0.0027725696563720703
0.003565549850463867
0.0035750865936279297
0.002813577651977539
0.0035390853881835938
0.0033805370330810547
0.002776622772216797
0.0033540725708007812
0.003492116928100586
0.002850055694580078
0.002793550491333008
0.002876758575439453
0.0035538673400878906
0.0033512115478515625
0.002748250961303711
0.0027413368225097656
0.002753734588623047
0.002755403518676758
0.0027332305908203125
0.0034067630767822266
0.0026764869689941406
0.0026879310607910156
0.0034034252166748047
0.003386974334716797
0.0027060508728027344
0.003334522247314453
0.0034995079040527344
0.0027828216552734375
0.003520488739013672
0.002768278121948242
0.0034503936767578125
0.0029404163360595703
0.0028209686279296875
0.002752542495727539
0.0034399032592773438
0.0035316944122314453
0.0029430389404296875
0.0028083324432373047
0.0036153793334960938
0.003377676010131836
0.0027985572814941406
0.0034341812133789062
0.0035359859466552734
0.003361225128173828
0.003499269485473633
0.002999544143676758
0.0029916763305664062
0.0029952526092529297
0.002768993377685547
0.002851724624633789
0.0028505325317382812
0.0022013187408447266
0.0025854110717773438
0.0021147727966308594
0.0027790069580078125
0.0027382373809814453
0.0028650760650634766
0.002833127975463867
0.003362894058227539
0.002768993377685547
0.0022504329681396484
0.0032444000244140625
0.003103971481323242
0.0027420520782470703
0.003466367721557617
0.0028684139251708984
0.0028531551361083984
0.003032207489013672
0.0030846595764160156
0.0031023025512695312
0.00264739990234375
0.0027217864990234375
0.0021941661834716797
0.0032172203063964844
0.003206491470336914
0.0030808448791503906
0.003062725067138672
0.0032715797424316406
0.002518177032470703
0.003260374069213867
0.002490520477294922
0.0024242401123046875
0.002323150634765625
0.0023462772369384766
0.0031676292419433594
0.0030164718627929688
0.002393007278442383
0.0030565261840820312
0.0030298233032226562
0.002367734909057617
0.0030519962310791016
0.003030061721801758
0.002427816390991211
0.003131389617919922
0.0029449462890625
0.0030219554901123047
0.0030808448791503906
0.002450704574584961
0.00321197509765625
0.0026886463165283203
0.0024797916412353516
0.002451181411743164
0.0030014514923095703
0.0024983882904052734
0.002425670623779297
0.0004734992980957031
0.0035207271575927734
0.0037326812744140625
0.003535032272338867
0.0035638809204101562
0.003450155258178711
0.0034034252166748047
0.003563404083251953
0.0035393238067626953
0.0034492015838623047
0.0037474632263183594
0.0034775733947753906
0.0037326812744140625
0.003590822219848633
0.003587961196899414
0.003674030303955078
0.0035376548767089844
0.0036809444427490234
0.0035858154296875
0.0037326812744140625
0.003665447235107422
0.003659486770629883
0.0037822723388671875
0.003805875778198242
0.0036890506744384766
0.003960132598876953
0.003840923309326172
0.003810882568359375
0.002048015594482422
0.003733396530151367
0.0038330554962158203
0.004020214080810547
0.004015684127807617
0.0040130615234375
0.004061222076416016
0.003900766372680664
0.0037097930908203125
0.0037543773651123047
0.003813028335571289
0.003798961639404297
0.0037627220153808594
0.003635406494140625
0.003586292266845703
0.003712177276611328
0.0038259029388427734
0.003824949264526367
0.0020482540130615234
0.0019288063049316406
0.001994609832763672
0.001961946487426758
0.002021312713623047
0.0020275115966796875
0.002005338668823242
0.0019371509552001953
0.0019860267639160156
0.0019326210021972656
0.002035379409790039
0.0019490718841552734
0.001984834671020508
0.0019385814666748047
0.0019903182983398438
0.0019414424896240234
0.0020294189453125
0.0019297599792480469
0.002012491226196289
0.001959085464477539
0.0018186569213867188
0.0018048286437988281
0.004491567611694336
0.004705905914306641
0.003984689712524414
0.004641294479370117
0.004939079284667969
0.004878044128417969
0.0048711299896240234
0.004909038543701172
0.004979610443115234
0.0050394535064697266
0.004376888275146484
0.004771709442138672
0.004801034927368164
0.00474858283996582
0.0044155120849609375
0.004805803298950195
0.004815101623535156
0.004694938659667969
0.0046536922454833984
0.004591941833496094
0.00502467155456543
0.004386425018310547
0.004066944122314453
0.004596710205078125
0.004686832427978516
0.004767894744873047
0.00464320182800293
0.004741668701171875
0.0037682056427001953
0.003880023956298828
0.003682851791381836
0.0023512840270996094
0.004500389099121094
0.003991603851318359
0.004647254943847656
0.004853010177612305
0.004644155502319336
0.0043413639068603516
0.003987789154052734
0.004086732864379883
0.004031181335449219
0.0025491714477539062
0.0024175643920898438
0.0032892227172851562
0.0025370121002197266
0.003060579299926758
0.0032126903533935547
0.0024461746215820312
0.003031015396118164
0.003098726272583008
0.0024781227111816406
0.003010988235473633
0.0032508373260498047
0.00257110595703125
0.002472400665283203
0.002424955368041992
0.0024518966674804688
0.0024290084838867188
0.003068208694458008
0.0030765533447265625
0.00308990478515625
0.002214193344116211
0.0021157264709472656
0.0021123886108398438
0.0020148754119873047
0.009521245956420898
0.00557255744934082
0.00551915168762207
0.0056324005126953125
0.0056416988372802734
0.005434513092041016
0.009142160415649414
0.0052187442779541016
0.005413532257080078
0.009046077728271484
0.009351730346679688
0.009454727172851562
0.005292415618896484
0.008576154708862305
0.004934549331665039
0.00506591796875
0.005566120147705078
0.008874893188476562
0.009456872940063477
0.009521722793579102
0.009300947189331055
0.005738735198974609
0.008800745010375977
0.009578943252563477
0.008503913879394531
0.008751869201660156
0.004758596420288086
0.00850057601928711
0.004502534866333008
0.0051991939544677734
0.0031249523162841797
0.00442814826965332
0.007338523864746094
0.0035767555236816406
0.006841182708740234
0.006783723831176758
0.0035660266876220703
0.002902984619140625
0.007395505905151367
0.003664255142211914
0.007260560989379883
0.0030584335327148438
0.0036029815673828125
0.006570339202880859
0.006586551666259766
0.006638526916503906
0.00678253173828125
0.0034027099609375
0.0033864974975585938
0.0033588409423828125
0.002621889114379883
0.015575170516967773
0.016895294189453125
0.007784605026245117
0.007875442504882812
0.01038980484008789
0.012273788452148438
0.014884233474731445
0.009529352188110352
0.015935659408569336
0.016695022583007812
0.021262645721435547
0.015675067901611328
0.00948333740234375
0.008655786514282227
0.004622697830200195
0.015804290771484375
0.009675025939941406
0.015633106231689453
0.018690109252929688
0.014538288116455078
0.008806228637695312
0.008174896240234375
0.017180442810058594
0.01593780517578125
0.011398077011108398
0.016073226928710938
0.008759498596191406
0.011667490005493164
0.010406732559204102
0.009465932846069336
0.00609278678894043
0.008221626281738281
0.008985280990600586
0.0039331912994384766
0.004719972610473633
0.008157014846801758
0.007328033447265625
0.005661487579345703
0.009863138198852539
0.012007474899291992
0.007877111434936523
0.005547761917114258
0.012074470520019531
0.008725166320800781
0.009344339370727539
0.004351139068603516
0.0057697296142578125
0.008650541305541992
0.009109020233154297
0.010699033737182617
0.010898828506469727
0.00499415397644043
0.0043566226959228516
0.004344463348388672
0.004500150680541992
0.015518426895141602
0.00974130630493164
0.010434150695800781
0.006752729415893555
0.0007064342498779297
0.006484031677246094
0.015443563461303711
0.009657859802246094
0.0068819522857666016
0.009384632110595703
0.011623144149780273
0.008893728256225586
0.009067773818969727
0.009673357009887695
0.01535654067993164
0.015022754669189453
0.010499954223632812
0.010047197341918945
0.015401601791381836
0.009509086608886719
0.015040159225463867
0.010025501251220703
0.014342069625854492
0.009737014770507812
0.009868621826171875
0.004133939743041992
0.01471400260925293
0.015388250350952148
0.009329795837402344
0.010033130645751953
0.015482902526855469
0.012960195541381836
0.004931211471557617
0.007176637649536133
0.009937286376953125
0.0048520565032958984
0.006162166595458984
0.010550498962402344
0.013122797012329102
0.009494304656982422
0.012226343154907227
0.013657569885253906
0.009474515914916992
0.010210752487182617
0.0059967041015625
0.005923271179199219
0.008170127868652344
0.004222393035888672
0.009711503982543945
0.009143829345703125
0.007454633712768555
0.005668163299560547
0.009537220001220703
0.008940458297729492
0.005372285842895508
0.0077135562896728516
0.005732059478759766
0.0030765533447265625
0.003063201904296875
0.003354787826538086
0.0038864612579345703
0.013841390609741211
0.008148908615112305
0.009818553924560547
0.015435457229614258
0.02315831184387207
0.004501819610595703
0.009033203125
0.009770870208740234
0.007807493209838867
0.005599260330200195
0.0075075626373291016
0.0030410289764404297
0.004678964614868164
0.004437923431396484
0.005370378494262695
0.0028896331787109375
0.004995584487915039
0.003862619400024414
0.007353544235229492
0.009374141693115234
0.0047376155853271484
0.006031513214111328
0.007824897766113281
0.0028150081634521484
0.0077207088470458984
0.005102634429931641
0.0053730010986328125
0.0035495758056640625
0.004429817199707031
0.003444194793701172
0.0036535263061523438
0.0031795501708984375
0.006873607635498047
0.005165815353393555
0.005233287811279297
0.0031213760375976562
0.0034601688385009766
0.0028543472290039062
0.0035054683685302734
0.002903461456298828
0.00360870361328125
0.002875089645385742
0.0029888153076171875
0.0035712718963623047
0.002835512161254883
0.0035715103149414062
0.002725362777709961
0.0033397674560546875
0.008174419403076172
0.004076242446899414
0.008040189743041992
0.008041143417358398
0.004225969314575195
0.008014678955078125
0.007889747619628906
0.004246711730957031
0.008054256439208984
0.007883787155151367
0.008105278015136719
0.008029699325561523
0.007949590682983398
0.008025169372558594
0.007895946502685547
0.007676124572753906
0.007916927337646484
0.00801396369934082
0.007933616638183594
0.00789332389831543
0.004122495651245117
0.004421234130859375
0.0076751708984375
0.007879495620727539
0.0077931880950927734
0.0076389312744140625
0.00775909423828125
0.007819175720214844
0.00406336784362793
0.007799625396728516
0.0077342987060546875
0.0041010379791259766
0.0077364444732666016
0.007757902145385742
0.0040874481201171875
0.004392385482788086
0.007715463638305664
0.004065990447998047
0.007854223251342773
0.004145622253417969
0.007712602615356445
0.007832765579223633
0.007708072662353516
0.007675886154174805
0.0045206546783447266
0.007687568664550781
0.008041143417358398
0.0044460296630859375
0.007912158966064453
0.007845878601074219
0.004385232925415039
0.004380464553833008
0.004414558410644531
0.004456758499145508
0.004589557647705078
0.004456520080566406
0.004447460174560547
0.0044422149658203125
0.004505634307861328
0.004472970962524414
0.004589557647705078
0.004332542419433594
0.004515886306762695
0.0028302669525146484
0.004441738128662109
0.0043680667877197266
0.004413127899169922
0.002803802490234375
0.002540111541748047
0.00804591178894043
0.008001327514648438
0.007769346237182617
0.007818460464477539
0.004065275192260742
0.007809877395629883
0.004244804382324219
0.0042133331298828125
0.004651546478271484
0.004341602325439453
0.004500389099121094
0.002832651138305664
0.002541065216064453
0.006201982498168945
0.0026047229766845703
0.006205081939697266
0.006228446960449219
0.00252532958984375
0.002512216567993164
0.006263256072998047
0.006227016448974609
0.00644373893737793
0.006528377532958984
0.0061185359954833984
0.006173849105834961
0.006302833557128906
0.006111621856689453
0.006062984466552734
0.0025169849395751953
0.0025289058685302734
0.006317853927612305
0.0062408447265625
0.002508878707885742
0.00611114501953125
0.002475738525390625
0.004489421844482422
0.002489805221557617
0.0025005340576171875
0.002483367919921875
0.0028417110443115234
0.0028922557830810547
0.002992391586303711
0.0027875900268554688
0.002794504165649414
0.002845287322998047
0.00279998779296875
0.002908945083618164
0.0027768611907958984
0.002782583236694336
0.0027701854705810547
0.002746105194091797
0.0027778148651123047
0.002786874771118164
0.0024366378784179688
0.010443925857543945
0.010932207107543945
0.01022791862487793
0.008179187774658203
0.005105018615722656
0.0046465396881103516
0.01580977439880371
0.013200998306274414
0.0062541961669921875
0.004594087600708008
0.005925893783569336
0.013982534408569336
0.016237735748291016
0.01641988754272461
0.01724720001220703
0.013239860534667969
0.010891437530517578
0.013099431991577148
0.016052722930908203
0.015648603439331055
0.011327266693115234
0.007990121841430664
0.01087188720703125
0.01016545295715332
0.00979924201965332
0.008253097534179688
0.005918264389038086
0.008098363876342773
0.007949590682983398
0.0077588558197021484
0.015717744827270508
0.015591144561767578
0.011611461639404297
0.011243820190429688
0.010097265243530273
0.00464630126953125
0.0060956478118896484
0.004326581954956055
0.01157069206237793
0.01590442657470703
0.010214805603027344
0.010166406631469727
0.010105371475219727
0.010154485702514648
0.006291389465332031
0.006253480911254883
0.004396915435791016
0.011632442474365234
0.01570916175842285
0.004211902618408203
0.010535001754760742
0.006646394729614258
0.009911060333251953
0.013886690139770508
0.011057853698730469
0.013784646987915039
0.011049509048461914
0.0076830387115478516
0.004868507385253906
0.01637744903564453
0.015844106674194336
0.006333589553833008
0.011471033096313477
0.011774301528930664
0.0068569183349609375
0.006131172180175781
0.008272886276245117
0.006617069244384766
0.008379697799682617
0.008251190185546875
0.009758949279785156
0.006560802459716797
0.009695291519165039
0.006392717361450195
0.006010532379150391
0.009391546249389648
0.008191347122192383
0.004681110382080078
0.003935098648071289
0.0065746307373046875
0.008708953857421875
0.0050811767578125
0.004210472106933594
0.0033490657806396484
0.004205226898193359
0.0032444000244140625
0.0039141178131103516
0.003164052963256836
0.003136157989501953
0.004133939743041992
0.0036611557006835938
0.0035161972045898438
0.0027456283569335938
0.00400543212890625
0.003453969955444336
0.0025103092193603516
0.007983684539794922
0.017071247100830078
0.011708974838256836
0.008761167526245117
0.007845640182495117
0.011092901229858398
0.00950479507446289
0.006573915481567383
0.00953531265258789
0.006302833557128906
0.004583835601806641
0.0063741207122802734
0.0038433074951171875
0.004025459289550781
0.003506898880004883
0.006502866744995117
0.0029833316802978516
0.009349822998046875
0.011112213134765625
0.004195213317871094
0.003866434097290039
0.004896879196166992
0.008284807205200195
0.01102447509765625
0.0066106319427490234
0.0061588287353515625
0.009182453155517578
0.01053619384765625
0.008466958999633789
0.007858753204345703
0.009714841842651367
0.004427433013916016
0.0041158199310302734
0.0038678646087646484
0.004758596420288086
0.0034754276275634766
0.00890803337097168
0.008254051208496094
0.0037648677825927734
0.0065765380859375
0.0035505294799804688
0.007703065872192383
0.003025054931640625
0.0037848949432373047
0.0029332637786865234
0.0035843849182128906
0.0035276412963867188
0.004441261291503906
0.004362821578979492
0.003870725631713867
0.002806425094604492
0.0036323070526123047
0.0038306713104248047
0.002989530563354492
0.003521442413330078
0.0036361217498779297
0.0036780834197998047
0.004160165786743164
0.004313468933105469
0.003680706024169922
0.004456758499145508
0.004639863967895508
0.004749298095703125
0.004739284515380859
0.0045013427734375
0.0032448768615722656
0.003103017807006836
0.009445428848266602
0.009300708770751953
0.005396127700805664
0.003849506378173828
0.0005269050598144531
0.009245872497558594
0.00400090217590332
0.006002902984619141
0.0038933753967285156
0.003945350646972656
0.009699821472167969
0.005857944488525391
0.005568742752075195
0.00985860824584961
0.009495258331298828
0.009006500244140625
0.005620002746582031
0.007343292236328125
0.003911018371582031
0.005202770233154297
0.004908084869384766
0.004868030548095703
0.005623340606689453
0.006066083908081055
0.005609035491943359
0.005405902862548828
0.009214162826538086
0.00922703742980957
0.009454965591430664
0.008858203887939453
0.009050369262695312
0.008761882781982422
0.005422830581665039
0.007816791534423828
0.007246971130371094
0.0073719024658203125
0.007416963577270508
0.0050258636474609375
0.005028486251831055
0.009711027145385742
0.009107112884521484
0.0051593780517578125
0.00868988037109375
0.0033605098724365234
0.005659341812133789
0.009300708770751953
0.00905299186706543
0.005516529083251953
0.009499311447143555
0.005580902099609375
0.008828163146972656
0.009221076965332031
0.00894927978515625
0.005897998809814453
0.005841732025146484
0.008955717086791992
0.003873586654663086
0.009268522262573242
0.005359649658203125
0.009041070938110352
0.008754730224609375
0.005259275436401367
0.007814407348632812
0.0033707618713378906
0.007423877716064453
0.005422115325927734
0.008795976638793945
0.008988142013549805
0.008882522583007812
0.009151220321655273
0.009189367294311523
0.008794784545898438
0.00907588005065918
0.008794307708740234
0.007225751876831055
0.0039098262786865234
0.005193233489990234
0.0049304962158203125
0.008588790893554688
0.0051727294921875
0.0051038265228271484
0.0033948421478271484
0.005620241165161133
0.008843421936035156
0.007527351379394531
0.0034148693084716797
0.004831075668334961
0.0055484771728515625
0.008813142776489258
0.007735252380371094
0.005499362945556641
0.005610227584838867
0.008792877197265625
0.009457588195800781
0.005634784698486328
0.0038890838623046875
0.005114316940307617
0.004904985427856445
0.005213499069213867
0.005249738693237305
0.00902247428894043
0.007773160934448242
0.0077626705169677734
0.00925588607788086
0.005595684051513672
0.003390073776245117
0.0074405670166015625
0.0051953792572021484
0.007402181625366211
0.005559206008911133
0.008182048797607422
0.008673906326293945
0.005457401275634766
0.007367134094238281
0.005226612091064453
0.0052013397216796875
0.008753061294555664
0.008801698684692383
0.00551605224609375
0.009711265563964844
0.0056536197662353516
0.0056803226470947266
0.008779764175415039
0.004301309585571289
0.0007922649383544922
0.003214120864868164
0.002560853958129883
0.0032052993774414062
0.0025932788848876953
0.0025589466094970703
0.0024979114532470703
0.0033617019653320312
0.003389120101928711
0.002606630325317383
0.0024900436401367188
0.003139019012451172
0.0025300979614257812
0.0023946762084960938
0.0024080276489257812
0.003061532974243164
0.0033397674560546875
0.0024399757385253906
0.0023801326751708984
0.0030946731567382812
0.0032854080200195312
0.0033118724822998047
0.002509593963623047
0.002550363540649414
0.0032737255096435547
0.002609729766845703
0.0032205581665039062
0.0033414363861083984
0.002537965774536133
0.0032761096954345703
0.0026051998138427734
0.0024518966674804688
0.0027434825897216797
0.002893209457397461
0.0028395652770996094
0.0027909278869628906
0.002869129180908203
0.0027086734771728516
0.0027742385864257812
0.00260162353515625
0.0019598007202148438
0.002280712127685547
0.0018901824951171875
0.003206968307495117
0.0024313926696777344
0.0023174285888671875
0.003186464309692383
0.0023484230041503906
0.0024251937866210938
0.003101348876953125
0.002662181854248047
0.0027217864990234375
0.002749204635620117
0.0027053356170654297
0.0018687248229980469
0.009227752685546875
0.008597373962402344
0.005068778991699219
0.005402326583862305
0.007239341735839844
0.008846282958984375
0.005974531173706055
0.005708456039428711
0.003935575485229492
0.010279178619384766
0.008909940719604492
0.007177114486694336
0.0054683685302734375
0.009482622146606445
0.005369663238525391
0.00931549072265625
0.0035140514373779297
0.0055696964263916016
0.008770465850830078
0.005640268325805664
0.008698463439941406
0.009317874908447266
0.005350351333618164
0.00919485092163086
0.005633831024169922
0.007813453674316406
0.008593559265136719
0.004026651382446289
0.003215312957763672
0.0024771690368652344
0.0032193660736083984
0.0024237632751464844
0.0024857521057128906
0.003408670425415039
0.0029144287109375
0.0025997161865234375
0.0019376277923583984
0.0034673213958740234
0.0024423599243164062
0.002025604248046875
0.003478527069091797
0.0024101734161376953
0.0026679039001464844
0.0028281211853027344
0.004086494445800781
0.003979206085205078
0.003725767135620117
0.0022847652435302734
0.002427339553833008
0.0018248558044433594
0.003968238830566406
0.003942728042602539
0.003281831741333008
0.0031609535217285156
0.002946138381958008
0.004046916961669922
0.0038073062896728516
0.002249479293823242
0.003154754638671875
0.002515554428100586
0.002465963363647461
0.0037970542907714844
0.004567623138427734
0.0032188892364501953
0.002913236618041992
0.002961397171020508
0.003329753875732422
0.0022704601287841797
0.003114938735961914
0.0026159286499023438
0.0036683082580566406
0.002477407455444336
0.0024459362030029297
0.0036551952362060547
0.0031425952911376953
0.0032651424407958984
0.0018341541290283203
0.0029196739196777344
0.003822803497314453
0.0023391246795654297
0.002681255340576172
0.0028684139251708984
0.0030307769775390625
0.0037984848022460938
0.0029397010803222656
0.00251007080078125
0.003885984420776367
0.003767251968383789
0.0031752586364746094
0.0029616355895996094
0.003055095672607422
0.003917694091796875
0.0039484500885009766
0.0029082298278808594
0.0022459030151367188
0.003923892974853516
0.0026710033416748047
0.0024776458740234375
0.0028133392333984375
0.002897500991821289
0.004070281982421875
0.0022416114807128906
0.002659320831298828
0.0038738250732421875
0.003118753433227539
0.0007927417755126953
0.0022025108337402344
0.002931833267211914
0.0029594898223876953
0.0028645992279052734
0.002924203872680664
0.0029304027557373047
0.0028891563415527344
0.0036602020263671875
0.0037114620208740234
0.003928184509277344
0.0039501190185546875
0.003995180130004883
0.002891063690185547
0.002857208251953125
0.0038602352142333984
0.003755331039428711
0.003075838088989258
0.0030677318572998047
0.002195119857788086
0.003172159194946289
0.0037674903869628906
0.0036611557006835938
0.0024938583374023438
0.002415895462036133
0.0036902427673339844
0.0025207996368408203
0.0024657249450683594
0.0037713050842285156
0.003628253936767578
0.003139972686767578
0.0017557144165039062
0.0034651756286621094
0.0034346580505371094
0.003480195999145508
0.003377199172973633
0.00214385986328125
0.0034210681915283203
0.003492593765258789
0.0035266876220703125
0.002089977264404297
0.001811981201171875
0.0018277168273925781
0.0019605159759521484
0.0016744136810302734
0.0077440738677978516
0.007646322250366211
0.007634401321411133
0.004027605056762695
0.0076372623443603516
0.007656097412109375
0.007579326629638672
0.007729291915893555
0.004350185394287109
0.004071235656738281
0.007647514343261719
0.007647514343261719
0.007790327072143555
0.007573843002319336
0.004324436187744141
0.007634162902832031
0.004004240036010742
0.003231048583984375
0.0047070980072021484
0.004640340805053711
0.004588603973388672
0.004697561264038086
0.002787351608276367
0.004115104675292969
0.006292581558227539
0.0025413036346435547
0.00613093376159668
0.006183624267578125
0.0062618255615234375
0.0061533451080322266
0.0024766921997070312
0.0061643123626708984
0.0026106834411621094
0.0030994415283203125
0.003173351287841797
0.003154754638671875
0.0032029151916503906
0.0031256675720214844
0.0031502246856689453
0.002396106719970703
0.011152267456054688
0.013348817825317383
0.010622739791870117
0.00950002670288086
0.009304285049438477
0.007477998733520508
0.014801263809204102
0.010827779769897461
0.010472297668457031
0.014942169189453125
0.008028268814086914
0.0043277740478515625
0.005791187286376953
0.005880832672119141
0.010995149612426758
0.010663032531738281
0.010864734649658203
0.0078105926513671875
0.004644155502319336
0.010845661163330078
0.00972294807434082
0.009163856506347656
0.005915403366088867
0.005701303482055664
0.009195327758789062
0.007838964462280273
0.004232168197631836
0.004891157150268555
0.008298397064208984
0.010216951370239258
0.0047037601470947266
0.009622573852539062
0.003628253936767578
0.004465818405151367
0.002931833267211914
0.008101224899291992
0.007915258407592773
0.003365039825439453
0.007953882217407227
0.006097555160522461
0.008484601974487305
0.009875297546386719
0.003281831741333008
0.0025959014892578125
0.01012420654296875
0.002568960189819336
0.0039501190185546875
0.00451207160949707
0.003942251205444336
0.0038826465606689453
0.0038747787475585938
0.004710674285888672
0.0031538009643554688
0.00410151481628418
0.004034996032714844
0.008616447448730469
0.00840616226196289
0.008378744125366211
0.008681535720825195
0.005308866500854492
0.005216360092163086
0.005114555358886719
0.005099296569824219
0.008633613586425781
0.005026102066040039
0.00500798225402832
0.005423545837402344
0.008758544921875
0.0051021575927734375
0.007243156433105469
0.006712198257446289
0.003625631332397461
0.0035877227783203125
0.005179405212402344
0.006683826446533203
0.005509376525878906
0.008315324783325195
0.007281780242919922
0.007584333419799805
0.0035796165466308594
0.006824970245361328
0.010479211807250977
0.005112886428833008
0.00506901741027832
0.00887155532836914
0.0049855709075927734
0.008594036102294922
0.008344888687133789
0.008231878280639648
0.006814241409301758
0.006765604019165039
0.006726264953613281
0.003561735153198242
0.00803065299987793
0.0057179927825927734
0.004973649978637695
0.005121946334838867
0.00884699821472168
0.00508427619934082
0.0050733089447021484
0.0050852298736572266
0.0049974918365478516
0.008111953735351562
0.005074262619018555
0.005131244659423828
0.008203506469726562
0.008814096450805664
0.008039236068725586
0.005038261413574219
0.004935264587402344
0.005070209503173828
0.0049228668212890625
0.008635759353637695
0.0054247379302978516
0.005421876907348633
0.008411884307861328
0.005078792572021484
0.0072116851806640625
0.003689289093017578
0.008601188659667969
0.006712198257446289
0.005149126052856445
0.0051419734954833984
0.004509925842285156
0.0033767223358154297
0.0004336833953857422
0.002614736557006836
0.0026924610137939453
0.0034241676330566406
0.0035982131958007812
0.00335693359375
0.0027992725372314453
0.003607511520385742
0.0029723644256591797
0.003484487533569336
0.002809762954711914
0.00405430793762207
0.002756357192993164
0.0027894973754882812
0.002650022506713867
0.0035257339477539062
0.0033266544342041016
0.002201557159423828
0.008079051971435547
0.00874185562133789
0.005272865295410156
0.008671045303344727
0.008728981018066406
0.008567333221435547
0.008948564529418945
0.008427858352661133
0.007165670394897461
0.005008697509765625
0.008085012435913086
0.00692439079284668
0.008589029312133789
0.005277872085571289
0.006898164749145508
0.006273746490478516
0.005073070526123047
0.006833314895629883
0.006976127624511719
0.002756357192993164
0.0027265548706054688
0.0029366016387939453
0.002196073532104492
0.0025479793548583984
0.002697467803955078
0.004039764404296875
0.003002643585205078
0.0025534629821777344
0.0019423961639404297
0.002958536148071289
0.002474069595336914
0.0032281875610351562
0.0024538040161132812
0.0030908584594726562
0.0031952857971191406
0.0026764869689941406
0.002492666244506836
0.0024471282958984375
0.002808094024658203
0.0019364356994628906
0.002798318862915039
0.0031523704528808594
0.002485990524291992
0.0026900768280029297
0.001926422119140625
0.0032019615173339844
0.009952068328857422
0.002537965774536133
0.0032508373260498047
0.0032682418823242188
0.0034270286560058594
0.0039060115814208984
0.0024046897888183594
0.002418041229248047
0.002405405044555664
0.002994537353515625
0.0023245811462402344
0.003066539764404297
0.003146648406982422
0.003430604934692383
0.0034036636352539062
0.0033714771270751953
0.003357410430908203
0.0026276111602783203
0.003111600875854492
0.0034465789794921875
0.00182342529296875
0.002951383590698242
0.0023250579833984375
0.0025281906127929688
0.004250049591064453
0.004250764846801758
0.004244089126586914
0.004208564758300781
0.004195690155029297
0.004201173782348633
0.004194736480712891
0.004224061965942383
0.0042057037353515625
0.002655506134033203
0.004232645034790039
0.004310131072998047
0.004261970520019531
0.004218339920043945
0.004415750503540039
0.004191398620605469
0.004212141036987305
0.004225492477416992
0.0042912960052490234
0.004233598709106445
0.004221916198730469
0.004502773284912109
0.004436492919921875
0.004218101501464844
0.004309654235839844
0.004186391830444336
0.004248142242431641
0.004235506057739258
0.004197597503662109
0.0041904449462890625
0.00420689582824707
0.004225730895996094
0.004230499267578125
0.004225492477416992
0.004182100296020508
0.004230976104736328
0.004276752471923828
0.004216432571411133
0.004199981689453125
0.004308938980102539
0.004231929779052734
0.004224061965942383
0.004262685775756836
0.004293203353881836
0.00425410270690918
0.004311084747314453
0.004404306411743164
0.004220724105834961
0.004220008850097656
0.0041925907135009766
0.004217624664306641
0.0041964054107666016
0.0042266845703125
0.004294395446777344
0.004299163818359375
0.004446744918823242
0.0043163299560546875
0.004165172576904297
0.004357576370239258
0.00422358512878418
0.004209995269775391
0.00430607795715332
0.004380226135253906
0.00438380241394043
0.004219770431518555
0.004210948944091797
0.004219770431518555
0.00423741340637207
0.004218101501464844
0.004308462142944336
0.00452733039855957
0.0041887760162353516
0.004197835922241211
0.004224538803100586
0.004323482513427734
0.004213571548461914
0.0042705535888671875
0.004262447357177734
0.0041882991790771484
0.004190206527709961
0.0042171478271484375
0.004313230514526367
0.004225730895996094
0.0041692256927490234
0.004183530807495117
0.004212379455566406
0.004227399826049805
0.004189729690551758
0.004245281219482422
0.00426936149597168
0.004235506057739258
0.00426030158996582
0.0041790008544921875
0.004226207733154297
0.002778768539428711
0.004223346710205078
0.004187583923339844
0.004214048385620117
0.002637624740600586
0.004294872283935547
0.00424647331237793
0.004219770431518555
0.0041959285736083984
0.004220247268676758
0.004204988479614258
0.0026383399963378906
0.00429081916809082
0.0023806095123291016
0.004217386245727539
0.004208087921142578
0.0042073726654052734
0.004283428192138672
0.0043621063232421875
0.004558563232421875
0.00432133674621582
0.004526853561401367
0.0042264461517333984
0.004328012466430664
0.004225969314575195
0.0043179988861083984
0.004179716110229492
0.004225015640258789
0.004216909408569336
0.004221916198730469
0.004193782806396484
0.004231929779052734
0.004347801208496094
0.004326343536376953
0.0041961669921875
0.0026786327362060547
0.002388477325439453
0.0026330947875976562
0.002607583999633789
0.0026390552520751953
0.0026700496673583984
0.0026082992553710938
0.002647876739501953
0.0026302337646484375
0.0026226043701171875
0.0026454925537109375
0.0026226043701171875
0.0026178359985351562
0.0026421546936035156
0.0026187896728515625
0.002664327621459961
0.002626657485961914
0.002675294876098633
0.002640247344970703
0.0026454925537109375
0.0026001930236816406
0.0026972293853759766
0.0027456283569335938
0.0027303695678710938
0.002736806869506836
0.0027937889099121094
0.002778291702270508
0.0027010440826416016
0.00278472900390625
0.0027217864990234375
0.002759218215942383
0.002627849578857422
0.0027217864990234375
0.0026962757110595703
0.0026311874389648438
0.002697467803955078
0.002782583236694336
0.00274658203125
0.0026907920837402344
0.0027549266815185547
0.002756357192993164
0.002736806869506836
0.0026001930236816406
0.0026700496673583984
0.002622365951538086
0.0026373863220214844
0.0026352405548095703
0.0027000904083251953
0.002614736557006836
0.002641439437866211
0.002601146697998047
0.0025548934936523438
0.006242990493774414
0.006566524505615234
0.0046656131744384766
0.007746696472167969
0.005992889404296875
0.0057621002197265625
0.008147478103637695
0.00595545768737793
0.006344318389892578
0.004342079162597656
0.005860567092895508
0.008200407028198242
0.006252288818359375
0.007902145385742188
0.00924229621887207
0.00590825080871582
0.007573366165161133
0.009602546691894531
0.00962066650390625
0.009476184844970703
0.004533290863037109
0.00963139533996582
0.006128072738647461
0.009038448333740234
0.00818777084350586
0.007533073425292969
0.009687423706054688
0.004301548004150391
0.0056400299072265625
0.009820699691772461
0.008092641830444336
0.004236698150634766
0.008908987045288086
0.009555578231811523
0.00621485710144043
0.010083436965942383
0.008004903793334961
0.006137847900390625
0.0042612552642822266
0.007813692092895508
0.009816169738769531
0.009924888610839844
0.009421825408935547
0.004377603530883789
0.0041925907135009766
0.007996082305908203
0.004360675811767578
0.005892753601074219
0.008841753005981445
0.006059169769287109
0.005813121795654297
0.009418725967407227
0.006093025207519531
0.00896000862121582
0.009489774703979492
0.007557392120361328
0.009108543395996094
0.009065628051757812
0.005982637405395508
0.0058460235595703125
0.0059299468994140625
0.007997512817382812
0.004400014877319336
0.007452964782714844
0.004289150238037109
0.005609989166259766
0.005712032318115234
0.00563812255859375
0.005842924118041992
0.0058057308197021484
0.00758814811706543
0.00904226303100586
0.00947260856628418
0.009095907211303711
0.005831480026245117
0.005863189697265625
0.008905887603759766
0.0060040950775146484
0.008872509002685547
0.0058345794677734375
0.009492874145507812
0.009258508682250977
0.009039878845214844
0.0057828426361083984
0.005940437316894531
0.00933694839477539
0.0063724517822265625
0.007823467254638672
0.009158849716186523
0.004233837127685547
0.009301900863647461
0.006056785583496094
0.007956981658935547
0.004273891448974609
0.0067942142486572266
0.0027747154235839844
0.00435328483581543
0.00962209701538086
0.004361391067504883
0.0036439895629882812
0.005304574966430664
0.005784749984741211
0.005970954895019531
0.007992744445800781
0.008020639419555664
0.004638195037841797
0.005869626998901367
0.0006151199340820312
0.003873109817504883
0.0038118362426757812
0.003000497817993164
0.0037109851837158203
0.003031015396118164
0.003749370574951172
0.003885507583618164
0.003785848617553711
0.0038437843322753906
0.0037157535552978516
0.0029909610748291016
0.003766775131225586
0.003032207489013672
0.0029137134552001953
0.003779888153076172
0.0029358863830566406
0.00374603271484375
0.0030057430267333984
0.0028944015502929688
0.003625154495239258
0.0029458999633789062
0.0045244693756103516
0.0037462711334228516
0.003766298294067383
0.003868579864501953
0.0030901432037353516
0.0036590099334716797
0.0032706260681152344
0.0032262802124023438
0.002467632293701172
0.003289937973022461
0.003123044967651367
0.002897977828979492
0.003768444061279297
0.0029594898223876953
0.003527402877807617
0.0028531551361083984
0.003554821014404297
0.0029494762420654297
0.00293731689453125
0.0036225318908691406
0.002955913543701172
0.0032219886779785156
0.002373218536376953
0.006143808364868164
0.00752711296081543
0.0045511722564697266
0.006050586700439453
0.00592350959777832
0.005942344665527344
0.008959770202636719
0.004227399826049805
0.007547855377197266
0.007585763931274414
0.003798961639404297
0.009469270706176758
0.004391193389892578
0.009710073471069336
0.0063478946685791016
0.008173465728759766
0.0061643123626708984
0.006079435348510742
0.004523038864135742
0.005815744400024414
0.00935220718383789
0.0035767555236816406
0.0030231475830078125
0.00054931640625
0.002972126007080078
0.0029325485229492188
0.0029048919677734375
0.003729581832885742
0.0024247169494628906
0.0030269622802734375
0.0036237239837646484
0.002972841262817383
0.0029358863830566406
0.003545045852661133
0.0032396316528320312
0.0030715465545654297
0.003986358642578125
0.0033576488494873047
0.003532886505126953
0.0033261775970458984
0.002798795700073242
0.002704620361328125
0.0027768611907958984
0.0028657913208007812
0.00420069694519043
0.0027391910552978516
0.0034186840057373047
0.0033943653106689453
0.0033168792724609375
0.0031960010528564453
0.00394892692565918
0.003435373306274414
0.003373861312866211
0.0026459693908691406
0.004019260406494141
0.003914594650268555
0.0033576488494873047
0.0033614635467529297
0.003359079360961914
0.0033762454986572266
0.003404378890991211
0.0034792423248291016
0.004160165786743164
0.0032711029052734375
0.003289937973022461
0.004983663558959961
0.002765178680419922
0.0039882659912109375
0.0032088756561279297
0.0032308101654052734
0.0027132034301757812
0.0032706260681152344
0.0034024715423583984
0.0033044815063476562
0.0035429000854492188
0.004002094268798828
0.0034637451171875
0.004112720489501953
0.0032575130462646484
0.00267791748046875
0.004159212112426758
0.0033266544342041016
0.003888368606567383
0.004008769989013672
0.0038747787475585938
0.004615306854248047
0.0041124820709228516
0.003300189971923828
0.003370523452758789
0.00420689582824707
0.0039098262786865234
0.0032906532287597656
0.003972768783569336
0.0032303333282470703
0.004188060760498047
0.004481077194213867
0.0034008026123046875
0.0033788681030273438
0.004181623458862305
0.0033113956451416016
0.003972530364990234
0.004026889801025391
0.003544330596923828
0.0026345252990722656
0.003206491470336914
0.0032744407653808594
0.003129243850708008
0.0038187503814697266
0.003894805908203125
0.0032393932342529297
0.0034284591674804688
0.003421783447265625
0.002179384231567383
0.0030121803283691406
0.003749847412109375
0.0021657943725585938
0.0035581588745117188
0.00029397010803222656
0.00018405914306640625
0.00026798248291015625
0.0002799034118652344
0.0015316009521484375
0.0029249191284179688
0.0015766620635986328
0.0028951168060302734
0.0030066967010498047
0.0028243064880371094
0.00159454345703125
0.001554250717163086
0.0015819072723388672
0.001544952392578125
0.0028188228607177734
0.0016062259674072266
0.0028676986694335938
0.001573324203491211
0.0016036033630371094
0.0016705989837646484
0.0030052661895751953
0.002946138381958008
0.0016160011291503906
0.0028641223907470703
0.001631021499633789
0.0016350746154785156
0.0029435157775878906
0.0029382705688476562
0.0016553401947021484
0.0017306804656982422
0.003052234649658203
0.002904653549194336
0.0017273426055908203
0.0030667781829833984
0.002978801727294922
0.0016455650329589844
0.003070831298828125
0.001645803451538086
0.0016129016876220703
0.001638650894165039
0.0016262531280517578
0.0016143321990966797
0.0030488967895507812
0.0030226707458496094
0.0015635490417480469
0.0014934539794921875
0.001535177230834961
0.0028684139251708984
0.0015239715576171875
0.0027742385864257812
0.002839803695678711
0.002782106399536133
0.0015196800231933594
0.0015215873718261719
0.0029714107513427734
0.001522064208984375
0.0015285015106201172
0.001497030258178711
0.002788543701171875
0.002991199493408203
0.0028803348541259766
0.001596212387084961
0.0029480457305908203
0.001550912857055664
0.0015249252319335938
0.0015001296997070312
0.0029129981994628906
0.001577138900756836
0.0014967918395996094
0.0015265941619873047
0.001495361328125
0.002790212631225586
0.0029697418212890625
0.0027921199798583984
0.002968311309814453
0.0015294551849365234
0.001524209976196289
0.0014910697937011719
0.0029442310333251953
0.0028455257415771484
0.0028162002563476562
0.0015063285827636719
0.001644134521484375
0.0028133392333984375
0.0029871463775634766
0.002936840057373047
0.002973794937133789
0.0028018951416015625
0.0028145313262939453
0.0029866695404052734
0.0015590190887451172
0.0027985572814941406
0.002857208251953125
0.0015261173248291016
0.0028426647186279297
0.0028743743896484375
0.002939462661743164
0.001627206802368164
0.0029113292694091797
0.001676797866821289
0.001741647720336914
0.0015861988067626953
0.0029861927032470703
0.00174713134765625
0.0031075477600097656
0.003114461898803711
0.0030498504638671875
0.0028874874114990234
0.0016503334045410156
0.0030984878540039062
0.0016412734985351562
0.0016086101531982422
0.0016357898712158203
0.0029435157775878906
0.001651763916015625
0.0030431747436523438
0.0028493404388427734
0.0016410350799560547
0.0029578208923339844
0.003023862838745117
0.0016164779663085938
0.00289154052734375
0.0015931129455566406
0.0030426979064941406
0.002907276153564453
0.0016148090362548828
0.0029664039611816406
0.0015864372253417969
0.0016064643859863281
0.0028617382049560547
0.0029439926147460938
0.0015606880187988281
0.0029501914978027344
0.0015976428985595703
0.002975940704345703
0.002846240997314453
0.0028226375579833984
0.0015797615051269531
0.0015873908996582031
0.0015549659729003906
0.0028727054595947266
0.003097057342529297
0.0016837120056152344
0.001627206802368164
0.0025284290313720703
0.002532958984375
0.002583026885986328
0.0025327205657958984
0.002519369125366211
0.0025272369384765625
0.002526521682739258
0.0025641918182373047
0.0026078224182128906
0.0024085044860839844
0.0024018287658691406
0.0024268627166748047
0.002371072769165039
0.002371072769165039
0.002400636672973633
0.0023415088653564453
0.0024869441986083984
0.002371072769165039
0.0023283958435058594
0.0023801326751708984
0.0023245811462402344
0.0010771751403808594
0.0019152164459228516
0.003322601318359375
0.0028662681579589844
0.0014379024505615234
0.001363992691040039
0.0010538101196289062
0.0015952587127685547
0.0017428398132324219
0.0015978813171386719
0.002893686294555664
0.0016908645629882812
0.003061532974243164
0.002905607223510742
0.0015895366668701172
0.0023984909057617188
0.0032868385314941406
0.0016109943389892578
0.003082275390625
0.002166271209716797
0.001531362533569336
0.0018618106842041016
0.0028603076934814453
0.0016334056854248047
0.0015578269958496094
0.0015106201171875
0.0015382766723632812
0.0016887187957763672
0.0016298294067382812
0.002736330032348633
0.0015537738800048828
0.0016832351684570312
0.0031397342681884766
0.0015583038330078125
0.001600027084350586
0.002958536148071289
0.0029625892639160156
0.0016744136810302734
0.0015795230865478516
0.0015916824340820312
0.0015614032745361328
0.001600503921508789
0.0015833377838134766
0.0030205249786376953
0.001600503921508789
0.0027785301208496094
0.0014674663543701172
0.0029218196868896484
0.0030198097229003906
0.0015277862548828125
0.0014650821685791016
0.0014951229095458984
0.0014514923095703125
0.0014955997467041016
0.0016446113586425781
0.0027124881744384766
0.002893686294555664
0.0014908313751220703
0.002729177474975586
0.0016129016876220703
0.0015864372253417969
0.0015828609466552734
0.0015861988067626953
0.00279998779296875
0.0015652179718017578
0.001577615737915039
0.002804279327392578
0.0028183460235595703
0.0028617382049560547
0.002828359603881836
0.0015997886657714844
0.003048419952392578
0.0028045177459716797
0.0028319358825683594
0.001567840576171875
0.0015287399291992188
0.0016067028045654297
0.0029315948486328125
0.0028667449951171875
0.0027849674224853516
0.0015125274658203125
0.0031201839447021484
0.0024576187133789062
0.0024144649505615234
0.002501249313354492
0.002489328384399414
0.002603292465209961
0.0025031566619873047
0.0025262832641601562
0.002471923828125
0.0026514530181884766
0.0022995471954345703
0.00266265869140625
0.0013654232025146484
0.0010058879852294922
0.0017240047454833984
0.0016951560974121094
0.002201557159423828
0.0019779205322265625
0.003173351287841797
0.0034465789794921875
0.0016524791717529297
0.00032258033752441406
0.0028221607208251953
0.002903461456298828
0.0015981197357177734
0.0029523372650146484
0.0030112266540527344
0.002960681915283203
0.0016057491302490234
0.003057718276977539
0.0016295909881591797
0.0030045509338378906
0.0016357898712158203
0.0016090869903564453
0.002949237823486328
0.0018584728240966797
0.0029668807983398438
0.0015423297882080078
0.0016374588012695312
0.0018069744110107422
0.0018107891082763672
0.003068208694458008
0.003071308135986328
0.0017113685607910156
0.0015034675598144531
0.0028939247131347656
0.0017366409301757812
0.0017552375793457031
0.0018534660339355469
0.0031425952911376953
0.0016705989837646484
0.0016474723815917969
0.003011465072631836
0.003020048141479492
0.0016312599182128906
0.002795696258544922
0.0015904903411865234
0.0031189918518066406
0.0015828609466552734
0.0030264854431152344
0.002552032470703125
0.002478361129760742
0.0023517608642578125
0.0024001598358154297
0.0023467540740966797
0.002327442169189453
0.0024001598358154297
0.0023458003997802734
0.0010840892791748047
0.0030698776245117188
0.0019276142120361328
0.0018703937530517578
0.001375436782836914
0.0016140937805175781
0.002864360809326172
0.0015604496002197266
0.00159454345703125
0.0024008750915527344
0.003375530242919922
0.001531362533569336
0.0015358924865722656
0.0034656524658203125
0.00170135498046875
0.001149892807006836
0.002780437469482422
0.0028600692749023438
0.0028684139251708984
0.0016357898712158203
0.0016102790832519531
0.003017425537109375
0.0014798641204833984
0.0032575130462646484
0.0014803409576416016
0.001583099365234375
0.0029914379119873047
0.0019142627716064453
0.0015249252319335938
0.0015461444854736328
0.0027875900268554688
0.002750873565673828
0.00247955322265625
0.0024476051330566406
0.002355337142944336
0.001386880874633789
0.0010221004486083984
0.0035026073455810547
0.003152132034301758
0.0036401748657226562
0.002149343490600586
0.001649618148803711
0.003414154052734375
0.0019156932830810547
0.0035674571990966797
0.0019397735595703125
0.0029382705688476562
0.0016090869903564453
0.00027751922607421875
0.002757549285888672
0.002835512161254883
0.001560211181640625
0.0015251636505126953
0.001523733139038086
0.0015680789947509766
0.0015230178833007812
0.002989530563354492
0.0015690326690673828
0.0015230178833007812
0.0028319358825683594
0.0015985965728759766
0.001560211181640625
0.0028944015502929688
0.0015134811401367188
0.0014657974243164062
0.0027632713317871094
0.0028839111328125
0.0014646053314208984
0.0014774799346923828
0.0027091503143310547
0.001504659652709961
0.001463174819946289
0.0014824867248535156
0.0028247833251953125
0.0014908313751220703
0.002814769744873047
0.0015103816986083984
0.002804994583129883
0.0015246868133544922
0.0014722347259521484
0.002820253372192383
0.0030095577239990234
0.0030608177185058594
0.0016694068908691406
0.0015456676483154297
0.0016033649444580078
0.0030913352966308594
0.0030791759490966797
0.0016808509826660156
0.003114461898803711
0.0016448497772216797
0.0015299320220947266
0.003022432327270508
0.003029346466064453
0.003061532974243164
0.001682281494140625
0.002974987030029297
0.002794981002807617
0.0015110969543457031
0.0015108585357666016
0.0029447078704833984
0.0028095245361328125
0.0027801990509033203
0.0015366077423095703
0.0025336742401123047
0.0025701522827148438
0.002454042434692383
0.002332925796508789
0.0011200904846191406
0.0031142234802246094
0.0015468597412109375
0.0028319358825683594
0.0026674270629882812
0.0013937950134277344
0.0015151500701904297
0.0030736923217773438
0.0015747547149658203
0.0023260116577148438
0.0023140907287597656
0.0010335445404052734
0.0018467903137207031
0.0016067028045654297
0.0013964176177978516
0.0010056495666503906
0.0014400482177734375
0.002899169921875
0.0014688968658447266
0.0017695426940917969
0.001986265182495117
0.0027561187744140625
0.0015649795532226562
0.0027811527252197266
0.001506805419921875
0.002928495407104492
0.0015311241149902344
0.0015096664428710938
0.0027954578399658203
0.002802133560180664
0.001466512680053711
0.0014050006866455078
0.0014014244079589844
0.0014467239379882812
0.0028481483459472656
0.002709627151489258
0.0015172958374023438
0.0027010440826416016
0.001439809799194336
0.0028471946716308594
0.002885103225708008
0.0014455318450927734
0.002827882766723633
0.002928495407104492
0.002776622772216797
0.001514434814453125
0.0015361309051513672
0.0014698505401611328
0.002752065658569336
0.0027167797088623047
0.0023539066314697266
0.0024428367614746094
0.0024368762969970703
0.0028078556060791016
0.002434968948364258
0.002315044403076172
0.0010001659393310547
0.0023345947265625
0.0021440982818603516
0.0021126270294189453
0.0016677379608154297
0.0016665458679199219
0.0021326541900634766
0.002114534378051758
0.0021064281463623047
0.002101421356201172
0.001613616943359375
0.0021505355834960938
0.002114534378051758
0.0021109580993652344
0.0016100406646728516
0.0021584033966064453
0.002109527587890625
0.002111196517944336
0.002118349075317383
0.0020956993103027344
0.0016639232635498047
0.0021293163299560547
0.0021295547485351562
0.0020952224731445312
0.0020995140075683594
0.0016584396362304688
0.002086639404296875
0.002095937728881836
0.0020732879638671875
0.0017719268798828125
0.002099752426147461
0.0020933151245117188
0.002091646194458008
0.002170562744140625
0.001605987548828125
0.0021104812622070312
0.002088308334350586
0.0016486644744873047
0.0016300678253173828
0.0021402835845947266
0.0021190643310546875
0.0021016597747802734
0.0021028518676757812
0.0016620159149169922
0.0021283626556396484
0.0016326904296875
0.0021674633026123047
0.0020804405212402344
0.002208232879638672
0.0016274452209472656
0.0016644001007080078
0.0024406909942626953
0.0022125244140625
0.00218963623046875
0.0023584365844726562
0.0024290084838867188
0.0023005008697509766
0.002370595932006836
0.0021975040435791016
0.0021262168884277344
0.0020895004272460938
0.0020787715911865234
0.0016429424285888672
0.0016252994537353516
0.001641988754272461
0.0016396045684814453
0.0021409988403320312
0.0022242069244384766
0.0020809173583984375
0.0016291141510009766
0.002132415771484375
0.002080678939819336
0.0013544559478759766
0.0014252662658691406
0.0013797283172607422
0.001432657241821289
0.0012593269348144531
0.006486654281616211
0.0028104782104492188
0.0059871673583984375
0.00650787353515625
0.006581783294677734
0.0028352737426757812
0.006334543228149414
0.002783060073852539
0.006354331970214844
0.0064699649810791016
0.006371736526489258
0.0027921199798583984
0.0063893795013427734
0.006047964096069336
0.006048917770385742
0.0060977935791015625
0.006133317947387695
0.0064697265625
0.0027904510498046875
0.0063228607177734375
0.0027952194213867188
0.0064868927001953125
0.0028295516967773438
0.002292633056640625
0.006354331970214844
0.006344795227050781
0.0028362274169921875
0.006326913833618164
0.006400346755981445
0.0028204917907714844
0.006429910659790039
0.006342172622680664
0.006376504898071289
0.0028874874114990234
0.0059545040130615234
0.0061168670654296875
0.005954742431640625
0.002347707748413086
0.006566286087036133
0.0028371810913085938
0.0065424442291259766
0.006701231002807617
0.006803274154663086
0.006560802459716797
0.00637507438659668
0.006359577178955078
0.0064661502838134766
0.006531715393066406
0.004232645034790039
0.005979299545288086
0.00595402717590332
0.005936145782470703
0.005956172943115234
0.0059719085693359375
0.00611567497253418
0.002340078353881836
0.004591464996337891
0.00278472900390625
0.006356239318847656
0.0027725696563720703
0.006351470947265625
0.005997180938720703
0.00637364387512207
0.00644993782043457
0.0024194717407226562
0.0028531551361083984
0.002796173095703125
0.002734661102294922
0.0063321590423583984
0.005955696105957031
0.0023376941680908203
0.0023522377014160156
0.006368160247802734
0.006513357162475586
0.006737947463989258
0.0047724246978759766
0.007150173187255859
0.006316661834716797
0.006335735321044922
0.006186008453369141
0.006022214889526367
0.002400636672973633
0.0024421215057373047
0.006580352783203125
0.006436347961425781
0.0029184818267822266
0.0064547061920166016
0.0028188228607177734
0.0059659481048583984
0.006114482879638672
0.0023522377014160156
0.006353616714477539
0.0063991546630859375
0.006443500518798828
0.003899812698364258
0.005758047103881836
0.005743980407714844
0.005702018737792969
0.0056726932525634766
0.00610804557800293
0.002145528793334961
0.005650043487548828
0.005682229995727539
0.005732536315917969
0.005646228790283203
0.005683422088623047
0.0056743621826171875
0.005650758743286133
0.00568079948425293
0.005679130554199219
0.0056247711181640625
0.0039408206939697266
0.0020685195922851562
0.002070188522338867
0.005666971206665039
0.005692720413208008
0.005700826644897461
0.00577235221862793
0.0056726932525634766
0.005815744400024414
0.0056612491607666016
0.005666971206665039
0.0057985782623291016
0.002045154571533203
0.0026302337646484375
0.002672433853149414
0.0027425289154052734
0.0027990341186523438
0.002633333206176758
0.0026845932006835938
0.0026292800903320312
0.0026035308837890625
0.0026481151580810547
0.0026519298553466797
0.0026369094848632812
0.0027272701263427734
0.0026428699493408203
0.002610445022583008
0.002651691436767578
0.0027022361755371094
0.002017498016357422
0.012594223022460938
0.004553794860839844
0.004965782165527344
0.006519794464111328
0.00655055046081543
0.011664628982543945
0.009495258331298828
0.006475925445556641
0.004831552505493164
0.015054702758789062
0.01580667495727539
0.01123952865600586
0.008944988250732422
0.015539884567260742
0.00887751579284668
0.008028507232666016
0.006418943405151367
0.01109457015991211
0.008483171463012695
0.004883289337158203
0.011572122573852539
0.006838083267211914
0.0048754215240478516
0.011408090591430664
0.006540775299072266
0.004851102828979492
0.004647016525268555
0.0035686492919921875
0.014769315719604492
0.010415792465209961
0.007162332534790039
0.010634422302246094
0.015607833862304688
0.005858898162841797
0.011223554611206055
0.015011072158813477
0.01637101173400879
0.009229898452758789
0.009717941284179688
0.010203123092651367
0.007660627365112305
0.004518032073974609
0.010335445404052734
0.007675886154174805
0.002834320068359375
0.01464533805847168
0.011707305908203125
0.013622283935546875
0.012929916381835938
0.015908241271972656
0.012787580490112305
0.011257648468017578
0.007501125335693359
0.008123159408569336
0.006022930145263672
0.008968114852905273
0.008409976959228516
0.008327007293701172
0.008487939834594727
0.002397298812866211
0.010358810424804688
0.009155988693237305
0.01212453842163086
0.005942821502685547
0.011623144149780273
0.007710933685302734
0.010653495788574219
0.012645483016967773
0.008815526962280273
0.006582736968994141
0.004893779754638672
0.0157167911529541
0.010440826416015625
0.004422903060913086
0.0035123825073242188
0.012834548950195312
0.011062145233154297
0.00641942024230957
0.006814479827880859
0.013314962387084961
0.008270502090454102
0.008792400360107422
0.0065805912017822266
0.0031423568725585938
0.010769844055175781
0.004450559616088867
0.015869617462158203
0.010854959487915039
0.007041215896606445
0.014727592468261719
0.0050885677337646484
0.0027854442596435547
0.009003400802612305
0.0037386417388916016
0.007916688919067383
0.011794090270996094
0.010387897491455078
0.008478879928588867
0.005203962326049805
0.007322549819946289
0.009477376937866211
0.009711742401123047
0.005883932113647461
0.005891323089599609
0.0027954578399658203
0.0029523372650146484
0.002956390380859375
0.009444713592529297
0.005707740783691406
0.00765228271484375
0.007893562316894531
0.009346723556518555
0.015526056289672852
0.00779271125793457
0.007480144500732422
0.009485960006713867
0.009504318237304688
0.007056236267089844
0.002863645553588867
0.002744913101196289
0.0030121803283691406
0.0036153793334960938
0.0027756690979003906
0.0021767616271972656
0.009714126586914062
0.009940385818481445
0.0009641647338867188
0.007500886917114258
0.00946497917175293
0.0073320865631103516
0.00982522964477539
0.00761866569519043
0.007838249206542969
0.0036742687225341797
0.0037772655487060547
0.0034601688385009766
0.002780437469482422
0.0029370784759521484
0.003063201904296875
0.0032770633697509766
0.002426624298095703
0.0036122798919677734
0.0034079551696777344
0.003711223602294922
0.003780841827392578
0.0042264461517333984
0.0037097930908203125
0.0036230087280273438
0.004253387451171875
0.0036182403564453125
0.0036842823028564453
0.004320383071899414
0.004159212112426758
0.004304647445678711
0.0036780834197998047
0.003670930862426758
0.0029571056365966797
0.0028467178344726562
0.002841472625732422
0.0038385391235351562
0.002957582473754883
0.002915620803833008
0.0037190914154052734
0.00940394401550293
0.007289886474609375
0.003845691680908203
0.00400233268737793
0.004738807678222656
0.002440214157104492
0.0038154125213623047
0.008599281311035156
0.0025327205657958984
0.009774923324584961
0.0064547061920166016
0.004750251770019531
0.002576112747192383
0.003133058547973633
0.0031392574310302734
0.008850812911987305
0.0007965564727783203
0.008565664291381836
0.009217023849487305
0.0064318180084228516
0.009147167205810547
0.006724357604980469
0.004769802093505859
0.0006232261657714844
0.0037703514099121094
0.0031442642211914062
0.002311229705810547
0.0026030540466308594
0.003230571746826172
0.004733562469482422
0.009757518768310547
0.0066602230072021484
0.006485462188720703
0.006717205047607422
0.00475764274597168
0.006554126739501953
0.006487131118774414
0.00473785400390625
0.008952140808105469
0.004027843475341797
0.0030736923217773438
0.008705615997314453
0.006966590881347656
0.00567173957824707
0.009187936782836914
0.007349252700805664
0.005794048309326172
0.007284402847290039
0.005845546722412109
0.006422758102416992
0.008870601654052734
0.009423494338989258
0.00641632080078125
0.009393930435180664
0.00908041000366211
0.004469156265258789
0.0028829574584960938
0.0022895336151123047
0.003855466842651367
0.0034325122833251953
0.003869771957397461
0.002489328384399414
0.0037565231323242188
0.0031194686889648438
0.00910043716430664
0.006438732147216797
0.009543895721435547
0.0057220458984375
0.008907079696655273
0.00738215446472168
0.006591081619262695
0.008867979049682617
0.006687641143798828
0.004859447479248047
0.0022840499877929688
0.008627653121948242
0.008676767349243164
0.0065801143646240234
0.003664255142211914
0.009328603744506836
0.0075109004974365234
0.007387876510620117
0.0046253204345703125
0.0029442310333251953
0.003036975860595703
0.0037965774536132812
0.0030031204223632812
0.002905607223510742
0.0025587081909179688
0.0025055408477783203
0.002633333206176758
0.003300189971923828
0.0018146038055419922
0.00916910171508789
0.009026288986206055
0.007416486740112305
0.007047414779663086
0.0059642791748046875
0.00882577896118164
0.006543636322021484
0.008845329284667969
0.0028901100158691406
0.0024988651275634766
0.005880117416381836
0.00901341438293457
0.007389068603515625
0.003765583038330078
0.0028781890869140625
0.00864720344543457
0.006461381912231445
0.004815340042114258
0.0065953731536865234
0.009186983108520508
0.0038673877716064453
0.0038039684295654297
0.011494636535644531
0.002584695816040039
0.003265380859375
0.00932931900024414
0.009046077728271484
0.007422208786010742
0.002559185028076172
0.00680088996887207
0.008834362030029297
0.009364843368530273
0.007573127746582031
0.004803180694580078
0.0061414241790771484
0.002662181854248047
0.003215312957763672
0.002317667007446289
0.002591371536254883
0.002641916275024414
0.0025713443756103516
0.0032422542572021484
0.0038123130798339844
0.003935098648071289
0.006869316101074219
0.008294105529785156
0.005887746810913086
0.009146928787231445
0.0047454833984375
0.00731205940246582
0.006404399871826172
0.006027698516845703
0.00755000114440918
0.009269952774047852
0.006971836090087891
0.004785060882568359
0.005936861038208008
0.008713245391845703
0.004794597625732422
0.002527475357055664
0.0024232864379882812
0.0038590431213378906
0.0029382705688476562
0.003326416015625
0.0031957626342773438
0.0025742053985595703
0.0026655197143554688
0.0066280364990234375
0.007481813430786133
0.005744457244873047
0.0022721290588378906
0.004813194274902344
0.006466865539550781
0.002412557601928711
0.0023565292358398438
0.00226593017578125
0.0022759437561035156
0.0030722618103027344
0.00229644775390625
0.0031125545501708984
0.002573728561401367
0.002400636672973633
0.002374410629272461
0.0017046928405761719
0.0032715797424316406
0.002735614776611328
0.0023186206817626953
0.0017087459564208984
0.0028891563415527344
0.0029489994049072266
0.002172231674194336
0.0029401779174804688
0.003027200698852539
0.0022666454315185547
0.0028831958770751953
0.0024747848510742188
0.002965688705444336
0.00232696533203125
0.0022552013397216797
0.0022919178009033203
0.0031185150146484375
0.0022792816162109375
0.0030393600463867188
0.0029888153076171875
0.0030002593994140625
0.0025506019592285156
0.002414703369140625
0.002370119094848633
0.0016939640045166016
0.0025298595428466797
0.0030393600463867188
0.002227306365966797
0.002283811569213867
0.002997875213623047
0.0023305416107177734
0.0022792816162109375
0.002473592758178711
0.0016069412231445312
0.002387523651123047
0.0016980171203613281
0.002397775650024414
0.0007603168487548828
0.0027451515197753906
0.0023186206817626953
0.003148317337036133
0.0029757022857666016
0.0029840469360351562
0.0032300949096679688
0.0023806095123291016
0.002279520034790039
0.0029211044311523438
0.0022711753845214844
0.0031287670135498047
0.002362966537475586
0.002344369888305664
0.002959012985229492
0.0023431777954101562
0.00251007080078125
0.0016937255859375
0.003020048141479492
0.002153635025024414
0.0024809837341308594
0.0022656917572021484
0.002431631088256836
0.0023212432861328125
0.0031065940856933594
0.0031707286834716797
0.0007460117340087891
0.0019898414611816406
0.002256631851196289
0.0021409988403320312
0.002131223678588867
0.002140522003173828
0.002125263214111328
0.0030694007873535156
0.0022170543670654297
0.00222015380859375
0.002164602279663086
0.0021867752075195312
0.0023517608642578125
0.0024013519287109375
0.0022346973419189453
0.0022814273834228516
0.0015273094177246094
0.0019345283508300781
0.0019192695617675781
0.0022614002227783203
0.0027997493743896484
0.002923727035522461
0.0027353763580322266
0.002779722213745117
0.0021753311157226562
0.002804279327392578
0.002920866012573242
0.002778768539428711
0.0028388500213623047
0.00632476806640625
0.006296396255493164
0.0061647891998291016
0.0061833858489990234
0.006232738494873047
0.0020728111267089844
0.006217002868652344
0.0042455196380615234
0.006168842315673828
0.006219625473022461
0.006188392639160156
0.0020639896392822266
0.006223917007446289
0.006085872650146484
0.0060062408447265625
0.006079435348510742
0.005953788757324219
0.006030082702636719
0.006155252456665039
0.005994558334350586
0.006125688552856445
0.00611567497253418
0.006010770797729492
0.006197452545166016
0.0020749568939208984
0.006044626235961914
0.0020325183868408203
0.006041526794433594
0.005957841873168945
0.0059850215911865234
0.005940437316894531
0.0060079097747802734
0.005967140197753906
0.006013631820678711
0.005965232849121094
0.0061016082763671875
0.0020351409912109375
0.005990743637084961
0.004066944122314453
0.006143093109130859
0.006223917007446289
0.006015777587890625
0.006005048751831055
0.006002664566040039
0.0059740543365478516
0.005976676940917969
0.006101131439208984
0.0059812068939208984
0.005990505218505859
0.00581669807434082
0.0058441162109375
0.005707740783691406
0.005734443664550781
0.005701780319213867
0.0060002803802490234
0.005965709686279297
0.00600743293762207
0.00592803955078125
0.005912303924560547
0.005933284759521484
0.00601649284362793
0.005968809127807617
0.0059757232666015625
0.0020406246185302734
0.00601959228515625
0.004069805145263672
0.005942344665527344
0.005939006805419922
0.006029844284057617
0.006073474884033203
0.006181240081787109
0.006083011627197266
0.006044149398803711
0.006100893020629883
0.006048440933227539
0.006177186965942383
0.00613856315612793
0.006173849105834961
0.00618290901184082
0.006168842315673828
0.006204843521118164
0.006158113479614258
0.006171464920043945
0.006171226501464844
0.006240367889404297
0.006167888641357422
0.005979061126708984
0.005990743637084961
0.006026268005371094
0.005986928939819336
0.0060536861419677734
0.006263256072998047
0.0020542144775390625
0.006035566329956055
0.006098031997680664
0.0042498111724853516
0.0063054561614990234
0.0060541629791259766
0.006211519241333008
0.006062984466552734
0.006053924560546875
0.006012916564941406
0.0020902156829833984
0.006089210510253906
0.005953073501586914
0.005996227264404297
0.00597691535949707
0.006046772003173828
0.006171464920043945
0.0061130523681640625
0.005936145782470703
0.002048492431640625
0.00208282470703125
0.005984306335449219
0.0060389041900634766
0.002019166946411133
0.005969524383544922
0.0059740543365478516
0.005972385406494141
0.005991458892822266
0.0020470619201660156
0.00606536865234375
0.005972146987915039
0.0020294189453125
0.006203651428222656
0.002016782760620117
0.002051115036010742
0.006010293960571289
0.0059473514556884766
0.006052970886230469
0.0060596466064453125
0.006022930145263672
0.006059169769287109
0.006189823150634766
0.006043672561645508
0.005970478057861328
0.00600433349609375
0.004071474075317383
0.005944967269897461
0.005952596664428711
0.001989126205444336
0.0019140243530273438
0.005678653717041016
0.005685567855834961
0.0020399093627929688
0.004000425338745117
0.0058748722076416016
0.005956172943115234
0.0061609745025634766
0.005980014801025391
0.002040863037109375
0.006181478500366211
0.0019693374633789062
0.005894899368286133
0.002057790756225586
0.005938529968261719
0.0019643306732177734
0.001870870590209961
0.005626678466796875
0.005653858184814453
0.005569934844970703
0.0020117759704589844
0.0059511661529541016
0.002025604248046875
0.0022623538970947266
0.0023038387298583984
0.002314329147338867
0.0022742748260498047
0.0022573471069335938
0.002245187759399414
0.002263784408569336
0.0022521018981933594
0.0022547245025634766
0.0022385120391845703
0.002277374267578125
0.0022623538970947266
0.002251863479614258
0.0022711753845214844
0.0022802352905273438
0.0022563934326171875
0.0022602081298828125
0.0022678375244140625
0.0022897720336914062
0.0022573471069335938
0.002260446548461914
0.0023794174194335938
0.002270936965942383
0.002317667007446289
0.002257108688354492
0.002285003662109375
0.0022759437561035156
0.0022628307342529297
0.0022957324981689453
0.002252817153930664
0.0022385120391845703
0.0022492408752441406
0.0022935867309570312
0.0023093223571777344
0.0022497177124023438
0.0023925304412841797
0.0022699832916259766
0.002262115478515625
0.002262115478515625
0.0022826194763183594
0.0022552013397216797
0.0022487640380859375
0.0023512840270996094
0.0023016929626464844
0.002274036407470703
0.0022754669189453125
0.0022826194763183594
0.0022478103637695312
0.002237558364868164
0.0022873878479003906
0.002279043197631836
0.0023071765899658203
0.002267122268676758
0.002321958541870117
0.002253293991088867
0.002255678176879883
0.002295255661010742
0.002309560775756836
0.002263307571411133
0.002354145050048828
0.00231170654296875
0.002347230911254883
0.0023915767669677734
0.002317190170288086
0.002318859100341797
0.0023870468139648438
0.0023071765899658203
0.0023233890533447266
0.002338886260986328
0.0022737979888916016
0.0023200511932373047
0.0023419857025146484
0.0023348331451416016
0.002313375473022461
0.002319812774658203
0.002271890640258789
0.001909017562866211
0.005732297897338867
0.009036779403686523
0.0042057037353515625
0.00430607795715332
0.010598897933959961
0.01052999496459961
0.006285190582275391
0.0024695396423339844
0.0057544708251953125
0.006052255630493164
0.005627870559692383
0.008902311325073242
0.00811457633972168
0.0006718635559082031
0.003975868225097656
0.0024445056915283203
0.0061266422271728516
0.008430719375610352
0.010194778442382812
0.007927417755126953
0.004242897033691406
0.0105438232421875
0.00617218017578125
0.010367393493652344
0.006105899810791016
0.010162353515625
0.007991313934326172
0.010468006134033203
0.0039365291595458984
0.0034716129302978516
0.002427816390991211
0.0027434825897216797
0.006051301956176758
0.002313852310180664
0.007965564727783203
0.010107755661010742
0.00839996337890625
0.010312080383300781
0.009982109069824219
0.006511211395263672
0.008384943008422852
0.007940053939819336
0.008515119552612305
0.0030312538146972656
0.003186464309692383
0.004153728485107422
0.002414703369140625
0.0026750564575195312
0.0032324790954589844
0.009125947952270508
0.007344722747802734
0.006333351135253906
0.009775876998901367
0.010231494903564453
0.010217428207397461
0.007612943649291992
0.00949406623840332
0.010034561157226562
0.010324239730834961
0.010940790176391602
0.010048151016235352
0.006097316741943359
0.008471250534057617
0.01070094108581543
0.00783228874206543
0.008249521255493164
0.009943246841430664
0.009948253631591797
0.007764339447021484
0.008059978485107422
0.008095979690551758
0.005845069885253906
0.010575294494628906
0.008020639419555664
0.0074310302734375
0.003968238830566406
0.0038051605224609375
0.0032215118408203125
0.004179954528808594
0.0026285648345947266
0.00323486328125
0.002754688262939453
0.007113933563232422
0.008936643600463867
0.006117343902587891
0.007935285568237305
0.007579326629638672
0.005456686019897461
0.00831294059753418
0.005747556686401367
0.00564885139465332
0.006220340728759766
0.009700536727905273
0.008540868759155273
0.008020877838134766
0.009651660919189453
0.009926795959472656
0.008591651916503906
0.007822990417480469
0.007231473922729492
0.008069992065429688
0.010793924331665039
0.008917093276977539
0.008344173431396484
0.0077207088470458984
0.008167266845703125
0.008203744888305664
0.0077686309814453125
0.009039163589477539
0.0041179656982421875
0.0024738311767578125
0.002794981002807617
0.0038306713104248047
0.0034661293029785156
0.0020372867584228516
0.007867813110351562
0.005990505218505859
0.0062961578369140625
0.009800195693969727
0.008219003677368164
0.0072481632232666016
0.010023832321166992
0.008387327194213867
0.008783578872680664
0.003896474838256836
0.004009723663330078
0.003962516784667969
0.003979921340942383
0.003064870834350586
0.003097057342529297
0.003818511962890625
0.002638578414916992
0.002644062042236328
0.002594470977783203
0.001901388168334961
0.007529497146606445
0.008538007736206055
0.007924318313598633
0.007688045501708984
0.007766246795654297
0.007994890213012695
0.009642839431762695
0.007795572280883789
0.002003908157348633
0.00831747055053711
0.007654428482055664
0.002991914749145508
0.0038013458251953125
0.009719610214233398
0.009894371032714844
0.010148048400878906
0.006957292556762695
0.0030698776245117188
0.0023131370544433594
0.0038433074951171875
0.005998849868774414
0.009559869766235352
0.003113985061645508
0.00397944450378418
0.003892660140991211
0.008970499038696289
0.003116130828857422
0.0039517879486083984
0.008235692977905273
0.006228923797607422
0.008356094360351562
0.007924079895019531
0.008550882339477539
0.00851750373840332
0.005994558334350586
0.007230281829833984
0.00776982307434082
0.005494832992553711
0.004178047180175781
0.00896453857421875
0.004170417785644531
0.002579927444458008
0.0027532577514648438
0.010231256484985352
0.003811359405517578
0.010094404220581055
0.007533550262451172
0.0029141902923583984
0.006943702697753906
0.009825706481933594
0.009773731231689453
0.009872198104858398
0.007371425628662109
0.003066539764404297
0.0031549930572509766
0.003170013427734375
0.0023429393768310547
0.004001140594482422
0.0031380653381347656
0.008551359176635742
0.0019326210021972656
0.0060880184173583984
0.0033524036407470703
0.003861665725708008
0.0076258182525634766
0.004074573516845703
0.008012533187866211
0.008111238479614258
0.0072214603424072266
0.00399327278137207
0.002320528030395508
0.005978107452392578
0.0023126602172851562
0.0036013126373291016
0.003018617630004883
0.0030455589294433594
0.0021724700927734375
0.0029153823852539062
0.0028815269470214844
0.0029144287109375
0.0028896331787109375
0.002994060516357422
0.002735137939453125
0.0028765201568603516
0.0030012130737304688
0.0022842884063720703
0.0029587745666503906
0.00302886962890625
0.003632783889770508
0.0037505626678466797
0.0006279945373535156
0.0029447078704833984
0.0027866363525390625
0.002965211868286133
0.003630399703979492
0.002867460250854492
0.0028808116912841797
0.0029523372650146484
0.003073453903198242
0.003107309341430664
0.002184629440307617
0.003709077835083008
0.003039121627807617
0.003654956817626953
0.0029947757720947266
0.003627300262451172
0.0030145645141601562
0.003713846206665039
0.003590106964111328
0.0029020309448242188
0.002946138381958008
0.0035800933837890625
0.003086090087890625
0.002997159957885742
0.0030133724212646484
0.003051280975341797
0.0037233829498291016
0.002349853515625
0.003885507583618164
0.0030128955841064453
0.00279998779296875
0.002279043197631836
0.003698587417602539
0.0038576126098632812
0.00286865234375
0.0029265880584716797
0.0035707950592041016
0.003639698028564453
0.0035033226013183594
0.0028963088989257812
0.0036182403564453125
0.0038270950317382812
0.002931833267211914
0.0022509098052978516
0.0029642581939697266
0.0034627914428710938
0.002288818359375
0.0030472278594970703
0.002249002456665039
0.0030219554901123047
0.003071308135986328
0.003606557846069336
0.003659963607788086
0.002939462661743164
0.0031604766845703125
0.0037195682525634766
0.0037543773651123047
0.003011465072631836
0.0030291080474853516
0.003950357437133789
0.00299835205078125
0.002979755401611328
0.0030510425567626953
0.0038268566131591797
0.004029273986816406
0.002886056900024414
0.0028786659240722656
0.0028879642486572266
0.0037305355072021484
0.0028836727142333984
0.003757953643798828
0.0028700828552246094
0.003938436508178711
0.0038263797760009766
0.003865957260131836
0.0029001235961914062
0.002904176712036133
0.003026247024536133
0.004087686538696289
0.004040718078613281
0.00403141975402832
0.0029706954956054688
0.0029790401458740234
0.002925872802734375
0.003934621810913086
0.00330352783203125
0.0033254623413085938
0.0032155513763427734
0.0032503604888916016
0.002333402633666992
0.004002571105957031
0.003970146179199219
0.0025763511657714844
0.002499818801879883
0.002572298049926758
0.003256559371948242
0.0032482147216796875
0.0019142627716064453
0.0030574798583984375
0.0032575130462646484
0.003293752670288086
0.0032668113708496094
0.0033006668090820312
0.002527952194213867
0.0031151771545410156
0.0031592845916748047
0.0015764236450195312
0.001611948013305664
0.0030295848846435547
0.0029697418212890625
0.0007472038269042969
0.0002906322479248047
0.003102540969848633
0.0021800994873046875
0.002213001251220703
0.0024073123931884766
0.0024204254150390625
0.001613616943359375
0.00177764892578125
0.0018427371978759766
0.0024704933166503906
0.0007319450378417969
0.0032889842987060547
0.0003447532653808594
0.0002856254577636719
0.0031113624572753906
0.00321197509765625
0.003131866455078125
0.002292633056640625
0.0031816959381103516
0.003227710723876953
0.0021703243255615234
0.003045797348022461
0.0022940635681152344
0.003225088119506836
0.0025589466094970703
0.0024271011352539062
0.0016331672668457031
0.00186920166015625
0.0030519962310791016
0.001912832260131836
0.0029685497283935547
0.0025115013122558594
0.0015687942504882812
0.0021584033966064453
0.0030164718627929688
0.0023152828216552734
0.0024394989013671875
0.003203868865966797
0.002240419387817383
0.0021538734436035156
0.002177715301513672
0.003083944320678711
0.0030612945556640625
0.0032269954681396484
0.003192424774169922
0.0023081302642822266
0.0023450851440429688
0.0033111572265625
0.002251148223876953
0.0024094581604003906
0.001583099365234375
0.0019135475158691406
0.0018725395202636719
0.0017800331115722656
0.0031156539916992188
0.002403736114501953
0.003498554229736328
0.0031082630157470703
0.002298116683959961
0.0031757354736328125
0.0023779869079589844
0.0032739639282226562
0.0021715164184570312
0.0021538734436035156
0.0021703243255615234
0.0031790733337402344
0.003111124038696289
0.0032444000244140625
0.0031156539916992188
0.00316619873046875
0.003104686737060547
0.003236055374145508
0.0031347274780273438
0.0031974315643310547
0.003144502639770508
0.0022034645080566406
0.0026967525482177734
0.002459287643432617
0.002422809600830078
0.0015835762023925781
0.002206087112426758
0.0024406909942626953
0.0022428035736083984
0.0015921592712402344
0.0031287670135498047
0.0018131732940673828
0.002412557601928711
0.0018155574798583984
0.002653837203979492
0.0033257007598876953
0.0019664764404296875
0.0017962455749511719
0.0030930042266845703
0.003156423568725586
0.0018756389617919922
0.0024552345275878906
0.0032041072845458984
0.0019021034240722656
0.002961874008178711
0.0023849010467529297
0.0024275779724121094
0.000812530517578125
0.0036077499389648438
0.0024728775024414062
0.0033392906188964844
0.002326488494873047
0.0022928714752197266
0.002200603485107422
0.0022156238555908203
0.003217458724975586
0.003055095672607422
0.0031175613403320312
0.002251863479614258
0.002258777618408203
0.0022864341735839844
0.002987384796142578
0.002155303955078125
0.003139972686767578
0.0021753311157226562
0.003057718276977539
0.003151416778564453
0.002208232879638672
0.0030927658081054688
0.003281116485595703
0.0023908615112304688
0.002392292022705078
0.00225830078125
0.0033118724822998047
0.003153562545776367
0.00322723388671875
0.002578258514404297
0.0026772022247314453
0.0016717910766601562
0.002375364303588867
0.0031332969665527344
0.002250194549560547
0.002096414566040039
0.0032150745391845703
0.0018448829650878906
0.002913236618041992
0.001911163330078125
0.0017893314361572266
0.0018014907836914062
0.0017764568328857422
0.0030739307403564453
0.0030782222747802734
0.0017991065979003906
0.0017538070678710938
0.0018777847290039062
0.0029768943786621094
0.0018346309661865234
0.0024564266204833984
0.0024933815002441406
0.002620220184326172
0.002538442611694336
0.0025517940521240234
0.0007393360137939453
0.002687215805053711
0.003054380416870117
0.002211332321166992
0.0022225379943847656
0.003028392791748047
0.0031952857971191406
0.003152132034301758
0.0032532215118408203
0.0022869110107421875
0.0032215118408203125
0.002978086471557617
0.0030028820037841797
0.0030879974365234375
0.0022919178009033203
0.0024213790893554688
0.0031239986419677734
0.0026569366455078125
0.0026695728302001953
0.0025365352630615234
0.002544879913330078
0.0016880035400390625
0.001888275146484375
0.0018854141235351562
0.0019423961639404297
0.003053426742553711
0.0019445419311523438
0.0018682479858398438
0.0020101070404052734
0.0007722377777099609
0.0021517276763916016
0.002313375473022461
0.002354145050048828
0.0029900074005126953
0.0021820068359375
0.0030634403228759766
0.0018298625946044922
0.0018465518951416016
0.001895904541015625
0.0018696784973144531
0.002980947494506836
0.002482175827026367
0.0025818347930908203
0.0007331371307373047
0.0006539821624755859
0.0023627281188964844
0.0021648406982421875
0.0021784305572509766
0.0031020641326904297
0.002542257308959961
0.0030906200408935547
0.0023050308227539062
0.0030918121337890625
0.0022668838500976562
0.0016121864318847656
0.0031287670135498047
0.0019314289093017578
0.0031681060791015625
0.003161907196044922
0.0032050609588623047
0.003981828689575195
0.0031495094299316406
0.002327442169189453
0.0017426013946533203
0.0031859874725341797
0.0024793148040771484
0.0030431747436523438
0.002201557159423828
0.003113985061645508
0.002280712127685547
0.0026535987854003906
0.003117084503173828
0.0008194446563720703
0.0030591487884521484
0.0023026466369628906
0.0032095909118652344
0.002307891845703125
0.0023102760314941406
0.003285646438598633
0.002337217330932617
0.003235340118408203
0.003017425537109375
0.003198862075805664
0.0021877288818359375
0.002997159957885742
0.0032625198364257812
0.0032134056091308594
0.0022640228271484375
0.002523183822631836
0.0027251243591308594
0.0017728805541992188
0.0019021034240722656
0.003194093704223633
0.0020062923431396484
0.0018968582153320312
0.0018553733825683594
0.0017547607421875
0.0018851757049560547
0.0018780231475830078
0.001996755599975586
0.0030307769775390625
0.00188446044921875
0.0025942325592041016
0.0025420188903808594
0.0025262832641601562
0.002223968505859375
0.003016233444213867
0.0033075809478759766
0.0022568702697753906
0.0007367134094238281
0.0026993751525878906
0.003178834915161133
0.001628875732421875
0.0018782615661621094
0.002346038818359375
0.0024595260620117188
0.0022237300872802734
0.002170562744140625
0.0019001960754394531
0.0025463104248046875
0.0021827220916748047
0.003167867660522461
0.0030159950256347656
0.00220489501953125
0.003051280975341797
0.0023026466369628906
0.0030629634857177734
0.003170490264892578
0.002608060836791992
0.0024292469024658203
0.0023653507232666016
0.0015931129455566406
0.0018787384033203125
0.0029807090759277344
0.0019173622131347656
0.0031859874725341797
0.0018723011016845703
0.0018444061279296875
0.003002643585205078
0.0029578208923339844
0.0022492408752441406
0.003036975860595703
0.0022172927856445312
0.002663850784301758
0.0008339881896972656
0.0023276805877685547
0.0015892982482910156
0.001844167709350586
0.003019571304321289
0.0022077560424804688
0.0018520355224609375
0.003119230270385742
0.0031766891479492188
0.0003273487091064453
0.006707668304443359
0.0024220943450927734
0.002311229705810547
0.0016689300537109375
0.0018458366394042969
0.0031156539916992188
0.0031740665435791016
0.0016887187957763672
0.0021643638610839844
0.001590728759765625
0.0030426979064941406
0.0031599998474121094
0.0030083656311035156
0.003864765167236328
0.0021288394927978516
0.00028967857360839844
0.0003046989440917969
0.00024199485778808594
0.002852201461791992
0.0031194686889648438
0.0022449493408203125
0.0032422542572021484
0.0029828548431396484
0.00222015380859375
0.0030798912048339844
0.0021715164184570312
0.0021376609802246094
0.0021562576293945312
0.00220489501953125
0.002187490463256836
0.002994537353515625
0.003000974655151367
0.0021996498107910156
0.002263784408569336
0.003092050552368164
0.0022954940795898438
0.0023055076599121094
0.003277301788330078
0.003199338912963867
0.0022416114807128906
0.0022382736206054688
0.0022208690643310547
0.002244710922241211
0.0022156238555908203
0.0022296905517578125
0.0021347999572753906
0.0022156238555908203
0.002105236053466797
0.002109050750732422
0.0029435157775878906
0.0021507740020751953
0.0021178722381591797
0.0021436214447021484
0.002080678939819336
0.0029447078704833984
0.00293731689453125
0.0031092166900634766
0.002109050750732422
0.0021157264709472656
0.0030603408813476562
0.002122640609741211
0.0031223297119140625
0.0031249523162841797
0.0030639171600341797
0.003068685531616211
0.0021240711212158203
0.002140522003173828
0.0031042098999023438
0.0021004676818847656
0.0022127628326416016
0.0022165775299072266
0.003150463104248047
0.0023355484008789062
0.0033190250396728516
0.003217458724975586
0.0032439231872558594
0.003278970718383789
0.0023047924041748047
0.0033206939697265625
0.0022988319396972656
0.003151416778564453
0.0021965503692626953
0.003006458282470703
0.0022144317626953125
0.0032014846801757812
0.0021834373474121094
0.0022275447845458984
0.002161741256713867
0.0030531883239746094
0.003027200698852539
0.0031588077545166016
0.0021581649780273438
0.0021538734436035156
0.002964496612548828
0.0021507740020751953
0.002952098846435547
0.002151012420654297
0.0031578540802001953
0.002272367477416992
0.0030052661895751953
0.0022263526916503906
0.0032393932342529297
0.0025281906127929688
0.002565622329711914
0.0026702880859375
0.0026683807373046875
0.0026197433471679688
0.0026357173919677734
0.002614736557006836
0.0026090145111083984
0.0025010108947753906
0.0024652481079101562
0.0024633407592773438
0.002462625503540039
0.002432107925415039
0.002468585968017578
0.002556324005126953
0.002452850341796875
0.0024254322052001953
0.002442598342895508
0.002333402633666992
0.0023946762084960938
0.001539468765258789
0.0029730796813964844
0.0021278858184814453
0.002373933792114258
0.0018162727355957031
0.0018310546875
0.0018935203552246094
0.0015153884887695312
0.0022139549255371094
0.002112150192260742
0.002199888229370117
0.0016617774963378906
0.002174854278564453
0.0016336441040039062
0.003162860870361328
0.0031757354736328125
0.0019409656524658203
0.002901792526245117
0.0029745101928710938
0.0030088424682617188
0.00316619873046875
0.003117084503173828
0.0018377304077148438
0.0018162727355957031
0.0028963088989257812
0.0017216205596923828
0.0017349720001220703
0.003109455108642578
0.002915620803833008
0.003063678741455078
0.0018284320831298828
0.0017347335815429688
0.0030040740966796875
0.003070831298828125
0.0017342567443847656
0.0017082691192626953
0.0018126964569091797
0.002991914749145508
0.0018527507781982422
0.0029773712158203125
0.0018239021301269531
0.0017855167388916016
0.0031375885009765625
0.0029604434967041016
0.003020048141479492
0.00296783447265625
0.0017809867858886719
0.0017743110656738281
0.002933502197265625
0.002904653549194336
0.0030150413513183594
0.002405405044555664
0.0024302005767822266
0.0024352073669433594
0.0024962425231933594
0.0024611949920654297
0.002490997314453125
0.0024809837341308594
0.002330303192138672
0.00045800209045410156
0.0039577484130859375
0.005886077880859375
0.005774021148681641
0.0056858062744140625
0.005785465240478516
0.003988742828369141
0.0039038658142089844
0.005767345428466797
0.005579233169555664
0.0055539608001708984
0.00565648078918457
0.005566120147705078
0.005659341812133789
0.005551576614379883
0.0057506561279296875
0.005712270736694336
0.005815744400024414
0.006161928176879883
0.005802631378173828
0.005545854568481445
0.005540370941162109
0.0056650638580322266
0.005767345428466797
0.0057756900787353516
0.0056416988372802734
0.005545616149902344
0.0056874752044677734
0.005643606185913086
0.005568265914916992
0.005819082260131836
0.005606174468994141
0.005606174468994141
0.0055310726165771484
0.0019142627716064453
0.005606412887573242
0.00562596321105957
0.005530834197998047
0.0038154125213623047
0.005570888519287109
0.0058746337890625
0.0058858394622802734
0.005889892578125
0.0059244632720947266
0.0059702396392822266
0.0060346126556396484
0.005952596664428711
0.006078004837036133
0.006442070007324219
0.005843639373779297
0.0058438777923583984
0.0058863162994384766
0.00600886344909668
0.005962848663330078
0.00594019889831543
0.005816459655761719
0.0061168670654296875
0.005868434906005859
0.005864143371582031
0.005979061126708984
0.005606412887573242
0.005561113357543945
0.0055370330810546875
0.00558781623840332
0.005620241165161133
0.005605220794677734
0.005720615386962891
0.005824565887451172
0.0055696964263916016
0.0055124759674072266
0.005735158920288086
0.0060825347900390625
0.005815267562866211
0.0055694580078125
0.005722761154174805
0.005733966827392578
0.0057413578033447266
0.005860328674316406
0.003954172134399414
0.0056722164154052734
0.005833148956298828
0.0019943714141845703
0.0057370662689208984
0.005495786666870117
0.005589008331298828
0.001988649368286133
0.005490779876708984
0.0057904720306396484
0.005719900131225586
0.005769252777099609
0.005809307098388672
0.003985166549682617
0.005880594253540039
0.005860090255737305
0.005835056304931641
0.005734682083129883
0.005850076675415039
0.005867481231689453
0.005750894546508789
0.0056226253509521484
0.005807399749755859
0.005713939666748047
0.005879402160644531
0.005803108215332031
0.005845069885253906
0.005823373794555664
0.005816221237182617
0.0059778690338134766
0.005888223648071289
0.00583958625793457
0.0058553218841552734
0.0057468414306640625
0.005713939666748047
0.005815982818603516
0.005917072296142578
0.005838871002197266
0.0058345794677734375
0.0057544708251953125
0.0056035518646240234
0.005729198455810547
0.005651950836181641
0.006042003631591797
0.005655765533447266
0.006043910980224609
0.005835056304931641
0.005888223648071289
0.0059053897857666016
0.003885507583618164
0.005636692047119141
0.005827665328979492
0.0058329105377197266
0.0020189285278320312
0.0026450157165527344
0.002586841583251953
0.002573251724243164
0.0026199817657470703
0.00255584716796875
0.002607583999633789
0.0026519298553466797
0.0026192665100097656
0.0026254653930664062
0.0025925636291503906
0.0025784969329833984
0.0025947093963623047
0.0025637149810791016
0.0025975704193115234
0.0025670528411865234
0.002600431442260742
0.0025911331176757812
0.0025725364685058594
0.002643585205078125
0.002582550048828125
0.0025963783264160156
0.002656698226928711
0.002596139907836914
0.0026068687438964844
0.002543210983276367
0.0025115013122558594
0.002486705780029297
0.002592802047729492
0.0024847984313964844
0.0026285648345947266
0.002507448196411133
0.0025310516357421875
0.002490997314453125
0.002471446990966797
0.0024955272674560547
0.002460956573486328
0.0025451183319091797
0.002533435821533203
0.002612590789794922
0.002553701400756836
0.0025937557220458984
0.002558469772338867
0.0024950504302978516
0.0025322437286376953
0.0025718212127685547
0.0026345252990722656
0.0026085376739501953
0.002595186233520508
0.002565622329711914
0.0025033950805664062
0.002574443817138672
0.0025892257690429688
0.0025849342346191406
0.002481222152709961
0.0026383399963378906
0.002610921859741211
0.002574920654296875
0.002620697021484375
0.002583742141723633
0.002613067626953125
0.0026433467864990234
0.0025815963745117188
0.002672910690307617
0.002681255340576172
0.0026230812072753906
0.002654552459716797
0.0026841163635253906
0.002614259719848633
0.0026366710662841797
0.0025815963745117188
0.0019140243530273438
0.005434274673461914
0.006018638610839844
0.009949445724487305
0.009376764297485352
0.010133743286132812
0.00522160530090332
0.0058557987213134766
0.009284734725952148
0.007857799530029297
0.007607936859130859
0.007172584533691406
0.007269382476806641
0.009161949157714844
0.005831480026245117
0.0075948238372802734
0.007676124572753906
0.009578227996826172
0.008037328720092773
0.009812593460083008
0.0060651302337646484
0.007707118988037109
0.008337736129760742
0.007708549499511719
0.00789952278137207
0.006128072738647461
0.007798910140991211
0.006011962890625
0.005718231201171875
0.007704496383666992
0.007496356964111328
0.006682157516479492
0.009374380111694336
0.0059566497802734375
0.003509044647216797
0.003420114517211914
0.0026483535766601562
0.002632617950439453
0.0035674571990966797
0.002902507781982422
0.0027687549591064453
0.002681255340576172
0.0031690597534179688
0.0032320022583007812
0.002805948257446289
0.0032172203063964844
0.003750324249267578
0.002962350845336914
0.002685546875
0.003316640853881836
0.002850055694580078
0.0028657913208007812
0.009473323822021484
0.010117769241333008
0.002632617950439453
0.00566411018371582
0.007998466491699219
0.005278587341308594
0.00942230224609375
0.007599830627441406
0.005927562713623047
0.009834766387939453
0.008161067962646484
0.009176015853881836
0.007532596588134766
0.007399559020996094
0.010974645614624023
0.0057070255279541016
0.005822420120239258
0.007796287536621094
0.008036375045776367
0.008165597915649414
0.007507801055908203
0.009179353713989258
0.008058786392211914
0.009365558624267578
0.0095367431640625
0.00966644287109375
0.010027647018432617
0.0077440738677978516
0.009973287582397461
0.009694099426269531
0.005582332611083984
0.007588863372802734
0.007700204849243164
0.00764012336730957
0.007911205291748047
0.007695674896240234
0.0076673030853271484
0.009715795516967773
0.008552789688110352
0.007364034652709961
0.007249116897583008
0.007559061050415039
0.009971380233764648
0.009415388107299805
0.0069692134857177734
0.010019063949584961
0.007895946502685547
0.002881765365600586
0.0027937889099121094
0.0035104751586914062
0.0034284591674804688
0.0033478736877441406
0.0026547908782958984
0.0027234554290771484
0.002905130386352539
0.002097606658935547
0.003442049026489258
0.0026373863220214844
0.002643585205078125
0.0026977062225341797
0.003414630889892578
0.007717609405517578
0.009487628936767578
0.0074155330657958984
0.002007007598876953
0.009351730346679688
0.007447481155395508
0.009829282760620117
0.009698629379272461
0.007513523101806641
0.005227088928222656
0.009549617767333984
0.007833242416381836
0.009707212448120117
0.009981155395507812
0.0007724761962890625
0.007737398147583008
0.00750279426574707
0.009449243545532227
0.007577657699584961
0.00988459587097168
0.0077059268951416016
0.00755763053894043
0.00766754150390625
0.00919198989868164
0.007657527923583984
0.008067846298217773
0.010158777236938477
0.009798049926757812
0.009879350662231445
0.008026838302612305
0.009977340698242188
0.008152246475219727
0.010053396224975586
0.007477521896362305
0.007443666458129883
0.007676362991333008
0.009639501571655273
0.006227254867553711
0.008057355880737305
0.007637500762939453
0.007686614990234375
0.010091781616210938
0.006114482879638672
0.007784366607666016
0.005818367004394531
0.004096508026123047
0.008407831192016602
0.0077800750732421875
0.00789785385131836
0.002707958221435547
0.0033631324768066406
0.003631114959716797
0.0034515857696533203
0.003332853317260742
0.0026061534881591797
0.0026543140411376953
0.002668619155883789
0.002694368362426758
0.0028579235076904297
0.003559112548828125
0.003592967987060547
0.003632783889770508
0.0027556419372558594
0.002961874008178711
0.0021855831146240234
0.0031585693359375
0.0021276473999023438
0.0026497840881347656
0.002002716064453125
0.003059864044189453
0.0026831626892089844
0.0035047531127929688
0.003287792205810547
0.0035390853881835938
0.0033729076385498047
0.004010677337646484
0.004136323928833008
0.003972768783569336
0.0030117034912109375
0.004037618637084961
0.0033719539642333984
0.003346681594848633
0.0032958984375
0.004165172576904297
0.004191398620605469
0.004064083099365234
0.003296375274658203
0.0039408206939697266
0.0038895606994628906
0.0036971569061279297
0.0032281875610351562
0.0025777816772460938
0.0031785964965820312
0.0031528472900390625
0.003399372100830078
0.003916501998901367
0.0031633377075195312
0.0034427642822265625
0.004103183746337891
0.0005142688751220703
0.0038459300994873047
0.003270387649536133
0.0031900405883789062
0.004240751266479492
0.004106283187866211
0.004003286361694336
0.0033850669860839844
0.002706289291381836
0.003422260284423828
0.0037620067596435547
0.002696514129638672
0.0032854080200195312
0.0033719539642333984
0.0032727718353271484
0.003364086151123047
0.004570960998535156
0.0027632713317871094
0.003938198089599609
0.0042035579681396484
0.003907680511474609
0.003185272216796875
0.0038547515869140625
0.0031807422637939453
0.0025949478149414062
0.0033311843872070312
0.0038051605224609375
0.0038938522338867188
0.0031681060791015625
0.003326892852783203
0.004039287567138672
0.0032842159271240234
0.0033507347106933594
0.002730846405029297
0.003996372222900391
0.003305196762084961
0.00407099723815918
0.004604816436767578
0.0034313201904296875
0.0032668113708496094
0.004012107849121094
0.003871440887451172
0.0026247501373291016
0.0031282901763916016
0.0031080245971679688
0.0025603771209716797
0.003130674362182617
0.002399921417236328
0.0024802684783935547
0.0034444332122802734
0.0035343170166015625
0.002505779266357422
0.002584218978881836
0.0026013851165771484
0.0024864673614501953
0.0030829906463623047
0.0025091171264648438
0.003224611282348633
0.0032041072845458984
0.003374338150024414
0.002575397491455078
0.0025472640991210938
0.0025768280029296875
0.001865386962890625
0.0026106834411621094
0.002569913864135742
0.0027670860290527344
0.0025451183319091797
0.0025501251220703125
0.0026116371154785156
0.0019927024841308594
0.00275421142578125
0.002629518508911133
0.0019173622131347656
0.001934051513671875
0.0020284652709960938
0.0020558834075927734
0.001971006393432617
0.002532958984375
0.0019474029541015625
0.0018596649169921875
0.0018188953399658203
0.0018153190612792969
0.002597332000732422
0.001971006393432617
0.0018610954284667969
0.0018343925476074219
0.0019147396087646484
0.002773284912109375
0.0026607513427734375
0.0027642250061035156
0.0019989013671875
0.0020058155059814453
0.002676725387573242
0.001979827880859375
0.001982450485229492
0.0027475357055664062
0.0025396347045898438
0.002782106399536133
0.0027472972869873047
0.0021958351135253906
0.0022001266479492188
0.0020856857299804688
0.002042055130004883
0.002147197723388672
0.001940011978149414
0.0013363361358642578
0.002671480178833008
0.0024225711822509766
0.0022132396697998047
0.0013098716735839844
0.0019085407257080078
0.0019145011901855469
0.0024585723876953125
0.0019979476928710938
0.002008199691772461
0.002032041549682617
0.0014147758483886719
0.0024940967559814453
0.003021717071533203
0.002187013626098633
0.0024335384368896484
0.0026471614837646484
0.0024261474609375
0.001905202865600586
0.0018460750579833984
0.0018610954284667969
0.001987934112548828
0.0019643306732177734
0.002414703369140625
0.001865386962890625
0.0017752647399902344
0.0023589134216308594
0.0018808841705322266
0.00251007080078125
0.002650737762451172
0.002632617950439453
0.0026619434356689453
0.0025179386138916016
0.0025179386138916016
0.0018422603607177734
0.0024461746215820312
0.002157449722290039
0.0025014877319335938
0.002069234848022461
0.002191305160522461
0.002261638641357422
0.0019054412841796875
0.0015816688537597656
0.0012378692626953125
0.0019512176513671875
0.002552032470703125
0.0033388137817382812
0.0003554821014404297
0.001909494400024414
0.0026068687438964844
0.0019600391387939453
0.0025587081909179688
0.001968860626220703
0.0019502639770507812
0.002671957015991211
0.0027017593383789062
0.002568960189819336
0.001909494400024414
0.0025687217712402344
0.002548694610595703
0.0027980804443359375
0.002006053924560547
0.0026683807373046875
0.0027704238891601562
0.002604961395263672
0.0019102096557617188
0.0018074512481689453
0.0018124580383300781
0.0025908946990966797
0.0019216537475585938
0.0024607181549072266
0.0018224716186523438
0.001821279525756836
0.002599477767944336
0.0018384456634521484
0.002463817596435547
0.0019288063049316406
0.0025148391723632812
0.0019044876098632812
0.0025010108947753906
0.001886606216430664
0.0024802684783935547
0.0024945735931396484
0.0024423599243164062
0.002246379852294922
0.002203702926635742
0.002161264419555664
0.002156972885131836
0.0020744800567626953
0.0020751953125
0.002077341079711914
0.0021114349365234375
0.002080202102661133
0.0020515918731689453
0.0013842582702636719
0.0029976367950439453
0.002392292022705078
0.0027909278869628906
0.002046823501586914
0.002069711685180664
0.002689361572265625
0.0018985271453857422
0.0025374889373779297
0.0022194385528564453
0.0025970935821533203
0.0019183158874511719
0.0019156932830810547
0.0018465518951416016
0.0026350021362304688
0.00201416015625
0.002690553665161133
0.001922607421875
0.002102375030517578
0.0017688274383544922
0.002485990524291992
0.002592325210571289
0.0020685195922851562
0.0019614696502685547
0.0019686222076416016
0.0027229785919189453
0.002001523971557617
0.0027201175689697266
0.0019674301147460938
0.0018417835235595703
0.0024099349975585938
0.0019137859344482422
0.002077341079711914
0.002161264419555664
0.0019252300262451172
0.0012552738189697266
0.0024611949920654297
0.0018668174743652344
0.001819610595703125
0.002484560012817383
0.0019288063049316406
0.0013289451599121094
0.0033121109008789062
0.0024993419647216797
0.0020112991333007812
0.0019221305847167969
0.00030040740966796875
0.0017936229705810547
0.0024209022521972656
0.002508878707885742
0.0018529891967773438
0.0018665790557861328
0.002626657485961914
0.0018978118896484375
0.001965761184692383
0.0019071102142333984
0.0024902820587158203
0.002467632293701172
0.0024857521057128906
0.002730131149291992
0.0027740001678466797
0.0019445419311523438
0.0018548965454101562
0.001837015151977539
0.0025599002838134766
0.0024747848510742188
0.0019245147705078125
0.0024194717407226562
0.0018529891967773438
0.0018241405487060547
0.0019307136535644531
0.0018665790557861328
0.0017957687377929688
0.0018544197082519531
0.0026018619537353516
0.0018470287322998047
0.001814126968383789
0.0018236637115478516
0.002608060836791992
0.002638101577758789
0.002710103988647461
0.0027413368225097656
0.0020401477813720703
0.0020318031311035156
0.0020613670349121094
0.0020318031311035156
0.0026302337646484375
0.0028009414672851562
0.002036571502685547
0.0027556419372558594
0.0026628971099853516
0.0027091503143310547
0.0027234554290771484
0.0019736289978027344
0.0027227401733398438
0.002664327621459961
0.002668142318725586
0.001966238021850586
0.001982450485229492
0.0024585723876953125
0.0025682449340820312
0.0019402503967285156
0.0018444061279296875
0.002106904983520508
0.002170085906982422
0.002095460891723633
0.0021255016326904297
0.0020780563354492188
0.002096414566040039
0.001397848129272461
0.002214193344116211
0.002301454544067383
0.0019404888153076172
0.0019011497497558594
0.0020804405212402344
0.0013844966888427734
0.002615213394165039
0.0025544166564941406
0.0013895034790039062
0.0025718212127685547
0.0018968582153320312
0.0019061565399169922
0.001895904541015625
0.002558469772338867
0.0020072460174560547
0.0021004676818847656
0.0019392967224121094
0.0019428730010986328
0.0027854442596435547
0.002117633819580078
0.0021660327911376953
0.0019965171813964844
0.0017330646514892578
0.0013158321380615234
0.002344846725463867
0.0028235912322998047
0.002593994140625
0.003084421157836914
0.0027608871459960938
0.002797365188598633
0.003234386444091797
0.0033981800079345703
0.00025272369384765625
0.0002040863037109375
0.00029015541076660156
0.0017304420471191406
0.0018467903137207031
0.002501964569091797
0.0018575191497802734
0.0025577545166015625
0.0018699169158935547
0.0018477439880371094
0.0017609596252441406
0.002479076385498047
0.002569913864135742
0.0025861263275146484
0.001932382583618164
0.0018978118896484375
0.0017375946044921875
0.0016951560974121094
0.002292633056640625
0.002362966537475586
0.0017805099487304688
0.0016984939575195312
0.0023887157440185547
0.0017287731170654297
0.0024614334106445312
0.0018422603607177734
0.0017075538635253906
0.002336263656616211
0.0018036365509033203
0.002396106719970703
0.002527475357055664
0.0026116371154785156
0.002465963363647461
0.0018339157104492188
0.001959085464477539
0.0028030872344970703
0.001951456069946289
0.002857208251953125
0.0019268989562988281
0.001922607421875
0.002713441848754883
0.002751588821411133
0.0019071102142333984
0.002613067626953125
0.0026705265045166016
0.0019006729125976562
0.0018420219421386719
0.0018384456634521484
0.002712249755859375
0.002107381820678711
0.0020482540130615234
0.0020825862884521484
0.0019390583038330078
0.0019261837005615234
0.0019450187683105469
0.0019290447235107422
0.001954793930053711
0.0018985271453857422
0.0012288093566894531
0.002077817916870117
0.0023932456970214844
0.0015995502471923828
0.0014824867248535156
0.0014810562133789062
0.0014657974243164062
0.001157999038696289
0.0023658275604248047
0.0026133060455322266
0.0023097991943359375
0.002457141876220703
0.0017871856689453125
0.002392292022705078
0.002438068389892578
0.0023620128631591797
0.0017528533935546875
0.001802206039428711
0.002852201461791992
0.001798868179321289
0.002393960952758789
0.0017631053924560547
0.0017154216766357422
0.0016887187957763672
0.0021953582763671875
0.0029573440551757812
0.0026149749755859375
0.00191497802734375
0.0017979145050048828
0.0011408329010009766
0.0024514198303222656
0.002451658248901367
0.0018506050109863281
0.0018649101257324219
0.0023794174194335938
0.002521514892578125
0.0018310546875
0.001832723617553711
0.0025539398193359375
0.0028526782989501953
0.0024106502532958984
0.002461671829223633
0.002523660659790039
0.0024209022521972656
0.0018084049224853516
0.0017750263214111328
0.0018050670623779297
0.0017116069793701172
0.0019054412841796875
0.0018384456634521484
0.001874685287475586
0.0023789405822753906
0.0018491744995117188
0.0018351078033447266
0.0018279552459716797
0.0025682449340820312
0.002408742904663086
0.002523660659790039
0.0021576881408691406
0.0024175643920898438
0.002537250518798828
0.0018017292022705078
0.0018770694732666016
0.0019068717956542969
0.002002716064453125
0.0018856525421142578
0.0018417835235595703
0.001802682876586914
0.0017538070678710938
0.0011830329895019531
0.0035147666931152344
0.003597259521484375
0.002542257308959961
0.0027399063110351562
0.0028023719787597656
0.0034754276275634766
0.002830028533935547
0.002856731414794922
0.0021543502807617188
0.0028488636016845703
0.002164602279663086
0.0027077198028564453
0.0030651092529296875
0.002105712890625
0.002872467041015625
0.003010272979736328
0.0027658939361572266
0.002741575241088867
0.0036334991455078125
0.0033211708068847656
0.0027015209197998047
0.0029191970825195312
0.00276947021484375
0.0027697086334228516
0.0028009414672851562
0.002161264419555664
0.0036077499389648438
0.003014802932739258
0.003492116928100586
0.0028634071350097656
0.0027933120727539062
0.00362396240234375
0.003262042999267578
0.0034494400024414062
0.002688169479370117
0.003344297409057617
0.0028176307678222656
0.0021619796752929688
0.0028426647186279297
0.003610849380493164
0.003454923629760742
0.0035142898559570312
0.0036115646362304688
0.0028371810913085938
0.003404378890991211
0.0028247833251953125
0.002169370651245117
0.0033681392669677734
0.003640413284301758
0.0022056102752685547
0.0024907588958740234
0.002881765365600586
0.0035805702209472656
0.002767324447631836
0.0028014183044433594
0.002869844436645508
0.003459930419921875
0.002991199493408203
0.0027778148651123047
0.002093791961669922
0.002715587615966797
0.0021696090698242188
0.0034942626953125
0.003282308578491211
0.002215147018432617
0.003412008285522461
0.00302886962890625
0.002147197723388672
0.0028367042541503906
0.002834320068359375
0.0027959346771240234
0.0027611255645751953
0.0028045177459716797
0.0029053688049316406
0.0035223960876464844
0.0034182071685791016
0.0027022361755371094
0.002737760543823242
0.0029141902923583984
0.002736806869506836
0.0035505294799804688
0.003354787826538086
0.0003066062927246094
0.0032804012298583984
0.003446340560913086
0.002794504165649414
0.0028655529022216797
0.003433704376220703
0.00275421142578125
0.002701282501220703
0.0021233558654785156
0.003513336181640625
0.002145051956176758
0.0033626556396484375
0.0029337406158447266
0.0029020309448242188
0.0035469532012939453
0.0021660327911376953
0.0028200149536132812
0.003451108932495117
0.002810239791870117
0.0033872127532958984
0.0028510093688964844
0.0034666061401367188
0.003002166748046875
0.0028378963470458984
0.0028221607208251953
0.003284931182861328
0.002877950668334961
0.002742767333984375
0.0033998489379882812
0.0033483505249023438
0.00272369384765625
0.002802610397338867
0.003606081008911133
0.0028204917907714844
0.003323793411254883
0.0027832984924316406
0.003498554229736328
0.0022575855255126953
0.0022554397583007812
0.0030574798583984375
0.002923727035522461
0.003076314926147461
0.0029354095458984375
0.003778219223022461
0.0035567283630371094
0.0028676986694335938
0.003323078155517578
0.002950429916381836
0.0035028457641601562
0.003538370132446289
0.003164529800415039
0.002935647964477539
0.0030624866485595703
0.0030765533447265625
0.0029740333557128906
0.0044629573822021484
0.002130270004272461
0.0024123191833496094
0.0034422874450683594
0.0028944015502929688
0.003510713577270508
0.002076387405395508
0.0034928321838378906
0.003843069076538086
0.002161264419555664
0.003721952438354492
0.0035517215728759766
0.0036382675170898438
0.002761363983154297
0.003010272979736328
0.003477811813354492
0.003421306610107422
0.002282857894897461
0.003764629364013672
0.00370025634765625
0.0029175281524658203
0.0039157867431640625
0.003629446029663086
0.0031232833862304688
0.0026962757110595703
0.0033960342407226562
0.0037877559661865234
0.002863168716430664
0.0028951168060302734
0.0035452842712402344
0.004013538360595703
0.0002684593200683594
0.0038220882415771484
0.0034034252166748047
0.002986907958984375
0.0038182735443115234
0.0037996768951416016
0.0029582977294921875
0.0031099319458007812
0.003078937530517578
0.002210855484008789
0.0033636093139648438
0.002145528793334961
0.003810405731201172
0.002443552017211914
0.004163026809692383
0.0027315616607666016
0.0037000179290771484
0.002983570098876953
0.0027506351470947266
0.0023806095123291016
0.0034389495849609375
0.0032973289489746094
0.0035851001739501953
0.0037107467651367188
0.0027468204498291016
0.0023047924041748047
0.002874612808227539
0.003749370574951172
0.0030798912048339844
0.0030744075775146484
0.0028944015502929688
0.002916097640991211
0.002221345901489258
0.003359079360961914
0.0029687881469726562
0.0027937889099121094
0.003760814666748047
0.0031375885009765625
0.0027244091033935547
0.003877878189086914
0.0029587745666503906
0.0029554367065429688
0.0036139488220214844
0.003631114959716797
0.003808259963989258
0.0033752918243408203
0.002267599105834961
0.002941608428955078
0.0034873485565185547
0.002897024154663086
0.003874540328979492
0.003584623336791992
0.0035448074340820312
0.003000497817993164
0.0030524730682373047
0.002783060073852539
0.0032083988189697266
0.0036194324493408203
0.0035071372985839844
0.0029740333557128906
0.0028700828552246094
0.002914905548095703
0.0032355785369873047
0.002738475799560547
0.0037708282470703125
0.0030362606048583984
0.0025954246520996094
0.002864360809326172
0.004041194915771484
0.0027964115142822266
0.0023581981658935547
0.003529071807861328
0.0031058788299560547
0.003713846206665039
0.002167940139770508
0.003294706344604492
0.0037755966186523438
0.0033380985260009766
0.0031266212463378906
0.0031321048736572266
0.0022101402282714844
0.003259897232055664
0.004453182220458984
0.0027875900268554688
0.0035653114318847656
0.0030040740966796875
0.0033659934997558594
0.003210783004760742
0.0023949146270751953
0.0027801990509033203
0.0029900074005126953
0.0035047531127929688
0.0021750926971435547
0.003367900848388672
0.0021369457244873047
0.002217531204223633
0.002786397933959961
0.003457784652709961
0.003702402114868164
0.0030946731567382812
0.0032787322998046875
0.002963542938232422
0.002819538116455078
0.002959012985229492
0.0023412704467773438
0.003659486770629883
0.003205537796020508
0.0029566287994384766
0.0021753311157226562
0.003076791763305664
0.002977132797241211
0.0030710697174072266
0.003275156021118164
0.0031359195709228516
0.002777576446533203
0.002347230911254883
0.002282857894897461
0.003661632537841797
0.002733945846557617
0.003309965133666992
0.0027642250061035156
0.0023043155670166016
0.0035262107849121094
0.002947092056274414
0.0029871463775634766
0.003034830093383789
0.002480745315551758
0.0028619766235351562
0.0030841827392578125
0.004227399826049805
0.002858877182006836
0.0029191970825195312
0.002788543701171875
0.0031859874725341797
0.0038559436798095703
0.002821207046508789
0.0029435157775878906
0.003057718276977539
0.003404378890991211
0.00415492057800293
0.0024056434631347656
0.0034492015838623047
0.003860950469970703
0.0038046836853027344
0.003885507583618164
0.002167940139770508
0.002882242202758789
0.0029726028442382812
0.0027496814727783203
0.0035049915313720703
0.002695798873901367
0.003263235092163086
0.002871274948120117
0.003709554672241211
0.002629518508911133
0.0022208690643310547
0.003475666046142578
0.0033180713653564453
0.0027282238006591797
0.003673076629638672
0.002977609634399414
0.0028319358825683594
0.0030851364135742188
0.003880739212036133
0.002712726593017578
0.0029239654541015625
0.003007650375366211
0.0034618377685546875
0.0023965835571289062
0.0041081905364990234
0.0030374526977539062
0.0030469894409179688
0.0031681060791015625
0.0036690235137939453
0.0035142898559570312
0.0036101341247558594
0.0033049583435058594
0.0027832984924316406
0.003593921661376953
0.003389596939086914
0.0029473304748535156
0.0035011768341064453
0.0029375553131103516
0.003940105438232422
0.0036897659301757812
0.002794027328491211
0.0028839111328125
0.0037598609924316406
0.003017902374267578
0.003091096878051758
0.003885507583618164
0.003004312515258789
0.0028417110443115234
0.0035262107849121094
0.003063201904296875
0.0034825801849365234
0.0032303333282470703
0.0027551651000976562
0.0034258365631103516
0.0030112266540527344
0.0028901100158691406
0.0037946701049804688
0.002173185348510742
0.0024237632751464844
0.0035393238067626953
0.003678560256958008
0.0029990673065185547
0.003482341766357422
0.0022542476654052734
0.003603696823120117
0.0029871463775634766
0.0029633045196533203
0.003371000289916992
0.002234220504760742
0.00274658203125
0.0036809444427490234
0.002034902572631836
0.0029332637786865234
0.003229379653930664
0.003627300262451172
0.0031805038452148438
0.0023050308227539062
0.004298686981201172
0.002209186553955078
0.00411224365234375
0.002287626266479492
0.002750396728515625
0.0031833648681640625
0.0032262802124023438
0.002744436264038086
0.0034110546112060547
0.002393960952758789
0.0034148693084716797
0.002977132797241211
0.0036978721618652344
0.0033669471740722656
0.003217458724975586
0.003027677536010742
0.0033681392669677734
0.003204822540283203
0.003044605255126953
0.002750873565673828
0.0035789012908935547
0.0035936832427978516
0.003549814224243164
0.009958505630493164
0.0034792423248291016
0.002974271774291992
0.003563404083251953
0.0021419525146484375
0.0034821033477783203
0.0032367706298828125
0.002113819122314453
0.0029439926147460938
0.0027642250061035156
0.0030341148376464844
0.003030538558959961
0.0033538341522216797
0.004597663879394531
0.003068685531616211
0.004121065139770508
0.0036754608154296875
0.003013134002685547
0.00030040740966796875
0.0002624988555908203
0.0001952648162841797
0.0025718212127685547
0.003936767578125
0.0035750865936279297
0.0026557445526123047
0.003608226776123047
0.0029306411743164062
0.002833843231201172
0.0038177967071533203
0.0029251575469970703
0.0027213096618652344
0.0037033557891845703
0.00356292724609375
0.0039060115814208984
0.0028052330017089844
0.0034999847412109375
0.0035538673400878906
0.003639698028564453
0.0039556026458740234
0.0034673213958740234
0.0036017894744873047
0.0037589073181152344
0.003005504608154297
0.0027840137481689453
0.004034280776977539
0.0031363964080810547
0.0034987926483154297
0.002704143524169922
0.002862215042114258
0.0036857128143310547
0.002760171890258789
0.004095792770385742
0.0036673545837402344
0.002833843231201172
0.002687692642211914
0.002832651138305664
0.002953052520751953
0.002717733383178711
0.0039937496185302734
0.0036313533782958984
0.0028219223022460938
0.0034415721893310547
0.0028934478759765625
0.0029463768005371094
0.0026721954345703125
0.003805398941040039
0.0030183792114257812
0.0036733150482177734
0.0026848316192626953
0.002866029739379883
0.003633260726928711
0.0026917457580566406
0.003951072692871094
0.0036804676055908203
0.002705097198486328
0.0029892921447753906
0.003591775894165039
0.0039539337158203125
0.002774477005004883
0.0030117034912109375
0.003776073455810547
0.0038051605224609375
0.0028676986694335938
0.00400853157043457
0.002908945083618164
0.0027055740356445312
0.0037581920623779297
0.003397226333618164
0.0035479068756103516
0.003707408905029297
0.0034596920013427734
0.002983570098876953
0.003345012664794922
0.002803802490234375
0.002959012985229492
0.0037102699279785156
0.003688335418701172
0.0033965110778808594
0.0038309097290039062
0.0037240982055664062
0.002907991409301758
0.002777576446533203
0.003729581832885742
0.003000497817993164
0.003889322280883789
0.0035305023193359375
0.003151416778564453
0.0030660629272460938
0.0030570030212402344
0.00315093994140625
0.0027985572814941406
0.0032806396484375
0.002905130386352539
0.0027647018432617188
0.0022776126861572266
0.003323793411254883
0.0030612945556640625
0.0037539005279541016
0.0028905868530273438
0.002704620361328125
0.0036623477935791016
0.0023283958435058594
0.0036687850952148438
0.0033659934997558594
0.0030159950256347656
0.003610849380493164
0.0044977664947509766
0.0028035640716552734
0.003136157989501953
0.0029990673065185547
0.0026535987854003906
0.002510547637939453
0.003774881362915039
0.0034852027893066406
0.0034971237182617188
0.0032036304473876953
0.002686023712158203
0.0029952526092529297
0.0036957263946533203
0.002953052520751953
0.0027375221252441406
0.003786802291870117
0.0032765865325927734
0.0032668113708496094
0.0029430389404296875
0.002742290496826172
0.0034079551696777344
0.0027070045471191406
0.003388643264770508
0.0037539005279541016
0.0032591819763183594
0.002993345260620117
0.002861499786376953
0.0033283233642578125
0.0029592514038085938
0.0029745101928710938
0.004017353057861328
0.0027201175689697266
0.0030324459075927734
0.003592252731323242
0.0033097267150878906
0.002909421920776367
0.002924203872680664
0.0027129650115966797
0.003226757049560547
0.0035238265991210938
0.0035643577575683594
0.0034172534942626953
0.003391265869140625
0.0031790733337402344
0.0032813549041748047
0.002745389938354492
0.0032618045806884766
0.0028209686279296875
0.002844095230102539
0.0023009777069091797
