2608711.0
2534132.0
10630434.0
1378913.0000000002
1380035.0
2534132.0
10630434.0
10630434.0
8283573.0
1378913.0
10630434.0
10630434.0
10630434.0
10630434.0
2412666.0
2534132.0
37022351.0
4495273.0
4334618.0
2391024.165148216
35165214.51959294
37022351.0
4548209.0
4307690.732783001
35165214.51959294
35165214.51959294
37022351.0
35165214.51959294
13937588.0
4495273.0
246379856.0
4334618.0
246379856.0
4307690.732783001
4548209.0
246379856.0
1378913.0000000002
4495273.0
11906472.0
1380035.0
4334618.0
11906472.0
1378913.0
4307690.732783001
4548209.0
11906472.0
11906472.0
11906472.0
11906472.0
11906472.0
13937588.0
2534132.0
868519655.0
14811861.0
2608711.0
868519655.0
13936772.900004854
2534132.0
2609128.0
868519123.3790392
868519655.0
868519123.3790392
868519123.3790392
868519123.3790392
4334618.0
4495273.0
260407057.0
33374508.000000004
23642997.0
4383486.629028963
260407057.0
260407057.0
34260725.0
22024762.87869567
260407057.0
240623754.1733475
240623754.1733475
240623754.1733475
901343.0
2927151.0
23642997.0
104457815.0
51178972.0
324219017.0
2962158.0
33374508.000000004
20422721.0
29997.0
29997.0
104457815.0
51178972.0
324219017.0
2927151.0
22024762.87869567
34260725.0
10793099141.0
104457815.0
51178972.0
51178972.0
324219017.0
324219017.0
324219017.0
20422721.0
20422721.0
29997.0
10793099141.0
104457815.0
51178972.0
51178972.0
324219017.0
324219017.0
324219017.0
20422721.0
20422721.0
10793099141.0
10793099141.0
10793099141.0
20422721.0
20422721.0
20422721.0
324219017.0
20422721.0
324219017.0
20422721.0
10793099141.0
10793099141.0
10793099141.0
20422721.0
20422721.0
20422721.0
324219017.0
20422721.0
324219017.0
20422721.0
20422721.0
10793099141.0
20422721.0
10793099141.0
20422721.0
20422721.0
324219017.0
324219017.0
10793099141.0
10793099141.0
20422721.0
10793099141.0
20422721.0
20422721.0
324219017.0
324219017.0
20422721.0
10793099141.0
10793099141.0
20422721.0
20422721.0
10793099141.0
10793099141.0
20422721.0
20422721.0
10793099141.0
901343.0
51178972.0
23642997.0
33374508.000000004
1742815164.0
36198663.0
2534132.0
2412666.0
51178972.0
51178972.0
51178972.0
51178972.0
24913942.05982959
1543168893.3986156
32748330.82028247
1742815164.0
33374508.0
1653246920.6120236
1742815164.0
2346141.934877501
51178972.0
51178972.0
51178972.0
1846534923.0
51178972.0
1742337242.1101549
51178972.0
1543168893.3986156
22024762.87869567
1528588851.6720817
34260725.0
1653246920.6120236
1742815164.0
1653246920.6120236
1846534923.0
51178972.0
1742337242.1101549
51178972.0
1742337242.1101549
1846534923.0
1742337242.1101549
1528588851.6720817
1543168893.3986156
1528588851.6720817
1653246920.6120236
1742337242.1101549
51178972.0
51178972.0
1742337242.1101549
1528588851.6720817
1742337242.1101549
33374508.000000004
1742815164.0
36198663.0
23642997.0
16786647.798772376
51178972.0
2534132.0
2412666.0
901343.0
1742815164.0
33374508.0
22024762.87869567
16684251.527318554
51178972.0
1653246920.6120236
1742815164.0
1543168893.3986156
17498719.0
51178972.0
23642997.0
16786647.798772376
51178972.0
16722152.122970246
51178972.0
17498719.0
2346141.934877501
1653246920.6120236
1742815164.0
1543168893.3986156
1448376348.3973765
1846534923.0
24913942.05982959
23201957.84503702
165151512.96993816
24913942.05982959
51178972.0
165151512.96993816
1653246920.6120236
1528588851.6720817
1433806580.9091632
1742337242.1101549
1543168893.3986156
1448376348.3973765
1846534923.0
1543168893.3986156
51178972.0
1846534923.0
21995054.12890161
51178972.0
51178972.0
51178972.0
1653246920.6120236
1528588851.6720817
1433806580.9091632
1742337242.1101549
1543168893.3986156
1448376348.3973765
1846534923.0
1543168893.3986156
51178972.0
1846534923.0
22024762.87869567
51178972.0
51178972.0
51178972.0
1528588851.6720817
1433806580.9091632
1742337242.1101549
1528588851.6720817
51178972.0
1742337242.1101549
34260725.0
51178972.0
51178972.0
51178972.0
51178972.0
1528588851.6720817
1433806580.9091632
1742337242.1101549
1528588851.6720817
1742337242.1101549
1742337242.1101549
1543168893.3986156
1846534923.0
1846534923.0
1846534923.0
51178972.0
1528588851.6720817
1742337242.1101549
1742337242.1101549
1742337242.1101549
51178972.0
1528588851.6720817
1742337242.1101549
1742337242.1101549
1742337242.1101549
51178972.0
51178972.0
1742337242.1101549
2534132.0
33374508.000000004
1742815164.0
2412666.0
2608711.0
16786647.798772376
36198663.0
1742815164.0
2346141.934877501
2534132.0
16684251.527318554
33374508.0
17498719.0
1742815164.0
1653246920.6120236
2609128.0
2479458.0
16786647.798772376
1448376348.3973765
1742815164.0
1653246920.6120236
1742815164.0
2412666.0
23201957.84503702
1448376348.3973765
1433806580.9091632
1448376348.3973765
1653246920.6120236
1742815164.0
2479458.0
1448376348.3973765
1433806580.9091632
1448376348.3973765
1653246920.6120236
1742815164.0
33374508.000000004
1433806580.9091632
1448376348.3973765
16684251.527318554
33374508.0
1433806580.9091632
1448376348.3973765
2412666.0
2412666.0
2479458.0
2412666.0
29997.0
29997.0
506340.0
1878156.0
4495273.0
2534132.0
4334618.0
37022351.0
2608711.0
2412666.0
29997.0
506340.0
1878156.0
506340.0
1878156.0
4548209.0
30911970.0
2609128.0
2535810.0
4307690.732783001
37022351.0
2534132.0
2346141.934877501
37022351.0
2609128.0
35165214.51959294
2479458.0
506340.0
1878156.0
506340.0
30911970.0
1878156.0
1878156.0
506340.0
30911970.0
1878156.0
1878156.0
30911970.0
30911970.0
30911970.0
2412666.0
37022351.0
37022351.0
35165214.51959294
2412666.0
37022351.0
35165214.51959294
2412666.0
506340.0
30911970.0
1878156.0
1878156.0
30911970.0
30911970.0
30911970.0
2412666.0
30911970.0
30911970.0
30911970.0
29997.0
30911970.0
30911970.0
506340.0
37022351.0
35165214.51959294
4495273.0
2412666.0
30911970.0
30911970.0
30911970.0
2412666.0
30911970.0
30911970.0
2412666.0
30911970.0
30911970.0
506340.0
4548209.0
2412666.0
30911970.0
30911970.0
506340.0
506340.0
506340.0
506340.0
13937588.0
1378913.0000000002
2534132.0
58537643.0
14811861.0
868519655.0
1380035.0
10630434.0
2608711.0
2412666.0
58537643.0
13936772.900004854
868519655.0
1378913.0
10630434.0
2534132.0
2346141.934877501
58537607.67092395
58537643.0
3671655573.0
868519123.3790392
2609128.0
867448253.7884072
10630434.0
2609128.0
10033456.045639751
2479458.0
58537607.67092395
58537643.0
3671655573.0
868519123.3790392
868519655.0
867448253.7884072
10630434.0
10630434.0
10033456.045639751
2412666.0
3640693039.689381
3671653433.3439264
3671655573.0
3671655573.0
3666374016.3973465
868519123.3790392
867447735.3396765
2412666.0
10630434.0
10033456.045639751
2412666.0
3640693039.689381
3671653433.3439264
3671655573.0
3671655573.0
3666374016.3973465
868519123.3790392
867447735.3396765
13937588.0
10630434.0
10033456.045639751
1378913.0000000002
6593723344.473234
3671653433.3439264
3666371942.602424
3671655573.0
3666374016.3973465
58537643.0
2412666.0
2412666.0
6593723344.473234
3671653433.3439264
3666371942.602424
3671655573.0
3666374016.3973465
58537643.0
2412666.0
2412666.0
6593723344.473234
6233548007.715231
2412666.0
2412666.0
6593723344.473234
6233548007.715231
58537607.67092395
58537643.0
3640693039.689381
3640693039.689381
13937588.0
14811861.0
868519655.0
58537643.0
2526493.0
2534132.0
1378913.0000000002
2412666.0
2608711.0
10630434.0
1380035.0
13936772.900004854
13937588.0
868519655.0
58537643.0
868519123.3790392
58537607.67092395
867448253.7884072
2609128.0
3671655573.0
58537643.0
2534132.0
1378913.0000000002
2346141.934877501
2534132.0
10630434.0
1378913.0
2479458.0
10033456.045639751
2609128.0
10630434.0
13937579.206022354
868519123.3790392
58537607.67092395
868519655.0
58537643.0
867448253.7884072
868519655.0
3671655573.0
58537643.0
867447735.3396765
868519123.3790392
3671653433.3439264
3640693039.689381
2412666.0
3666374016.3973465
3671655573.0
3671655573.0
2391024.165148216
2534132.0
10630434.0
1378913.0000000002
2412666.0
10033456.045639751
10630434.0
10630434.0
2412666.0
10033456.045639751
10630434.0
868519123.3790392
58537607.67092395
867447735.3396765
868519123.3790392
3671653433.3439264
4838605951.583927
867448253.7884072
868519655.0
3671655573.0
58537643.0
13937588.0
3666374016.3973465
3671655573.0
3671655573.0
2412666.0
3666371942.602424
3671653433.3439264
6593723344.473234
58537643.0
3666374016.3973465
3671655573.0
2412666.0
10033456.045639751
10630434.0
10630434.0
1378913.0000000002
10033456.045639751
10630434.0
2479458.0
867447735.3396765
868519123.3790392
3671653433.3439264
4838604104.34756
2412666.0
3666371942.602424
3671653433.3439264
6593723344.473234
2412666.0
3666374016.3973465
3671655573.0
3671655573.0
58537643.0
3666374016.3973465
3671655573.0
2412666.0
6233548007.715231
6593723344.473234
8283573.0
2412666.0
10033456.045639751
10630434.0
2412666.0
13937579.206022354
3666371942.602424
3671653433.3439264
6593723344.473234
58537607.67092395
6233548007.715231
6593723344.473234
58537643.0
3666374016.3973465
3671655573.0
58537643.0
3640693039.689381
1378913.0000000002
58537607.67092395
6233548007.715231
6593723344.473234
4838605951.583927
58537643.0
4838604104.34756
2526493.0
13937588.0
4495273.0
1378913.0000000002
246379856.0
58537643.0
14811861.0
11906472.0
4334618.0
1380035.0
13937588.0
4495273.0
1378913.0000000002
246379856.0
58537643.0
13936772.900004854
11906472.0
4307690.732783001
1378913.0
1138488227.0
246379856.0
246379845.98069862
58537607.67092395
58537643.0
11906472.0
8283573.0
246379856.0
58537643.0
13937579.206022354
11906472.0
4383486.629028963
1378913.0000000002
1138488227.0
246379856.0
246379845.98069862
58537607.67092395
58537643.0
11906472.0
11906472.0
1138488227.0
1138488185.5443053
1138488227.0
246379845.98069862
3640693039.689381
11906472.0
1138488227.0
246379856.0
246379845.98069862
58537607.67092395
58537643.0
11906472.0
11906472.0
1138488227.0
1138488185.5443053
1138488227.0
246379845.98069862
3640693039.689381
11906472.0
1138488185.5443053
1138488227.0
10407656585.1013
1138488227.0
1138488185.5443053
1138488227.0
246379845.98069862
4838604104.34756
11906472.0
1138488185.5443053
1138488227.0
10407656585.1013
10251061974.750866
1138488185.5443053
1138488227.0
10407656585.1013
10251061974.750866
10251061974.750866
361472.0
13937588.0
4495273.0
2534132.0
177458914.0
6872798.0
22090126.0
246379856.0
868519655.0
14811861.0
37022351.0
4334618.0
2412666.0
2608711.0
177458914.0
6872798.0
22090126.0
246379856.0
868519655.0
13936772.900004854
37022351.0
4307690.732783001
2346141.934877501
2534132.0
3158834197.0
11152598254.0
177458914.0
402961730.0
6872798.0
21941320.55308611
2609128.0
15462506517.0
246379856.0
246379845.98069862
868519123.3790392
867448253.7884072
2609128.0
37022351.0
35165214.51959294
2609128.0
2479458.0
3158834197.0
11152598254.0
177458914.0
402961730.0
6872798.0
21941320.55308611
22090126.0
15462506517.0
246379856.0
246379845.98069862
868519123.3790392
867448253.7884072
868519655.0
37022351.0
35165214.51959294
37022351.0
2412666.0
199966170267.0
3158834197.0
3158834197.0
11152598254.0
11152444147.61132
11152598254.0
402961730.0
394670424.3778165
402961730.0
2412666.0
15462506517.0
15462505880.001198
15428137185.367666
15462506517.0
246379845.98069862
867447735.3396765
868519123.3790392
2412666.0
35165214.51959294
37022351.0
2412666.0
199966170267.0
3158834197.0
3158834197.0
11152598254.0
11152444147.61132
11152598254.0
402961730.0
394670424.3778165
402961730.0
361472.0
15462506517.0
15462505880.001198
15428137185.367666
15462506517.0
246379845.98069862
867447735.3396765
868519123.3790392
13937588.0
35165214.51959294
37022351.0
4495273.0
199966170267.0
199966170267.0
199912541243.7398
199966170267.0
3158834197.0
11152444147.61132
11152598254.0
177458914.0
394670424.3778165
402961730.0
6872798.0
15462505880.001198
15428137185.367666
15462506517.0
15428136666.918936
15462505880.001198
246379856.0
2412666.0
2412666.0
199966170267.0
199966170267.0
199912541243.7398
199966170267.0
3158834197.0
11152444147.61132
11152598254.0
177458914.0
394670424.3778165
402961730.0
6872798.0
15462505880.001198
15428137185.367666
15462506517.0
15428136666.918936
15462505880.001198
246379856.0
2412666.0
2412666.0
199966170267.0
199912541243.7398
199966170267.0
199912541243.7398
199966170267.0
3158834197.0
2412666.0
4548209.0
15428136666.918936
15462505880.001198
2412666.0
2412666.0
199966170267.0
199912541243.7398
199966170267.0
199912541243.7398
199966170267.0
3158834197.0
177458914.0
6872798.0
15428136666.918936
15462505880.001198
246379856.0
246379845.98069862
199912541243.7398
199966170267.0
3158834197.0
3158834197.0
246379845.98069862
199912541243.7398
199966170267.0
3158834197.0
3158834197.0
246379845.98069862
3158834197.0
3158834197.0
901343.0
51178972.0
23642997.0
33374508.000000004
260407057.0
1742815164.0
4495273.0
2534132.0
4334618.0
37022351.0
2412666.0
51178972.0
51178972.0
51178972.0
51178972.0
22024762.87869567
34260725.0
1543168893.3986156
260407057.0
1742815164.0
260407057.0
15709971521.0
1653246920.6120236
4307690.732783001
37022351.0
2346141.934877501
37022351.0
35165214.51959294
51178972.0
51178972.0
51178972.0
2341860658.245617
1846534923.0
2290937846.401164
22203104096.0
1742337242.1101549
240623754.1733475
1543168893.3986156
240623754.1733475
14976177281.524424
1528588851.6720817
260407057.0
15709971521.0
1653246920.6120236
15709971521.0
15455928666.52526
37022351.0
35165214.51959294
35165214.51959294
2341860658.245617
1846534923.0
2290937846.401164
22203104096.0
1742337242.1101549
2290937846.401164
22203104096.0
1742337242.1101549
22203104096.0
21087206080.925037
240623754.1733475
14976177281.524424
1528588851.6720817
14976177281.524424
14799739883.88405
15709971521.0
15455928666.52526
15455928666.52526
35165214.51959294
2290937846.401164
22203104096.0
1742337242.1101549
22203104096.0
21087206080.925037
22203104096.0
21087206080.925037
21087206080.925037
14976177281.524424
14799739883.88405
14799739883.88405
15455928666.52526
22203104096.0
21087206080.925037
21087206080.925037
21087206080.925037
14799739883.88405
21087206080.925037
23642997.0
33374508.000000004
260407057.0
1742815164.0
4495273.0
2534132.0
4334618.0
37022351.0
2412666.0
22024762.87869567
34260725.0
1543168893.3986156
260407057.0
1742815164.0
260407057.0
15709971521.0
1653246920.6120236
4307690.732783001
37022351.0
2346141.934877501
37022351.0
35165214.51959294
240623754.1733475
1543168893.3986156
240623754.1733475
14976177281.524424
1528588851.6720817
260407057.0
15709971521.0
1653246920.6120236
15709971521.0
15455928666.52526
37022351.0
35165214.51959294
35165214.51959294
240623754.1733475
14976177281.524424
1528588851.6720817
14976177281.524424
14799739883.88405
15709971521.0
15455928666.52526
15455928666.52526
35165214.51959294
14976177281.524424
14799739883.88405
14799739883.88405
15455928666.52526
14799739883.88405
13937588.0
1378913.0000000002
33374508.000000004
58537643.0
9953140169.0
14811861.0
138215229.0
1380035.0
23642997.0
58537643.0
9953140169.0
13936772.900004854
138215229.0
1378913.0
22024762.87869567
41764217938.0
58537607.67092395
58537643.0
9939324057.458477
9953133763.256157
104137705.66659205
138215229.0
41764217938.0
58537607.67092395
58537643.0
9939324057.458477
9953133763.256157
104137705.66659205
138215229.0
41700353180.32461
41764192165.22879
41764217938.0
3640693039.689381
9939317651.714634
104137705.66659205
41700353180.32461
41764192165.22879
41764217938.0
3640693039.689381
9939317651.714634
104137705.66659205
41700327407.5534
41700353180.32461
82486200570.56804
41700327407.5534
41700353180.32461
82486200570.56804
63087113383.317955
63087113383.317955
13937588.0
2534132.0
33374508.000000004
868519655.0
9953140169.0
14811861.0
1742815164.0
2412666.0
23642997.0
36198663.0
51178972.0
16786647.798772376
901343.0
868519655.0
9953140169.0
13936772.900004854
1742815164.0
2346141.934877501
22024762.87869567
33374508.0
51178972.0
16684251.527318554
629888115939.0
867448253.7884072
868519123.3790392
9953133763.256157
9939324057.458477
9953140169.0
10066249577.0
17498719.0
1653246920.6120236
1543168893.3986156
1742815164.0
51178972.0
17498719.0
23642997.0
51178972.0
16722152.122970246
51178972.0
16786647.798772376
17498719.0
629888115939.0
867448253.7884072
868519123.3790392
9953133763.256157
9939324057.458477
9953140169.0
10066249577.0
9929231475.88634
1653246920.6120236
1543168893.3986156
1742815164.0
1846534923.0
1448376348.3973765
24913942.05982959
51178972.0
24913942.05982959
165151512.96993816
23201957.84503702
165151512.96993816
628925086544.3357
629887727699.6777
629054180226.4966
629888115939.0
636289914246.0
628446765564.3654
867447735.3396765
9939317651.714634
9953133763.256157
10066243171.256157
9929225070.142494
34260725.0
51178972.0
34260725.0
51178972.0
17498719.0
51178972.0
1528588851.6720817
1653246920.6120236
1742337242.1101549
1433806580.9091632
34260725.0
51178972.0
34260725.0
51178972.0
17498719.0
1846534923.0
51178972.0
16722152.122970246
51178972.0
17498719.0
628925086544.3357
629887727699.6777
629054180226.4966
629888115939.0
636289914246.0
628446765564.3654
867447735.3396765
9939317651.714634
9953133763.256157
10066243171.256157
9929225070.142494
9939324057.458477
51178972.0
9939324057.458477
10066249577.0
9929231475.88634
10066249577.0
1528588851.6720817
1653246920.6120236
1742337242.1101549
1433806580.9091632
1543168893.3986156
51178972.0
1543168893.3986156
1846534923.0
1448376348.3973765
1846534923.0
51178972.0
22024762.87869567
51178972.0
51178972.0
628924711187.4546
628091150831.8322
628925086544.3357
635290499959.5201
627483736169.701
629053791987.1743
629887727699.6777
636289526006.6777
628446377325.0432
629054180226.4966
51178972.0
629054180226.4966
636289914246.0
628446765564.3654
636289914246.0
9939317651.714634
10066243171.256157
9939317651.714634
10066243171.256157
9929225070.142494
10066243171.256157
51178972.0
34260725.0
51178972.0
51178972.0
1528588851.6720817
1742337242.1101549
1528588851.6720817
1742337242.1101549
1433806580.9091632
1742337242.1101549
51178972.0
34260725.0
51178972.0
51178972.0
51178972.0
628924711187.4546
628091150831.8322
628925086544.3357
635290499959.5201
627483736169.701
629053791987.1743
629887727699.6777
636289526006.6777
628446377325.0432
629054180226.4966
636289914246.0
629054180226.4966
636289914246.0
628446765564.3654
636289914246.0
9939317651.714634
10066243171.256157
9939317651.714634
10066243171.256157
9929225070.142494
10066243171.256157
10066249577.0
9939324057.458477
10066249577.0
10066249577.0
1528588851.6720817
1742337242.1101549
1528588851.6720817
1742337242.1101549
1433806580.9091632
1742337242.1101549
1846534923.0
1543168893.3986156
1846534923.0
1846534923.0
51178972.0
628090775474.9512
628924711187.4546
635290124602.6393
627483360812.8202
628091150831.8322
635290499959.5201
628091150831.8322
635290499959.5201
627483736169.701
635290499959.5201
629053791987.1743
636289526006.6777
629053791987.1743
636289526006.6777
628446377325.0432
636289526006.6777
636289914246.0
629054180226.4966
636289914246.0
636289914246.0
51178972.0
9939317651.714634
51178972.0
10066243171.256157
51178972.0
51178972.0
1528588851.6720817
51178972.0
1742337242.1101549
51178972.0
628090775474.9512
628924711187.4546
635290124602.6393
627483360812.8202
628091150831.8322
635290499959.5201
628091150831.8322
635290499959.5201
627483736169.701
635290499959.5201
629053791987.1743
636289526006.6777
629053791987.1743
636289526006.6777
628446377325.0432
636289526006.6777
636289914246.0
629054180226.4966
636289914246.0
636289914246.0
10066243171.256157
9939317651.714634
10066243171.256157
10066243171.256157
51178972.0
1742337242.1101549
1528588851.6720817
1742337242.1101549
1742337242.1101549
51178972.0
628090775474.9512
635290124602.6393
628090775474.9512
635290124602.6393
627483360812.8202
635290124602.6393
635290499959.5201
628091150831.8322
635290499959.5201
635290499959.5201
636289526006.6777
629053791987.1743
636289526006.6777
636289526006.6777
51178972.0
51178972.0
1742337242.1101549
628090775474.9512
635290124602.6393
628090775474.9512
635290124602.6393
627483360812.8202
635290124602.6393
635290499959.5201
628091150831.8322
635290499959.5201
635290499959.5201
636289526006.6777
629053791987.1743
636289526006.6777
636289526006.6777
636289914246.0
10066243171.256157
1742337242.1101549
635290124602.6393
628090775474.9512
635290124602.6393
635290124602.6393
635290499959.5201
636289526006.6777
635290124602.6393
628090775474.9512
635290124602.6393
635290124602.6393
635290499959.5201
636289526006.6777
635290124602.6393
635290124602.6393
2526493.0
4495273.0
33374508.000000004
135086.0
260407057.0
2257980.0
4334618.0
66745420.00000001
16786647.798772376
23642997.0
135086.0
135086.0
4495273.0
33374508.000000004
135086.0
260407057.0
2257980.0
4307690.732783001
66745420.00000001
16684251.527318554
22024762.87869567
135086.0
135086.0
519716361.0
17498719.0
34260725.0
260407057.0
2257980.0
257823.0
184270.0
17498719.0
33632271.08988591
66745420.00000001
66745420.00000001
16722152.122970246
604766464.0
260407057.0
2257980.0
4383486.629028963
66745420.00000001
23201957.84503702
24913942.05982959
135086.0
135086.0
519716361.0
231927988.36042902
240623754.1733475
260407057.0
2257980.0
2257980.0
2257980.0
46401895.43763007
49825262.73288187
66745420.00000001
66745420.00000001
24913942.05982959
135086.0
463227672.31635857
480440113.28302515
519716361.0
519716361.0
519716361.0
240623754.1733475
231927988.36042902
240623754.1733475
2257980.0
2257980.0
184270.0
49825262.73288187
46401895.43763007
46401895.43763007
49825262.73288187
49825262.73288187
66745420.00000001
519716361.0
231927988.36042902
240623754.1733475
260407057.0
2257980.0
2257980.0
2257980.0
46401895.43763007
49825262.73288187
66745420.00000001
66745420.00000001
24913942.05982959
135086.0
463227672.31635857
480440113.28302515
519716361.0
519716361.0
519716361.0
240623754.1733475
231927988.36042902
240623754.1733475
2257980.0
2257980.0
2257980.0
49825262.73288187
46401895.43763007
46401895.43763007
49825262.73288187
49825262.73288187
66745420.00000001
480440113.28302515
463227672.31635857
463227672.31635857
463227672.31635857
480440113.28302515
480440113.28302515
480440113.28302515
519716361.0
519716361.0
519716361.0
240623754.1733475
2257980.0
49825262.73288187
49825262.73288187
46401895.43763007
49825262.73288187
463227672.31635857
480440113.28302515
519716361.0
519716361.0
519716361.0
240623754.1733475
231927988.36042902
240623754.1733475
2257980.0
2257980.0
2257980.0
49825262.73288187
46401895.43763007
46401895.43763007
49825262.73288187
49825262.73288187
66745420.00000001
480440113.28302515
463227672.31635857
463227672.31635857
463227672.31635857
480440113.28302515
480440113.28302515
480440113.28302515
519716361.0
519716361.0
519716361.0
240623754.1733475
2257980.0
49825262.73288187
49825262.73288187
46401895.43763007
49825262.73288187
480440113.28302515
480440113.28302515
480440113.28302515
463227672.31635857
463227672.31635857
463227672.31635857
480440113.28302515
480440113.28302515
480440113.28302515
519716361.0
49825262.73288187
480440113.28302515
463227672.31635857
463227672.31635857
463227672.31635857
480440113.28302515
480440113.28302515
480440113.28302515
519716361.0
519716361.0
519716361.0
240623754.1733475
2257980.0
49825262.73288187
49825262.73288187
46401895.43763007
49825262.73288187
480440113.28302515
480440113.28302515
480440113.28302515
463227672.31635857
463227672.31635857
463227672.31635857
480440113.28302515
480440113.28302515
480440113.28302515
519716361.0
49825262.73288187
480440113.28302515
480440113.28302515
480440113.28302515
463227672.31635857
480440113.28302515
480440113.28302515
480440113.28302515
480440113.28302515
463227672.31635857
463227672.31635857
463227672.31635857
480440113.28302515
480440113.28302515
480440113.28302515
519716361.0
49825262.73288187
480440113.28302515
480440113.28302515
480440113.28302515
463227672.31635857
480440113.28302515
480440113.28302515
480440113.28302515
480440113.28302515
480440113.28302515
463227672.31635857
480440113.28302515
480440113.28302515
480440113.28302515
29997.0
29997.0
506340.0
1878156.0
19945525.0
4495273.0
2534132.0
13937588.0
4334618.0
37022351.0
246379856.0
2608711.0
2412666.0
868519655.0
29997.0
506340.0
1878156.0
19945525.0
506340.0
1878156.0
19945525.0
4548209.0
30911970.0
413719434.0
2609128.0
2535810.0
1247690620.0
4307690.732783001
37022351.0
246379856.0
2534132.0
2346141.934877501
868519655.0
37022351.0
246379856.0
2609128.0
35165214.51959294
15462506517.0
2479458.0
2609128.0
867448253.7884072
506340.0
1878156.0
19945525.0
506340.0
30911970.0
413719434.0
1878156.0
1878156.0
1247690620.0
506340.0
30911970.0
413719434.0
1878156.0
1878156.0
1247690620.0
30911970.0
413719434.0
30911970.0
30911970.0
25252521175.0
2412666.0
1247690620.0
1247690620.0
37022351.0
246379856.0
37022351.0
35165214.51959294
15462506517.0
2412666.0
868519655.0
867448253.7884072
37022351.0
35165214.51959294
15462506517.0
2412666.0
15462506517.0
15428137185.367666
2412666.0
506340.0
30911970.0
413719434.0
1878156.0
1878156.0
1247690620.0
30911970.0
413719434.0
30911970.0
30911970.0
25252521175.0
2412666.0
1247690620.0
1247690620.0
30911970.0
413719434.0
30911970.0
30911970.0
25252521175.0
29997.0
1247690620.0
1247690620.0
30911970.0
30911970.0
25252521175.0
506340.0
25252521175.0
25252521175.0
19945525.0
37022351.0
35165214.51959294
15462506517.0
4495273.0
15462506517.0
15428137185.367666
13937588.0
2412666.0
15462506517.0
15428137185.367666
246379856.0
30911970.0
413719434.0
30911970.0
30911970.0
25252521175.0
2412666.0
1247690620.0
1247690620.0
30911970.0
30911970.0
25252521175.0
2412666.0
25252521175.0
25252521175.0
2412666.0
30911970.0
30911970.0
25252521175.0
506340.0
25252521175.0
25252521175.0
19945525.0
2412666.0
25252521175.0
25252521175.0
413719434.0
2412666.0
15462506517.0
15428137185.367666
246379856.0
2412666.0
30911970.0
30911970.0
25252521175.0
506340.0
25252521175.0
25252521175.0
19945525.0
506340.0
25252521175.0
25252521175.0
413719434.0
506340.0
25252521175.0
25252521175.0
413719434.0
413719434.0
246379856.0
506340.0
25252521175.0
25252521175.0
413719434.0
413719434.0
413719434.0
413719434.0
2526493.0
13937588.0
4495273.0
1378913.0000000002
2534132.0
246379856.0
58537643.0
868519655.0
14811861.0
11906472.0
37022351.0
4334618.0
10630434.0
1380035.0
2608711.0
2412666.0
13937588.0
4495273.0
1378913.0000000002
2534132.0
246379856.0
58537643.0
868519655.0
13936772.900004854
11906472.0
37022351.0
4307690.732783001
10630434.0
1378913.0
2534132.0
2346141.934877501
1138488227.0
15462506517.0
246379856.0
246379845.98069862
3671655573.0
58537607.67092395
58537643.0
868519123.3790392
2609128.0
867448253.7884072
170430940.0
11906472.0
8283573.0
37022351.0
2609128.0
35165214.51959294
10630434.0
2609128.0
10033456.045639751
2479458.0
246379856.0
58537643.0
868519655.0
13937579.206022354
11906472.0
37022351.0
4383486.629028963
10630434.0
1378913.0000000002
2534132.0
2391024.165148216
1138488227.0
15462506517.0
246379856.0
246379845.98069862
3671655573.0
58537607.67092395
58537643.0
868519123.3790392
868519655.0
867448253.7884072
170430940.0
11906472.0
11906472.0
37022351.0
37022351.0
35165214.51959294
10630434.0
10630434.0
10033456.045639751
2412666.0
71421518990.0
1138488227.0
1138488185.5443053
1138488227.0
15462506517.0
15462505880.001198
15462506517.0
15428137185.367666
246379845.98069862
3671653433.3439264
3671655573.0
3671655573.0
3666374016.3973465
3640693039.689381
868519123.3790392
867447735.3396765
2412666.0
170430940.0
170430940.0
170430940.0
161892042.95558095
11906472.0
37022351.0
35165214.51959294
2412666.0
10630434.0
10033456.045639751
2412666.0
1138488227.0
15462506517.0
246379856.0
246379845.98069862
3671655573.0
58537607.67092395
58537643.0
868519123.3790392
868519655.0
867448253.7884072
170430940.0
11906472.0
11906472.0
37022351.0
37022351.0
35165214.51959294
10630434.0
10630434.0
10033456.045639751
2412666.0
71421518990.0
1138488227.0
1138488185.5443053
1138488227.0
15462506517.0
15462505880.001198
15462506517.0
15428137185.367666
246379845.98069862
3671653433.3439264
3671655573.0
3671655573.0
3666374016.3973465
4838605951.583927
868519123.3790392
867447735.3396765
2479458.0
170430940.0
170430940.0
170430940.0
161892042.95558095
11906472.0
37022351.0
35165214.51959294
4495273.0
10630434.0
10033456.045639751
2479458.0
71421518990.0
71421516323.45471
71421518990.0
71421518990.0
71269273423.69055
1138488185.5443053
1138488227.0
70467695647.8164
15462505880.001198
15462506517.0
15428137185.367666
15462505880.001198
15428136666.918936
246379856.0
6593723344.473234
3671653433.3439264
3666371942.602424
3671655573.0
3666374016.3973465
2479458.0
2412666.0
170430940.0
170430940.0
161892042.95558095
170430940.0
161892042.95558095
11906472.0
2412666.0
2412666.0
71421518990.0
1138488227.0
1138488185.5443053
1138488227.0
15462506517.0
15462505880.001198
15462506517.0
15428137185.367666
246379845.98069862
3671653433.3439264
3671655573.0
3671655573.0
3666374016.3973465
4838604104.34756
868519123.3790392
867447735.3396765
2412666.0
170430940.0
170430940.0
170430940.0
161892042.95558095
11906472.0
37022351.0
35165214.51959294
2412666.0
10630434.0
10033456.045639751
2412666.0
71421518990.0
71421516323.45471
71421518990.0
71421518990.0
71269273423.69055
1138488185.5443053
1138488227.0
10407656585.1013
15462505880.001198
15462506517.0
15428137185.367666
15462505880.001198
15428136666.918936
246379856.0
6593723344.473234
3671653433.3439264
3666371942.602424
3671655573.0
3666374016.3973465
58537643.0
13936772.900004854
170430940.0
170430940.0
161892042.95558095
170430940.0
161892042.95558095
11906472.0
2412666.0
1378913.0
71421516323.45471
71421518990.0
71421518990.0
71269273423.69055
111641335627.10098
71421516323.45471
71269271349.89563
71421518990.0
71269273423.69055
1138488227.0
10251061974.750866
15462505880.001198
15428136666.918936
2412666.0
2412666.0
6593723344.473234
6233548007.715231
2412666.0
8283573.0
170430940.0
161892042.95558095
2412666.0
8283573.0
71421518990.0
71421516323.45471
71421518990.0
71421518990.0
71269273423.69055
1138488185.5443053
1138488227.0
10407656585.1013
15462505880.001198
15462506517.0
15428137185.367666
15462505880.001198
15428136666.918936
246379856.0
6593723344.473234
3671653433.3439264
3666371942.602424
3671655573.0
3666374016.3973465
58537643.0
13937579.206022354
170430940.0
170430940.0
161892042.95558095
170430940.0
161892042.95558095
11906472.0
4383486.629028963
1378913.0000000002
71421516323.45471
71421518990.0
71421518990.0
71269273423.69055
111641335627.10098
71421516323.45471
71269271349.89563
71421518990.0
71269273423.69055
1138488227.0
10251061974.750866
15462505880.001198
15428136666.918936
246379856.0
246379845.98069862
6593723344.473234
6233548007.715231
58537607.67092395
58537643.0
170430940.0
161892042.95558095
11906472.0
11906472.0
111641335627.10098
71421516323.45471
71269271349.89563
71421518990.0
71269273423.69055
1138488227.0
111641335627.10098
107062581348.34607
1138488185.5443053
1138488227.0
246379845.98069862
3640693039.689381
11906472.0
71421516323.45471
71421518990.0
71421518990.0
71269273423.69055
111641335627.10098
71421516323.45471
71269271349.89563
71421518990.0
71269273423.69055
1138488227.0
10251061974.750866
15462505880.001198
15428136666.918936
246379856.0
246379845.98069862
6593723344.473234
6233548007.715231
58537607.67092395
58537643.0
170430940.0
161892042.95558095
11906472.0
11906472.0
111641335627.10098
71421516323.45471
71269271349.89563
71421518990.0
71269273423.69055
1138488227.0
111641335627.10098
107062581348.34607
1138488185.5443053
1138488227.0
246379845.98069862
3640693039.689381
11906472.0
111641335627.10098
107062581348.34607
1138488185.5443053
1138488227.0
10407656585.1013
111641335627.10098
71421516323.45471
71269271349.89563
71421518990.0
71269273423.69055
1138488227.0
111641335627.10098
107062581348.34607
1138488185.5443053
1138488227.0
246379845.98069862
4838604104.34756
11906472.0
111641335627.10098
107062581348.34607
1138488185.5443053
1138488227.0
10407656585.1013
10251061974.750866
111641335627.10098
107062581348.34607
1138488185.5443053
1138488227.0
10407656585.1013
10251061974.750866
10251061974.750866
2526493.0
13937588.0
4495273.0
2534132.0
135086.0
246379856.0
868519655.0
27872400.0
14811861.0
37022351.0
2257980.0
4334618.0
5067037.0
2412666.0
2608711.0
135086.0
13937588.0
4495273.0
2534132.0
135086.0
246379856.0
868519655.0
27872400.0
13936772.900004854
37022351.0
2257980.0
4307690.732783001
5067037.0
2346141.934877501
2534132.0
135086.0
15462506517.0
491519723.0
246379856.0
246379845.98069862
1736898633.0
868519123.3790392
867448253.7884072
2609128.0
27872382.412044708
27872400.0
73616333.0
37022351.0
35165214.51959294
2609128.0
2257980.0
184270.0
4781329.768178192
2609128.0
5067037.0
2479458.0
246379856.0
868519655.0
27872400.0
13937579.206022354
37022351.0
2257980.0
4383486.629028963
5067037.0
2391024.165148216
2534132.0
135086.0
15462506517.0
491519723.0
246379856.0
246379845.98069862
1736898633.0
868519123.3790392
867448253.7884072
868519655.0
27872382.412044708
27872400.0
73616333.0
37022351.0
35165214.51959294
37022351.0
2257980.0
2257980.0
4781329.768178192
5067037.0
5067037.0
2412666.0
30856193137.0
15462506517.0
15462505880.001198
15428137185.367666
15462506517.0
491519723.0
491519702.96139723
491519723.0
246379845.98069862
1736897569.7580783
1734770574.3583484
1736898633.0
1736898633.0
867447735.3396765
868519123.3790392
2412666.0
27872382.412044708
73616333.0
70063494.60599265
73616333.0
73616333.0
35165214.51959294
37022351.0
2412666.0
2257980.0
2412666.0
4781329.768178192
5067037.0
15462506517.0
491519723.0
246379856.0
246379845.98069862
1736898633.0
868519123.3790392
867448253.7884072
868519655.0
27872382.412044708
27872400.0
73616333.0
37022351.0
35165214.51959294
37022351.0
2257980.0
2257980.0
4781329.768178192
5067037.0
5067037.0
2412666.0
30856193137.0
15462506517.0
15462505880.001198
15428137185.367666
15462506517.0
491519723.0
491519702.96139723
491519723.0
246379845.98069862
1736897569.7580783
1734770574.3583484
1736898633.0
1736898633.0
867447735.3396765
868519123.3790392
2479458.0
27872382.412044708
73616333.0
70063494.60599265
73616333.0
73616333.0
35165214.51959294
37022351.0
4495273.0
2257980.0
2479458.0
4781329.768178192
5067037.0
30856193137.0
30856191863.002396
30793894749.29295
30856193137.0
30856193137.0
15462505880.001198
15428137185.367666
15462506517.0
15428136666.918936
15462505880.001198
246379856.0
491519702.96139723
491519723.0
491519702.96139723
1734769537.460887
1736897569.7580783
1736897569.7580783
2479458.0
1734770574.3583484
1736898633.0
2412666.0
70063494.60599265
73616333.0
73616333.0
2257980.0
70063494.60599265
73616333.0
2412666.0
2479458.0
30856193137.0
15462506517.0
15462505880.001198
15428137185.367666
15462506517.0
491519723.0
491519702.96139723
491519723.0
246379845.98069862
1736897569.7580783
1734770574.3583484
1736898633.0
1736898633.0
867447735.3396765
868519123.3790392
2412666.0
27872382.412044708
73616333.0
70063494.60599265
73616333.0
73616333.0
35165214.51959294
37022351.0
2412666.0
2257980.0
2412666.0
4781329.768178192
5067037.0
30856193137.0
30856191863.002396
30793894749.29295
30856193137.0
30856193137.0
15462505880.001198
15428137185.367666
15462506517.0
15428136666.918936
15462505880.001198
246379856.0
491519702.96139723
491519723.0
491519702.96139723
1734769537.460887
1736897569.7580783
1736897569.7580783
27872400.0
1734770574.3583484
1736898633.0
13936772.900004854
70063494.60599265
73616333.0
73616333.0
2257980.0
70063494.60599265
73616333.0
2412666.0
135086.0
30856191863.002396
30793894749.29295
30856193137.0
30856193137.0
30793893712.39549
30856191863.002396
30856191863.002396
491519723.0
30793894749.29295
30856193137.0
15428136666.918936
15462505880.001198
2412666.0
2412666.0
491519702.96139723
2412666.0
1734769537.460887
1736897569.7580783
2412666.0
2412666.0
70063494.60599265
73616333.0
2412666.0
30856193137.0
30856191863.002396
30793894749.29295
30856193137.0
30856193137.0
15462505880.001198
15428137185.367666
15462506517.0
15428136666.918936
15462505880.001198
246379856.0
491519702.96139723
491519723.0
491519702.96139723
1734769537.460887
1736897569.7580783
1736897569.7580783
27872400.0
1734770574.3583484
1736898633.0
13937579.206022354
70063494.60599265
73616333.0
73616333.0
2257980.0
70063494.60599265
73616333.0
4383486.629028963
135086.0
30856191863.002396
30793894749.29295
30856193137.0
30856193137.0
30793893712.39549
30856191863.002396
30856191863.002396
491519723.0
30793894749.29295
30856193137.0
15428136666.918936
15462505880.001198
246379856.0
246379845.98069862
491519702.96139723
27872382.412044708
1734769537.460887
1736897569.7580783
27872400.0
2257980.0
70063494.60599265
73616333.0
2257980.0
30793893712.39549
30856191863.002396
30856191863.002396
491519723.0
30793894749.29295
30856193137.0
491519702.96139723
30793893712.39549
30856191863.002396
491519723.0
246379845.98069862
27872382.412044708
2257980.0
30856191863.002396
30793894749.29295
30856193137.0
30856193137.0
30793893712.39549
30856191863.002396
30856191863.002396
491519723.0
30793894749.29295
30856193137.0
15428136666.918936
15462505880.001198
246379856.0
246379845.98069862
491519702.96139723
27872382.412044708
1734769537.460887
1736897569.7580783
27872400.0
2257980.0
70063494.60599265
73616333.0
2257980.0
30793893712.39549
30856191863.002396
30856191863.002396
491519723.0
30793894749.29295
30856193137.0
491519702.96139723
30793893712.39549
30856191863.002396
491519723.0
246379845.98069862
27872382.412044708
2257980.0
491519702.96139723
30793893712.39549
30856191863.002396
491519723.0
491519702.96139723
30793893712.39549
30856191863.002396
30856191863.002396
491519723.0
30793894749.29295
30856193137.0
491519702.96139723
30793893712.39549
30856191863.002396
491519723.0
246379845.98069862
27872382.412044708
2257980.0
491519702.96139723
30793893712.39549
30856191863.002396
491519723.0
491519702.96139723
491519702.96139723
491519702.96139723
30793893712.39549
30856191863.002396
491519723.0
491519702.96139723
491519702.96139723
491519702.96139723
13937588.0
2534132.0
33374508.000000004
4495273.0
868519655.0
9953140169.0
246379856.0
14811861.0
1742815164.0
37022351.0
2412666.0
260407057.0
23642997.0
36198663.0
51178972.0
16786647.798772376
4334618.0
901343.0
868519655.0
9953140169.0
246379856.0
13936772.900004854
1742815164.0
37022351.0
2346141.934877501
260407057.0
22024762.87869567
33374508.0
51178972.0
16684251.527318554
4307690.732783001
629888115939.0
15462506517.0
867448253.7884072
868519123.3790392
126885680968.0
9953133763.256157
9939324057.458477
9953140169.0
10066249577.0
17498719.0
246379845.98069862
246379856.0
15709971521.0
1653246920.6120236
1543168893.3986156
1742815164.0
51178972.0
17498719.0
35165214.51959294
37022351.0
34260725.0
260407057.0
51178972.0
17498719.0
260407057.0
23642997.0
51178972.0
16722152.122970246
51178972.0
16786647.798772376
17498719.0
629888115939.0
15462506517.0
867448253.7884072
868519123.3790392
126885680968.0
9953133763.256157
9939324057.458477
9953140169.0
10066249577.0
9929231475.88634
246379845.98069862
246379856.0
15709971521.0
1653246920.6120236
1543168893.3986156
1742815164.0
1846534923.0
1448376348.3973765
35165214.51959294
37022351.0
240623754.1733475
260407057.0
2341860658.245617
231927988.36042902
260407057.0
24913942.05982959
51178972.0
24913942.05982959
165151512.96993816
23201957.84503702
165151512.96993816
8142739737698.0
628925086544.3357
629887727699.6777
629054180226.4966
629888115939.0
636289914246.0
628446765564.3654
15428137185.367666
15462505880.001198
15462506517.0
867447735.3396765
126885673363.88953
124985339141.84622
126885680968.0
144526048353.0
123654349117.10332
126885680968.0
9939317651.714634
9953133763.256157
10066243171.256157
9929225070.142494
34260725.0
51178972.0
34260725.0
51178972.0
17498719.0
51178972.0
246379845.98069862
15455928666.52526
14976177281.524424
15709971521.0
22203104096.0
14550594999.845957
15709971521.0
1528588851.6720817
1653246920.6120236
1742337242.1101549
1433806580.9091632
34260725.0
51178972.0
34260725.0
51178972.0
17498719.0
1846534923.0
35165214.51959294
34260725.0
51178972.0
240623754.1733475
240623754.1733475
51178972.0
17498719.0
260407057.0
2341860658.245617
2290937846.401164
231927988.36042902
51178972.0
16722152.122970246
51178972.0
17498719.0
8142739737698.0
628925086544.3357
629887727699.6777
629054180226.4966
629888115939.0
636289914246.0
628446765564.3654
15428137185.367666
15462505880.001198
15462506517.0
867447735.3396765
126885673363.88953
124985339141.84622
126885680968.0
144526048353.0
123654349117.10332
126885680968.0
9939317651.714634
9953133763.256157
10066243171.256157
9929225070.142494
9939324057.458477
51178972.0
9939324057.458477
10066249577.0
9929231475.88634
10066249577.0
246379845.98069862
15455928666.52526
14976177281.524424
15709971521.0
22203104096.0
14550594999.845957
15709971521.0
1528588851.6720817
1653246920.6120236
1742337242.1101549
1433806580.9091632
1543168893.3986156
51178972.0
1543168893.3986156
1846534923.0
1448376348.3973765
1846534923.0
35165214.51959294
240623754.1733475
51178972.0
240623754.1733475
240623754.1733475
2341860658.245617
231927988.36042902
260407057.0
2341860658.245617
2290937846.401164
231927988.36042902
51178972.0
22024762.87869567
51178972.0
51178972.0
8132330287222.957
8142739246399.148
8029145513135.353
8142739737698.0
9125492647500.0
7950105383865.105
8142739737698.0
628924711187.4546
628091150831.8322
628925086544.3357
635290499959.5201
627483736169.701
629053791987.1743
629887727699.6777
636289526006.6777
628446377325.0432
629054180226.4966
51178972.0
629054180226.4966
636289914246.0
628446765564.3654
636289914246.0
15428136666.918936
15428137185.367666
15462505880.001198
124985331537.73575
126885673363.88953
144526040748.88953
123654341512.99284
126885673363.88953
124985339141.84622
51178972.0
124985339141.84622
124985339141.84622
144526048353.0
123654349117.10332
126885680968.0
144526048353.0
144526048353.0
123654349117.10332
9939317651.714634
51178972.0
9939317651.714634
10066243171.256157
9929225070.142494
10066243171.256157
51178972.0
34260725.0
51178972.0
51178972.0
14799739883.88405
15455928666.52526
21087206080.925037
14376202175.631304
15455928666.52526
14976177281.524424
51178972.0
14976177281.524424
14976177281.524424
22203104096.0
14550594999.845957
15709971521.0
22203104096.0
22203104096.0
14550594999.845957
1528588851.6720817
51178972.0
1528588851.6720817
1742337242.1101549
1433806580.9091632
1742337242.1101549
51178972.0
34260725.0
51178972.0
51178972.0
51178972.0
34260725.0
240623754.1733475
51178972.0
2290937846.401164
240623754.1733475
51178972.0
2290937846.401164
231927988.36042902
2290937846.401164
51178972.0
8132330287222.957
8142739246399.148
8029145513135.353
8142739737698.0
9125492647500.0
7950105383865.105
8142739737698.0
628924711187.4546
628091150831.8322
628925086544.3357
635290499959.5201
627483736169.701
629053791987.1743
629887727699.6777
636289526006.6777
628446377325.0432
629054180226.4966
636289914246.0
629054180226.4966
636289914246.0
628446765564.3654
636289914246.0
15428136666.918936
15428137185.367666
15462505880.001198
124985331537.73575
126885673363.88953
144526040748.88953
123654341512.99284
126885673363.88953
124985339141.84622
144526048353.0
124985339141.84622
124985339141.84622
144526048353.0
123654349117.10332
126885680968.0
144526048353.0
144526048353.0
123654349117.10332
9939317651.714634
10066243171.256157
9939317651.714634
10066243171.256157
9929225070.142494
10066243171.256157
10066249577.0
9939324057.458477
10066249577.0
10066249577.0
14799739883.88405
15455928666.52526
21087206080.925037
14376202175.631304
15455928666.52526
14976177281.524424
22203104096.0
14976177281.524424
14976177281.524424
22203104096.0
14550594999.845957
15709971521.0
22203104096.0
22203104096.0
14550594999.845957
1528588851.6720817
1742337242.1101549
1528588851.6720817
1742337242.1101549
1433806580.9091632
1742337242.1101549
1846534923.0
1543168893.3986156
1846534923.0
1846534923.0
2341860658.245617
240623754.1733475
240623754.1733475
2341860658.245617
2290937846.401164
240623754.1733475
2341860658.245617
2290937846.401164
231927988.36042902
2290937846.401164
51178972.0
8132329911866.076
8018736062660.309
8132330287222.957
9105558488471.69
7939695933390.0625
8132330287222.957
8029145021836.501
8142739246399.148
9125492156201.148
7950104892566.253
8142739246399.148
8029145513135.353
9125492647500.0
8029145513135.353
8029145513135.353
9125492647500.0
7950105383865.105
8142739737698.0
9125492647500.0
9125492647500.0
7950105383865.105
628090775474.9512
628924711187.4546
635290124602.6393
627483360812.8202
628091150831.8322
635290499959.5201
628091150831.8322
635290499959.5201
627483736169.701
635290499959.5201
629053791987.1743
636289526006.6777
629053791987.1743
636289526006.6777
628446377325.0432
636289526006.6777
636289914246.0
629054180226.4966
636289914246.0
636289914246.0
15428136666.918936
124985331537.73575
144526040748.88953
124985331537.73575
124985331537.73575
144526040748.88953
123654341512.99284
126885673363.88953
144526040748.88953
144526040748.88953
123654341512.99284
144526048353.0
124985339141.84622
124985339141.84622
144526048353.0
144526048353.0
124985339141.84622
144526048353.0
144526048353.0
123654349117.10332
144526048353.0
51178972.0
9939317651.714634
51178972.0
10066243171.256157
51178972.0
14799739883.88405
21087206080.925037
14799739883.88405
14799739883.88405
21087206080.925037
14376202175.631304
15455928666.52526
21087206080.925037
21087206080.925037
14376202175.631304
22203104096.0
14976177281.524424
14976177281.524424
22203104096.0
22203104096.0
14976177281.524424
22203104096.0
22203104096.0
14550594999.845957
22203104096.0
51178972.0
1528588851.6720817
51178972.0
1742337242.1101549
51178972.0
51178972.0
2290937846.401164
240623754.1733475
2290937846.401164
2290937846.401164
8132329911866.076
8018736062660.309
8132330287222.957
9105558488471.69
7939695933390.0625
8132330287222.957
8029145021836.501
8142739246399.148
9125492156201.148
7950104892566.253
8142739246399.148
8029145513135.353
9125492647500.0
8029145513135.353
8029145513135.353
9125492647500.0
7950105383865.105
8142739737698.0
9125492647500.0
9125492647500.0
7950105383865.105
628090775474.9512
628924711187.4546
635290124602.6393
627483360812.8202
628091150831.8322
635290499959.5201
628091150831.8322
635290499959.5201
627483736169.701
635290499959.5201
629053791987.1743
636289526006.6777
629053791987.1743
636289526006.6777
628446377325.0432
636289526006.6777
636289914246.0
629054180226.4966
636289914246.0
636289914246.0
15428136666.918936
124985331537.73575
144526040748.88953
124985331537.73575
124985331537.73575
144526040748.88953
123654341512.99284
126885673363.88953
144526040748.88953
144526040748.88953
123654341512.99284
144526048353.0
124985339141.84622
124985339141.84622
144526048353.0
144526048353.0
124985339141.84622
144526048353.0
144526048353.0
123654349117.10332
144526048353.0
10066243171.256157
9939317651.714634
10066243171.256157
10066243171.256157
51178972.0
14799739883.88405
21087206080.925037
14799739883.88405
14799739883.88405
21087206080.925037
14376202175.631304
15455928666.52526
21087206080.925037
21087206080.925037
14376202175.631304
22203104096.0
14976177281.524424
14976177281.524424
22203104096.0
22203104096.0
14976177281.524424
22203104096.0
22203104096.0
14550594999.845957
22203104096.0
1742337242.1101549
1528588851.6720817
1742337242.1101549
1742337242.1101549
51178972.0
51178972.0
2290937846.401164
240623754.1733475
2290937846.401164
2290937846.401164
8018735687303.428
8132329911866.076
9105558113114.809
7939695558033.181
8132329911866.076
8018736062660.309
9105558488471.69
8018736062660.309
8018736062660.309
9105558488471.69
7939695933390.0625
8132330287222.957
9105558488471.69
9105558488471.69
7939695933390.0625
8029145021836.501
9125492156201.148
8029145021836.501
8029145021836.501
9125492156201.148
7950104892566.253
8142739246399.148
9125492156201.148
9125492156201.148
7950104892566.253
9125492647500.0
8029145513135.353
8029145513135.353
9125492647500.0
9125492647500.0
8029145513135.353
9125492647500.0
9125492647500.0
7950105383865.105
9125492647500.0
628090775474.9512
635290124602.6393
628090775474.9512
635290124602.6393
627483360812.8202
635290124602.6393
635290499959.5201
628091150831.8322
635290499959.5201
635290499959.5201
636289526006.6777
629053791987.1743
636289526006.6777
636289526006.6777
51178972.0
144526040748.88953
124985331537.73575
124985331537.73575
144526040748.88953
144526040748.88953
124985331537.73575
144526040748.88953
144526040748.88953
123654341512.99284
144526040748.88953
51178972.0
144526048353.0
124985339141.84622
144526048353.0
144526048353.0
51178972.0
21087206080.925037
14799739883.88405
14799739883.88405
21087206080.925037
21087206080.925037
14799739883.88405
21087206080.925037
21087206080.925037
14376202175.631304
21087206080.925037
51178972.0
22203104096.0
14976177281.524424
22203104096.0
22203104096.0
1742337242.1101549
51178972.0
8018735687303.428
8132329911866.076
9105558113114.809
7939695558033.181
8132329911866.076
8018736062660.309
9105558488471.69
8018736062660.309
8018736062660.309
9105558488471.69
7939695933390.0625
8132330287222.957
9105558488471.69
9105558488471.69
7939695933390.0625
8029145021836.501
9125492156201.148
8029145021836.501
8029145021836.501
9125492156201.148
7950104892566.253
8142739246399.148
9125492156201.148
9125492156201.148
7950104892566.253
9125492647500.0
8029145513135.353
8029145513135.353
9125492647500.0
9125492647500.0
8029145513135.353
9125492647500.0
9125492647500.0
7950105383865.105
9125492647500.0
628090775474.9512
635290124602.6393
628090775474.9512
635290124602.6393
627483360812.8202
635290124602.6393
635290499959.5201
628091150831.8322
635290499959.5201
635290499959.5201
636289526006.6777
629053791987.1743
636289526006.6777
636289526006.6777
636289914246.0
144526040748.88953
124985331537.73575
124985331537.73575
144526040748.88953
144526040748.88953
124985331537.73575
144526040748.88953
144526040748.88953
123654341512.99284
144526040748.88953
144526048353.0
144526048353.0
124985339141.84622
144526048353.0
144526048353.0
10066243171.256157
21087206080.925037
14799739883.88405
14799739883.88405
21087206080.925037
21087206080.925037
14799739883.88405
21087206080.925037
21087206080.925037
14376202175.631304
21087206080.925037
22203104096.0
22203104096.0
14976177281.524424
22203104096.0
22203104096.0
1742337242.1101549
2290937846.401164
8018735687303.428
9105558113114.809
8018735687303.428
8018735687303.428
9105558113114.809
7939695558033.181
8132329911866.076
9105558113114.809
9105558113114.809
7939695558033.181
9105558488471.69
8018736062660.309
8018736062660.309
9105558488471.69
9105558488471.69
8018736062660.309
9105558488471.69
9105558488471.69
7939695933390.0625
9105558488471.69
9125492156201.148
8029145021836.501
8029145021836.501
9125492156201.148
9125492156201.148
8029145021836.501
9125492156201.148
9125492156201.148
7950104892566.253
9125492156201.148
9125492647500.0
9125492647500.0
8029145513135.353
9125492647500.0
9125492647500.0
635290124602.6393
628090775474.9512
635290124602.6393
635290124602.6393
635290499959.5201
636289526006.6777
144526040748.88953
144526040748.88953
124985331537.73575
144526040748.88953
144526040748.88953
144526048353.0
21087206080.925037
21087206080.925037
14799739883.88405
21087206080.925037
21087206080.925037
22203104096.0
8018735687303.428
9105558113114.809
8018735687303.428
8018735687303.428
9105558113114.809
7939695558033.181
8132329911866.076
9105558113114.809
9105558113114.809
7939695558033.181
9105558488471.69
8018736062660.309
8018736062660.309
9105558488471.69
9105558488471.69
8018736062660.309
9105558488471.69
9105558488471.69
7939695933390.0625
9105558488471.69
9125492156201.148
8029145021836.501
8029145021836.501
9125492156201.148
9125492156201.148
8029145021836.501
9125492156201.148
9125492156201.148
7950104892566.253
9125492156201.148
9125492647500.0
9125492647500.0
8029145513135.353
9125492647500.0
9125492647500.0
635290124602.6393
628090775474.9512
635290124602.6393
635290124602.6393
635290499959.5201
636289526006.6777
144526040748.88953
144526040748.88953
124985331537.73575
144526040748.88953
144526040748.88953
144526048353.0
21087206080.925037
21087206080.925037
14799739883.88405
21087206080.925037
21087206080.925037
22203104096.0
9105558113114.809
8018735687303.428
8018735687303.428
9105558113114.809
9105558113114.809
8018735687303.428
9105558113114.809
9105558113114.809
7939695558033.181
9105558113114.809
9105558488471.69
9105558488471.69
8018736062660.309
9105558488471.69
9105558488471.69
9125492156201.148
9125492156201.148
8029145021836.501
9125492156201.148
9125492156201.148
9125492647500.0
635290124602.6393
144526040748.88953
21087206080.925037
9105558113114.809
8018735687303.428
8018735687303.428
9105558113114.809
9105558113114.809
8018735687303.428
9105558113114.809
9105558113114.809
7939695558033.181
9105558113114.809
9105558488471.69
9105558488471.69
8018736062660.309
9105558488471.69
9105558488471.69
9125492156201.148
9125492156201.148
8029145021836.501
9125492156201.148
9125492156201.148
9125492647500.0
635290124602.6393
144526040748.88953
21087206080.925037
9105558113114.809
9105558113114.809
8018735687303.428
9105558113114.809
9105558113114.809
9105558488471.69
9125492156201.148
9105558113114.809
9105558113114.809
8018735687303.428
9105558113114.809
9105558113114.809
9105558488471.69
9125492156201.148
9105558113114.809
9105558113114.809
13937588.0
1378913.0000000002
33374508.000000004
4495273.0
58537643.0
9953140169.0
246379856.0
14811861.0
138215229.0
11906472.0
1380035.0
260407057.0
23642997.0
4334618.0
58537643.0
9953140169.0
246379856.0
13936772.900004854
138215229.0
11906472.0
1378913.0
260407057.0
22024762.87869567
4307690.732783001
41764217938.0
1138488227.0
58537607.67092395
58537643.0
126885680968.0
9939324057.458477
9953133763.256157
246379845.98069862
246379856.0
1186458535.0
104137705.66659205
138215229.0
8283573.0
11906472.0
34260725.0
260407057.0
41764217938.0
1138488227.0
58537607.67092395
58537643.0
126885680968.0
9939324057.458477
9953133763.256157
246379845.98069862
246379856.0
1186458535.0
104137705.66659205
138215229.0
11906472.0
11906472.0
240623754.1733475
260407057.0
583614536061.0
41700353180.32461
41764192165.22879
41764217938.0
1138488185.5443053
1138488227.0
1138488227.0
3640693039.689381
124985339141.84622
126885673363.88953
126885680968.0
9939317651.714634
246379845.98069862
1100102238.4284248
1186458535.0
1186458535.0
104137705.66659205
11906472.0
240623754.1733475
583614536061.0
41700353180.32461
41764192165.22879
41764217938.0
1138488185.5443053
1138488227.0
1138488227.0
3640693039.689381
124985339141.84622
126885673363.88953
126885680968.0
9939317651.714634
246379845.98069862
1100102238.4284248
1186458535.0
1186458535.0
104137705.66659205
11906472.0
240623754.1733475
574911591071.6082
583614504296.3958
583614536061.0
583614536061.0
41700327407.5534
41700353180.32461
82486200570.56804
10407656585.1013
1138488185.5443053
1138488227.0
124985331537.73575
124985339141.84622
126885673363.88953
1100102238.4284248
1100102238.4284248
1186458535.0
574911591071.6082
583614504296.3958
583614536061.0
583614536061.0
41700327407.5534
41700353180.32461
82486200570.56804
10407656585.1013
1138488185.5443053
1138488227.0
124985331537.73575
124985339141.84622
126885673363.88953
1100102238.4284248
1100102238.4284248
1186458535.0
574911559307.0038
574911591071.6082
574911591071.6082
833557098672.117
583614504296.3958
583614536061.0
63087113383.317955
10251061974.750866
124985331537.73575
1100102238.4284248
574911559307.0038
574911591071.6082
574911591071.6082
833557098672.117
583614504296.3958
583614536061.0
63087113383.317955
10251061974.750866
124985331537.73575
1100102238.4284248
780311255811.4546
574911559307.0038
574911591071.6082
833557098672.117
780311255811.4546
574911559307.0038
574911591071.6082
833557098672.117
780311255811.4546
780311255811.4546
2526493.0
4495273.0
33374508.000000004
135086.0
1378913.0000000002
260407057.0
2257980.0
11906472.0
4334618.0
66745420.00000001
138215229.0
16786647.798772376
23642997.0
573774.0
135086.0
135086.0
1380035.0
4495273.0
33374508.000000004
135086.0
1378913.0000000002
260407057.0
2257980.0
11906472.0
4307690.732783001
66745420.00000001
138215229.0
16684251.527318554
22024762.87869567
573774.0
135086.0
135086.0
1378913.0
519716361.0
1186458535.0
17498719.0
34260725.0
260407057.0
10424704.0
2257980.0
257823.0
184270.0
11906472.0
8283573.0
276415158.0
17498719.0
33632271.08988591
66745420.00000001
66745420.00000001
97144662.4173978
104137705.66659205
138215229.0
16722152.122970246
573774.0
184270.0
574293.5772281138
604766464.0
260407057.0
2257980.0
11906472.0
4383486.629028963
66745420.00000001
138215229.0
23201957.84503702
24913942.05982959
573774.0
135086.0
135086.0
1378913.0000000002
519716361.0
1186458535.0
231927988.36042902
240623754.1733475
260407057.0
10424704.0
2257980.0
2257980.0
2257980.0
11906472.0
11906472.0
276415158.0
46401895.43763007
49825262.73288187
66745420.00000001
66745420.00000001
97144662.4173978
104137705.66659205
138215229.0
24913942.05982959
573774.0
573774.0
573774.0
135086.0
2368207290.0
463227672.31635857
480440113.28302515
519716361.0
519716361.0
519716361.0
1060864028.8229233
1100102238.4284248
1186458535.0
1186458535.0
240623754.1733475
231927988.36042902
240623754.1733475
10424704.0
10424704.0
10424704.0
10424704.0
2257980.0
2257980.0
184270.0
11906472.0
194280786.6318764
208264293.56200552
276415158.0
276415158.0
276415158.0
49825262.73288187
46401895.43763007
46401895.43763007
49825262.73288187
49825262.73288187
66745420.00000001
34260725.0
97144662.4173978
104137705.66659205
573774.0
573774.0
573774.0
519716361.0
1186458535.0
231927988.36042902
240623754.1733475
260407057.0
10424704.0
2257980.0
2257980.0
2257980.0
11906472.0
11906472.0
276415158.0
46401895.43763007
49825262.73288187
66745420.00000001
66745420.00000001
97144662.4173978
104137705.66659205
138215229.0
24913942.05982959
573774.0
573774.0
573774.0
135086.0
2368207290.0
463227672.31635857
480440113.28302515
519716361.0
519716361.0
519716361.0
1060864028.8229233
1100102238.4284248
1186458535.0
1186458535.0
240623754.1733475
231927988.36042902
240623754.1733475
10424704.0
10424704.0
10424704.0
10424704.0
2257980.0
2257980.0
2257980.0
11906472.0
194280786.6318764
208264293.56200552
276415158.0
276415158.0
276415158.0
49825262.73288187
46401895.43763007
46401895.43763007
49825262.73288187
49825262.73288187
66745420.00000001
104137705.66659205
97144662.4173978
104137705.66659205
573774.0
573774.0
573774.0
2119055736.8139837
2196754882.626042
2368207290.0
2368207290.0
2368207290.0
2368207290.0
480440113.28302515
463227672.31635857
463227672.31635857
463227672.31635857
480440113.28302515
480440113.28302515
480440113.28302515
519716361.0
519716361.0
519716361.0
1100102238.4284248
1060864028.8229233
1060864028.8229233
1100102238.4284248
1100102238.4284248
1186458535.0
240623754.1733475
10424704.0
10424704.0
10424704.0
10424704.0
10424704.0
10424704.0
2257980.0
208264293.56200552
194280786.6318764
194280786.6318764
194280786.6318764
208264293.56200552
208264293.56200552
208264293.56200552
276415158.0
276415158.0
276415158.0
49825262.73288187
49825262.73288187
46401895.43763007
49825262.73288187
104137705.66659205
573774.0
2368207290.0
463227672.31635857
480440113.28302515
519716361.0
519716361.0
519716361.0
1060864028.8229233
1100102238.4284248
1186458535.0
1186458535.0
240623754.1733475
231927988.36042902
240623754.1733475
10424704.0
10424704.0
10424704.0
10424704.0
2257980.0
2257980.0
2257980.0
11906472.0
194280786.6318764
208264293.56200552
276415158.0
276415158.0
276415158.0
49825262.73288187
46401895.43763007
46401895.43763007
49825262.73288187
49825262.73288187
66745420.00000001
104137705.66659205
97144662.4173978
104137705.66659205
573774.0
573774.0
573774.0
2119055736.8139837
2196754882.626042
2368207290.0
2368207290.0
2368207290.0
2368207290.0
480440113.28302515
463227672.31635857
463227672.31635857
463227672.31635857
480440113.28302515
480440113.28302515
480440113.28302515
519716361.0
519716361.0
519716361.0
1100102238.4284248
1060864028.8229233
1060864028.8229233
1100102238.4284248
1100102238.4284248
1186458535.0
240623754.1733475
10424704.0
10424704.0
10424704.0
10424704.0
10424704.0
10424704.0
2257980.0
208264293.56200552
194280786.6318764
194280786.6318764
194280786.6318764
208264293.56200552
208264293.56200552
208264293.56200552
276415158.0
276415158.0
276415158.0
49825262.73288187
49825262.73288187
46401895.43763007
49825262.73288187
104137705.66659205
573774.0
2196754882.626042
2119055736.8139837
2119055736.8139837
2119055736.8139837
2119055736.8139837
2196754882.626042
2196754882.626042
2196754882.626042
2196754882.626042
2368207290.0
2368207290.0
2368207290.0
2368207290.0
2368207290.0
2368207290.0
480440113.28302515
480440113.28302515
480440113.28302515
463227672.31635857
463227672.31635857
463227672.31635857
480440113.28302515
480440113.28302515
480440113.28302515
519716361.0
1100102238.4284248
1100102238.4284248
1060864028.8229233
1100102238.4284248
10424704.0
10424704.0
10424704.0
10424704.0
208264293.56200552
208264293.56200552
208264293.56200552
194280786.6318764
194280786.6318764
194280786.6318764
208264293.56200552
208264293.56200552
208264293.56200552
276415158.0
49825262.73288187
2119055736.8139837
2196754882.626042
2368207290.0
2368207290.0
2368207290.0
2368207290.0
480440113.28302515
463227672.31635857
463227672.31635857
463227672.31635857
480440113.28302515
480440113.28302515
480440113.28302515
519716361.0
519716361.0
519716361.0
1100102238.4284248
1060864028.8229233
1060864028.8229233
1100102238.4284248
1100102238.4284248
1186458535.0
240623754.1733475
10424704.0
10424704.0
10424704.0
10424704.0
10424704.0
10424704.0
2257980.0
208264293.56200552
194280786.6318764
194280786.6318764
194280786.6318764
208264293.56200552
208264293.56200552
208264293.56200552
276415158.0
276415158.0
276415158.0
49825262.73288187
49825262.73288187
46401895.43763007
49825262.73288187
104137705.66659205
573774.0
2196754882.626042
2119055736.8139837
2119055736.8139837
2119055736.8139837
2119055736.8139837
2196754882.626042
2196754882.626042
2196754882.626042
2196754882.626042
2368207290.0
2368207290.0
2368207290.0
2368207290.0
2368207290.0
2368207290.0
480440113.28302515
480440113.28302515
480440113.28302515
463227672.31635857
463227672.31635857
463227672.31635857
480440113.28302515
480440113.28302515
480440113.28302515
519716361.0
1100102238.4284248
1100102238.4284248
1060864028.8229233
1100102238.4284248
10424704.0
10424704.0
10424704.0
10424704.0
208264293.56200552
208264293.56200552
208264293.56200552
194280786.6318764
194280786.6318764
194280786.6318764
208264293.56200552
208264293.56200552
208264293.56200552
276415158.0
49825262.73288187
2196754882.626042
2196754882.626042
2196754882.626042
2196754882.626042
2119055736.8139837
2119055736.8139837
2119055736.8139837
2119055736.8139837
2119055736.8139837
2119055736.8139837
2196754882.626042
2196754882.626042
2196754882.626042
2196754882.626042
2196754882.626042
2196754882.626042
2368207290.0
2368207290.0
2368207290.0
2368207290.0
480440113.28302515
480440113.28302515
480440113.28302515
463227672.31635857
480440113.28302515
1100102238.4284248
10424704.0
208264293.56200552
208264293.56200552
208264293.56200552
194280786.6318764
208264293.56200552
2196754882.626042
2119055736.8139837
2119055736.8139837
2119055736.8139837
2119055736.8139837
2196754882.626042
2196754882.626042
2196754882.626042
2196754882.626042
2368207290.0
2368207290.0
2368207290.0
2368207290.0
2368207290.0
2368207290.0
480440113.28302515
480440113.28302515
480440113.28302515
463227672.31635857
463227672.31635857
463227672.31635857
480440113.28302515
480440113.28302515
480440113.28302515
519716361.0
1100102238.4284248
1100102238.4284248
1060864028.8229233
1100102238.4284248
10424704.0
10424704.0
10424704.0
10424704.0
208264293.56200552
208264293.56200552
208264293.56200552
194280786.6318764
194280786.6318764
194280786.6318764
208264293.56200552
208264293.56200552
208264293.56200552
276415158.0
49825262.73288187
2196754882.626042
2196754882.626042
2196754882.626042
2196754882.626042
2119055736.8139837
2119055736.8139837
2119055736.8139837
2119055736.8139837
2119055736.8139837
2119055736.8139837
2196754882.626042
2196754882.626042
2196754882.626042
2196754882.626042
2196754882.626042
2196754882.626042
2368207290.0
2368207290.0
2368207290.0
2368207290.0
480440113.28302515
480440113.28302515
480440113.28302515
463227672.31635857
480440113.28302515
1100102238.4284248
10424704.0
208264293.56200552
208264293.56200552
208264293.56200552
194280786.6318764
208264293.56200552
2196754882.626042
2196754882.626042
2196754882.626042
2196754882.626042
2196754882.626042
2196754882.626042
2119055736.8139837
2119055736.8139837
2119055736.8139837
2119055736.8139837
2196754882.626042
2196754882.626042
2196754882.626042
2196754882.626042
2368207290.0
480440113.28302515
208264293.56200552
2196754882.626042
2196754882.626042
2196754882.626042
2196754882.626042
2119055736.8139837
2119055736.8139837
2119055736.8139837
2119055736.8139837
2119055736.8139837
2119055736.8139837
2196754882.626042
2196754882.626042
2196754882.626042
2196754882.626042
2196754882.626042
2196754882.626042
2368207290.0
2368207290.0
2368207290.0
2368207290.0
480440113.28302515
480440113.28302515
480440113.28302515
463227672.31635857
480440113.28302515
1100102238.4284248
10424704.0
208264293.56200552
208264293.56200552
208264293.56200552
194280786.6318764
208264293.56200552
2196754882.626042
2196754882.626042
2196754882.626042
2196754882.626042
2196754882.626042
2196754882.626042
2119055736.8139837
2119055736.8139837
2119055736.8139837
2119055736.8139837
2196754882.626042
2196754882.626042
2196754882.626042
2196754882.626042
2368207290.0
480440113.28302515
208264293.56200552
2196754882.626042
2196754882.626042
2196754882.626042
2196754882.626042
2119055736.8139837
2196754882.626042
2196754882.626042
2196754882.626042
2196754882.626042
2196754882.626042
2196754882.626042
2196754882.626042
2119055736.8139837
2119055736.8139837
2119055736.8139837
2119055736.8139837
2196754882.626042
2196754882.626042
2196754882.626042
2196754882.626042
2368207290.0
480440113.28302515
208264293.56200552
2196754882.626042
2196754882.626042
2196754882.626042
2196754882.626042
2119055736.8139837
2196754882.626042
2196754882.626042
2196754882.626042
2196754882.626042
2196754882.626042
2196754882.626042
2119055736.8139837
2196754882.626042
2196754882.626042
2196754882.626042
29997.0
29997.0
506340.0
1878156.0
19945525.0
59994.0
4495273.0
2534132.0
13937588.0
135086.0
4334618.0
37022351.0
246379856.0
2257980.0
2608711.0
2412666.0
868519655.0
5067037.0
27872400.0
135086.0
135086.0
29997.0
506340.0
1878156.0
19945525.0
59994.0
506340.0
1878156.0
19945525.0
59994.0
4548209.0
30911970.0
413719434.0
1012680.0
2609128.0
2535810.0
1247690620.0
3756312.0
39891050.0
59994.0
119988.0
4307690.732783001
37022351.0
246379856.0
2257980.0
2534132.0
2346141.934877501
868519655.0
5067037.0
27872400.0
135086.0
135086.0
37022351.0
246379856.0
2257980.0
2609128.0
35165214.51959294
15462506517.0
73616333.0
491519723.0
257823.0
184270.0
2479458.0
2609128.0
2609128.0
867448253.7884072
4781329.768178192
1736898633.0
5067037.0
5067037.0
27872400.0
27872400.0
604766464.0
506340.0
1878156.0
19945525.0
59994.0
506340.0
30911970.0
413719434.0
1012680.0
1878156.0
1878156.0
1247690620.0
3756312.0
39891050.0
59994.0
59994.0
506340.0
30911970.0
413719434.0
1012680.0
1878156.0
1878156.0
1247690620.0
3756312.0
39891050.0
59994.0
59994.0
30911970.0
413719434.0
1012680.0
30911970.0
30911970.0
25252521175.0
61823940.0
827438868.0
1012680.0
1012680.0
2412666.0
1247690620.0
3756312.0
1247690620.0
3756312.0
2495381240.0
3756312.0
3756312.0
39891050.0
39891050.0
119988.0
37022351.0
246379856.0
2257980.0
37022351.0
35165214.51959294
15462506517.0
73616333.0
491519723.0
2257980.0
2257980.0
2412666.0
868519655.0
5067037.0
867448253.7884072
4781329.768178192
1736898633.0
5067037.0
5067037.0
27872400.0
27872400.0
135086.0
37022351.0
35165214.51959294
15462506517.0
73616333.0
491519723.0
2257980.0
2257980.0
2412666.0
15462506517.0
73616333.0
15428137185.367666
70063494.60599265
30856193137.0
73616333.0
73616333.0
491519723.0
491519723.0
184270.0
2412666.0
2412666.0
1736898633.0
5067037.0
5067037.0
1734770574.3583484
4781329.768178192
4781329.768178192
1736898633.0
1736898633.0
5067037.0
27872400.0
506340.0
30911970.0
413719434.0
1012680.0
1878156.0
1878156.0
1247690620.0
3756312.0
39891050.0
59994.0
59994.0
30911970.0
413719434.0
1012680.0
30911970.0
30911970.0
25252521175.0
61823940.0
827438868.0
1012680.0
1012680.0
2412666.0
1247690620.0
3756312.0
1247690620.0
3756312.0
2495381240.0
3756312.0
3756312.0
39891050.0
39891050.0
59994.0
30911970.0
413719434.0
1012680.0
30911970.0
30911970.0
25252521175.0
61823940.0
827438868.0
1012680.0
1012680.0
29997.0
1247690620.0
3756312.0
1247690620.0
3756312.0
2495381240.0
3756312.0
3756312.0
39891050.0
39891050.0
59994.0
30911970.0
30911970.0
25252521175.0
61823940.0
827438868.0
1012680.0
1012680.0
506340.0
25252521175.0
61823940.0
25252521175.0
61823940.0
50505042350.0
61823940.0
61823940.0
827438868.0
827438868.0
1012680.0
19945525.0
59994.0
2495381240.0
3756312.0
3756312.0
2495381240.0
3756312.0
3756312.0
2495381240.0
2495381240.0
3756312.0
39891050.0
37022351.0
35165214.51959294
15462506517.0
73616333.0
491519723.0
2257980.0
2257980.0
4495273.0
15462506517.0
73616333.0
15428137185.367666
70063494.60599265
30856193137.0
73616333.0
73616333.0
491519723.0
491519723.0
2257980.0
2479458.0
2479458.0
1736898633.0
5067037.0
5067037.0
1734770574.3583484
4781329.768178192
4781329.768178192
1736898633.0
1736898633.0
5067037.0
27872400.0
2412666.0
15462506517.0
73616333.0
15428137185.367666
70063494.60599265
30856193137.0
73616333.0
73616333.0
491519723.0
491519723.0
2257980.0
246379856.0
2257980.0
30856193137.0
73616333.0
73616333.0
30793894749.29295
70063494.60599265
70063494.60599265
30856193137.0
30856193137.0
73616333.0
491519723.0
2479458.0
2479458.0
2412666.0
1736898633.0
1736898633.0
5067037.0
1734770574.3583484
1734770574.3583484
4781329.768178192
1736898633.0
30911970.0
413719434.0
1012680.0
30911970.0
30911970.0
25252521175.0
61823940.0
827438868.0
1012680.0
1012680.0
2412666.0
1247690620.0
3756312.0
1247690620.0
3756312.0
2495381240.0
3756312.0
3756312.0
39891050.0
39891050.0
59994.0
30911970.0
30911970.0
25252521175.0
61823940.0
827438868.0
1012680.0
1012680.0
2412666.0
25252521175.0
61823940.0
25252521175.0
61823940.0
50505042350.0
61823940.0
61823940.0
827438868.0
827438868.0
1012680.0
2412666.0
2412666.0
2495381240.0
3756312.0
3756312.0
2495381240.0
3756312.0
3756312.0
2495381240.0
2495381240.0
3756312.0
39891050.0
30911970.0
30911970.0
25252521175.0
61823940.0
827438868.0
1012680.0
1012680.0
506340.0
25252521175.0
61823940.0
25252521175.0
61823940.0
50505042350.0
61823940.0
61823940.0
827438868.0
827438868.0
1012680.0
19945525.0
59994.0
2495381240.0
3756312.0
3756312.0
2495381240.0
3756312.0
3756312.0
2495381240.0
2495381240.0
3756312.0
39891050.0
2412666.0
25252521175.0
61823940.0
25252521175.0
61823940.0
50505042350.0
61823940.0
61823940.0
827438868.0
827438868.0
1012680.0
413719434.0
1012680.0
50505042350.0
61823940.0
61823940.0
50505042350.0
61823940.0
61823940.0
50505042350.0
50505042350.0
61823940.0
827438868.0
39891050.0
2412666.0
2412666.0
2495381240.0
2495381240.0
3756312.0
2495381240.0
2495381240.0
3756312.0
2495381240.0
2412666.0
15462506517.0
73616333.0
15428137185.367666
70063494.60599265
30856193137.0
73616333.0
73616333.0
491519723.0
491519723.0
2257980.0
246379856.0
2257980.0
30856193137.0
73616333.0
73616333.0
30793894749.29295
70063494.60599265
70063494.60599265
30856193137.0
30856193137.0
73616333.0
491519723.0
27872400.0
135086.0
135086.0
1736898633.0
1736898633.0
5067037.0
1734770574.3583484
1734770574.3583484
4781329.768178192
1736898633.0
2412666.0
2412666.0
30856193137.0
73616333.0
73616333.0
30793894749.29295
70063494.60599265
70063494.60599265
30856193137.0
30856193137.0
73616333.0
491519723.0
491519723.0
2412666.0
2412666.0
30856193137.0
30856193137.0
73616333.0
30793894749.29295
30793894749.29295
70063494.60599265
30856193137.0
257823.0
184270.0
2479458.0
1736898633.0
1734770574.3583484
30911970.0
30911970.0
25252521175.0
61823940.0
827438868.0
1012680.0
1012680.0
506340.0
25252521175.0
61823940.0
25252521175.0
61823940.0
50505042350.0
61823940.0
61823940.0
827438868.0
827438868.0
1012680.0
19945525.0
59994.0
2495381240.0
3756312.0
3756312.0
2495381240.0
3756312.0
3756312.0
2495381240.0
2495381240.0
3756312.0
39891050.0
506340.0
25252521175.0
61823940.0
25252521175.0
61823940.0
50505042350.0
61823940.0
61823940.0
827438868.0
827438868.0
1012680.0
413719434.0
1012680.0
50505042350.0
61823940.0
61823940.0
50505042350.0
61823940.0
61823940.0
50505042350.0
50505042350.0
61823940.0
827438868.0
39891050.0
59994.0
59994.0
2495381240.0
2495381240.0
3756312.0
2495381240.0
2495381240.0
3756312.0
2495381240.0
506340.0
25252521175.0
61823940.0
25252521175.0
61823940.0
50505042350.0
61823940.0
61823940.0
827438868.0
827438868.0
1012680.0
413719434.0
1012680.0
50505042350.0
61823940.0
61823940.0
50505042350.0
61823940.0
61823940.0
50505042350.0
50505042350.0
61823940.0
827438868.0
39891050.0
59994.0
59994.0
2495381240.0
2495381240.0
3756312.0
2495381240.0
2495381240.0
3756312.0
2495381240.0
413719434.0
1012680.0
50505042350.0
61823940.0
61823940.0
50505042350.0
61823940.0
61823940.0
50505042350.0
50505042350.0
61823940.0
827438868.0
827438868.0
1012680.0
1012680.0
50505042350.0
50505042350.0
61823940.0
50505042350.0
50505042350.0
61823940.0
50505042350.0
39891050.0
39891050.0
2412666.0
2495381240.0
2495381240.0
246379856.0
2257980.0
30856193137.0
73616333.0
73616333.0
30793894749.29295
70063494.60599265
70063494.60599265
30856193137.0
30856193137.0
73616333.0
491519723.0
491519723.0
2257980.0
2257980.0
30856193137.0
30856193137.0
73616333.0
30793894749.29295
30793894749.29295
70063494.60599265
30856193137.0
27872400.0
27872400.0
135086.0
1736898633.0
1734770574.3583484
491519723.0
2257980.0
2257980.0
30856193137.0
30856193137.0
73616333.0
30793894749.29295
30793894749.29295
70063494.60599265
30856193137.0
491519723.0
491519723.0
2412666.0
30856193137.0
30793894749.29295
184270.0
506340.0
25252521175.0
61823940.0
25252521175.0
61823940.0
50505042350.0
61823940.0
61823940.0
827438868.0
827438868.0
1012680.0
413719434.0
1012680.0
50505042350.0
61823940.0
61823940.0
50505042350.0
61823940.0
61823940.0
50505042350.0
50505042350.0
61823940.0
827438868.0
39891050.0
59994.0
59994.0
2495381240.0
2495381240.0
3756312.0
2495381240.0
2495381240.0
3756312.0
2495381240.0
413719434.0
1012680.0
50505042350.0
61823940.0
61823940.0
50505042350.0
61823940.0
61823940.0
50505042350.0
50505042350.0
61823940.0
827438868.0
827438868.0
1012680.0
1012680.0
50505042350.0
50505042350.0
61823940.0
50505042350.0
50505042350.0
61823940.0
50505042350.0
39891050.0
39891050.0
59994.0
2495381240.0
2495381240.0
413719434.0
1012680.0
50505042350.0
61823940.0
61823940.0
50505042350.0
61823940.0
61823940.0
50505042350.0
50505042350.0
61823940.0
827438868.0
827438868.0
1012680.0
1012680.0
50505042350.0
50505042350.0
61823940.0
50505042350.0
50505042350.0
61823940.0
50505042350.0
39891050.0
39891050.0
59994.0
2495381240.0
2495381240.0
827438868.0
1012680.0
1012680.0
50505042350.0
50505042350.0
61823940.0
50505042350.0
50505042350.0
61823940.0
50505042350.0
827438868.0
827438868.0
1012680.0
50505042350.0
50505042350.0
39891050.0
491519723.0
2257980.0
2257980.0
30856193137.0
30856193137.0
73616333.0
30793894749.29295
30793894749.29295
70063494.60599265
30856193137.0
491519723.0
491519723.0
2257980.0
30856193137.0
30793894749.29295
27872400.0
491519723.0
491519723.0
2257980.0
30856193137.0
30793894749.29295
491519723.0
413719434.0
1012680.0
50505042350.0
61823940.0
61823940.0
50505042350.0
61823940.0
61823940.0
50505042350.0
50505042350.0
61823940.0
827438868.0
827438868.0
1012680.0
1012680.0
50505042350.0
50505042350.0
61823940.0
50505042350.0
50505042350.0
61823940.0
50505042350.0
39891050.0
39891050.0
59994.0
2495381240.0
2495381240.0
827438868.0
1012680.0
1012680.0
50505042350.0
50505042350.0
61823940.0
50505042350.0
50505042350.0
61823940.0
50505042350.0
827438868.0
827438868.0
1012680.0
50505042350.0
50505042350.0
39891050.0
827438868.0
1012680.0
1012680.0
50505042350.0
50505042350.0
61823940.0
50505042350.0
50505042350.0
61823940.0
50505042350.0
827438868.0
827438868.0
1012680.0
50505042350.0
50505042350.0
39891050.0
827438868.0
827438868.0
1012680.0
50505042350.0
50505042350.0
827438868.0
491519723.0
491519723.0
2257980.0
30856193137.0
30793894749.29295
491519723.0
491519723.0
827438868.0
1012680.0
1012680.0
50505042350.0
50505042350.0
61823940.0
50505042350.0
50505042350.0
61823940.0
50505042350.0
827438868.0
827438868.0
1012680.0
50505042350.0
50505042350.0
39891050.0
827438868.0
827438868.0
1012680.0
50505042350.0
50505042350.0
827438868.0
827438868.0
827438868.0
1012680.0
50505042350.0
50505042350.0
827438868.0
827438868.0
491519723.0
827438868.0
827438868.0
1012680.0
50505042350.0
50505042350.0
827438868.0
827438868.0
827438868.0
827438868.0
2526493.0
13937588.0
4495273.0
1378913.0000000002
2534132.0
135086.0
246379856.0
58537643.0
868519655.0
27872400.0
14811861.0
11906472.0
37022351.0
2257980.0
4334618.0
10630434.0
573774.0
1380035.0
5067037.0
2608711.0
2412666.0
135086.0
135086.0
13937588.0
4495273.0
1378913.0000000002
2534132.0
135086.0
246379856.0
58537643.0
868519655.0
27872400.0
13936772.900004854
11906472.0
37022351.0
2257980.0
4307690.732783001
10630434.0
573774.0
1378913.0
5067037.0
2534132.0
2346141.934877501
135086.0
135086.0
1138488227.0
15462506517.0
491519723.0
246379856.0
246379845.98069862
3671655573.0
117064182.0
58537607.67092395
58537643.0
1736898633.0
868519123.3790392
2609128.0
867448253.7884072
27872382.412044708
27872400.0
27872400.0
170430940.0
10424704.0
11906472.0
8283573.0
73616333.0
37022351.0
2609128.0
35165214.51959294
2257980.0
257823.0
184270.0
21255662.0
10630434.0
2609128.0
10033456.045639751
574293.5772281138
573774.0
184270.0
2609128.0
4781329.768178192
5067037.0
184270.0
2479458.0
604766464.0
246379856.0
58537643.0
868519655.0
27872400.0
13937579.206022354
11906472.0
37022351.0
2257980.0
4383486.629028963
10630434.0
573774.0
1378913.0000000002
5067037.0
2534132.0
2391024.165148216
135086.0
135086.0
1138488227.0
15462506517.0
491519723.0
246379856.0
246379845.98069862
3671655573.0
117064182.0
58537607.67092395
58537643.0
1736898633.0
868519123.3790392
868519655.0
867448253.7884072
27872382.412044708
27872400.0
27872400.0
170430940.0
10424704.0
11906472.0
11906472.0
73616333.0
37022351.0
37022351.0
35165214.51959294
2257980.0
2257980.0
2257980.0
21255662.0
10630434.0
10630434.0
10033456.045639751
573774.0
573774.0
573774.0
5067037.0
4781329.768178192
5067037.0
5067037.0
2412666.0
135086.0
71421518990.0
2272016498.0
1138488227.0
1138488185.5443053
1138488227.0
30856193137.0
15462506517.0
15462505880.001198
15462506517.0
15428137185.367666
491519723.0
491519702.96139723
491519723.0
491519723.0
246379845.98069862
7342748438.0
3671653433.3439264
3671655573.0
3671655573.0
3666374016.3973465
117064111.3418479
117064182.0
117064182.0
117064182.0
3640693039.689381
1736897569.7580783
1736898633.0
1734770574.3583484
1736898633.0
1736898633.0
868519123.3790392
867447735.3396765
2412666.0
27872382.412044708
27872382.412044708
27872400.0
339065152.0
170430940.0
170430940.0
170430940.0
161892042.95558095
10424704.0
10424704.0
10424704.0
10424704.0
11906472.0
73616333.0
73616333.0
70063494.60599265
73616333.0
73616333.0
37022351.0
35165214.51959294
2412666.0
2257980.0
2257980.0
184270.0
21255662.0
21255662.0
20063886.698417746
21255662.0
21255662.0
10630434.0
10033456.045639751
2412666.0
573774.0
573774.0
573774.0
2412666.0
5067037.0
5067037.0
4781329.768178192
4781329.768178192
5067037.0
1138488227.0
15462506517.0
491519723.0
246379856.0
246379845.98069862
3671655573.0
117064182.0
58537607.67092395
58537643.0
1736898633.0
868519123.3790392
868519655.0
867448253.7884072
27872382.412044708
27872400.0
27872400.0
170430940.0
10424704.0
11906472.0
11906472.0
73616333.0
37022351.0
37022351.0
35165214.51959294
2257980.0
2257980.0
2257980.0
21255662.0
10630434.0
10630434.0
10033456.045639751
573774.0
573774.0
573774.0
5067037.0
4781329.768178192
5067037.0
5067037.0
2412666.0
135086.0
71421518990.0
2272016498.0
1138488227.0
1138488185.5443053
1138488227.0
30856193137.0
15462506517.0
15462505880.001198
15462506517.0
15428137185.367666
491519723.0
491519702.96139723
491519723.0
491519723.0
246379845.98069862
7342748438.0
3671653433.3439264
3671655573.0
3671655573.0
3666374016.3973465
117064111.3418479
117064182.0
117064182.0
117064182.0
4838605951.583927
1736897569.7580783
1736898633.0
1734770574.3583484
1736898633.0
1736898633.0
868519123.3790392
867447735.3396765
2479458.0
27872382.412044708
27872382.412044708
27872400.0
339065152.0
170430940.0
170430940.0
170430940.0
161892042.95558095
10424704.0
10424704.0
10424704.0
10424704.0
11906472.0
73616333.0
73616333.0
70063494.60599265
73616333.0
73616333.0
37022351.0
35165214.51959294
4495273.0
2257980.0
2257980.0
2257980.0
21255662.0
21255662.0
20063886.698417746
21255662.0
21255662.0
10630434.0
10033456.045639751
2479458.0
573774.0
573774.0
573774.0
2479458.0
5067037.0
5067037.0
4781329.768178192
4781329.768178192
5067037.0
142567758392.0
71421518990.0
71421516323.45471
71421518990.0
71421518990.0
71269273423.69055
2272016498.0
2272016415.0886106
2272016498.0
2272016498.0
2272016498.0
1138488185.5443053
1138488227.0
70467695647.8164
30856193137.0
30856191863.002396
30856193137.0
30793894749.29295
30856193137.0
30856193137.0
15462505880.001198
15462506517.0
15428137185.367666
15462505880.001198
15428136666.918936
246379856.0
491519702.96139723
491519723.0
491519723.0
491519702.96139723
491519702.96139723
491519723.0
7342744158.687853
7342748438.0
7342748438.0
7332244299.920829
7342748438.0
7342748438.0
6593723344.473234
3671653433.3439264
3666371942.602424
3671655573.0
3666374016.3973465
2479458.0
359990972.8556451
117064111.3418479
117064111.3418479
117064182.0
117064182.0
117064182.0
1736897569.7580783
1734769537.460887
1736897569.7580783
1736897569.7580783
2479458.0
1736898633.0
1736898633.0
1734770574.3583484
1734770574.3583484
1736898633.0
2412666.0
27872382.412044708
339065152.0
339065152.0
339065152.0
322676143.7709688
339065152.0
339065152.0
170430940.0
170430940.0
161892042.95558095
170430940.0
161892042.95558095
11906472.0
10424704.0
10424704.0
10424704.0
10424704.0
10424704.0
10424704.0
73616333.0
70063494.60599265
73616333.0
73616333.0
2257980.0
73616333.0
73616333.0
70063494.60599265
70063494.60599265
73616333.0
2412666.0
2257980.0
21255662.0
20063886.698417746
21255662.0
21255662.0
2479458.0
21255662.0
21255662.0
20063886.698417746
20063886.698417746
21255662.0
2412666.0
573774.0
2479458.0
2412666.0
5067037.0
4781329.768178192
71421518990.0
2272016498.0
1138488227.0
1138488185.5443053
1138488227.0
30856193137.0
15462506517.0
15462505880.001198
15462506517.0
15428137185.367666
491519723.0
491519702.96139723
491519723.0
491519723.0
246379845.98069862
7342748438.0
3671653433.3439264
3671655573.0
3671655573.0
3666374016.3973465
117064111.3418479
117064182.0
117064182.0
117064182.0
4838604104.34756
1736897569.7580783
1736898633.0
1734770574.3583484
1736898633.0
1736898633.0
868519123.3790392
867447735.3396765
2412666.0
27872382.412044708
27872382.412044708
27872400.0
339065152.0
170430940.0
170430940.0
170430940.0
161892042.95558095
10424704.0
10424704.0
10424704.0
10424704.0
11906472.0
73616333.0
73616333.0
70063494.60599265
73616333.0
73616333.0
37022351.0
35165214.51959294
2412666.0
2257980.0
2257980.0
2257980.0
21255662.0
21255662.0
20063886.698417746
21255662.0
21255662.0
10630434.0
10033456.045639751
2412666.0
573774.0
573774.0
573774.0
2412666.0
5067037.0
5067037.0
4781329.768178192
4781329.768178192
5067037.0
142567758392.0
71421518990.0
71421516323.45471
71421518990.0
71421518990.0
71269273423.69055
2272016498.0
2272016415.0886106
2272016498.0
2272016498.0
2272016498.0
1138488185.5443053
1138488227.0
10407656585.1013
30856193137.0
30856191863.002396
30856193137.0
30793894749.29295
30856193137.0
30856193137.0
15462505880.001198
15462506517.0
15428137185.367666
15462505880.001198
15428136666.918936
246379856.0
491519702.96139723
491519723.0
491519723.0
491519702.96139723
491519702.96139723
491519723.0
7342744158.687853
7342748438.0
7342748438.0
7332244299.920829
7342748438.0
7342748438.0
6593723344.473234
3671653433.3439264
3666371942.602424
3671655573.0
3666374016.3973465
2479458.0
359990972.8556451
117064111.3418479
117064111.3418479
117064182.0
117064182.0
117064182.0
1736897569.7580783
1734769537.460887
1736897569.7580783
1736897569.7580783
2479458.0
1736898633.0
1736898633.0
1734770574.3583484
1734770574.3583484
1736898633.0
2412666.0
27872382.412044708
339065152.0
339065152.0
339065152.0
322676143.7709688
339065152.0
339065152.0
170430940.0
170430940.0
161892042.95558095
170430940.0
161892042.95558095
11906472.0
10424704.0
10424704.0
10424704.0
10424704.0
10424704.0
10424704.0
73616333.0
70063494.60599265
73616333.0
73616333.0
2257980.0
73616333.0
73616333.0
70063494.60599265
70063494.60599265
73616333.0
2412666.0
2257980.0
21255662.0
20063886.698417746
21255662.0
21255662.0
2479458.0
21255662.0
21255662.0
20063886.698417746
20063886.698417746
21255662.0
2412666.0
573774.0
135086.0
2412666.0
5067037.0
4781329.768178192
142567758392.0
142567753058.90942
142567758392.0
142567758392.0
142289028361.61157
142567758392.0
142567758392.0
71421516323.45471
71421518990.0
71421518990.0
71269273423.69055
111641335627.10098
71421516323.45471
71269271349.89563
71421518990.0
71269273423.69055
1138488227.0
2272016415.0886106
2272016498.0
2272016498.0
2272016498.0
6384303488.934099
2272016415.0886106
2272016415.0886106
2272016498.0
2272016498.0
2272016498.0
10251061974.750866
30856191863.002396
30856193137.0
30793894749.29295
30856193137.0
30856193137.0
30856191863.002396
30793893712.39549
30856191863.002396
30856191863.002396
491519723.0
30856193137.0
30856193137.0
30793894749.29295
30793894749.29295
30856193137.0
15462505880.001198
15428136666.918936
2412666.0
2412666.0
491519702.96139723
491519702.96139723
491519723.0
491519702.96139723
13187446688.946468
7342744158.687853
7332240152.330984
7342744158.687853
7342744158.687853
7342748438.0
7332244299.920829
7342748438.0
7342748438.0
2479458.0
7342748438.0
7342748438.0
7332244299.920829
7332244299.920829
7342748438.0
6593723344.473234
6233548007.715231
2412666.0
2412666.0
359990972.8556451
359990972.8556451
117064111.3418479
117064182.0
2412666.0
1736897569.7580783
1736897569.7580783
1734769537.460887
1734769537.460887
1736897569.7580783
257823.0
2412666.0
1736898633.0
1734770574.3583484
339065152.0
339065152.0
322676143.7709688
339065152.0
339065152.0
339065152.0
322676143.7709688
339065152.0
339065152.0
10424704.0
339065152.0
339065152.0
322676143.7709688
322676143.7709688
339065152.0
170430940.0
161892042.95558095
2412666.0
8283573.0
10424704.0
10424704.0
10424704.0
10424704.0
2412666.0
73616333.0
73616333.0
70063494.60599265
70063494.60599265
73616333.0
2412666.0
2412666.0
73616333.0
70063494.60599265
2412666.0
21255662.0
21255662.0
20063886.698417746
20063886.698417746
21255662.0
573774.0
2412666.0
21255662.0
20063886.698417746
2412666.0
142567758392.0
71421518990.0
71421516323.45471
71421518990.0
71421518990.0
71269273423.69055
2272016498.0
2272016415.0886106
2272016498.0
2272016498.0
2272016498.0
1138488185.5443053
1138488227.0
10407656585.1013
30856193137.0
30856191863.002396
30856193137.0
30793894749.29295
30856193137.0
30856193137.0
15462505880.001198
15462506517.0
15428137185.367666
15462505880.001198
15428136666.918936
246379856.0
491519702.96139723
491519723.0
491519723.0
491519702.96139723
491519702.96139723
491519723.0
7342744158.687853
7342748438.0
7342748438.0
7332244299.920829
7342748438.0
7342748438.0
6593723344.473234
3671653433.3439264
3666371942.602424
3671655573.0
3666374016.3973465
58537643.0
359990972.8556451
117064111.3418479
117064111.3418479
117064182.0
117064182.0
117064182.0
1736897569.7580783
1734769537.460887
1736897569.7580783
1736897569.7580783
27872400.0
1736898633.0
1736898633.0
1734770574.3583484
1734770574.3583484
1736898633.0
13937579.206022354
27872382.412044708
339065152.0
339065152.0
339065152.0
322676143.7709688
339065152.0
339065152.0
170430940.0
170430940.0
161892042.95558095
170430940.0
161892042.95558095
11906472.0
10424704.0
10424704.0
10424704.0
10424704.0
10424704.0
10424704.0
73616333.0
70063494.60599265
73616333.0
73616333.0
2257980.0
73616333.0
73616333.0
70063494.60599265
70063494.60599265
73616333.0
4383486.629028963
2257980.0
21255662.0
20063886.698417746
21255662.0
21255662.0
573774.0
21255662.0
21255662.0
20063886.698417746
20063886.698417746
21255662.0
1378913.0000000002
573774.0
135086.0
135086.0
5067037.0
4781329.768178192
142567758392.0
142567753058.90942
142567758392.0
142567758392.0
142289028361.61157
142567758392.0
142567758392.0
71421516323.45471
71421518990.0
71421518990.0
71269273423.69055
111641335627.10098
71421516323.45471
71269271349.89563
71421518990.0
71269273423.69055
1138488227.0
2272016415.0886106
2272016498.0
2272016498.0
2272016498.0
6384303488.934099
2272016415.0886106
2272016415.0886106
2272016498.0
2272016498.0
2272016498.0
10251061974.750866
30856191863.002396
30856193137.0
30793894749.29295
30856193137.0
30856193137.0
30856191863.002396
30793893712.39549
30856191863.002396
30856191863.002396
491519723.0
30856193137.0
30856193137.0
30793894749.29295
30793894749.29295
30856193137.0
15462505880.001198
15428136666.918936
246379856.0
246379845.98069862
491519702.96139723
491519702.96139723
491519723.0
491519702.96139723
13187446688.946468
7342744158.687853
7332240152.330984
7342744158.687853
7342744158.687853
7342748438.0
7332244299.920829
7342748438.0
7342748438.0
117064182.0
7342748438.0
7342748438.0
7332244299.920829
7332244299.920829
7342748438.0
6593723344.473234
6233548007.715231
58537607.67092395
58537643.0
359990972.8556451
359990972.8556451
117064111.3418479
117064182.0
27872382.412044708
1736897569.7580783
1736897569.7580783
1734769537.460887
1734769537.460887
1736897569.7580783
27872400.0
27872400.0
1736898633.0
1734770574.3583484
339065152.0
339065152.0
322676143.7709688
339065152.0
339065152.0
339065152.0
322676143.7709688
339065152.0
339065152.0
10424704.0
339065152.0
339065152.0
322676143.7709688
322676143.7709688
339065152.0
170430940.0
161892042.95558095
11906472.0
11906472.0
10424704.0
10424704.0
10424704.0
10424704.0
2257980.0
73616333.0
73616333.0
70063494.60599265
70063494.60599265
73616333.0
2257980.0
2257980.0
73616333.0
70063494.60599265
573774.0
21255662.0
21255662.0
20063886.698417746
20063886.698417746
21255662.0
573774.0
573774.0
21255662.0
20063886.698417746
135086.0
142567753058.90942
142567758392.0
142567758392.0
142289028361.61157
142567758392.0
142567758392.0
223282671254.20197
142567753058.90942
142289024214.02173
142567753058.90942
142567753058.90942
142567758392.0
142289028361.61157
142567758392.0
142567758392.0
2272016498.0
142567758392.0
142567758392.0
142289028361.61157
142289028361.61157
142567758392.0
111641335627.10098
71421516323.45471
71269271349.89563
71421518990.0
71269273423.69055
1138488227.0
111641335627.10098
107062581348.34607
1138488185.5443053
1138488227.0
6384303488.934099
2272016415.0886106
2272016415.0886106
2272016498.0
2272016498.0
2272016498.0
6384303488.934099
6384303488.934099
2272016415.0886106
2272016498.0
30856191863.002396
30793893712.39549
30856191863.002396
30856191863.002396
491519723.0
30856193137.0
30856193137.0
30793894749.29295
30793894749.29295
30856193137.0
491519702.96139723
30856191863.002396
30856191863.002396
30793893712.39549
30793893712.39549
30856191863.002396
491519723.0
491519723.0
30856193137.0
30793894749.29295
246379845.98069862
491519702.96139723
13187446688.946468
12467096015.430462
13187446688.946468
13187446688.946468
117064111.3418479
7342744158.687853
7342744158.687853
7332240152.330984
7332240152.330984
7342744158.687853
117064182.0
7342748438.0
7342748438.0
7332244299.920829
7332244299.920829
7342748438.0
117064182.0
117064182.0
7342748438.0
7332244299.920829
3640693039.689381
359990972.8556451
27872382.412044708
27872382.412044708
1736897569.7580783
1734769537.460887
2412666.0
339065152.0
322676143.7709688
339065152.0
339065152.0
10424704.0
339065152.0
339065152.0
322676143.7709688
322676143.7709688
339065152.0
10424704.0
339065152.0
339065152.0
322676143.7709688
322676143.7709688
339065152.0
10424704.0
10424704.0
339065152.0
322676143.7709688
11906472.0
10424704.0
2257980.0
2257980.0
73616333.0
70063494.60599265
2412666.0
573774.0
573774.0
21255662.0
20063886.698417746
2412666.0
142567758392.0
142567753058.90942
142567758392.0
142567758392.0
142289028361.61157
142567758392.0
142567758392.0
71421516323.45471
71421518990.0
71421518990.0
71269273423.69055
111641335627.10098
71421516323.45471
71269271349.89563
71421518990.0
71269273423.69055
1138488227.0
2272016415.0886106
2272016498.0
2272016498.0
2272016498.0
6384303488.934099
2272016415.0886106
2272016415.0886106
2272016498.0
2272016498.0
2272016498.0
10251061974.750866
30856191863.002396
30856193137.0
30793894749.29295
30856193137.0
30856193137.0
30856191863.002396
30793893712.39549
30856191863.002396
30856191863.002396
491519723.0
30856193137.0
30856193137.0
30793894749.29295
30793894749.29295
30856193137.0
15462505880.001198
15428136666.918936
246379856.0
246379845.98069862
491519702.96139723
491519702.96139723
491519723.0
491519702.96139723
13187446688.946468
7342744158.687853
7332240152.330984
7342744158.687853
7342744158.687853
7342748438.0
7332244299.920829
7342748438.0
7342748438.0
117064182.0
7342748438.0
7342748438.0
7332244299.920829
7332244299.920829
7342748438.0
6593723344.473234
6233548007.715231
58537607.67092395
58537643.0
359990972.8556451
359990972.8556451
117064111.3418479
117064182.0
27872382.412044708
1736897569.7580783
1736897569.7580783
1734769537.460887
1734769537.460887
1736897569.7580783
27872400.0
27872400.0
1736898633.0
1734770574.3583484
339065152.0
339065152.0
322676143.7709688
339065152.0
339065152.0
339065152.0
322676143.7709688
339065152.0
339065152.0
10424704.0
339065152.0
339065152.0
322676143.7709688
322676143.7709688
339065152.0
170430940.0
161892042.95558095
11906472.0
11906472.0
10424704.0
10424704.0
10424704.0
10424704.0
2257980.0
73616333.0
73616333.0
70063494.60599265
70063494.60599265
73616333.0
2257980.0
2257980.0
73616333.0
70063494.60599265
573774.0
21255662.0
21255662.0
20063886.698417746
20063886.698417746
21255662.0
573774.0
573774.0
21255662.0
20063886.698417746
135086.0
142567753058.90942
142567758392.0
142567758392.0
142289028361.61157
142567758392.0
142567758392.0
223282671254.20197
142567753058.90942
142289024214.02173
142567753058.90942
142567753058.90942
142567758392.0
142289028361.61157
142567758392.0
142567758392.0
2272016498.0
142567758392.0
142567758392.0
142289028361.61157
142289028361.61157
142567758392.0
111641335627.10098
71421516323.45471
71269271349.89563
71421518990.0
71269273423.69055
1138488227.0
111641335627.10098
107062581348.34607
1138488185.5443053
1138488227.0
6384303488.934099
2272016415.0886106
2272016415.0886106
2272016498.0
2272016498.0
2272016498.0
6384303488.934099
6384303488.934099
2272016415.0886106
2272016498.0
30856191863.002396
30793893712.39549
30856191863.002396
30856191863.002396
491519723.0
30856193137.0
30856193137.0
30793894749.29295
30793894749.29295
30856193137.0
491519702.96139723
30856191863.002396
30856191863.002396
30793893712.39549
30793893712.39549
30856191863.002396
491519723.0
491519723.0
30856193137.0
30793894749.29295
246379845.98069862
491519702.96139723
13187446688.946468
12467096015.430462
13187446688.946468
13187446688.946468
117064111.3418479
7342744158.687853
7342744158.687853
7332240152.330984
7332240152.330984
7342744158.687853
117064182.0
7342748438.0
7342748438.0
7332244299.920829
7332244299.920829
7342748438.0
117064182.0
117064182.0
7342748438.0
7332244299.920829
3640693039.689381
359990972.8556451
27872382.412044708
27872382.412044708
1736897569.7580783
1734769537.460887
27872400.0
339065152.0
322676143.7709688
339065152.0
339065152.0
10424704.0
339065152.0
339065152.0
322676143.7709688
322676143.7709688
339065152.0
10424704.0
339065152.0
339065152.0
322676143.7709688
322676143.7709688
339065152.0
10424704.0
10424704.0
339065152.0
322676143.7709688
11906472.0
10424704.0
2257980.0
2257980.0
73616333.0
70063494.60599265
2257980.0
573774.0
573774.0
21255662.0
20063886.698417746
573774.0
223282671254.20197
142567753058.90942
142289024214.02173
142567753058.90942
142567753058.90942
142567758392.0
142289028361.61157
142567758392.0
142567758392.0
2272016498.0
142567758392.0
142567758392.0
142289028361.61157
142289028361.61157
142567758392.0
223282671254.20197
214125162696.69214
223282671254.20197
223282671254.20197
2272016415.0886106
142567753058.90942
142567753058.90942
142289024214.02173
142289024214.02173
142567753058.90942
2272016498.0
142567758392.0
142567758392.0
142289028361.61157
142289028361.61157
142567758392.0
2272016498.0
2272016498.0
142567758392.0
142289028361.61157
111641335627.10098
107062581348.34607
1138488185.5443053
1138488227.0
10407656585.1013
6384303488.934099
6384303488.934099
2272016415.0886106
2272016498.0
6384303488.934099
491519702.96139723
30856191863.002396
30856191863.002396
30793893712.39549
30793893712.39549
30856191863.002396
491519723.0
491519723.0
30856193137.0
30793894749.29295
491519702.96139723
491519702.96139723
30856191863.002396
30793893712.39549
491519723.0
359990972.8556451
13187446688.946468
13187446688.946468
12467096015.430462
12467096015.430462
13187446688.946468
117064111.3418479
117064111.3418479
7342744158.687853
7332240152.330984
117064182.0
117064182.0
7342748438.0
7332244299.920829
117064182.0
27872382.412044708
10424704.0
339065152.0
339065152.0
322676143.7709688
322676143.7709688
339065152.0
10424704.0
10424704.0
339065152.0
322676143.7709688
10424704.0
10424704.0
339065152.0
322676143.7709688
10424704.0
2257980.0
573774.0
142567753058.90942
142567758392.0
142567758392.0
142289028361.61157
142567758392.0
142567758392.0
223282671254.20197
142567753058.90942
142289024214.02173
142567753058.90942
142567753058.90942
142567758392.0
142289028361.61157
142567758392.0
142567758392.0
2272016498.0
142567758392.0
142567758392.0
142289028361.61157
142289028361.61157
142567758392.0
111641335627.10098
71421516323.45471
71269271349.89563
71421518990.0
71269273423.69055
1138488227.0
111641335627.10098
107062581348.34607
1138488185.5443053
1138488227.0
6384303488.934099
2272016415.0886106
2272016415.0886106
2272016498.0
2272016498.0
2272016498.0
6384303488.934099
6384303488.934099
2272016415.0886106
2272016498.0
30856191863.002396
30793893712.39549
30856191863.002396
30856191863.002396
491519723.0
30856193137.0
30856193137.0
30793894749.29295
30793894749.29295
30856193137.0
491519702.96139723
30856191863.002396
30856191863.002396
30793893712.39549
30793893712.39549
30856191863.002396
491519723.0
491519723.0
30856193137.0
30793894749.29295
246379845.98069862
491519702.96139723
13187446688.946468
12467096015.430462
13187446688.946468
13187446688.946468
117064111.3418479
7342744158.687853
7342744158.687853
7332240152.330984
7332240152.330984
7342744158.687853
117064182.0
7342748438.0
7342748438.0
7332244299.920829
7332244299.920829
7342748438.0
117064182.0
117064182.0
7342748438.0
7332244299.920829
4838604104.34756
359990972.8556451
27872382.412044708
27872382.412044708
1736897569.7580783
1734769537.460887
27872400.0
339065152.0
322676143.7709688
339065152.0
339065152.0
10424704.0
339065152.0
339065152.0
322676143.7709688
322676143.7709688
339065152.0
10424704.0
339065152.0
339065152.0
322676143.7709688
322676143.7709688
339065152.0
10424704.0
10424704.0
339065152.0
322676143.7709688
11906472.0
10424704.0
2257980.0
2257980.0
73616333.0
70063494.60599265
2257980.0
573774.0
573774.0
21255662.0
20063886.698417746
573774.0
223282671254.20197
142567753058.90942
142289024214.02173
142567753058.90942
142567753058.90942
142567758392.0
142289028361.61157
142567758392.0
142567758392.0
2272016498.0
142567758392.0
142567758392.0
142289028361.61157
142289028361.61157
142567758392.0
223282671254.20197
214125162696.69214
223282671254.20197
223282671254.20197
2272016415.0886106
142567753058.90942
142567753058.90942
142289024214.02173
142289024214.02173
142567753058.90942
2272016498.0
142567758392.0
142567758392.0
142289028361.61157
142289028361.61157
142567758392.0
2272016498.0
2272016498.0
142567758392.0
142289028361.61157
111641335627.10098
107062581348.34607
1138488185.5443053
1138488227.0
10407656585.1013
6384303488.934099
6384303488.934099
2272016415.0886106
2272016498.0
6384303488.934099
491519702.96139723
30856191863.002396
30856191863.002396
30793893712.39549
30793893712.39549
30856191863.002396
491519723.0
491519723.0
30856193137.0
30793894749.29295
491519702.96139723
491519702.96139723
30856191863.002396
30793893712.39549
491519723.0
359990972.8556451
13187446688.946468
13187446688.946468
12467096015.430462
12467096015.430462
13187446688.946468
117064111.3418479
117064111.3418479
7342744158.687853
7332240152.330984
117064182.0
117064182.0
7342748438.0
7332244299.920829
117064182.0
27872382.412044708
10424704.0
339065152.0
339065152.0
322676143.7709688
322676143.7709688
339065152.0
10424704.0
10424704.0
339065152.0
322676143.7709688
10424704.0
10424704.0
339065152.0
322676143.7709688
10424704.0
2257980.0
573774.0
223282671254.20197
214125162696.69214
223282671254.20197
223282671254.20197
2272016415.0886106
142567753058.90942
142567753058.90942
142289024214.02173
142289024214.02173
142567753058.90942
2272016498.0
142567758392.0
142567758392.0
142289028361.61157
142289028361.61157
142567758392.0
2272016498.0
2272016498.0
142567758392.0
142289028361.61157
6384303488.934099
223282671254.20197
223282671254.20197
214125162696.69214
214125162696.69214
223282671254.20197
2272016415.0886106
2272016415.0886106
142567753058.90942
142289024214.02173
2272016498.0
2272016498.0
142567758392.0
142289028361.61157
2272016498.0
10251061974.750866
6384303488.934099
491519702.96139723
491519702.96139723
30856191863.002396
30793893712.39549
491519723.0
491519702.96139723
359990972.8556451
359990972.8556451
13187446688.946468
12467096015.430462
117064111.3418479
117064182.0
10424704.0
10424704.0
339065152.0
322676143.7709688
10424704.0
10424704.0
223282671254.20197
142567753058.90942
142289024214.02173
142567753058.90942
142567753058.90942
142567758392.0
142289028361.61157
142567758392.0
142567758392.0
2272016498.0
142567758392.0
142567758392.0
142289028361.61157
142289028361.61157
142567758392.0
223282671254.20197
214125162696.69214
223282671254.20197
223282671254.20197
2272016415.0886106
142567753058.90942
142567753058.90942
142289024214.02173
142289024214.02173
142567753058.90942
2272016498.0
142567758392.0
142567758392.0
142289028361.61157
142289028361.61157
142567758392.0
2272016498.0
2272016498.0
142567758392.0
142289028361.61157
111641335627.10098
107062581348.34607
1138488185.5443053
1138488227.0
10407656585.1013
6384303488.934099
6384303488.934099
2272016415.0886106
2272016498.0
6384303488.934099
491519702.96139723
30856191863.002396
30856191863.002396
30793893712.39549
30793893712.39549
30856191863.002396
491519723.0
491519723.0
30856193137.0
30793894749.29295
491519702.96139723
491519702.96139723
30856191863.002396
30793893712.39549
491519723.0
359990972.8556451
13187446688.946468
13187446688.946468
12467096015.430462
12467096015.430462
13187446688.946468
117064111.3418479
117064111.3418479
7342744158.687853
7332240152.330984
117064182.0
117064182.0
7342748438.0
7332244299.920829
117064182.0
27872382.412044708
10424704.0
339065152.0
339065152.0
322676143.7709688
322676143.7709688
339065152.0
10424704.0
10424704.0
339065152.0
322676143.7709688
10424704.0
10424704.0
339065152.0
322676143.7709688
10424704.0
2257980.0
573774.0
223282671254.20197
214125162696.69214
223282671254.20197
223282671254.20197
2272016415.0886106
142567753058.90942
142567753058.90942
142289024214.02173
142289024214.02173
142567753058.90942
2272016498.0
142567758392.0
142567758392.0
142289028361.61157
142289028361.61157
142567758392.0
2272016498.0
2272016498.0
142567758392.0
142289028361.61157
6384303488.934099
223282671254.20197
223282671254.20197
214125162696.69214
214125162696.69214
223282671254.20197
2272016415.0886106
2272016415.0886106
142567753058.90942
142289024214.02173
2272016498.0
2272016498.0
142567758392.0
142289028361.61157
2272016498.0
10251061974.750866
6384303488.934099
491519702.96139723
491519702.96139723
30856191863.002396
30793893712.39549
491519723.0
491519702.96139723
359990972.8556451
359990972.8556451
13187446688.946468
12467096015.430462
117064111.3418479
117064182.0
10424704.0
10424704.0
339065152.0
322676143.7709688
10424704.0
10424704.0
6384303488.934099
223282671254.20197
223282671254.20197
214125162696.69214
214125162696.69214
223282671254.20197
2272016415.0886106
2272016415.0886106
142567753058.90942
142289024214.02173
2272016498.0
2272016498.0
142567758392.0
142289028361.61157
2272016498.0
6384303488.934099
6384303488.934099
223282671254.20197
214125162696.69214
2272016415.0886106
2272016498.0
491519702.96139723
359990972.8556451
10424704.0
223282671254.20197
214125162696.69214
223282671254.20197
223282671254.20197
2272016415.0886106
142567753058.90942
142567753058.90942
142289024214.02173
142289024214.02173
142567753058.90942
2272016498.0
142567758392.0
142567758392.0
142289028361.61157
142289028361.61157
142567758392.0
2272016498.0
2272016498.0
142567758392.0
142289028361.61157
6384303488.934099
223282671254.20197
223282671254.20197
214125162696.69214
214125162696.69214
223282671254.20197
2272016415.0886106
2272016415.0886106
142567753058.90942
142289024214.02173
2272016498.0
2272016498.0
142567758392.0
142289028361.61157
2272016498.0
10251061974.750866
6384303488.934099
491519702.96139723
491519702.96139723
30856191863.002396
30793893712.39549
491519723.0
491519702.96139723
359990972.8556451
359990972.8556451
13187446688.946468
12467096015.430462
117064111.3418479
117064182.0
10424704.0
10424704.0
339065152.0
322676143.7709688
10424704.0
10424704.0
6384303488.934099
223282671254.20197
223282671254.20197
214125162696.69214
214125162696.69214
223282671254.20197
2272016415.0886106
2272016415.0886106
142567753058.90942
142289024214.02173
2272016498.0
2272016498.0
142567758392.0
142289028361.61157
2272016498.0
6384303488.934099
6384303488.934099
223282671254.20197
214125162696.69214
2272016415.0886106
2272016498.0
491519702.96139723
359990972.8556451
10424704.0
6384303488.934099
6384303488.934099
223282671254.20197
214125162696.69214
2272016415.0886106
2272016498.0
6384303488.934099
6384303488.934099
223282671254.20197
223282671254.20197
214125162696.69214
214125162696.69214
223282671254.20197
2272016415.0886106
2272016415.0886106
142567753058.90942
142289024214.02173
2272016498.0
2272016498.0
142567758392.0
142289028361.61157
2272016498.0
6384303488.934099
6384303488.934099
223282671254.20197
214125162696.69214
2272016415.0886106
2272016498.0
491519702.96139723
359990972.8556451
10424704.0
6384303488.934099
6384303488.934099
223282671254.20197
214125162696.69214
2272016415.0886106
2272016498.0
6384303488.934099
6384303488.934099
6384303488.934099
6384303488.934099
223282671254.20197
214125162696.69214
2272016415.0886106
2272016498.0
6384303488.934099
6384303488.934099
6384303488.934099
13937588.0
1378913.0000000002
33374508.000000004
4495273.0
135086.0
58537643.0
9953140169.0
246379856.0
27872400.0
14811861.0
138215229.0
11906472.0
573774.0
1380035.0
260407057.0
66745420.00000001
23642997.0
2257980.0
4334618.0
135086.0
135086.0
58537643.0
9953140169.0
246379856.0
27872400.0
13936772.900004854
138215229.0
11906472.0
573774.0
1378913.0
260407057.0
66745420.00000001
22024762.87869567
2257980.0
4307690.732783001
135086.0
135086.0
41764217938.0
1138488227.0
117064182.0
58537607.67092395
58537643.0
126885680968.0
19906176395.0
9939324057.458477
9953133763.256157
491519723.0
246379845.98069862
246379856.0
27872382.412044708
27872400.0
27872400.0
1186458535.0
276415158.0
104137705.66659205
138215229.0
10424704.0
8283573.0
11906472.0
574293.5772281138
573774.0
184270.0
519716361.0
34260725.0
260407057.0
33632271.08988591
66745420.00000001
66745420.00000001
2257980.0
257823.0
184270.0
604766464.0
41764217938.0
1138488227.0
117064182.0
58537607.67092395
58537643.0
126885680968.0
19906176395.0
9939324057.458477
9953133763.256157
491519723.0
246379845.98069862
246379856.0
27872382.412044708
27872400.0
27872400.0
1186458535.0
276415158.0
104137705.66659205
138215229.0
10424704.0
11906472.0
11906472.0
573774.0
573774.0
573774.0
519716361.0
240623754.1733475
260407057.0
49825262.73288187
66745420.00000001
66745420.00000001
2257980.0
2257980.0
2257980.0
135086.0
583614536061.0
83528020104.0
41700353180.32461
41764192165.22879
41764217938.0
2272016498.0
1138488185.5443053
1138488227.0
1138488227.0
117064111.3418479
117064182.0
117064182.0
117064182.0
3640693039.689381
253745584072.0
124985339141.84622
126885673363.88953
126885680968.0
19878561401.258125
19906163583.512314
19906176395.0
19906176395.0
9939317651.714634
491519702.96139723
491519723.0
491519723.0
491519723.0
246379845.98069862
27872382.412044708
27872382.412044708
27872400.0
2368207290.0
1100102238.4284248
1186458535.0
1186458535.0
208264293.56200552
276415158.0
276415158.0
276415158.0
104137705.66659205
10424704.0
10424704.0
10424704.0
10424704.0
11906472.0
573774.0
573774.0
573774.0
480440113.28302515
519716361.0
519716361.0
519716361.0
240623754.1733475
49825262.73288187
49825262.73288187
66745420.00000001
2257980.0
2257980.0
184270.0
583614536061.0
83528020104.0
41700353180.32461
41764192165.22879
41764217938.0
2272016498.0
1138488185.5443053
1138488227.0
1138488227.0
117064111.3418479
117064182.0
117064182.0
117064182.0
4838605951.583927
253745584072.0
124985339141.84622
126885673363.88953
126885680968.0
19878561401.258125
19906163583.512314
19906176395.0
19906176395.0
9939317651.714634
491519702.96139723
491519723.0
491519723.0
491519723.0
246379845.98069862
27872382.412044708
27872382.412044708
27872400.0
2368207290.0
1100102238.4284248
1186458535.0
1186458535.0
208264293.56200552
276415158.0
276415158.0
276415158.0
104137705.66659205
10424704.0
10424704.0
10424704.0
10424704.0
11906472.0
573774.0
573774.0
573774.0
480440113.28302515
519716361.0
519716361.0
519716361.0
240623754.1733475
49825262.73288187
49825262.73288187
66745420.00000001
2257980.0
2257980.0
2257980.0
1167125960666.0
574911591071.6082
583614504296.3958
583614536061.0
583614536061.0
83400359506.0139
83527968558.45758
83528020104.0
83528020104.0
83528020104.0
41700327407.5534
41700353180.32461
251044221465.0
2272016415.0886106
2272016498.0
2272016498.0
2272016498.0
2272016498.0
70467695647.8164
1138488185.5443053
1138488227.0
359990972.8556451
117064111.3418479
117064111.3418479
117064182.0
117064182.0
117064182.0
249949173296.30292
253745568863.77905
253745584072.0
253745584072.0
253745584072.0
124985331537.73575
124985339141.84622
126885673363.88953
19878548589.77044
19878561401.258125
19878561401.258125
19906163583.512314
19906163583.512314
19906176395.0
491519702.96139723
491519702.96139723
491519702.96139723
491519723.0
491519723.0
491519723.0
27872382.412044708
2196754882.626042
2368207290.0
2368207290.0
2368207290.0
2368207290.0
1100102238.4284248
1100102238.4284248
1186458535.0
208264293.56200552
208264293.56200552
208264293.56200552
276415158.0
276415158.0
276415158.0
10424704.0
10424704.0
10424704.0
10424704.0
10424704.0
10424704.0
573774.0
480440113.28302515
480440113.28302515
480440113.28302515
519716361.0
519716361.0
519716361.0
49825262.73288187
2257980.0
1167125960666.0
574911591071.6082
583614504296.3958
583614536061.0
583614536061.0
83400359506.0139
83527968558.45758
83528020104.0
83528020104.0
83528020104.0
41700327407.5534
41700353180.32461
82486200570.56804
2272016415.0886106
2272016498.0
2272016498.0
2272016498.0
2272016498.0
10407656585.1013
1138488185.5443053
1138488227.0
359990972.8556451
117064111.3418479
117064111.3418479
117064182.0
117064182.0
117064182.0
249949173296.30292
253745568863.77905
253745584072.0
253745584072.0
253745584072.0
124985331537.73575
124985339141.84622
126885673363.88953
19878548589.77044
19878561401.258125
19878561401.258125
19906163583.512314
19906163583.512314
19906176395.0
491519702.96139723
491519702.96139723
491519702.96139723
491519723.0
491519723.0
491519723.0
27872382.412044708
2196754882.626042
2368207290.0
2368207290.0
2368207290.0
2368207290.0
1100102238.4284248
1100102238.4284248
1186458535.0
208264293.56200552
208264293.56200552
208264293.56200552
276415158.0
276415158.0
276415158.0
10424704.0
10424704.0
10424704.0
10424704.0
10424704.0
10424704.0
573774.0
480440113.28302515
480440113.28302515
480440113.28302515
519716361.0
519716361.0
519716361.0
49825262.73288187
2257980.0
1149737162193.6582
1167125897136.7915
1167125960666.0
1167125960666.0
1167125960666.0
1167125960666.0
574911559307.0038
574911591071.6082
574911591071.6082
833557098672.117
583614504296.3958
583614536061.0
83400307960.47148
83400359506.0139
83400359506.0139
83400359506.0139
164972401141.13608
83527968558.45758
83527968558.45758
83528020104.0
83528020104.0
83528020104.0
63087113383.317955
6384303488.934099
2272016415.0886106
2272016415.0886106
2272016415.0886106
2272016498.0
2272016498.0
2272016498.0
2272016498.0
2272016498.0
2272016498.0
10251061974.750866
359990972.8556451
359990972.8556451
117064111.3418479
117064182.0
249949158088.08203
249949173296.30292
249949173296.30292
249949173296.30292
253745568863.77905
253745568863.77905
253745568863.77905
253745584072.0
253745584072.0
253745584072.0
124985331537.73575
19878548589.77044
19878548589.77044
19878561401.258125
19906163583.512314
491519702.96139723
491519702.96139723
491519702.96139723
491519723.0
2196754882.626042
2196754882.626042
2196754882.626042
2196754882.626042
2368207290.0
2368207290.0
2368207290.0
2368207290.0
2368207290.0
2368207290.0
1100102238.4284248
208264293.56200552
208264293.56200552
208264293.56200552
276415158.0
10424704.0
10424704.0
10424704.0
10424704.0
480440113.28302515
480440113.28302515
480440113.28302515
519716361.0
1149737162193.6582
1167125897136.7915
1167125960666.0
1167125960666.0
1167125960666.0
1167125960666.0
574911559307.0038
574911591071.6082
574911591071.6082
833557098672.117
583614504296.3958
583614536061.0
83400307960.47148
83400359506.0139
83400359506.0139
83400359506.0139
164972401141.13608
83527968558.45758
83527968558.45758
83528020104.0
83528020104.0
83528020104.0
63087113383.317955
6384303488.934099
2272016415.0886106
2272016415.0886106
2272016415.0886106
2272016498.0
2272016498.0
2272016498.0
2272016498.0
2272016498.0
2272016498.0
10251061974.750866
359990972.8556451
359990972.8556451
117064111.3418479
117064182.0
249949158088.08203
249949173296.30292
249949173296.30292
249949173296.30292
253745568863.77905
253745568863.77905
253745568863.77905
253745584072.0
253745584072.0
253745584072.0
124985331537.73575
19878548589.77044
19878548589.77044
19878561401.258125
19906163583.512314
491519702.96139723
491519702.96139723
491519702.96139723
491519723.0
2196754882.626042
2196754882.626042
2196754882.626042
2196754882.626042
2368207290.0
2368207290.0
2368207290.0
2368207290.0
2368207290.0
2368207290.0
1100102238.4284248
208264293.56200552
208264293.56200552
208264293.56200552
276415158.0
10424704.0
10424704.0
10424704.0
10424704.0
480440113.28302515
480440113.28302515
480440113.28302515
519716361.0
1149737098664.4495
1149737162193.6582
1149737162193.6582
1149737162193.6582
1149737162193.6582
1667114197344.234
1167125897136.7915
1167125897136.7915
1167125897136.7915
1167125960666.0
1167125960666.0
1167125960666.0
1167125960666.0
1167125960666.0
1167125960666.0
780311255811.4546
574911559307.0038
574911591071.6082
833557098672.117
126174226766.63591
83400307960.47148
83400307960.47148
83400359506.0139
83400359506.0139
83400359506.0139
164972401141.13608
164972401141.13608
83527968558.45758
83528020104.0
6384303488.934099
6384303488.934099
6384303488.934099
2272016415.0886106
2272016415.0886106
2272016415.0886106
2272016498.0
2272016498.0
2272016498.0
2272016498.0
359990972.8556451
249949158088.08203
249949158088.08203
249949158088.08203
249949173296.30292
249949173296.30292
249949173296.30292
253745568863.77905
253745568863.77905
253745568863.77905
253745584072.0
19878548589.77044
491519702.96139723
2196754882.626042
2196754882.626042
2196754882.626042
2196754882.626042
2196754882.626042
2196754882.626042
2368207290.0
2368207290.0
2368207290.0
2368207290.0
208264293.56200552
10424704.0
480440113.28302515
1149737098664.4495
1149737162193.6582
1149737162193.6582
1149737162193.6582
1149737162193.6582
1667114197344.234
1167125897136.7915
1167125897136.7915
1167125897136.7915
1167125960666.0
1167125960666.0
1167125960666.0
1167125960666.0
1167125960666.0
1167125960666.0
780311255811.4546
574911559307.0038
574911591071.6082
833557098672.117
126174226766.63591
83400307960.47148
83400307960.47148
83400359506.0139
83400359506.0139
83400359506.0139
164972401141.13608
164972401141.13608
83527968558.45758
83528020104.0
6384303488.934099
6384303488.934099
6384303488.934099
2272016415.0886106
2272016415.0886106
2272016415.0886106
2272016498.0
2272016498.0
2272016498.0
2272016498.0
359990972.8556451
249949158088.08203
249949158088.08203
249949158088.08203
249949173296.30292
249949173296.30292
249949173296.30292
253745568863.77905
253745568863.77905
253745568863.77905
253745584072.0
19878548589.77044
491519702.96139723
2196754882.626042
2196754882.626042
2196754882.626042
2196754882.626042
2196754882.626042
2196754882.626042
2368207290.0
2368207290.0
2368207290.0
2368207290.0
208264293.56200552
10424704.0
480440113.28302515
1560622511622.9092
1149737098664.4495
1149737098664.4495
1149737098664.4495
1149737162193.6582
1149737162193.6582
1149737162193.6582
1149737162193.6582
1149737162193.6582
1149737162193.6582
1667114197344.234
1667114197344.234
1667114197344.234
1167125897136.7915
1167125897136.7915
1167125897136.7915
1167125960666.0
1167125960666.0
1167125960666.0
1167125960666.0
780311255811.4546
126174226766.63591
126174226766.63591
83400307960.47148
83400359506.0139
164972401141.13608
6384303488.934099
6384303488.934099
6384303488.934099
2272016415.0886106
2272016498.0
249949158088.08203
249949158088.08203
249949158088.08203
249949173296.30292
253745568863.77905
2196754882.626042
2196754882.626042
2196754882.626042
2196754882.626042
2368207290.0
1560622511622.9092
1149737098664.4495
1149737098664.4495
1149737098664.4495
1149737162193.6582
1149737162193.6582
1149737162193.6582
1149737162193.6582
1149737162193.6582
1149737162193.6582
1667114197344.234
1667114197344.234
1667114197344.234
1167125897136.7915
1167125897136.7915
1167125897136.7915
1167125960666.0
1167125960666.0
1167125960666.0
1167125960666.0
780311255811.4546
126174226766.63591
126174226766.63591
83400307960.47148
83400359506.0139
164972401141.13608
6384303488.934099
6384303488.934099
6384303488.934099
2272016415.0886106
2272016498.0
249949158088.08203
249949158088.08203
249949158088.08203
249949173296.30292
253745568863.77905
2196754882.626042
2196754882.626042
2196754882.626042
2196754882.626042
2368207290.0
1560622511622.9092
1560622511622.9092
1560622511622.9092
1149737098664.4495
1149737098664.4495
1149737098664.4495
1149737162193.6582
1149737162193.6582
1149737162193.6582
1149737162193.6582
1667114197344.234
1667114197344.234
1667114197344.234
1167125897136.7915
1167125960666.0
126174226766.63591
6384303488.934099
249949158088.08203
2196754882.626042
1560622511622.9092
1560622511622.9092
1560622511622.9092
1149737098664.4495
1149737098664.4495
1149737098664.4495
1149737162193.6582
1149737162193.6582
1149737162193.6582
1149737162193.6582
1667114197344.234
1667114197344.234
1667114197344.234
1167125897136.7915
1167125960666.0
126174226766.63591
6384303488.934099
249949158088.08203
2196754882.626042
1560622511622.9092
1560622511622.9092
1560622511622.9092
1149737098664.4495
1149737162193.6582
1667114197344.234
1560622511622.9092
1560622511622.9092
1560622511622.9092
1149737098664.4495
1149737162193.6582
1667114197344.234
1560622511622.9092
1560622511622.9092
4334618.0
4495273.0
506340.0
29997.0
29997.0
29997.0
4383486.629028963
506340.0
506340.0
68056377.0
29997.0
5739885.0
29997.0
29997.0
506340.0
68056377.0
506340.0
68056377.0
506340.0
1420215.0
29997.0
68056377.0
506340.0
1420215.0
1420215.0
1420215.0
29997.0
29997.0
29997.0
128366.0
1878156.0
131584.0
1899575.0
1378913.0000000002
2526493.0
2534132.0
1378913.0000000002
2526493.0
2534132.0
1380035.0
10630434.0
2412666.0
1380035.0
10630434.0
2412666.0
29997.0
29997.0
128366.0
1878156.0
131584.0
1899575.0
5739885.0
128366.0
162648.356437022
1878156.0
25029576.0
377086316.0
25029576.0
377086316.0
131584.0
159541.68273614964
1899575.0
129131.0
8094064.0
25029576.0
1664882818.0
2535810.0
1664882818.0
377086316.0
132349.0
8371040.0
2535810.0
1378913.0000000002
1378913.0000000002
10630434.0
2534132.0
2346141.934877501
1378913.0000000002
2363992.76799066
10630434.0
2534132.0
2346141.934877501
10630434.0
2535810.0
10630434.0
2535810.0
29997.0
128366.0
29997.0
1878156.0
131584.0
1899575.0
131584.0
1899575.0
131584.0
29997.0
1899575.0
128366.0
8094064.0
131584.0
8371040.0
1878156.0
8371040.0
1899575.0
131584.0
8371040.0
1899575.0
25029576.0
5739885.0
377086316.0
25029576.0
5739885.0
377086316.0
128366.0
128366.0
8094064.0
25029576.0
1664882818.0
1878156.0
25029576.0
377086316.0
1878156.0
1664882818.0
377086316.0
25029576.0
1664882818.0
377086316.0
25029576.0
1664882818.0
25029576.0
25029576.0
1664882818.0
377086316.0
1664882818.0
377086316.0
377086316.0
131584.0
131584.0
8371040.0
1899575.0
1899575.0
8094064.0
25029576.0
1664882818.0
8094064.0
1664882818.0
1664882818.0
25029576.0
1664882818.0
1664882818.0
1664882818.0
377086316.0
1664882818.0
1664882818.0
377086316.0
8371040.0
8371040.0
1378913.0000000002
10630434.0
10630434.0
10033456.045639751
2391024.165148216
1378913.0000000002
10630434.0
10630434.0
10033456.045639751
2391024.165148216
10033456.045639751
10033456.045639751
131584.0
29997.0
1899575.0
131584.0
29997.0
1899575.0
128366.0
128366.0
8094064.0
131584.0
8371040.0
1878156.0
131584.0
1899575.0
1878156.0
8371040.0
1899575.0
131584.0
8371040.0
1899575.0
131584.0
8371040.0
131584.0
131584.0
8371040.0
1899575.0
8371040.0
1899575.0
1899575.0
131584.0
131584.0
8371040.0
1899575.0
1899575.0
8094064.0
131584.0
8371040.0
8094064.0
8371040.0
8371040.0
131584.0
8371040.0
8371040.0
8371040.0
1899575.0
8371040.0
8371040.0
1899575.0
8371040.0
8371040.0
25029576.0
25029576.0
1664882818.0
25029576.0
25029576.0
1664882818.0
377086316.0
25029576.0
5739885.0
377086316.0
377086316.0
1664882818.0
377086316.0
377086316.0
25029576.0
25029576.0
1664882818.0
377086316.0
377086316.0
128366.0
8094064.0
25029576.0
1664882818.0
8094064.0
25029576.0
1664882818.0
8094064.0
1664882818.0
1664882818.0
25029576.0
1664882818.0
1664882818.0
1878156.0
1664882818.0
377086316.0
25029576.0
1664882818.0
377086316.0
1664882818.0
377086316.0
1664882818.0
1664882818.0
377086316.0
1664882818.0
1664882818.0
1664882818.0
25029576.0
25029576.0
1664882818.0
1664882818.0
1664882818.0
1664882818.0
1664882818.0
25029576.0
25029576.0
1664882818.0
1664882818.0
1664882818.0
1664882818.0
377086316.0
377086316.0
1664882818.0
1664882818.0
1664882818.0
377086316.0
377086316.0
131584.0
8371040.0
8371040.0
8371040.0
1899575.0
8094064.0
1664882818.0
1664882818.0
25029576.0
1664882818.0
1664882818.0
1664882818.0
1664882818.0
1664882818.0
1664882818.0
1664882818.0
1664882818.0
1664882818.0
1664882818.0
1664882818.0
377086316.0
1664882818.0
1664882818.0
8371040.0
10630434.0
10033456.045639751
10033456.045639751
10630434.0
10033456.045639751
10033456.045639751
131584.0
131584.0
8371040.0
131584.0
131584.0
8371040.0
1899575.0
131584.0
29997.0
1899575.0
1899575.0
8371040.0
1899575.0
1899575.0
131584.0
131584.0
8371040.0
1899575.0
1899575.0
128366.0
8094064.0
131584.0
8371040.0
8094064.0
131584.0
8371040.0
8094064.0
8371040.0
8371040.0
131584.0
8371040.0
8371040.0
1878156.0
8371040.0
1899575.0
131584.0
8371040.0
1899575.0
8371040.0
1899575.0
8371040.0
8371040.0
1899575.0
8371040.0
8371040.0
8371040.0
131584.0
131584.0
8371040.0
8371040.0
8371040.0
8371040.0
8371040.0
131584.0
131584.0
8371040.0
8371040.0
8371040.0
8371040.0
1899575.0
1899575.0
8371040.0
8371040.0
8371040.0
1899575.0
1899575.0
131584.0
8371040.0
8371040.0
8371040.0
1899575.0
8094064.0
8371040.0
8371040.0
131584.0
8371040.0
8371040.0
8371040.0
8371040.0
8371040.0
8371040.0
8371040.0
8371040.0
8371040.0
8371040.0
8371040.0
1899575.0
8371040.0
8371040.0
8371040.0
25029576.0
1664882818.0
25029576.0
25029576.0
1664882818.0
1664882818.0
25029576.0
25029576.0
1664882818.0
1664882818.0
1664882818.0
1664882818.0
1664882818.0
25029576.0
25029576.0
1664882818.0
1664882818.0
1664882818.0
377086316.0
1664882818.0
377086316.0
377086316.0
25029576.0
25029576.0
1664882818.0
377086316.0
377086316.0
1664882818.0
377086316.0
377086316.0
1664882818.0
1664882818.0
1664882818.0
377086316.0
377086316.0
25029576.0
1664882818.0
1664882818.0
1664882818.0
377086316.0
8094064.0
25029576.0
1664882818.0
8094064.0
1664882818.0
1664882818.0
25029576.0
1664882818.0
1664882818.0
8094064.0
1664882818.0
1664882818.0
25029576.0
1664882818.0
1664882818.0
1664882818.0
1664882818.0
1664882818.0
1664882818.0
1664882818.0
1664882818.0
1664882818.0
1664882818.0
377086316.0
1664882818.0
1664882818.0
377086316.0
1664882818.0
1664882818.0
1664882818.0
1664882818.0
377086316.0
1664882818.0
1664882818.0
1664882818.0
1664882818.0
1664882818.0
1664882818.0
1664882818.0
25029576.0
25029576.0
1664882818.0
1664882818.0
1664882818.0
1664882818.0
1664882818.0
1664882818.0
1664882818.0
1664882818.0
1664882818.0
1664882818.0
1664882818.0
25029576.0
1664882818.0
1664882818.0
1664882818.0
1664882818.0
1664882818.0
1664882818.0
1664882818.0
377086316.0
377086316.0
1664882818.0
1664882818.0
1664882818.0
1664882818.0
377086316.0
8371040.0
8371040.0
8371040.0
1664882818.0
1664882818.0
1664882818.0
1664882818.0
1664882818.0
1664882818.0
1664882818.0
1664882818.0
1664882818.0
1664882818.0
1664882818.0
1664882818.0
1664882818.0
1664882818.0
1664882818.0
1664882818.0
10033456.045639751
10033456.045639751
131584.0
8371040.0
131584.0
131584.0
8371040.0
8371040.0
131584.0
131584.0
8371040.0
8371040.0
8371040.0
8371040.0
8371040.0
131584.0
131584.0
8371040.0
8371040.0
8371040.0
1899575.0
8371040.0
1899575.0
1899575.0
131584.0
131584.0
8371040.0
1899575.0
1899575.0
8371040.0
1899575.0
1899575.0
8371040.0
8371040.0
8371040.0
1899575.0
1899575.0
131584.0
8371040.0
8371040.0
8371040.0
1899575.0
8094064.0
131584.0
8371040.0
8094064.0
8371040.0
8371040.0
131584.0
8371040.0
8371040.0
8094064.0
8371040.0
8371040.0
131584.0
8371040.0
8371040.0
8371040.0
8371040.0
8371040.0
8371040.0
8371040.0
8371040.0
8371040.0
8371040.0
1899575.0
8371040.0
8371040.0
1899575.0
8371040.0
8371040.0
8371040.0
8371040.0
1899575.0
8371040.0
8371040.0
8371040.0
8371040.0
8371040.0
8371040.0
8371040.0
131584.0
131584.0
8371040.0
8371040.0
8371040.0
8371040.0
8371040.0
8371040.0
8371040.0
8371040.0
8371040.0
8371040.0
8371040.0
131584.0
8371040.0
8371040.0
8371040.0
8371040.0
8371040.0
8371040.0
8371040.0
1899575.0
1899575.0
8371040.0
8371040.0
8371040.0
8371040.0
1899575.0
8371040.0
8371040.0
8371040.0
8371040.0
8371040.0
8371040.0
8371040.0
8371040.0
8371040.0
8371040.0
8371040.0
8371040.0
8371040.0
8371040.0
8371040.0
8371040.0
8371040.0
8371040.0
8371040.0
1664882818.0
25029576.0
25029576.0
1664882818.0
1664882818.0
1664882818.0
1664882818.0
1664882818.0
25029576.0
25029576.0
1664882818.0
1664882818.0
1664882818.0
1664882818.0
1664882818.0
1664882818.0
1664882818.0
25029576.0
25029576.0
1664882818.0
1664882818.0
1664882818.0
1664882818.0
1664882818.0
1664882818.0
1664882818.0
1664882818.0
1664882818.0
1664882818.0
1664882818.0
25029576.0
1664882818.0
1664882818.0
1664882818.0
1664882818.0
1664882818.0
377086316.0
377086316.0
1664882818.0
1664882818.0
1664882818.0
377086316.0
377086316.0
25029576.0
1664882818.0
1664882818.0
1664882818.0
377086316.0
1664882818.0
1664882818.0
1664882818.0
377086316.0
377086316.0
1664882818.0
1664882818.0
1664882818.0
1664882818.0
377086316.0
1664882818.0
1664882818.0
1664882818.0
8094064.0
1664882818.0
1664882818.0
25029576.0
1664882818.0
1664882818.0
1664882818.0
1664882818.0
1664882818.0
1664882818.0
1664882818.0
1664882818.0
1664882818.0
1664882818.0
1664882818.0
1664882818.0
1664882818.0
1664882818.0
1664882818.0
1664882818.0
1664882818.0
1664882818.0
1664882818.0
1664882818.0
1664882818.0
1664882818.0
1664882818.0
1664882818.0
377086316.0
1664882818.0
1664882818.0
1664882818.0
1664882818.0
1664882818.0
1664882818.0
1664882818.0
1664882818.0
1664882818.0
1664882818.0
1664882818.0
1664882818.0
1664882818.0
1664882818.0
25029576.0
1664882818.0
1664882818.0
1664882818.0
1664882818.0
1664882818.0
1664882818.0
1664882818.0
1664882818.0
1664882818.0
1664882818.0
1664882818.0
1664882818.0
1664882818.0
1664882818.0
1664882818.0
1664882818.0
1664882818.0
1664882818.0
1664882818.0
1664882818.0
1664882818.0
377086316.0
1664882818.0
1664882818.0
1664882818.0
8371040.0
1664882818.0
1664882818.0
1664882818.0
1664882818.0
1664882818.0
1664882818.0
1664882818.0
1664882818.0
1664882818.0
1664882818.0
8371040.0
131584.0
131584.0
8371040.0
8371040.0
8371040.0
8371040.0
8371040.0
131584.0
131584.0
8371040.0
8371040.0
8371040.0
8371040.0
8371040.0
8371040.0
8371040.0
131584.0
131584.0
8371040.0
8371040.0
8371040.0
8371040.0
8371040.0
8371040.0
8371040.0
8371040.0
8371040.0
8371040.0
8371040.0
131584.0
8371040.0
8371040.0
8371040.0
8371040.0
8371040.0
1899575.0
1899575.0
8371040.0
8371040.0
8371040.0
1899575.0
1899575.0
131584.0
8371040.0
8371040.0
8371040.0
1899575.0
8371040.0
8371040.0
8371040.0
1899575.0
1899575.0
8371040.0
8371040.0
8371040.0
8371040.0
1899575.0
8371040.0
8371040.0
8371040.0
8094064.0
8371040.0
8371040.0
131584.0
8371040.0
8371040.0
8371040.0
8371040.0
8371040.0
8371040.0
8371040.0
8371040.0
8371040.0
8371040.0
8371040.0
8371040.0
8371040.0
8371040.0
8371040.0
8371040.0
8371040.0
8371040.0
8371040.0
8371040.0
8371040.0
8371040.0
8371040.0
8371040.0
1899575.0
8371040.0
8371040.0
8371040.0
8371040.0
8371040.0
8371040.0
8371040.0
8371040.0
8371040.0
8371040.0
8371040.0
8371040.0
8371040.0
8371040.0
131584.0
8371040.0
8371040.0
8371040.0
8371040.0
8371040.0
8371040.0
8371040.0
8371040.0
8371040.0
8371040.0
8371040.0
8371040.0
8371040.0
8371040.0
8371040.0
8371040.0
8371040.0
8371040.0
8371040.0
8371040.0
8371040.0
1899575.0
8371040.0
8371040.0
8371040.0
8371040.0
8371040.0
8371040.0
8371040.0
8371040.0
8371040.0
8371040.0
8371040.0
8371040.0
8371040.0
8371040.0
1664882818.0
1664882818.0
1664882818.0
1664882818.0
25029576.0
25029576.0
1664882818.0
1664882818.0
1664882818.0
1664882818.0
1664882818.0
1664882818.0
1664882818.0
1664882818.0
1664882818.0
1664882818.0
1664882818.0
25029576.0
1664882818.0
1664882818.0
1664882818.0
1664882818.0
1664882818.0
1664882818.0
1664882818.0
1664882818.0
1664882818.0
1664882818.0
1664882818.0
1664882818.0
25029576.0
1664882818.0
1664882818.0
1664882818.0
1664882818.0
1664882818.0
1664882818.0
1664882818.0
1664882818.0
1664882818.0
1664882818.0
1664882818.0
1664882818.0
1664882818.0
1664882818.0
1664882818.0
1664882818.0
1664882818.0
1664882818.0
1664882818.0
1664882818.0
377086316.0
377086316.0
1664882818.0
1664882818.0
1664882818.0
1664882818.0
377086316.0
1664882818.0
1664882818.0
1664882818.0
1664882818.0
1664882818.0
1664882818.0
1664882818.0
377086316.0
1664882818.0
1664882818.0
1664882818.0
1664882818.0
1664882818.0
1664882818.0
1664882818.0
1664882818.0
1664882818.0
1664882818.0
1664882818.0
1664882818.0
1664882818.0
1664882818.0
1664882818.0
1664882818.0
1664882818.0
1664882818.0
1664882818.0
1664882818.0
1664882818.0
1664882818.0
1664882818.0
1664882818.0
1664882818.0
1664882818.0
1664882818.0
1664882818.0
1664882818.0
1664882818.0
1664882818.0
1664882818.0
1664882818.0
1664882818.0
1664882818.0
1664882818.0
1664882818.0
1664882818.0
1664882818.0
1664882818.0
1664882818.0
1664882818.0
1664882818.0
1664882818.0
1664882818.0
1664882818.0
1664882818.0
1664882818.0
1664882818.0
1664882818.0
1664882818.0
1664882818.0
1664882818.0
1664882818.0
1664882818.0
1664882818.0
1664882818.0
1664882818.0
1664882818.0
1664882818.0
8371040.0
8371040.0
8371040.0
8371040.0
131584.0
131584.0
8371040.0
8371040.0
8371040.0
8371040.0
8371040.0
8371040.0
8371040.0
8371040.0
8371040.0
8371040.0
8371040.0
131584.0
8371040.0
8371040.0
8371040.0
8371040.0
8371040.0
8371040.0
8371040.0
8371040.0
8371040.0
8371040.0
8371040.0
8371040.0
131584.0
8371040.0
8371040.0
8371040.0
8371040.0
8371040.0
8371040.0
8371040.0
8371040.0
8371040.0
8371040.0
8371040.0
8371040.0
8371040.0
8371040.0
8371040.0
8371040.0
8371040.0
8371040.0
8371040.0
8371040.0
1899575.0
1899575.0
8371040.0
8371040.0
8371040.0
8371040.0
1899575.0
8371040.0
8371040.0
8371040.0
8371040.0
8371040.0
8371040.0
8371040.0
1899575.0
8371040.0
8371040.0
8371040.0
8371040.0
8371040.0
8371040.0
8371040.0
8371040.0
8371040.0
8371040.0
8371040.0
8371040.0
8371040.0
8371040.0
8371040.0
8371040.0
8371040.0
8371040.0
8371040.0
8371040.0
8371040.0
8371040.0
8371040.0
8371040.0
8371040.0
8371040.0
8371040.0
8371040.0
8371040.0
8371040.0
8371040.0
8371040.0
8371040.0
8371040.0
8371040.0
8371040.0
8371040.0
8371040.0
8371040.0
8371040.0
8371040.0
8371040.0
8371040.0
8371040.0
8371040.0
8371040.0
8371040.0
8371040.0
8371040.0
8371040.0
8371040.0
8371040.0
8371040.0
8371040.0
8371040.0
8371040.0
8371040.0
8371040.0
8371040.0
8371040.0
1664882818.0
1664882818.0
1664882818.0
1664882818.0
1664882818.0
1664882818.0
1664882818.0
1664882818.0
25029576.0
1664882818.0
1664882818.0
1664882818.0
1664882818.0
1664882818.0
1664882818.0
1664882818.0
1664882818.0
1664882818.0
1664882818.0
1664882818.0
1664882818.0
1664882818.0
1664882818.0
1664882818.0
1664882818.0
1664882818.0
1664882818.0
1664882818.0
1664882818.0
1664882818.0
1664882818.0
1664882818.0
1664882818.0
1664882818.0
1664882818.0
1664882818.0
1664882818.0
1664882818.0
1664882818.0
1664882818.0
1664882818.0
1664882818.0
1664882818.0
1664882818.0
1664882818.0
1664882818.0
1664882818.0
1664882818.0
1664882818.0
1664882818.0
1664882818.0
1664882818.0
377086316.0
1664882818.0
1664882818.0
1664882818.0
1664882818.0
1664882818.0
1664882818.0
1664882818.0
1664882818.0
1664882818.0
1664882818.0
1664882818.0
1664882818.0
1664882818.0
1664882818.0
1664882818.0
1664882818.0
1664882818.0
1664882818.0
1664882818.0
1664882818.0
1664882818.0
1664882818.0
1664882818.0
1664882818.0
1664882818.0
1664882818.0
1664882818.0
1664882818.0
1664882818.0
1664882818.0
1664882818.0
1664882818.0
1664882818.0
1664882818.0
1664882818.0
1664882818.0
1664882818.0
8371040.0
8371040.0
8371040.0
8371040.0
8371040.0
8371040.0
8371040.0
8371040.0
131584.0
8371040.0
8371040.0
8371040.0
8371040.0
8371040.0
8371040.0
8371040.0
8371040.0
8371040.0
8371040.0
8371040.0
8371040.0
8371040.0
8371040.0
8371040.0
8371040.0
8371040.0
8371040.0
8371040.0
8371040.0
8371040.0
8371040.0
8371040.0
8371040.0
8371040.0
8371040.0
8371040.0
8371040.0
8371040.0
8371040.0
8371040.0
8371040.0
8371040.0
8371040.0
8371040.0
8371040.0
8371040.0
8371040.0
8371040.0
8371040.0
8371040.0
8371040.0
8371040.0
1899575.0
8371040.0
8371040.0
8371040.0
8371040.0
8371040.0
8371040.0
8371040.0
8371040.0
8371040.0
8371040.0
8371040.0
8371040.0
8371040.0
8371040.0
8371040.0
8371040.0
8371040.0
8371040.0
8371040.0
8371040.0
8371040.0
8371040.0
8371040.0
8371040.0
8371040.0
8371040.0
8371040.0
8371040.0
8371040.0
8371040.0
8371040.0
8371040.0
8371040.0
8371040.0
8371040.0
8371040.0
8371040.0
1664882818.0
1664882818.0
1664882818.0
1664882818.0
1664882818.0
1664882818.0
1664882818.0
1664882818.0
1664882818.0
1664882818.0
1664882818.0
1664882818.0
1664882818.0
1664882818.0
1664882818.0
1664882818.0
1664882818.0
1664882818.0
1664882818.0
1664882818.0
1664882818.0
1664882818.0
1664882818.0
1664882818.0
1664882818.0
1664882818.0
1664882818.0
1664882818.0
1664882818.0
1664882818.0
1664882818.0
1664882818.0
1664882818.0
1664882818.0
1664882818.0
1664882818.0
1664882818.0
1664882818.0
1664882818.0
1664882818.0
1664882818.0
1664882818.0
1664882818.0
1664882818.0
1664882818.0
1664882818.0
1664882818.0
1664882818.0
1664882818.0
1664882818.0
8371040.0
8371040.0
8371040.0
8371040.0
8371040.0
8371040.0
8371040.0
8371040.0
8371040.0
8371040.0
8371040.0
8371040.0
8371040.0
8371040.0
8371040.0
8371040.0
8371040.0
8371040.0
8371040.0
8371040.0
8371040.0
8371040.0
8371040.0
8371040.0
8371040.0
8371040.0
8371040.0
8371040.0
8371040.0
8371040.0
8371040.0
8371040.0
8371040.0
8371040.0
8371040.0
8371040.0
8371040.0
8371040.0
8371040.0
8371040.0
8371040.0
8371040.0
8371040.0
8371040.0
8371040.0
8371040.0
8371040.0
8371040.0
8371040.0
8371040.0
1664882818.0
1664882818.0
1664882818.0
1664882818.0
1664882818.0
1664882818.0
1664882818.0
1664882818.0
1664882818.0
1664882818.0
1664882818.0
1664882818.0
1664882818.0
1664882818.0
1664882818.0
1664882818.0
1664882818.0
1664882818.0
1664882818.0
1664882818.0
1664882818.0
8371040.0
8371040.0
8371040.0
8371040.0
8371040.0
8371040.0
8371040.0
8371040.0
8371040.0
8371040.0
8371040.0
8371040.0
8371040.0
8371040.0
8371040.0
8371040.0
8371040.0
8371040.0
8371040.0
8371040.0
8371040.0
1664882818.0
1664882818.0
1664882818.0
1664882818.0
1664882818.0
1664882818.0
8371040.0
8371040.0
8371040.0
8371040.0
8371040.0
8371040.0
1664882818.0
8371040.0
