2609129.0
2609129.0
6235545.218141137
1380035.0
1380035.0
2609128.9999999995
6235545.218141137
6235545.218141137
6235545.218141137
1380035.0
6235545.218141137
6235545.218141137
6235545.218141137
6235545.218141137
2609129.0
2609129.0
59690670.15110543
4523930.0
4523930.0
2609129.0
59690670.15110543
59690670.15110543
59690670.15110544
4523930.0
59690670.15110543
59690670.15110543
59690670.15110543
59690670.15110543
14835720.0
4523930.0
389902221.0453321
4523930.0
389902221.0453321
4523930.0
389902221.0453321
389902221.0453321
1380035.0
4523930.0
18095720.0
1380035.0
4523930.0
18095720.0
1380035.0
4523930.0
18095720.0
18095720.0
18095720.0
18095720.0
18095720.0
18095720.0
14835720.0
2609129.0
92102477.77275825
14835720.0
2609129.0
92102477.77275825
14835720.0
2609128.9999999995
92102477.77275825
92102477.77275825
92102477.77275825
92102477.77275825
92102477.77275825
92102477.77275825
4523930.0
4523930.0
477909267.3558555
36244344.0
36244344.0
4523930.0
477909267.3558554
477909267.3558555
477909267.3558555
36244344.0
477909267.3558554
477909267.3558554
477909267.3558555
477909267.3558554
901343.0
2963664.0
36244344.0
13060281.095555486
138541645.51901948
1039991108.721478
2963664.0
36244344.0
7568484.957922533
29997.0
29997.0
13060281.095555486
138541645.51901948
1039991108.721478
2963664.0
36244344.0
7568484.957922532
19435280757.05523
13060281.095555484
138541645.51901948
331730379.05567575
1039991108.7214776
4808928304.959472
1039991108.721478
7568484.957922533
7568484.957922533
29997.0
19435280757.05523
13060281.095555486
138541645.51901948
331730379.0556758
1039991108.721478
4808928304.959472
1039991108.721478
7568484.957922532
7568484.957922532
19435280757.05523
294817954216.1464
19435280757.05523
331730379.05567575
331730379.05567575
4808928304.959472
1039991108.721478
4808928304.959472
4808928304.959472
7568484.957922533
19435280757.05523
294817954216.1464
19435280757.05523
331730379.0556758
331730379.05567575
4808928304.959472
1039991108.721478
4808928304.959472
4808928304.959472
7568484.957922532
294817954216.1464
19435280757.05523
294817954216.1463
294817954216.1464
331730379.05567575
4808928304.959472
4808928304.959472
4808928304.959472
294817954216.1464
19435280757.05523
294817954216.1463
294817954216.1464
331730379.05567575
4808928304.959472
4808928304.959472
4808928304.959472
294817954216.1463
294817954216.1464
294817954216.1464
4808928304.959472
294817954216.1463
294817954216.1464
294817954216.1464
4808928304.959472
294817954216.1464
294817954216.1464
901343.0
138541645.51901948
36244344.0
36244344.0
144355556.85515484
36244344.0
2609129.0
2609129.0
138541645.51901948
138541645.51901948
1973268036.7786384
138541645.51901948
36244344.0
144355556.85515484
36244344.0
144355556.85515484
36244344.0
144355556.8551548
144355556.85515484
2609129.0
138541645.51901948
1973268036.7786384
138541645.51901948
1973268036.7786384
138541645.51901948
1973268036.7786384
1973268036.7786384
144355556.85515484
36244344.0
144355556.85515484
144355556.85515484
144355556.85515484
144355556.85515484
144355556.85515484
1973268036.7786384
138541645.51901948
1973268036.7786384
1973268036.7786384
1973268036.7786384
1973268036.7786384
1973268036.7786384
144355556.85515484
144355556.85515484
144355556.85515484
144355556.85515484
1973268036.7786384
1973268036.7786384
1973268036.7786384
1973268036.7786384
144355556.85515484
1973268036.7786384
36244344.0
144355556.85515484
36244344.0
36244344.0
17571519.0
138541645.51901948
2609129.0
2609129.0
901343.0
144355556.85515484
36244344.0
36244344.0
17571519.0
138541645.51901948
144355556.8551548
144355556.85515484
144355556.85515484
122483642.39857917
1973268036.7786384
36244344.0
17571519.0
138541645.51901948
17571519.0
138541645.51901948
118600825.4680004
2609129.0
144355556.85515484
144355556.85515484
144355556.85515484
122483642.39857917
1973268036.7786384
36244344.0
17571519.0
138541645.51901948
17571518.999999996
138541645.51901948
118600825.46800044
144355556.85515484
144355556.85515484
122483642.39857917
1973268036.7786384
144355556.85515484
122483642.39857917
1973268036.7786384
122483642.39857918
1973268036.7786384
1939124580.113732
17571519.0
138541645.51901948
118600825.4680004
118600825.4680004
144355556.85515484
144355556.85515484
122483642.39857917
1973268036.7786384
144355556.85515484
122483642.39857917
1973268036.7786384
122483642.39857918
1973268036.7786384
1939124580.113732
17571518.999999996
138541645.51901948
118600825.46800044
118600825.46800044
144355556.85515484
122483642.39857917
1973268036.7786384
122483642.39857918
1973268036.7786384
1939124580.113732
122483642.39857918
1973268036.7786384
1939124580.113732
1939124580.113732
118600825.4680004
144355556.85515484
122483642.39857917
1973268036.7786384
122483642.39857918
1973268036.7786384
1939124580.113732
122483642.39857918
1973268036.7786384
1939124580.113732
1939124580.113732
118600825.46800044
122483642.39857918
1973268036.7786384
1939124580.113732
1939124580.113732
1939124580.113732
122483642.39857918
1973268036.7786384
1939124580.113732
1939124580.113732
1939124580.113732
1939124580.113732
1939124580.113732
2609129.0
36244344.0
144355556.85515484
2609129.0
2609129.0
17571519.0
36244344.0
144355556.85515484
2609129.0
2609128.9999999995
17571519.0
36244344.0
122483642.39857917
144355556.85515484
144355556.8551548
144355556.85515484
2609129.0
17571519.0
122483642.39857918
144355556.85515484
144355556.85515484
144355556.85515484
2609129.0
17571519.0
122483642.39857917
122483642.39857917
122483642.39857918
144355556.8551548
144355556.85515484
144355556.8551548
122483642.39857918
122483642.39857918
122483642.39857918
144355556.85515484
144355556.85515484
144355556.85515484
122483642.39857917
122483642.39857918
122483642.39857917
144355556.8551548
122483642.39857918
122483642.39857918
122483642.39857918
144355556.85515484
122483642.39857917
122483642.39857918
29997.0
29997.0
9059099.62837262
1587472.440764594
4523930.0
2609129.0
4523930.0
59690670.15110543
2609129.0
2609129.0
29997.000000000004
9059099.628372625
1587472.4407645937
9059099.62837262
1587472.440764594
9059099.62837262
588515458.5611701
1587472.440764594
1587472.440764594
4523930.0
59690670.15110543
2609128.9999999995
2609129.0
59690670.15110544
59690670.15110543
59690670.15110543
2609129.0
9059099.628372625
1587472.4407645937
9059099.628372625
588515458.5611701
1587472.4407645937
1587472.4407645937
9059099.62837262
588515458.5611701
1587472.440764594
1587472.440764594
588515458.5611701
588515458.5611701
588515458.5611701
1587472.440764594
59690670.15110543
59690670.15110543
59690670.15110543
2609129.0
59690670.15110544
59690670.15110544
59690670.15110543
9059099.628372625
588515458.5611701
1587472.4407645937
1587472.4407645937
588515458.5611701
588515458.5611701
588515458.5611701
1587472.4407645937
588515458.5611701
588515458.5611701
588515458.5611701
1587472.440764594
588515458.5611701
588515458.5611701
588515458.5611701
59690670.15110543
59690670.15110543
59690670.15110543
59690670.15110544
588515458.5611701
588515458.5611701
588515458.5611701
1587472.4407645937
588515458.5611701
588515458.5611701
588515458.5611701
588515458.5611701
588515458.5611701
588515458.5611701
588515458.5611701
59690670.15110543
588515458.5611701
588515458.5611701
588515458.5611701
588515458.5611701
588515458.5611701
588515458.5611701
14835720.0
1380035.0
2609129.0
30725458.2079138
14835720.0
92102477.77275825
1380035.0
6235545.218141137
2609129.0
2609129.0
30725458.2079138
14835720.0
92102477.77275825
1380035.0
6235545.218141137
2609128.9999999995
2609129.0
30725458.207913797
30725458.207913797
334038453.94112694
92102477.77275825
92102477.77275825
92102477.77275825
6235545.218141137
6235545.218141137
6235545.218141137
2609129.0
30725458.2079138
30725458.2079138
334038453.94112694
92102477.77275825
92102477.77275825
92102477.77275825
6235545.218141137
6235545.218141137
6235545.218141137
2609129.0
30725458.207913797
334038453.94112694
334038453.94112694
334038453.94112694
334038453.94112694
92102477.77275825
92102477.77275825
92102477.77275825
6235545.218141137
6235545.218141137
6235545.218141137
30725458.2079138
334038453.94112694
334038453.94112694
334038453.94112694
334038453.94112694
92102477.77275825
92102477.77275825
92102477.77275825
6235545.218141137
6235545.218141137
6235545.218141137
334038453.94112694
334038453.94112694
334038453.94112694
334038453.94112694
334038453.94112694
334038453.94112694
92102477.77275825
6235545.218141137
334038453.94112694
334038453.94112694
334038453.94112694
334038453.94112694
334038453.94112694
334038453.94112694
92102477.77275825
6235545.218141137
334038453.94112694
334038453.94112694
334038453.94112694
334038453.94112694
334038453.94112694
334038453.94112694
334038453.94112694
334038453.94112694
334038453.94112694
334038453.94112694
14835720.0
14835720.0
92102477.77275825
30725458.2079138
2528312.0
2609129.0
1380035.0
2609129.0
2609129.0
6235545.218141137
1380035.0
14835720.0
14835720.0
92102477.77275825
30725458.2079138
92102477.77275825
30725458.207913797
92102477.77275825
92102477.77275825
334038453.94112694
30725458.207913797
2609129.0
1380035.0
2609129.0
2609128.9999999995
6235545.218141137
1380035.0
2609129.0
6235545.218141137
6235545.218141137
6235545.218141137
14835720.0
92102477.77275825
30725458.2079138
92102477.77275825
30725458.2079138
92102477.77275825
92102477.77275825
334038453.94112694
30725458.2079138
92102477.77275825
92102477.77275825
334038453.94112694
30725458.207913797
92102477.77275825
334038453.94112694
334038453.94112694
334038453.94112694
2609129.0
2609129.0
6235545.218141137
1380035.0
2609129.0
6235545.218141137
6235545.218141137
6235545.218141137
6235545.218141137
6235545.218141137
6235545.218141137
92102477.77275825
30725458.207913797
92102477.77275825
92102477.77275825
334038453.94112694
30725458.207913797
92102477.77275825
92102477.77275825
334038453.94112694
30725458.2079138
92102477.77275825
334038453.94112694
334038453.94112694
334038453.94112694
92102477.77275825
334038453.94112694
334038453.94112694
334038453.94112694
334038453.94112694
334038453.94112694
334038453.94112694
2609129.0
6235545.218141137
6235545.218141137
6235545.218141137
6235545.218141137
6235545.218141137
6235545.218141137
6235545.218141137
92102477.77275825
92102477.77275825
334038453.94112694
30725458.207913797
92102477.77275825
334038453.94112694
334038453.94112694
334038453.94112694
92102477.77275825
334038453.94112694
334038453.94112694
334038453.94112694
334038453.94112694
334038453.94112694
334038453.94112694
334038453.94112694
334038453.94112694
334038453.94112694
334038453.94112694
6235545.218141137
6235545.218141137
6235545.218141137
6235545.218141137
92102477.77275825
334038453.94112694
334038453.94112694
334038453.94112694
334038453.94112694
334038453.94112694
334038453.94112694
334038453.94112694
334038453.94112694
334038453.94112694
334038453.94112694
334038453.94112694
6235545.218141137
334038453.94112694
334038453.94112694
334038453.94112694
334038453.94112694
334038453.94112694
334038453.94112694
2528312.0
14835720.0
4523930.0
1380035.0
389902221.0453321
30725458.2079138
14835720.0
18095720.0
4523930.0
1380035.0
14835720.0
4523930.0
1380035.0
389902221.0453321
30725458.2079138
14835720.0
18095720.0
4523930.0
1380035.0
1559608884.1813283
389902221.0453321
389902221.045332
30725458.207913797
30725458.207913797
18095720.0
18095720.0
389902221.0453321
30725458.2079138
14835720.0
18095720.0
4523930.0
1380035.0
1559608884.1813283
389902221.0453321
389902221.0453321
30725458.2079138
30725458.2079138
18095720.0
18095720.0
1559608884.1813283
1559608884.181328
1559608884.1813283
389902221.045332
30725458.207913797
18095720.0
1559608884.1813283
389902221.0453321
389902221.0453321
30725458.2079138
30725458.2079138
18095720.0
18095720.0
1559608884.1813283
1559608884.1813283
1559608884.1813283
389902221.0453321
30725458.2079138
18095720.0
1559608884.181328
1559608884.1813283
1559608884.181328
1559608884.1813283
1559608884.1813283
1559608884.1813283
389902221.0453321
30725458.2079138
18095720.0
1559608884.1813283
1559608884.1813283
1559608884.1813283
1559608884.181328
1559608884.1813283
1559608884.1813283
1559608884.1813283
1559608884.1813283
1559608884.1813283
361472.0
14835720.0
4523930.0
2609129.0
21708323.790302545
15987019.526265668
3611330.617284253
389902221.0453321
92102477.77275825
14835720.0
59690670.15110543
4523930.0
2609129.0
2609129.0
21708323.790302545
15987019.526265668
3611330.617284253
389902221.0453321
92102477.77275825
14835720.0
59690670.15110543
4523930.0
2609129.0
2609128.9999999995
3381159612.261208
621157297.7188745
21708323.790302545
395984783.5919813
15987019.526265666
3611330.617284253
3611330.617284253
13019128966.98326
389902221.0453321
389902221.045332
92102477.77275825
92102477.77275825
92102477.77275825
59690670.15110544
59690670.15110543
59690670.15110543
2609129.0
3381159612.261208
621157297.7188743
21708323.790302545
395984783.5919813
15987019.526265668
3611330.617284253
3611330.617284253
13019128966.98326
389902221.0453321
389902221.0453321
92102477.77275825
92102477.77275825
92102477.77275825
59690670.15110543
59690670.15110543
59690670.15110543
2609129.0
179306167550.44708
3381159612.261207
3381159612.261208
621157297.7188743
621157297.7188742
621157297.7188745
395984783.5919812
395984783.5919813
395984783.5919813
3611330.617284253
13019128966.98326
13019128966.98326
13019128966.98326
13019128966.98326
389902221.0453321
92102477.77275825
92102477.77275825
92102477.77275825
59690670.15110544
59690670.15110544
59690670.15110543
179306167550.44708
3381159612.261208
3381159612.261208
621157297.7188743
621157297.7188743
621157297.7188743
395984783.5919813
395984783.5919813
395984783.5919813
3611330.617284253
13019128966.98326
13019128966.98326
13019128966.98326
13019128966.98326
389902221.0453321
92102477.77275825
92102477.77275825
92102477.77275825
59690670.15110543
59690670.15110543
59690670.15110543
179306167550.44708
179306167550.44708
179306167550.44708
179306167550.44708
3381159612.261208
621157297.7188745
621157297.7188745
621157297.7188745
395984783.5919813
395984783.5919813
395984783.5919813
13019128966.98326
13019128966.98326
13019128966.98326
13019128966.98326
13019128966.98326
13019128966.98326
92102477.77275825
59690670.15110544
179306167550.44708
179306167550.44708
179306167550.44708
179306167550.44708
3381159612.261208
621157297.7188743
621157297.7188743
621157297.7188743
395984783.5919813
395984783.5919813
395984783.5919813
13019128966.98326
13019128966.98326
13019128966.98326
13019128966.98326
13019128966.98326
13019128966.98326
92102477.77275825
59690670.15110543
179306167550.44708
179306167550.44708
179306167550.44708
179306167550.44708
179306167550.44708
179306167550.44708
621157297.7188745
395984783.5919813
13019128966.98326
13019128966.98326
13019128966.98326
13019128966.98326
179306167550.44708
179306167550.44708
179306167550.44708
179306167550.44708
179306167550.44708
179306167550.44708
621157297.7188743
395984783.5919813
13019128966.98326
13019128966.98326
13019128966.98326
13019128966.98326
179306167550.44708
179306167550.44708
179306167550.44708
179306167550.44708
13019128966.98326
179306167550.44708
179306167550.44708
179306167550.44708
179306167550.44708
13019128966.98326
179306167550.44708
179306167550.44708
901343.0
138541645.51901948
36244344.0
36244344.0
477909267.3558555
144355556.85515484
4523930.0
2609129.0
4523930.0
59690670.15110543
2609129.0
138541645.51901948
138541645.51901948
9709265163.282867
1973268036.7786384
36244344.0
477909267.3558555
144355556.85515484
477909267.3558555
144355556.85515484
477909267.3558554
11729592666.866972
144355556.8551548
4523930.0
59690670.15110543
2609129.0
59690670.15110544
59690670.15110543
138541645.51901948
9709265163.282867
1973268036.7786384
9709265163.282867
1973268036.7786384
9709265163.282867
453330903948.4121
1973268036.7786384
477909267.3558555
144355556.85515484
477909267.3558555
11729592666.866974
144355556.85515484
477909267.3558555
11729592666.866972
144355556.85515484
11729592666.866972
11729592666.866972
59690670.15110543
59690670.15110543
59690670.15110544
9709265163.282867
1973268036.7786384
9709265163.282867
453330903948.412
1973268036.7786384
9709265163.282867
453330903948.4121
1973268036.7786384
453330903948.4121
453330903948.4121
477909267.3558555
11729592666.866974
144355556.85515484
11729592666.866974
11729592666.866974
11729592666.866972
11729592666.866972
11729592666.866972
59690670.15110543
9709265163.282867
453330903948.412
1973268036.7786384
453330903948.4121
453330903948.4121
453330903948.4121
453330903948.4121
453330903948.4121
11729592666.866974
11729592666.866974
11729592666.866974
11729592666.866972
453330903948.4121
453330903948.4121
453330903948.4121
453330903948.4121
11729592666.866974
453330903948.4121
36244344.0
36244344.0
477909267.3558555
144355556.85515484
4523930.0
2609129.0
4523930.0
59690670.15110543
2609129.0
36244344.0
477909267.3558555
144355556.85515484
477909267.3558555
144355556.85515484
477909267.3558554
11729592666.866972
144355556.8551548
4523930.0
59690670.15110543
2609129.0
59690670.15110544
59690670.15110543
477909267.3558555
144355556.85515484
477909267.3558555
11729592666.866974
144355556.85515484
477909267.3558555
11729592666.866972
144355556.85515484
11729592666.866972
11729592666.866972
59690670.15110543
59690670.15110543
59690670.15110544
477909267.3558555
11729592666.866974
144355556.85515484
11729592666.866974
11729592666.866974
11729592666.866972
11729592666.866972
11729592666.866972
59690670.15110543
11729592666.866974
11729592666.866974
11729592666.866974
11729592666.866972
11729592666.866974
14835720.0
1380035.0
36244344.0
30725458.2079138
826098309.6108049
14835720.0
70420127.1990599
1380035.0
36244344.0
30725458.2079138
826098309.6108049
14835720.0
70420127.1990599
1380035.0
36244344.0
2838451782.6523747
30725458.207913797
30725458.207913797
826098309.6108047
826098309.6108047
70420127.1990599
70420127.1990599
2838451782.6523747
30725458.2079138
30725458.2079138
826098309.6108049
826098309.6108049
70420127.1990599
70420127.1990599
2838451782.6523747
2838451782.652374
2838451782.6523747
30725458.207913797
826098309.6108047
70420127.1990599
2838451782.6523747
2838451782.6523747
2838451782.6523747
30725458.2079138
826098309.6108049
70420127.1990599
2838451782.652374
2838451782.6523747
2838451782.652374
2838451782.6523747
2838451782.6523747
2838451782.6523747
2838451782.652374
2838451782.6523747
14835720.0
2609129.0
36244344.0
92102477.77275825
826098309.6108049
14835720.0
144355556.85515484
2609129.0
36244344.0
36244344.0
138541645.51901948
17571519.0
901343.0
92102477.77275825
826098309.6108049
14835720.0
144355556.85515484
2609129.0
36244344.0
36244344.0
138541645.51901948
17571519.0
18623594910.011543
92102477.77275825
92102477.77275825
826098309.6108047
826098309.6108047
826098309.6108047
15572235680.10046
709210792.0659139
144355556.8551548
144355556.85515484
144355556.85515484
1973268036.7786384
122483642.39857917
36244344.0
138541645.51901948
17571519.0
138541645.51901948
17571519.0
118600825.4680004
18623594910.011543
92102477.77275825
92102477.77275825
826098309.6108049
826098309.6108049
826098309.6108049
15572235680.100456
709210792.065914
144355556.85515484
144355556.85515484
144355556.85515484
1973268036.7786384
122483642.39857918
36244344.0
138541645.51901948
17571518.999999996
138541645.51901948
17571519.0
118600825.46800044
18623594910.011536
18623594910.011547
18623594910.01154
18623594910.011536
822208305481.687
18437829543.71188
92102477.77275825
826098309.6108047
826098309.6108047
15572235680.10046
709210792.0659139
826098309.6108047
15572235680.10046
709210792.0659138
15572235680.10046
709210792.0659138
15406962601.091131
144355556.8551548
144355556.8551548
1973268036.7786384
122483642.39857917
144355556.85515484
1973268036.7786384
122483642.39857918
1973268036.7786384
122483642.39857917
1939124580.113732
138541645.51901948
17571519.0
118600825.46800044
118600825.4680004
18623594910.011543
18623594910.011543
18623594910.011543
18623594910.011543
822208305481.687
18437829543.71188
92102477.77275825
826098309.6108049
826098309.6108049
15572235680.100456
709210792.065914
826098309.6108049
15572235680.100456
709210792.065914
15572235680.100456
709210792.065914
15406962601.091137
144355556.85515484
144355556.85515484
1973268036.7786384
122483642.39857918
144355556.85515484
1973268036.7786384
122483642.39857918
1973268036.7786384
122483642.39857918
1939124580.113732
138541645.51901948
17571518.999999996
118600825.46800044
118600825.46800044
18623594910.011547
18623594910.011543
18623594910.011543
822208305481.687
18437829543.71188
18623594910.011547
18623594910.011547
822208305481.6868
18437829543.71188
18623594910.011543
822208305481.687
18437829543.71188
822208305481.687
18437829543.71188
821906591497.2684
826098309.6108047
15572235680.100456
709210792.0659137
15572235680.100456
709210792.0659137
15406962601.091137
15572235680.10046
709210792.0659138
15406962601.091131
15406962601.091131
144355556.8551548
1973268036.7786384
122483642.39857917
1973268036.7786384
122483642.39857917
1939124580.113732
1973268036.7786384
122483642.39857918
1939124580.113732
1939124580.113732
118600825.4680004
18623594910.011543
18623594910.011543
18623594910.011543
822208305481.687
18437829543.71188
18623594910.011543
18623594910.011543
822208305481.687
18437829543.71188
18623594910.011543
822208305481.687
18437829543.71188
822208305481.687
18437829543.71188
821906591497.2684
826098309.6108049
15572235680.100456
709210792.065914
15572235680.100456
709210792.065914
15406962601.091137
15572235680.100456
709210792.065914
15406962601.091137
15406962601.091137
144355556.85515484
1973268036.7786384
122483642.39857918
1973268036.7786384
122483642.39857918
1939124580.113732
1973268036.7786384
122483642.39857918
1939124580.113732
1939124580.113732
118600825.46800044
18623594910.011547
18623594910.011547
822208305481.6868
18437829543.71188
18623594910.011543
822208305481.687
18437829543.71188
822208305481.687
18437829543.71188
821906591497.2684
18623594910.011547
822208305481.6868
18437829543.71188
822208305481.6868
18437829543.71188
821906591497.2683
822208305481.687
18437829543.71188
821906591497.2684
821906591497.2684
15572235680.100456
709210792.0659137
15406962601.091137
15406962601.091137
15406962601.091131
1973268036.7786384
122483642.39857917
1939124580.113732
1939124580.113732
1939124580.113732
18623594910.011543
18623594910.011543
822208305481.687
18437829543.71188
18623594910.011543
822208305481.687
18437829543.71188
822208305481.687
18437829543.71188
821906591497.2684
18623594910.011543
822208305481.687
18437829543.71188
822208305481.687
18437829543.71188
821906591497.2684
822208305481.687
18437829543.71188
821906591497.2684
821906591497.2684
15572235680.100456
709210792.065914
15406962601.091137
15406962601.091137
15406962601.091137
1973268036.7786384
122483642.39857918
1939124580.113732
1939124580.113732
1939124580.113732
18623594910.011547
822208305481.6868
18437829543.71188
822208305481.6868
18437829543.71188
821906591497.2683
822208305481.687
18437829543.71188
821906591497.2684
821906591497.2684
822208305481.6868
18437829543.71188
821906591497.2683
821906591497.2683
821906591497.2684
15406962601.091137
1939124580.113732
18623594910.011543
822208305481.687
18437829543.71188
822208305481.687
18437829543.71188
821906591497.2684
822208305481.687
18437829543.71188
821906591497.2684
821906591497.2684
822208305481.687
18437829543.71188
821906591497.2684
821906591497.2684
821906591497.2684
15406962601.091137
1939124580.113732
822208305481.6868
18437829543.71188
821906591497.2683
821906591497.2683
821906591497.2684
821906591497.2683
822208305481.687
18437829543.71188
821906591497.2684
821906591497.2684
821906591497.2684
821906591497.2684
821906591497.2683
821906591497.2684
2528312.0
4523930.0
36244344.0
135086.0
477909267.3558555
6271427.23648964
4523930.0
12197084.154992396
17571519.0
36244344.0
135086.0
135086.0
4523930.0
36244344.0
135086.0
477909267.3558555
6271427.23648964
4523930.0
12197084.154992396
17571519.0
36244344.0
135086.0
135086.0
825455838.7310499
477909267.3558555
477909267.3558555
477909267.3558554
6271427.236489641
6271427.23648964
6271427.23648964
12197084.154992396
12197084.154992394
12197084.154992394
12197084.154992396
17571519.0
135086.0
477909267.3558555
6271427.23648964
4523930.0
12197084.154992396
17571519.0
36244344.0
135086.0
135086.0
825455838.7310499
477909267.3558555
477909267.3558555
477909267.3558555
6271427.23648964
6271427.23648964
6271427.23648964
12197084.154992396
12197084.154992396
12197084.154992396
12197084.154992396
17571518.999999996
135086.0
825455838.7310499
825455838.7310499
825455838.7310498
825455838.7310499
825455838.7310499
477909267.3558555
477909267.3558554
477909267.3558554
6271427.236489641
6271427.236489641
6271427.23648964
12197084.154992394
12197084.154992394
12197084.154992396
12197084.154992394
12197084.154992396
12197084.154992394
825455838.7310499
477909267.3558555
477909267.3558555
477909267.3558555
6271427.23648964
6271427.23648964
6271427.23648964
12197084.154992396
12197084.154992396
12197084.154992396
12197084.154992396
17571519.0
135086.0
825455838.7310499
825455838.7310499
825455838.7310499
825455838.7310499
825455838.7310499
477909267.3558555
477909267.3558555
477909267.3558555
6271427.23648964
6271427.23648964
6271427.23648964
12197084.154992396
12197084.154992396
12197084.154992396
12197084.154992396
12197084.154992396
12197084.154992396
825455838.7310499
825455838.7310498
825455838.7310499
825455838.7310499
825455838.7310498
825455838.7310499
825455838.7310499
825455838.7310498
825455838.7310498
825455838.7310499
477909267.3558554
6271427.236489641
12197084.154992394
12197084.154992394
12197084.154992396
12197084.154992394
825455838.7310499
825455838.7310499
825455838.7310499
825455838.7310499
825455838.7310499
477909267.3558555
477909267.3558555
477909267.3558555
6271427.23648964
6271427.23648964
6271427.23648964
12197084.154992396
12197084.154992396
12197084.154992396
12197084.154992396
12197084.154992396
12197084.154992396
825455838.7310499
825455838.7310499
825455838.7310499
825455838.7310499
825455838.7310499
825455838.7310499
825455838.7310499
825455838.7310499
825455838.7310499
825455838.7310499
477909267.3558555
6271427.23648964
12197084.154992396
12197084.154992396
12197084.154992396
12197084.154992396
825455838.7310498
825455838.7310499
825455838.7310499
825455838.7310498
825455838.7310498
825455838.7310499
825455838.7310498
825455838.7310498
825455838.7310499
825455838.7310498
12197084.154992394
825455838.7310499
825455838.7310499
825455838.7310499
825455838.7310499
825455838.7310499
825455838.7310499
825455838.7310499
825455838.7310499
825455838.7310499
825455838.7310499
477909267.3558555
6271427.23648964
12197084.154992396
12197084.154992396
12197084.154992396
12197084.154992396
825455838.7310499
825455838.7310499
825455838.7310499
825455838.7310499
825455838.7310499
825455838.7310499
825455838.7310499
825455838.7310499
825455838.7310499
825455838.7310499
12197084.154992396
825455838.7310498
825455838.7310498
825455838.7310499
825455838.7310498
825455838.7310498
825455838.7310499
825455838.7310499
825455838.7310499
825455838.7310499
825455838.7310499
825455838.7310499
825455838.7310499
825455838.7310499
825455838.7310499
825455838.7310499
12197084.154992396
825455838.7310499
825455838.7310499
825455838.7310499
825455838.7310499
825455838.7310499
825455838.7310498
825455838.7310499
825455838.7310499
825455838.7310499
825455838.7310499
825455838.7310499
825455838.7310499
825455838.7310499
29997.0
29997.0
9059099.62837262
1587472.440764594
17606525.246123265
4523930.0
2609129.0
14835720.0
4523930.0
59690670.15110543
389902221.0453321
2609129.0
2609129.0
92102477.77275825
29997.000000000004
9059099.628372625
1587472.4407645937
17606525.246123265
9059099.62837262
1587472.440764594
17606525.246123265
9059099.62837262
588515458.5611701
7158523453.601962
1587472.440764594
1587472.440764594
1261576137.9189365
4523930.0
59690670.15110543
389902221.0453321
2609128.9999999995
2609129.0
92102477.77275825
59690670.15110544
389902221.0453321
59690670.15110543
59690670.15110543
13019128966.98326
2609129.0
92102477.77275825
92102477.77275825
9059099.628372625
1587472.4407645937
17606525.246123265
9059099.628372625
588515458.5611701
7158523453.601964
1587472.4407645937
1587472.4407645937
1261576137.9189365
9059099.62837262
588515458.5611701
7158523453.601962
1587472.440764594
1587472.440764594
1261576137.9189365
588515458.5611701
7158523453.601962
588515458.5611701
588515458.5611701
580240254254.732
1587472.440764594
1261576137.9189365
1261576137.9189365
59690670.15110543
389902221.0453321
59690670.15110543
59690670.15110543
13019128966.98326
2609129.0
92102477.77275825
92102477.77275825
59690670.15110544
59690670.15110544
13019128966.98326
59690670.15110543
13019128966.98326
13019128966.98326
92102477.77275825
9059099.628372625
588515458.5611701
7158523453.601964
1587472.4407645937
1587472.4407645937
1261576137.9189365
588515458.5611701
7158523453.601964
588515458.5611701
588515458.5611701
580240254254.7323
1587472.4407645937
1261576137.9189365
1261576137.9189365
588515458.5611701
7158523453.601962
588515458.5611701
588515458.5611701
580240254254.732
1587472.440764594
1261576137.9189365
1261576137.9189365
588515458.5611701
588515458.5611701
580240254254.732
588515458.5611701
580240254254.732
580240254254.732
1261576137.9189365
59690670.15110543
59690670.15110543
13019128966.98326
59690670.15110543
13019128966.98326
13019128966.98326
92102477.77275825
59690670.15110544
13019128966.98326
13019128966.98326
13019128966.98326
588515458.5611701
7158523453.601964
588515458.5611701
588515458.5611701
580240254254.7323
1587472.4407645937
1261576137.9189365
1261576137.9189365
588515458.5611701
588515458.5611701
580240254254.7323
588515458.5611701
580240254254.7323
580240254254.7323
1261576137.9189365
588515458.5611701
588515458.5611701
580240254254.732
588515458.5611701
580240254254.732
580240254254.732
1261576137.9189365
588515458.5611701
580240254254.732
580240254254.732
580240254254.732
59690670.15110543
13019128966.98326
13019128966.98326
13019128966.98326
13019128966.98326
588515458.5611701
588515458.5611701
580240254254.7323
588515458.5611701
580240254254.7323
580240254254.7323
1261576137.9189365
588515458.5611701
580240254254.7323
580240254254.7323
580240254254.7323
588515458.5611701
580240254254.732
580240254254.732
580240254254.732
580240254254.732
13019128966.98326
588515458.5611701
580240254254.7323
580240254254.7323
580240254254.7323
580240254254.7323
580240254254.732
580240254254.7323
2528312.0
14835720.0
4523930.0
1380035.0
2609129.0
389902221.0453321
30725458.2079138
92102477.77275825
14835720.0
18095720.0
59690670.15110543
4523930.0
6235545.218141137
1380035.0
2609129.0
2609129.0
14835720.0
4523930.0
1380035.0
2609129.0
389902221.0453321
30725458.2079138
92102477.77275825
14835720.0
18095720.0
59690670.15110543
4523930.0
6235545.218141137
1380035.0
2609128.9999999995
2609129.0
1559608884.1813283
13019128966.98326
389902221.0453321
389902221.045332
334038453.94112694
30725458.207913797
30725458.207913797
92102477.77275825
92102477.77275825
92102477.77275825
238762680.60442173
18095720.0
18095720.0
59690670.15110544
59690670.15110543
59690670.15110543
6235545.218141137
6235545.218141137
6235545.218141137
2609129.0
389902221.0453321
30725458.2079138
92102477.77275825
14835720.0
18095720.0
59690670.15110543
4523930.0
6235545.218141137
1380035.0
2609129.0
2609129.0
1559608884.1813283
13019128966.98326
389902221.0453321
389902221.0453321
334038453.94112694
30725458.2079138
30725458.2079138
92102477.77275825
92102477.77275825
92102477.77275825
238762680.60442173
18095720.0
18095720.0
59690670.15110543
59690670.15110543
59690670.15110543
6235545.218141137
6235545.218141137
6235545.218141137
2609129.0
52076515867.93304
1559608884.1813283
1559608884.181328
1559608884.1813283
13019128966.98326
13019128966.98326
13019128966.98326
13019128966.98326
389902221.0453321
334038453.94112694
334038453.94112694
334038453.94112694
334038453.94112694
30725458.207913797
92102477.77275825
92102477.77275825
92102477.77275825
238762680.60442176
238762680.60442173
238762680.60442173
238762680.60442173
18095720.0
59690670.15110544
59690670.15110544
59690670.15110543
6235545.218141137
6235545.218141137
6235545.218141137
1559608884.1813283
13019128966.98326
389902221.0453321
389902221.0453321
334038453.94112694
30725458.2079138
30725458.2079138
92102477.77275825
92102477.77275825
92102477.77275825
238762680.60442173
18095720.0
18095720.0
59690670.15110544
59690670.15110543
59690670.15110543
6235545.218141137
6235545.218141137
6235545.218141137
2609129.0
52076515867.93304
1559608884.1813283
1559608884.1813283
1559608884.1813283
13019128966.98326
13019128966.98326
13019128966.98326
13019128966.98326
389902221.0453321
334038453.94112694
334038453.94112694
334038453.94112694
334038453.94112694
30725458.207913797
92102477.77275825
92102477.77275825
92102477.77275825
238762680.60442176
238762680.60442173
238762680.60442173
238762680.60442173
18095720.0
59690670.15110544
59690670.15110544
59690670.15110543
6235545.218141137
6235545.218141137
6235545.218141137
52076515867.93304
52076515867.93304
52076515867.93304
52076515867.93304
52076515867.93304
1559608884.1813283
1559608884.1813283
1559608884.1813283
13019128966.98326
13019128966.98326
13019128966.98326
13019128966.98326
13019128966.98326
13019128966.98326
334038453.94112694
334038453.94112694
334038453.94112694
334038453.94112694
334038453.94112694
334038453.94112694
92102477.77275825
238762680.60442176
238762680.60442176
238762680.60442176
238762680.60442173
238762680.60442173
238762680.60442173
59690670.15110544
6235545.218141137
52076515867.93304
1559608884.1813283
1559608884.1813283
1559608884.1813283
13019128966.98326
13019128966.98326
13019128966.98326
13019128966.98326
389902221.0453321
334038453.94112694
334038453.94112694
334038453.94112694
334038453.94112694
30725458.2079138
92102477.77275825
92102477.77275825
92102477.77275825
238762680.60442173
238762680.60442173
238762680.60442173
238762680.60442173
18095720.0
59690670.15110543
59690670.15110543
59690670.15110543
6235545.218141137
6235545.218141137
6235545.218141137
52076515867.93304
52076515867.93304
52076515867.93304
52076515867.93304
52076515867.93304
1559608884.1813283
1559608884.1813283
1559608884.1813283
13019128966.98326
13019128966.98326
13019128966.98326
13019128966.98326
13019128966.98326
13019128966.98326
334038453.94112694
334038453.94112694
334038453.94112694
334038453.94112694
334038453.94112694
334038453.94112694
92102477.77275825
238762680.60442173
238762680.60442173
238762680.60442173
238762680.60442173
238762680.60442173
238762680.60442173
59690670.15110543
6235545.218141137
52076515867.93304
52076515867.93304
52076515867.93304
52076515867.93304
52076515867.93304
52076515867.93304
52076515867.93304
52076515867.93304
52076515867.93304
52076515867.93304
1559608884.181328
13019128966.98326
13019128966.98326
13019128966.98326
13019128966.98326
334038453.94112694
334038453.94112694
334038453.94112694
334038453.94112694
238762680.60442176
238762680.60442176
238762680.60442176
238762680.60442173
52076515867.93304
52076515867.93304
52076515867.93304
52076515867.93304
52076515867.93304
1559608884.1813283
1559608884.1813283
1559608884.1813283
13019128966.98326
13019128966.98326
13019128966.98326
13019128966.98326
13019128966.98326
13019128966.98326
334038453.94112694
334038453.94112694
334038453.94112694
334038453.94112694
334038453.94112694
334038453.94112694
92102477.77275825
238762680.60442173
238762680.60442173
238762680.60442173
238762680.60442173
238762680.60442173
238762680.60442173
59690670.15110543
6235545.218141137
52076515867.93304
52076515867.93304
52076515867.93304
52076515867.93304
52076515867.93304
52076515867.93304
52076515867.93304
52076515867.93304
52076515867.93304
52076515867.93304
1559608884.1813283
13019128966.98326
13019128966.98326
13019128966.98326
13019128966.98326
334038453.94112694
334038453.94112694
334038453.94112694
334038453.94112694
238762680.60442173
238762680.60442173
238762680.60442173
238762680.60442173
52076515867.93304
52076515867.93304
52076515867.93304
52076515867.93304
52076515867.93304
52076515867.93304
52076515867.93304
52076515867.93304
52076515867.93304
52076515867.93304
13019128966.98326
334038453.94112694
238762680.60442176
52076515867.93304
52076515867.93304
52076515867.93304
52076515867.93304
52076515867.93304
52076515867.93304
52076515867.93304
52076515867.93304
52076515867.93304
52076515867.93304
1559608884.1813283
13019128966.98326
13019128966.98326
13019128966.98326
13019128966.98326
334038453.94112694
334038453.94112694
334038453.94112694
334038453.94112694
238762680.60442173
238762680.60442173
238762680.60442173
238762680.60442173
52076515867.93304
52076515867.93304
52076515867.93304
52076515867.93304
52076515867.93304
52076515867.93304
52076515867.93304
52076515867.93304
52076515867.93304
52076515867.93304
13019128966.98326
334038453.94112694
238762680.60442173
52076515867.93304
52076515867.93304
52076515867.93304
52076515867.93304
52076515867.93304
52076515867.93304
52076515867.93304
52076515867.93304
52076515867.93304
52076515867.93304
52076515867.93304
52076515867.93304
52076515867.93304
52076515867.93304
52076515867.93304
13019128966.98326
334038453.94112694
238762680.60442173
52076515867.93304
52076515867.93304
52076515867.93304
52076515867.93304
52076515867.93304
52076515867.93304
52076515867.93304
52076515867.93304
52076515867.93304
52076515867.93304
52076515867.93304
52076515867.93304
52076515867.93304
2528312.0
14835720.0
4523930.0
2609129.0
135086.0
389902221.0453321
92102477.77275825
7269205.97261968
14835720.0
59690670.15110543
6271427.23648964
4523930.0
1411850.827211705
2609129.0
2609129.0
135086.0
14835720.0
4523930.0
2609129.0
135086.0
389902221.0453321
92102477.77275825
7269205.97261968
14835720.0
59690670.15110543
6271427.23648964
4523930.0
1411850.827211705
2609129.0
2609128.9999999995
135086.0
13019128966.98326
734021488.4641234
389902221.0453321
389902221.045332
140607780.48831695
92102477.77275825
92102477.77275825
92102477.77275825
7269205.97261968
7269205.97261968
109292155.77150288
59690670.15110544
59690670.15110543
59690670.15110543
6271427.236489641
6271427.23648964
1411850.827211705
1411850.827211705
1411850.827211705
2609129.0
389902221.0453321
92102477.77275825
7269205.97261968
14835720.0
59690670.15110543
6271427.23648964
4523930.0
1411850.827211705
2609129.0
2609129.0
135086.0
13019128966.98326
734021488.4641234
389902221.0453321
389902221.0453321
140607780.48831695
92102477.77275825
92102477.77275825
92102477.77275825
7269205.97261968
7269205.97261968
109292155.77150288
59690670.15110543
59690670.15110543
59690670.15110543
6271427.23648964
6271427.23648964
1411850.827211705
1411850.827211705
1411850.827211705
2609129.0
25861389373.786583
13019128966.98326
13019128966.98326
13019128966.98326
13019128966.98326
734021488.4641234
734021488.4641231
734021488.4641234
389902221.0453321
140607780.48831692
140607780.48831695
140607780.48831695
140607780.48831695
92102477.77275825
92102477.77275825
92102477.77275825
7269205.97261968
109292155.77150288
109292155.77150288
109292155.77150288
109292155.77150288
59690670.15110544
59690670.15110544
59690670.15110543
6271427.236489641
1411850.827211705
1411850.827211705
1411850.827211705
13019128966.98326
734021488.4641234
389902221.0453321
389902221.0453321
140607780.48831695
92102477.77275825
92102477.77275825
92102477.77275825
7269205.97261968
7269205.97261968
109292155.77150288
59690670.15110544
59690670.15110543
59690670.15110543
6271427.236489641
6271427.23648964
1411850.827211705
1411850.827211705
1411850.827211705
2609129.0
25861389373.786583
13019128966.98326
13019128966.98326
13019128966.98326
13019128966.98326
734021488.4641234
734021488.4641234
734021488.4641234
389902221.0453321
140607780.48831692
140607780.48831695
140607780.48831695
140607780.48831695
92102477.77275825
92102477.77275825
92102477.77275825
7269205.97261968
109292155.77150288
109292155.77150288
109292155.77150288
109292155.77150288
59690670.15110544
59690670.15110544
59690670.15110543
6271427.236489641
1411850.827211705
1411850.827211705
1411850.827211705
25861389373.78658
25861389373.786583
25861389373.786583
25861389373.786583
25861389373.786583
13019128966.98326
13019128966.98326
13019128966.98326
13019128966.98326
13019128966.98326
13019128966.98326
734021488.4641234
734021488.4641234
734021488.4641234
140607780.48831695
140607780.48831695
140607780.48831692
140607780.48831695
140607780.48831695
140607780.48831695
92102477.77275825
109292155.77150288
109292155.77150288
109292155.77150288
109292155.77150288
109292155.77150288
109292155.77150288
59690670.15110544
1411850.827211705
25861389373.786583
13019128966.98326
13019128966.98326
13019128966.98326
13019128966.98326
734021488.4641234
734021488.4641234
734021488.4641234
389902221.0453321
140607780.48831695
140607780.48831695
140607780.48831695
140607780.48831695
92102477.77275825
92102477.77275825
92102477.77275825
7269205.97261968
109292155.77150288
109292155.77150288
109292155.77150288
109292155.77150288
59690670.15110543
59690670.15110543
59690670.15110543
6271427.23648964
1411850.827211705
1411850.827211705
1411850.827211705
25861389373.786583
25861389373.786583
25861389373.786583
25861389373.786583
25861389373.786583
13019128966.98326
13019128966.98326
13019128966.98326
13019128966.98326
13019128966.98326
13019128966.98326
734021488.4641234
734021488.4641234
734021488.4641234
140607780.48831695
140607780.48831695
140607780.48831695
140607780.48831695
140607780.48831695
140607780.48831695
92102477.77275825
109292155.77150288
109292155.77150288
109292155.77150288
109292155.77150288
109292155.77150288
109292155.77150288
59690670.15110543
1411850.827211705
25861389373.786583
25861389373.786583
25861389373.786583
25861389373.786583
25861389373.786583
25861389373.786583
25861389373.786583
25861389373.786583
25861389373.786583
25861389373.786583
13019128966.98326
13019128966.98326
13019128966.98326
13019128966.98326
734021488.4641231
140607780.48831692
140607780.48831692
140607780.48831692
140607780.48831695
109292155.77150288
109292155.77150288
109292155.77150288
109292155.77150288
25861389373.786583
25861389373.786583
25861389373.786583
25861389373.786583
25861389373.786583
13019128966.98326
13019128966.98326
13019128966.98326
13019128966.98326
13019128966.98326
13019128966.98326
734021488.4641234
734021488.4641234
734021488.4641234
140607780.48831695
140607780.48831695
140607780.48831695
140607780.48831695
140607780.48831695
140607780.48831695
92102477.77275825
109292155.77150288
109292155.77150288
109292155.77150288
109292155.77150288
109292155.77150288
109292155.77150288
59690670.15110543
1411850.827211705
25861389373.786583
25861389373.786583
25861389373.786583
25861389373.786583
25861389373.786583
25861389373.786583
25861389373.786583
25861389373.786583
25861389373.786583
25861389373.786583
13019128966.98326
13019128966.98326
13019128966.98326
13019128966.98326
734021488.4641234
140607780.48831695
140607780.48831695
140607780.48831695
140607780.48831695
109292155.77150288
109292155.77150288
109292155.77150288
109292155.77150288
25861389373.786583
25861389373.786583
25861389373.786583
25861389373.786583
25861389373.786583
25861389373.786583
25861389373.786583
25861389373.786583
25861389373.786583
25861389373.786583
13019128966.98326
140607780.48831692
109292155.77150288
25861389373.786583
25861389373.786583
25861389373.786583
25861389373.786583
25861389373.786583
25861389373.786583
25861389373.786583
25861389373.786583
25861389373.786583
25861389373.786583
13019128966.98326
13019128966.98326
13019128966.98326
13019128966.98326
734021488.4641234
140607780.48831695
140607780.48831695
140607780.48831695
140607780.48831695
109292155.77150288
109292155.77150288
109292155.77150288
109292155.77150288
25861389373.786583
25861389373.786583
25861389373.786583
25861389373.786583
25861389373.786583
25861389373.786583
25861389373.786583
25861389373.786583
25861389373.786583
25861389373.786583
13019128966.98326
140607780.48831695
109292155.77150288
25861389373.786583
25861389373.786583
25861389373.786583
25861389373.786583
25861389373.786583
25861389373.786583
25861389373.786583
25861389373.786583
25861389373.786583
25861389373.786583
25861389373.786583
25861389373.786583
25861389373.786583
25861389373.786583
25861389373.786583
13019128966.98326
140607780.48831695
109292155.77150288
25861389373.786583
25861389373.786583
25861389373.786583
25861389373.786583
25861389373.786583
25861389373.786583
25861389373.786583
25861389373.786583
25861389373.786583
25861389373.786583
25861389373.786583
25861389373.786583
25861389373.786583
14835720.0
2609129.0
36244344.0
4523930.0
92102477.77275825
826098309.6108049
389902221.0453321
14835720.0
144355556.85515484
59690670.15110543
2609129.0
477909267.3558555
36244344.0
36244344.0
138541645.51901948
17571519.0
4523930.0
901343.0
92102477.77275825
826098309.6108049
389902221.0453321
14835720.0
144355556.85515484
59690670.15110543
2609129.0
477909267.3558555
36244344.0
36244344.0
138541645.51901948
17571519.0
4523930.0
18623594910.011543
13019128966.98326
92102477.77275825
92102477.77275825
99259484639.5714
826098309.6108047
826098309.6108047
826098309.6108047
15572235680.10046
709210792.0659139
389902221.045332
389902221.0453321
11729592666.866972
144355556.8551548
144355556.85515484
144355556.85515484
1973268036.7786384
122483642.39857917
59690670.15110543
59690670.15110544
477909267.3558555
477909267.3558555
9709265163.282867
477909267.3558555
477909267.3558554
36244344.0
138541645.51901948
17571519.0
138541645.51901948
17571519.0
118600825.4680004
18623594910.011543
13019128966.98326
92102477.77275825
92102477.77275825
99259484639.5714
826098309.6108049
826098309.6108049
826098309.6108049
15572235680.100456
709210792.065914
389902221.0453321
389902221.0453321
11729592666.866972
144355556.85515484
144355556.85515484
144355556.85515484
1973268036.7786384
122483642.39857918
59690670.15110543
59690670.15110543
477909267.3558555
477909267.3558555
9709265163.282864
477909267.3558555
477909267.3558555
36244344.0
138541645.51901948
17571518.999999996
138541645.51901948
17571519.0
118600825.46800044
5500448151735.975
18623594910.011536
18623594910.011547
18623594910.01154
18623594910.011536
822208305481.687
18437829543.71188
13019128966.98326
13019128966.98326
13019128966.98326
92102477.77275825
99259484639.57144
99259484639.5714
99259484639.57138
4551277778660.065
99259484639.5714
99259484639.5714
826098309.6108047
826098309.6108047
15572235680.10046
709210792.0659139
826098309.6108047
15572235680.10046
709210792.0659138
15572235680.10046
709210792.0659138
15406962601.091131
389902221.0453321
11729592666.866974
11729592666.866972
11729592666.866974
453330903948.412
11729592666.866972
11729592666.866974
144355556.8551548
144355556.8551548
1973268036.7786384
122483642.39857917
144355556.85515484
1973268036.7786384
122483642.39857918
1973268036.7786384
122483642.39857917
1939124580.113732
59690670.15110544
477909267.3558555
9709265163.282867
477909267.3558555
477909267.3558554
9709265163.282866
477909267.3558555
477909267.3558554
9709265163.282867
9709265163.282864
477909267.3558554
138541645.51901948
17571519.0
118600825.46800044
118600825.4680004
5500448151735.975
18623594910.011543
18623594910.011543
18623594910.01154
18623594910.011536
822208305481.687
18437829543.71188
13019128966.98326
13019128966.98326
13019128966.98326
92102477.77275825
99259484639.5714
99259484639.5714
99259484639.5714
4551277778660.065
99259484639.5714
99259484639.5714
826098309.6108047
826098309.6108047
15572235680.10046
709210792.0659139
826098309.6108047
15572235680.10046
709210792.0659138
15572235680.10046
709210792.0659138
15406962601.091131
389902221.0453321
11729592666.866972
11729592666.866972
11729592666.866972
453330903948.412
11729592666.866972
11729592666.866974
144355556.85515484
144355556.85515484
1973268036.7786384
122483642.39857917
144355556.85515484
1973268036.7786384
122483642.39857918
1973268036.7786384
122483642.39857917
1939124580.113732
59690670.15110544
477909267.3558555
9709265163.282864
477909267.3558555
477909267.3558554
9709265163.282864
477909267.3558555
477909267.3558554
9709265163.282864
9709265163.282864
477909267.3558554
138541645.51901948
17571518.999999996
118600825.46800044
118600825.46800044
5500448151735.975
5500448151735.975
5500448151735.975
5500448151735.975
333683626720528.44
5500448151735.975
5500448151735.977
18623594910.011543
18623594910.01154
18623594910.011536
822208305481.687
18437829543.71188
18623594910.01154
18623594910.011536
822208305481.687
18437829543.71188
18623594910.01154
822208305481.687
18437829543.711872
822208305481.687
18437829543.711872
821906591497.2684
13019128966.98326
13019128966.98326
13019128966.98326
99259484639.5714
99259484639.5714
4551277778660.065
99259484639.5714
99259484639.5714
99259484639.5714
4551277778660.065
99259484639.5714
99259484639.5714
4551277778660.065
99259484639.5714
99259484639.5714
4551277778660.065
4551277778660.066
99259484639.5714
826098309.6108047
15572235680.10046
709210792.0659138
15572235680.10046
709210792.0659138
15406962601.091131
15572235680.10046
709210792.0659138
15406962601.091131
15406962601.091131
11729592666.866972
11729592666.866972
453330903948.412
11729592666.866972
11729592666.866974
11729592666.866972
453330903948.412
11729592666.866972
11729592666.866974
453330903948.412
11729592666.866972
11729592666.866974
453330903948.412
453330903948.4119
11729592666.866974
144355556.85515484
1973268036.7786384
122483642.39857918
1973268036.7786384
122483642.39857917
1939124580.113732
1973268036.7786384
122483642.39857918
1939124580.113732
1939124580.113732
9709265163.282866
477909267.3558555
477909267.3558554
9709265163.282867
9709265163.282864
477909267.3558554
9709265163.282866
9709265163.282864
477909267.3558554
9709265163.282864
118600825.4680004
5500448151735.975
5500448151735.975
5500448151735.975
5500448151735.975
333683626720528.44
5500448151735.975
5500448151735.975
18623594910.011543
18623594910.011543
18623594910.011543
822208305481.687
18437829543.71188
18623594910.011543
18623594910.011543
822208305481.687
18437829543.71188
18623594910.011543
822208305481.687
18437829543.71188
822208305481.687
18437829543.71188
821906591497.2684
13019128966.98326
13019128966.98326
13019128966.98326
99259484639.5714
99259484639.5714
4551277778660.065
99259484639.5714
99259484639.5714
99259484639.5714
4551277778660.065
99259484639.5714
99259484639.5714
4551277778660.065
99259484639.5714
99259484639.5714
4551277778660.065
4551277778660.065
99259484639.5714
826098309.6108049
15572235680.100456
709210792.065914
15572235680.100456
709210792.065914
15406962601.091137
15572235680.100456
709210792.065914
15406962601.091137
15406962601.091137
11729592666.866972
11729592666.866972
453330903948.412
11729592666.866972
11729592666.866972
11729592666.866972
453330903948.412
11729592666.866972
11729592666.866972
453330903948.412
11729592666.866972
11729592666.866972
453330903948.412
453330903948.412
11729592666.866972
144355556.85515484
1973268036.7786384
122483642.39857918
1973268036.7786384
122483642.39857918
1939124580.113732
1973268036.7786384
122483642.39857918
1939124580.113732
1939124580.113732
9709265163.282864
477909267.3558555
477909267.3558555
9709265163.282864
9709265163.282864
477909267.3558555
9709265163.282864
9709265163.282864
477909267.3558555
9709265163.282864
118600825.46800044
5500448151735.975
5500448151735.975
5500448151735.975
333683626720528.44
5500448151735.975
5500448151735.975
5500448151735.975
5500448151735.975
333683626720528.56
5500448151735.975
5500448151735.975
5500448151735.975
333683626720528.44
5500448151735.975
5500448151735.975
333683626720528.44
5500448151735.975
5500448151735.975
333683626720528.44
333683626720528.44
5500448151735.975
18623594910.011547
18623594910.011547
822208305481.6868
18437829543.71188
18623594910.011543
822208305481.687
18437829543.71188
822208305481.687
18437829543.71188
821906591497.2684
18623594910.011547
822208305481.6868
18437829543.71188
822208305481.6868
18437829543.71188
821906591497.2683
822208305481.687
18437829543.71188
821906591497.2684
821906591497.2684
13019128966.98326
99259484639.57144
4551277778660.066
99259484639.57144
99259484639.57144
4551277778660.066
99259484639.57144
99259484639.57144
4551277778660.066
4551277778660.066
99259484639.57144
4551277778660.065
99259484639.5714
99259484639.5714
4551277778660.065
4551277778660.065
99259484639.5714
4551277778660.065
4551277778660.065
99259484639.5714
4551277778660.065
15572235680.100456
709210792.0659137
15406962601.091137
15406962601.091137
15406962601.091131
11729592666.866974
453330903948.4119
11729592666.866974
11729592666.866974
453330903948.4119
11729592666.866974
11729592666.866974
453330903948.4119
453330903948.4119
11729592666.866974
453330903948.412
11729592666.866972
11729592666.866972
453330903948.412
453330903948.412
11729592666.866972
453330903948.412
453330903948.412
11729592666.866972
453330903948.412
1973268036.7786384
122483642.39857917
1939124580.113732
1939124580.113732
1939124580.113732
9709265163.282866
9709265163.282866
477909267.3558555
9709265163.282867
9709265163.282866
5500448151735.975
5500448151735.975
5500448151735.975
333683626720528.44
5500448151735.975
5500448151735.975
5500448151735.975
5500448151735.975
333683626720528.44
5500448151735.975
5500448151735.975
5500448151735.975
333683626720528.44
5500448151735.975
5500448151735.975
333683626720528.44
5500448151735.975
5500448151735.975
333683626720528.44
333683626720528.44
5500448151735.975
18623594910.011543
18623594910.011543
822208305481.687
18437829543.71188
18623594910.011543
822208305481.687
18437829543.71188
822208305481.687
18437829543.71188
821906591497.2684
18623594910.011543
822208305481.687
18437829543.71188
822208305481.687
18437829543.71188
821906591497.2684
822208305481.687
18437829543.71188
821906591497.2684
821906591497.2684
13019128966.98326
99259484639.5714
4551277778660.065
99259484639.5714
99259484639.5714
4551277778660.065
99259484639.5714
99259484639.5714
4551277778660.065
4551277778660.065
99259484639.5714
4551277778660.065
99259484639.5714
99259484639.5714
4551277778660.065
4551277778660.065
99259484639.5714
4551277778660.065
4551277778660.065
99259484639.5714
4551277778660.065
15572235680.100456
709210792.065914
15406962601.091137
15406962601.091137
15406962601.091137
11729592666.866972
453330903948.412
11729592666.866972
11729592666.866972
453330903948.412
11729592666.866972
11729592666.866972
453330903948.412
453330903948.412
11729592666.866972
453330903948.412
11729592666.866972
11729592666.866972
453330903948.412
453330903948.412
11729592666.866972
453330903948.412
453330903948.412
11729592666.866972
453330903948.412
1973268036.7786384
122483642.39857918
1939124580.113732
1939124580.113732
1939124580.113732
9709265163.282864
9709265163.282864
477909267.3558555
9709265163.282864
9709265163.282864
5500448151735.975
5500448151735.975
333683626720528.56
5500448151735.975
5500448151735.975
5500448151735.975
333683626720528.44
5500448151735.975
5500448151735.975
333683626720528.44
5500448151735.975
5500448151735.975
333683626720528.44
333683626720528.44
5500448151735.975
5500448151735.975
333683626720528.56
5500448151735.975
5500448151735.975
333683626720528.56
5500448151735.975
5500448151735.975
333683626720528.56
333683626720528.56
5500448151735.975
333683626720528.44
5500448151735.975
5500448151735.975
333683626720528.44
333683626720528.44
5500448151735.975
333683626720528.44
333683626720528.44
5500448151735.975
333683626720528.44
18623594910.011547
822208305481.6868
18437829543.71188
822208305481.6868
18437829543.71188
821906591497.2683
822208305481.687
18437829543.71188
821906591497.2684
821906591497.2684
822208305481.6868
18437829543.71188
821906591497.2683
821906591497.2683
821906591497.2684
4551277778660.066
99259484639.57144
99259484639.57144
4551277778660.066
4551277778660.066
99259484639.57144
4551277778660.066
4551277778660.066
99259484639.57144
4551277778660.066
4551277778660.065
4551277778660.065
99259484639.5714
4551277778660.065
4551277778660.065
15406962601.091137
453330903948.4119
11729592666.866974
11729592666.866974
453330903948.4119
453330903948.4119
11729592666.866974
453330903948.4119
453330903948.4119
11729592666.866974
453330903948.4119
453330903948.412
453330903948.412
11729592666.866972
453330903948.412
453330903948.412
1939124580.113732
9709265163.282866
5500448151735.975
5500448151735.975
333683626720528.44
5500448151735.975
5500448151735.975
5500448151735.975
333683626720528.44
5500448151735.975
5500448151735.975
333683626720528.44
5500448151735.975
5500448151735.975
333683626720528.44
333683626720528.44
5500448151735.975
5500448151735.975
333683626720528.44
5500448151735.975
5500448151735.975
333683626720528.44
5500448151735.975
5500448151735.975
333683626720528.44
333683626720528.44
5500448151735.975
333683626720528.44
5500448151735.975
5500448151735.975
333683626720528.44
333683626720528.44
5500448151735.975
333683626720528.44
333683626720528.44
5500448151735.975
333683626720528.44
18623594910.011543
822208305481.687
18437829543.71188
822208305481.687
18437829543.71188
821906591497.2684
822208305481.687
18437829543.71188
821906591497.2684
821906591497.2684
822208305481.687
18437829543.71188
821906591497.2684
821906591497.2684
821906591497.2684
4551277778660.065
99259484639.5714
99259484639.5714
4551277778660.065
4551277778660.065
99259484639.5714
4551277778660.065
4551277778660.065
99259484639.5714
4551277778660.065
4551277778660.065
4551277778660.065
99259484639.5714
4551277778660.065
4551277778660.065
15406962601.091137
453330903948.412
11729592666.866972
11729592666.866972
453330903948.412
453330903948.412
11729592666.866972
453330903948.412
453330903948.412
11729592666.866972
453330903948.412
453330903948.412
453330903948.412
11729592666.866972
453330903948.412
453330903948.412
1939124580.113732
9709265163.282864
5500448151735.975
333683626720528.56
5500448151735.975
5500448151735.975
333683626720528.56
5500448151735.975
5500448151735.975
333683626720528.56
333683626720528.56
5500448151735.975
333683626720528.44
5500448151735.975
5500448151735.975
333683626720528.44
333683626720528.44
5500448151735.975
333683626720528.44
333683626720528.44
5500448151735.975
333683626720528.44
333683626720528.56
5500448151735.975
5500448151735.975
333683626720528.56
333683626720528.56
5500448151735.975
333683626720528.56
333683626720528.56
5500448151735.975
333683626720528.56
333683626720528.44
333683626720528.44
5500448151735.975
333683626720528.44
333683626720528.44
822208305481.6868
18437829543.71188
821906591497.2683
821906591497.2683
821906591497.2684
821906591497.2683
4551277778660.066
4551277778660.066
99259484639.57144
4551277778660.066
4551277778660.066
4551277778660.065
453330903948.4119
453330903948.4119
11729592666.866974
453330903948.4119
453330903948.4119
453330903948.412
5500448151735.975
333683626720528.44
5500448151735.975
5500448151735.975
333683626720528.44
5500448151735.975
5500448151735.975
333683626720528.44
333683626720528.44
5500448151735.975
333683626720528.44
5500448151735.975
5500448151735.975
333683626720528.44
333683626720528.44
5500448151735.975
333683626720528.44
333683626720528.44
5500448151735.975
333683626720528.44
333683626720528.44
5500448151735.975
5500448151735.975
333683626720528.44
333683626720528.44
5500448151735.975
333683626720528.44
333683626720528.44
5500448151735.975
333683626720528.44
333683626720528.44
333683626720528.44
5500448151735.975
333683626720528.44
333683626720528.44
822208305481.687
18437829543.71188
821906591497.2684
821906591497.2684
821906591497.2684
821906591497.2684
4551277778660.065
4551277778660.065
99259484639.5714
4551277778660.065
4551277778660.065
4551277778660.065
453330903948.412
453330903948.412
11729592666.866972
453330903948.412
453330903948.412
453330903948.412
333683626720528.56
5500448151735.975
5500448151735.975
333683626720528.56
333683626720528.56
5500448151735.975
333683626720528.56
333683626720528.56
5500448151735.975
333683626720528.56
333683626720528.44
333683626720528.44
5500448151735.975
333683626720528.44
333683626720528.44
333683626720528.56
333683626720528.56
5500448151735.975
333683626720528.56
333683626720528.56
333683626720528.44
821906591497.2683
4551277778660.066
453330903948.4119
333683626720528.44
5500448151735.975
5500448151735.975
333683626720528.44
333683626720528.44
5500448151735.975
333683626720528.44
333683626720528.44
5500448151735.975
333683626720528.44
333683626720528.44
333683626720528.44
5500448151735.975
333683626720528.44
333683626720528.44
333683626720528.44
333683626720528.44
5500448151735.975
333683626720528.44
333683626720528.44
333683626720528.44
821906591497.2684
4551277778660.065
453330903948.412
333683626720528.56
333683626720528.56
5500448151735.975
333683626720528.56
333683626720528.56
333683626720528.44
333683626720528.56
333683626720528.44
333683626720528.44
5500448151735.975
333683626720528.44
333683626720528.44
333683626720528.44
333683626720528.44
333683626720528.56
333683626720528.44
14835720.0
1380035.0
36244344.0
4523930.0
30725458.2079138
826098309.6108049
389902221.0453321
14835720.0
70420127.1990599
18095720.0
1380035.0
477909267.3558555
36244344.0
4523930.0
30725458.2079138
826098309.6108049
389902221.0453321
14835720.0
70420127.1990599
18095720.0
1380035.0
477909267.3558555
36244344.0
4523930.0
2838451782.6523747
1559608884.1813283
30725458.207913797
30725458.207913797
99259484639.5714
826098309.6108047
826098309.6108047
389902221.045332
389902221.0453321
1911637069.423422
70420127.1990599
70420127.1990599
18095720.0
18095720.0
477909267.3558555
477909267.3558554
2838451782.6523747
1559608884.1813283
30725458.2079138
30725458.2079138
99259484639.5714
826098309.6108049
826098309.6108049
389902221.0453321
389902221.0453321
1911637069.423422
70420127.1990599
70420127.1990599
18095720.0
18095720.0
477909267.3558555
477909267.3558555
397037938558.2856
2838451782.652374
2838451782.652374
2838451782.6523743
1559608884.181328
1559608884.1813283
1559608884.1813283
30725458.207913797
99259484639.5714
99259484639.57144
99259484639.5714
826098309.6108047
389902221.0453321
1911637069.423422
1911637069.423422
1911637069.4234216
70420127.1990599
18095720.0
477909267.3558554
397037938558.2856
2838451782.6523747
2838451782.6523747
2838451782.6523747
1559608884.1813283
1559608884.1813283
1559608884.1813283
30725458.2079138
99259484639.5714
99259484639.5714
99259484639.5714
826098309.6108049
389902221.0453321
1911637069.423422
1911637069.423422
1911637069.423422
70420127.1990599
18095720.0
477909267.3558555
397037938558.2856
397037938558.2857
397037938558.2856
397037938558.2856
2838451782.652374
2838451782.6523747
2838451782.652374
1559608884.181328
1559608884.181328
1559608884.1813283
99259484639.57144
99259484639.5714
99259484639.57144
1911637069.423422
1911637069.423422
1911637069.423422
397037938558.2856
397037938558.2856
397037938558.2856
397037938558.2856
2838451782.6523747
2838451782.6523747
2838451782.6523747
1559608884.1813283
1559608884.1813283
1559608884.1813283
99259484639.5714
99259484639.5714
99259484639.5714
1911637069.423422
1911637069.423422
1911637069.423422
397037938558.2857
397037938558.2856
397037938558.2856
397037938558.2857
397037938558.2857
397037938558.2856
2838451782.652374
1559608884.181328
99259484639.57144
1911637069.423422
397037938558.2856
397037938558.2856
397037938558.2856
397037938558.2856
397037938558.2856
397037938558.2856
2838451782.6523747
1559608884.1813283
99259484639.5714
1911637069.423422
397037938558.2857
397037938558.2857
397037938558.2856
397037938558.2857
397037938558.2856
397037938558.2856
397037938558.2856
397037938558.2856
397037938558.2857
397037938558.2856
2528312.0
4523930.0
36244344.0
135086.0
1380035.0
477909267.3558555
6271427.23648964
18095720.0
4523930.0
12197084.154992396
70420127.1990599
17571519.0
36244344.0
540344.0
135086.0
135086.0
1380035.0
4523930.0
36244344.0
135086.0
1380035.0
477909267.3558555
6271427.23648964
18095720.0
4523930.0
12197084.154992396
70420127.1990599
17571519.0
36244344.0
540344.0
135086.0
135086.0
1380035.0
825455838.7310499
1911637069.423422
477909267.3558555
477909267.3558555
477909267.3558554
25085708.94595856
6271427.236489641
6271427.23648964
6271427.23648964
18095720.0
18095720.0
48788336.619969584
12197084.154992396
12197084.154992394
12197084.154992394
12197084.154992396
70286076.0
70420127.1990599
70420127.1990599
17571519.0
540344.0
540344.0
540344.0
135086.0
477909267.3558555
6271427.23648964
18095720.0
4523930.0
12197084.154992396
70420127.1990599
17571519.0
36244344.0
540344.0
135086.0
135086.0
1380035.0
825455838.7310499
1911637069.423422
477909267.3558555
477909267.3558555
477909267.3558555
25085708.94595856
6271427.23648964
6271427.23648964
6271427.23648964
18095720.0
18095720.0
48788336.619969584
12197084.154992396
12197084.154992396
12197084.154992396
12197084.154992396
70286076.0
70420127.1990599
70420127.1990599
17571518.999999996
540344.0
540344.0
540344.0
135086.0
3301823354.9242
825455838.7310499
825455838.7310499
825455838.7310498
825455838.7310499
825455838.7310499
1911637069.423422
1911637069.423422
1911637069.4234216
1911637069.423422
477909267.3558555
477909267.3558554
477909267.3558554
25085708.94595856
25085708.94595856
25085708.94595856
25085708.94595856
6271427.236489641
6271427.236489641
6271427.23648964
18095720.0
48788336.619969584
48788336.619969584
48788336.61996958
48788336.619969584
48788336.619969584
12197084.154992394
12197084.154992394
12197084.154992396
12197084.154992394
12197084.154992396
12197084.154992394
70286075.99999999
70286076.0
70420127.1990599
540344.0
540344.0
540344.0
825455838.7310499
1911637069.423422
477909267.3558555
477909267.3558555
477909267.3558554
25085708.94595856
6271427.236489641
6271427.23648964
6271427.23648964
18095720.0
18095720.0
48788336.619969584
12197084.154992396
12197084.154992394
12197084.154992396
12197084.154992396
70286076.0
70420127.1990599
70420127.1990599
17571518.999999996
540344.0
540344.0
540344.0
135086.0
3301823354.9242
825455838.7310499
825455838.7310499
825455838.7310498
825455838.7310499
825455838.7310499
1911637069.423422
1911637069.423422
1911637069.4234216
1911637069.423422
477909267.3558555
477909267.3558554
477909267.3558554
25085708.94595856
25085708.94595856
25085708.94595856
25085708.94595856
6271427.236489641
6271427.236489641
6271427.23648964
18095720.0
48788336.619969584
48788336.61996958
48788336.619969584
48788336.619969584
48788336.619969584
12197084.154992394
12197084.154992396
12197084.154992396
12197084.154992394
12197084.154992394
12197084.154992394
70286075.99999999
70286076.0
70420127.1990599
540344.0
540344.0
540344.0
3301823354.9242
3301823354.9242
3301823354.924199
3301823354.9242
3301823354.9242
3301823354.9242
825455838.7310499
825455838.7310498
825455838.7310499
825455838.7310499
825455838.7310498
825455838.7310499
825455838.7310499
825455838.7310498
825455838.7310498
825455838.7310499
1911637069.423422
1911637069.4234216
1911637069.423422
1911637069.4234216
1911637069.423422
1911637069.4234216
477909267.3558554
25085708.94595856
25085708.94595856
25085708.94595856
25085708.94595856
25085708.94595856
25085708.94595856
6271427.236489641
48788336.61996958
48788336.619969584
48788336.619969584
48788336.619969584
48788336.61996958
48788336.61996958
48788336.61996958
48788336.61996958
48788336.619969584
48788336.61996959
12197084.154992394
12197084.154992394
12197084.154992396
12197084.154992394
70286075.99999999
540344.0
3301823354.9242
825455838.7310499
825455838.7310499
825455838.7310499
825455838.7310499
825455838.7310499
1911637069.423422
1911637069.423422
1911637069.423422
1911637069.423422
477909267.3558555
477909267.3558555
477909267.3558555
25085708.94595856
25085708.94595856
25085708.94595856
25085708.94595856
6271427.23648964
6271427.23648964
6271427.23648964
18095720.0
48788336.619969584
48788336.619969584
48788336.619969584
48788336.619969584
48788336.619969584
12197084.154992396
12197084.154992396
12197084.154992396
12197084.154992396
12197084.154992396
12197084.154992396
70286076.0
70286076.0
70420127.1990599
540344.0
540344.0
540344.0
3301823354.9242
3301823354.9242
3301823354.9242
3301823354.9242
3301823354.9242
3301823354.9242
825455838.7310499
825455838.7310499
825455838.7310499
825455838.7310499
825455838.7310499
825455838.7310499
825455838.7310499
825455838.7310499
825455838.7310499
825455838.7310499
1911637069.423422
1911637069.423422
1911637069.423422
1911637069.423422
1911637069.423422
1911637069.423422
477909267.3558555
25085708.94595856
25085708.94595856
25085708.94595856
25085708.94595856
25085708.94595856
25085708.94595856
6271427.23648964
48788336.619969584
48788336.619969584
48788336.619969584
48788336.619969584
48788336.619969584
48788336.619969584
48788336.619969584
48788336.619969584
48788336.619969584
48788336.619969584
12197084.154992396
12197084.154992396
12197084.154992396
12197084.154992396
70286076.0
540344.0
3301823354.9242
3301823354.924199
3301823354.9242
3301823354.9242
3301823354.9242
3301823354.924199
3301823354.9242
3301823354.9242
3301823354.9242
3301823354.924199
3301823354.924199
3301823354.924199
3301823354.9242
3301823354.9242
3301823354.9242
825455838.7310498
825455838.7310499
825455838.7310499
825455838.7310498
825455838.7310498
825455838.7310499
825455838.7310498
825455838.7310498
825455838.7310499
825455838.7310498
1911637069.4234216
1911637069.423422
1911637069.4234216
1911637069.4234216
25085708.94595856
25085708.94595856
25085708.94595856
25085708.94595856
48788336.61996958
48788336.61996958
48788336.61996958
48788336.619969584
48788336.619969584
48788336.619969584
48788336.61996958
48788336.61996958
48788336.61996958
48788336.619969584
12197084.154992394
3301823354.9242
3301823354.9242
3301823354.9242
3301823354.9242
3301823354.9242
3301823354.9242
825455838.7310499
825455838.7310499
825455838.7310499
825455838.7310499
825455838.7310499
825455838.7310499
825455838.7310499
825455838.7310499
825455838.7310499
825455838.7310499
1911637069.423422
1911637069.423422
1911637069.423422
1911637069.423422
1911637069.423422
1911637069.423422
477909267.3558555
25085708.94595856
25085708.94595856
25085708.94595856
25085708.94595856
25085708.94595856
25085708.94595856
6271427.23648964
48788336.619969584
48788336.619969584
48788336.619969584
48788336.619969584
48788336.619969584
48788336.619969584
48788336.619969584
48788336.619969584
48788336.619969584
48788336.619969584
12197084.154992396
12197084.154992396
12197084.154992396
12197084.154992396
70286076.0
540344.0
3301823354.9242
3301823354.9242
3301823354.9242
3301823354.9242
3301823354.9242
3301823354.9242
3301823354.9242
3301823354.9242
3301823354.9242
3301823354.9242
3301823354.9242
3301823354.9242
3301823354.9242
3301823354.9242
3301823354.9242
825455838.7310499
825455838.7310499
825455838.7310499
825455838.7310499
825455838.7310499
825455838.7310499
825455838.7310499
825455838.7310499
825455838.7310499
825455838.7310499
1911637069.423422
1911637069.423422
1911637069.423422
1911637069.423422
25085708.94595856
25085708.94595856
25085708.94595856
25085708.94595856
48788336.619969584
48788336.619969584
48788336.619969584
48788336.619969584
48788336.619969584
48788336.619969584
48788336.619969584
48788336.619969584
48788336.619969584
48788336.619969584
12197084.154992396
3301823354.924199
3301823354.9242
3301823354.9242
3301823354.9242
3301823354.924199
3301823354.924199
3301823354.924199
3301823354.9242
3301823354.9242
3301823354.9242
3301823354.924199
3301823354.924199
3301823354.924199
3301823354.9242
3301823354.9242
3301823354.9242
3301823354.924199
3301823354.924199
3301823354.924199
3301823354.9242
825455838.7310498
825455838.7310498
825455838.7310499
825455838.7310498
825455838.7310498
1911637069.4234216
25085708.94595856
48788336.61996958
48788336.61996958
48788336.61996958
48788336.619969584
48788336.61996958
3301823354.9242
3301823354.9242
3301823354.9242
3301823354.9242
3301823354.9242
3301823354.9242
3301823354.9242
3301823354.9242
3301823354.9242
3301823354.9242
3301823354.9242
3301823354.9242
3301823354.9242
3301823354.9242
3301823354.9242
825455838.7310499
825455838.7310499
825455838.7310499
825455838.7310499
825455838.7310499
825455838.7310499
825455838.7310499
825455838.7310499
825455838.7310499
825455838.7310499
1911637069.423422
1911637069.423422
1911637069.423422
1911637069.423422
25085708.94595856
25085708.94595856
25085708.94595856
25085708.94595856
48788336.619969584
48788336.619969584
48788336.619969584
48788336.619969584
48788336.619969584
48788336.619969584
48788336.619969584
48788336.619969584
48788336.619969584
48788336.619969584
12197084.154992396
3301823354.9242
3301823354.9242
3301823354.9242
3301823354.9242
3301823354.9242
3301823354.9242
3301823354.9242
3301823354.9242
3301823354.9242
3301823354.9242
3301823354.9242
3301823354.9242
3301823354.9242
3301823354.9242
3301823354.9242
3301823354.9242
3301823354.9242
3301823354.9242
3301823354.9242
3301823354.9242
825455838.7310499
825455838.7310499
825455838.7310499
825455838.7310499
825455838.7310499
1911637069.423422
25085708.94595856
48788336.619969584
48788336.619969584
48788336.619969584
48788336.619969584
48788336.619969584
3301823354.924199
3301823354.924199
3301823354.924199
3301823354.9242
3301823354.9242
3301823354.9242
3301823354.924199
3301823354.924199
3301823354.924199
3301823354.9242
3301823354.924199
3301823354.924199
3301823354.924199
3301823354.9242
3301823354.924199
825455838.7310498
48788336.61996958
3301823354.9242
3301823354.9242
3301823354.9242
3301823354.9242
3301823354.9242
3301823354.9242
3301823354.9242
3301823354.9242
3301823354.9242
3301823354.9242
3301823354.9242
3301823354.9242
3301823354.9242
3301823354.9242
3301823354.9242
3301823354.9242
3301823354.9242
3301823354.9242
3301823354.9242
3301823354.9242
825455838.7310499
825455838.7310499
825455838.7310499
825455838.7310499
825455838.7310499
1911637069.423422
25085708.94595856
48788336.619969584
48788336.619969584
48788336.619969584
48788336.619969584
48788336.619969584
3301823354.9242
3301823354.9242
3301823354.9242
3301823354.9242
3301823354.9242
3301823354.9242
3301823354.9242
3301823354.9242
3301823354.9242
3301823354.9242
3301823354.9242
3301823354.9242
3301823354.9242
3301823354.9242
3301823354.9242
825455838.7310499
48788336.619969584
3301823354.924199
3301823354.924199
3301823354.924199
3301823354.9242
3301823354.924199
3301823354.924199
3301823354.9242
3301823354.9242
3301823354.9242
3301823354.9242
3301823354.9242
3301823354.9242
3301823354.9242
3301823354.9242
3301823354.9242
3301823354.9242
3301823354.9242
3301823354.9242
3301823354.9242
3301823354.9242
3301823354.9242
825455838.7310499
48788336.619969584
3301823354.9242
3301823354.9242
3301823354.9242
3301823354.9242
3301823354.9242
3301823354.9242
3301823354.924199
3301823354.9242
3301823354.9242
3301823354.9242
3301823354.9242
3301823354.9242
3301823354.9242
3301823354.9242
3301823354.9242
29997.0
29997.0
9059099.62837262
1587472.440764594
17606525.246123265
59994.0
4523930.0
2609129.0
14835720.0
135086.0
4523930.0
59690670.15110543
389902221.0453321
6271427.23648964
2609129.0
2609129.0
92102477.77275825
1411850.827211705
7269205.97261968
135086.0
135086.0
29997.000000000004
9059099.628372625
1587472.4407645937
17606525.246123265
59994.00000000001
9059099.62837262
1587472.440764594
17606525.246123265
59994.0
9059099.62837262
588515458.5611701
7158523453.601962
18118199.25674524
1587472.440764594
1587472.440764594
1261576137.9189365
3174944.881529188
35213050.49224653
59994.0
59994.0
4523930.0
59690670.15110543
389902221.0453321
6271427.23648964
2609128.9999999995
2609129.0
92102477.77275825
1411850.827211705
7269205.97261968
135086.0
135086.0
59690670.15110544
389902221.0453321
6271427.236489641
59690670.15110543
59690670.15110543
13019128966.98326
109292155.77150288
734021488.4641234
6271427.23648964
6271427.23648964
2609129.0
92102477.77275825
1411850.827211705
92102477.77275825
1411850.827211705
140607780.48831695
1411850.827211705
1411850.827211705
7269205.972619679
7269205.97261968
135086.0
9059099.628372625
1587472.4407645937
17606525.246123265
59994.00000000001
9059099.628372625
588515458.5611701
7158523453.601964
18118199.256745245
1587472.4407645937
1587472.4407645937
1261576137.9189365
3174944.881529188
35213050.49224653
59994.00000000001
59994.00000000001
9059099.62837262
588515458.5611701
7158523453.601962
18118199.25674524
1587472.440764594
1587472.440764594
1261576137.9189365
3174944.881529188
35213050.49224653
59994.0
59994.0
588515458.5611701
7158523453.601962
18118199.25674524
588515458.5611701
588515458.5611701
580240254254.732
1177030917.1223402
14317046907.203924
18118199.25674524
18118199.25674524
1587472.440764594
1261576137.9189365
3174944.881529188
1261576137.9189365
3174944.881529188
2523152275.8378725
3174944.881529188
3174944.881529188
35213050.49224653
35213050.49224653
59994.0
59690670.15110543
389902221.0453321
6271427.23648964
59690670.15110543
59690670.15110543
13019128966.98326
109292155.77150288
734021488.4641234
6271427.23648964
6271427.23648964
2609129.0
92102477.77275825
1411850.827211705
92102477.77275825
1411850.827211705
140607780.48831695
1411850.827211705
1411850.827211705
7269205.97261968
7269205.97261968
135086.0
59690670.15110544
59690670.15110544
13019128966.98326
109292155.77150288
734021488.4641234
6271427.236489641
6271427.236489641
59690670.15110543
13019128966.98326
109292155.77150288
13019128966.98326
109292155.77150288
25861389373.786583
109292155.77150288
109292155.77150288
734021488.4641234
734021488.4641234
6271427.23648964
92102477.77275825
1411850.827211705
140607780.48831695
1411850.827211705
1411850.827211705
140607780.48831695
1411850.827211705
1411850.827211705
140607780.48831692
140607780.48831695
1411850.827211705
7269205.972619679
9059099.62837262
588515458.5611701
7158523453.601962
18118199.25674524
1587472.4407645937
1587472.4407645937
1261576137.9189365
3174944.881529188
35213050.49224653
59994.00000000001
59994.00000000001
588515458.5611701
7158523453.601959
18118199.25674524
588515458.5611701
588515458.5611701
580240254254.732
1177030917.1223402
14317046907.203924
18118199.25674524
18118199.25674524
1587472.4407645937
1261576137.9189365
3174944.881529188
1261576137.9189365
3174944.881529188
2523152275.8378725
3174944.881529188
3174944.881529188
35213050.49224653
35213050.49224653
59994.00000000001
588515458.5611701
7158523453.601959
18118199.25674524
588515458.5611701
588515458.5611701
580240254254.732
1177030917.1223402
14317046907.203924
18118199.25674524
18118199.25674524
1587472.440764594
1261576137.9189365
3174944.881529188
1261576137.9189365
3174944.881529188
2523152275.8378725
3174944.881529188
3174944.881529188
35213050.49224653
35213050.49224653
59994.0
588515458.5611701
588515458.5611701
580240254254.732
1177030917.1223402
14317046907.203918
18118199.25674524
18118199.25674524
588515458.5611701
580240254254.732
1177030917.1223402
580240254254.732
1177030917.1223402
1160480508509.464
1177030917.1223402
1177030917.1223402
14317046907.203924
14317046907.203924
18118199.25674524
1261576137.9189365
3174944.881529188
2523152275.8378725
3174944.881529188
3174944.881529188
2523152275.8378725
3174944.881529188
3174944.881529188
2523152275.8378725
2523152275.8378725
3174944.881529188
35213050.49224653
59690670.15110544
59690670.15110544
13019128966.98326
109292155.77150288
734021488.4641234
6271427.236489641
6271427.236489641
59690670.15110543
13019128966.98326
109292155.77150288
13019128966.98326
109292155.77150288
25861389373.786583
109292155.77150288
109292155.77150288
734021488.4641234
734021488.4641234
6271427.23648964
92102477.77275825
1411850.827211705
140607780.48831695
1411850.827211705
1411850.827211705
140607780.48831695
1411850.827211705
1411850.827211705
140607780.48831695
140607780.48831695
1411850.827211705
7269205.972619679
59690670.15110544
13019128966.98326
109292155.77150288
13019128966.98326
109292155.77150288
25861389373.78658
109292155.77150288
109292155.77150288
734021488.4641234
734021488.4641234
6271427.236489641
13019128966.98326
109292155.77150288
25861389373.786583
109292155.77150288
109292155.77150288
25861389373.786583
109292155.77150288
109292155.77150288
25861389373.786583
25861389373.786583
109292155.77150288
734021488.4641234
140607780.48831695
1411850.827211705
1411850.827211705
140607780.48831695
140607780.48831695
1411850.827211705
140607780.48831695
140607780.48831695
1411850.827211705
140607780.48831692
588515458.5611701
7158523453.601964
18118199.256745245
588515458.5611701
588515458.5611701
580240254254.7323
1177030917.1223402
14317046907.203928
18118199.256745245
18118199.256745245
1587472.4407645937
1261576137.9189365
3174944.881529188
1261576137.9189365
3174944.881529188
2523152275.8378725
3174944.881529188
3174944.881529188
35213050.49224653
35213050.49224653
59994.00000000001
588515458.5611701
588515458.5611701
580240254254.7323
1177030917.1223402
14317046907.203928
18118199.256745245
18118199.256745245
588515458.5611701
580240254254.7323
1177030917.1223402
580240254254.7323
1177030917.1223402
1160480508509.4646
1177030917.1223402
1177030917.1223402
14317046907.203928
14317046907.203928
18118199.256745245
1261576137.9189365
3174944.881529188
2523152275.8378725
3174944.881529188
3174944.881529188
2523152275.8378725
3174944.881529188
3174944.881529188
2523152275.8378725
2523152275.8378725
3174944.881529188
35213050.49224653
588515458.5611701
588515458.5611701
580240254254.732
1177030917.1223402
14317046907.203924
18118199.25674524
18118199.25674524
588515458.5611701
580240254254.732
1177030917.1223402
580240254254.732
1177030917.1223402
1160480508509.464
1177030917.1223402
1177030917.1223402
14317046907.203924
14317046907.203924
18118199.25674524
1261576137.9189365
3174944.881529188
2523152275.8378725
3174944.881529188
3174944.881529188
2523152275.8378725
3174944.881529188
3174944.881529188
2523152275.8378725
2523152275.8378725
3174944.881529188
35213050.49224653
588515458.5611701
580240254254.732
1177030917.1223402
580240254254.732
1177030917.1223402
1160480508509.464
1177030917.1223402
1177030917.1223402
14317046907.203924
14317046907.203924
18118199.25674524
580240254254.732
1177030917.1223402
1160480508509.464
1177030917.1223402
1177030917.1223402
1160480508509.464
1177030917.1223402
1177030917.1223402
1160480508509.464
1160480508509.464
1177030917.1223402
14317046907.203924
2523152275.8378725
3174944.881529188
3174944.881529188
2523152275.8378725
2523152275.8378725
3174944.881529188
2523152275.8378725
2523152275.8378725
3174944.881529188
2523152275.8378725
59690670.15110543
13019128966.98326
109292155.77150288
13019128966.98326
109292155.77150288
25861389373.786583
109292155.77150288
109292155.77150288
734021488.4641234
734021488.4641234
6271427.23648964
13019128966.98326
109292155.77150288
25861389373.786583
109292155.77150288
109292155.77150288
25861389373.786583
109292155.77150288
109292155.77150288
25861389373.786583
25861389373.786583
109292155.77150288
734021488.4641234
140607780.48831695
1411850.827211705
1411850.827211705
140607780.48831695
140607780.48831695
1411850.827211705
140607780.48831695
140607780.48831695
1411850.827211705
140607780.48831695
13019128966.98326
109292155.77150288
25861389373.78658
109292155.77150288
109292155.77150288
25861389373.78658
109292155.77150288
109292155.77150288
25861389373.78658
25861389373.78658
109292155.77150288
734021488.4641234
25861389373.786583
109292155.77150288
109292155.77150288
25861389373.786583
25861389373.786583
109292155.77150288
25861389373.786583
25861389373.786583
109292155.77150288
25861389373.786583
140607780.48831695
140607780.48831695
1411850.827211705
140607780.48831695
140607780.48831695
588515458.5611701
588515458.5611701
580240254254.7323
1177030917.1223402
14317046907.203928
18118199.256745245
18118199.256745245
588515458.5611701
580240254254.7323
1177030917.1223402
580240254254.7323
1177030917.1223402
1160480508509.4646
1177030917.1223402
1177030917.1223402
14317046907.203928
14317046907.203928
18118199.256745245
1261576137.9189365
3174944.881529188
2523152275.8378725
3174944.881529188
3174944.881529188
2523152275.8378725
3174944.881529188
3174944.881529188
2523152275.8378725
2523152275.8378725
3174944.881529188
35213050.49224653
588515458.5611701
580240254254.7323
1177030917.1223402
580240254254.7323
1177030917.1223402
1160480508509.4646
1177030917.1223402
1177030917.1223402
14317046907.203928
14317046907.203928
18118199.256745245
580240254254.7323
1177030917.1223402
1160480508509.4646
1177030917.1223402
1177030917.1223402
1160480508509.4646
1177030917.1223402
1177030917.1223402
1160480508509.4646
1160480508509.4646
1177030917.1223402
14317046907.203928
2523152275.8378725
3174944.881529188
3174944.881529188
2523152275.8378725
2523152275.8378725
3174944.881529188
2523152275.8378725
2523152275.8378725
3174944.881529188
2523152275.8378725
588515458.5611701
580240254254.732
1177030917.1223402
580240254254.732
1177030917.1223402
1160480508509.464
1177030917.1223402
1177030917.1223402
14317046907.203924
14317046907.203924
18118199.25674524
580240254254.732
1177030917.1223402
1160480508509.464
1177030917.1223402
1177030917.1223402
1160480508509.464
1177030917.1223402
1177030917.1223402
1160480508509.464
1160480508509.464
1177030917.1223402
14317046907.203924
2523152275.8378725
3174944.881529188
3174944.881529188
2523152275.8378725
2523152275.8378725
3174944.881529188
2523152275.8378725
2523152275.8378725
3174944.881529188
2523152275.8378725
580240254254.732
1177030917.1223402
1160480508509.464
1177030917.1223402
1177030917.1223402
1160480508509.464
1177030917.1223402
1177030917.1223402
1160480508509.464
1160480508509.464
1177030917.1223402
14317046907.203924
1160480508509.464
1177030917.1223402
1177030917.1223402
1160480508509.464
1160480508509.464
1177030917.1223402
1160480508509.464
1160480508509.464
1177030917.1223402
1160480508509.464
2523152275.8378725
2523152275.8378725
3174944.881529188
2523152275.8378725
2523152275.8378725
13019128966.98326
109292155.77150288
25861389373.786583
109292155.77150288
109292155.77150288
25861389373.786583
109292155.77150288
109292155.77150288
25861389373.786583
25861389373.786583
109292155.77150288
734021488.4641234
25861389373.786583
109292155.77150288
109292155.77150288
25861389373.786583
25861389373.786583
109292155.77150288
25861389373.786583
25861389373.786583
109292155.77150288
25861389373.786583
140607780.48831695
140607780.48831695
1411850.827211705
140607780.48831695
140607780.48831695
25861389373.78658
109292155.77150288
109292155.77150288
25861389373.78658
25861389373.78658
109292155.77150288
25861389373.78658
25861389373.78658
109292155.77150288
25861389373.78658
25861389373.786583
25861389373.786583
109292155.77150288
25861389373.786583
25861389373.786583
140607780.48831695
588515458.5611701
580240254254.7323
1177030917.1223402
580240254254.7323
1177030917.1223402
1160480508509.4646
1177030917.1223402
1177030917.1223402
14317046907.203928
14317046907.203928
18118199.256745245
580240254254.7323
1177030917.1223402
1160480508509.4646
1177030917.1223402
1177030917.1223402
1160480508509.4646
1177030917.1223402
1177030917.1223402
1160480508509.4646
1160480508509.4646
1177030917.1223402
14317046907.203928
2523152275.8378725
3174944.881529188
3174944.881529188
2523152275.8378725
2523152275.8378725
3174944.881529188
2523152275.8378725
2523152275.8378725
3174944.881529188
2523152275.8378725
580240254254.7323
1177030917.1223402
1160480508509.4646
1177030917.1223402
1177030917.1223402
1160480508509.4646
1177030917.1223402
1177030917.1223402
1160480508509.4646
1160480508509.4646
1177030917.1223402
14317046907.203928
1160480508509.4646
1177030917.1223402
1177030917.1223402
1160480508509.4646
1160480508509.4646
1177030917.1223402
1160480508509.4646
1160480508509.4646
1177030917.1223402
1160480508509.4646
2523152275.8378725
2523152275.8378725
3174944.881529188
2523152275.8378725
2523152275.8378725
580240254254.732
1177030917.1223402
1160480508509.464
1177030917.1223402
1177030917.1223402
1160480508509.464
1177030917.1223402
1177030917.1223402
1160480508509.464
1160480508509.464
1177030917.1223402
14317046907.203924
1160480508509.464
1177030917.1223402
1177030917.1223402
1160480508509.464
1160480508509.464
1177030917.1223402
1160480508509.464
1160480508509.464
1177030917.1223402
1160480508509.464
2523152275.8378725
2523152275.8378725
3174944.881529188
2523152275.8378725
2523152275.8378725
1160480508509.464
1177030917.1223402
1177030917.1223402
1160480508509.464
1160480508509.464
1177030917.1223402
1160480508509.464
1160480508509.464
1177030917.1223402
1160480508509.464
1160480508509.464
1160480508509.464
1177030917.1223402
1160480508509.464
1160480508509.464
2523152275.8378725
25861389373.786583
109292155.77150288
109292155.77150288
25861389373.786583
25861389373.786583
109292155.77150288
25861389373.786583
25861389373.786583
109292155.77150288
25861389373.786583
25861389373.786583
25861389373.786583
109292155.77150288
25861389373.786583
25861389373.786583
140607780.48831695
25861389373.78658
25861389373.78658
109292155.77150288
25861389373.78658
25861389373.78658
25861389373.786583
580240254254.7323
1177030917.1223402
1160480508509.4646
1177030917.1223402
1177030917.1223402
1160480508509.4646
1177030917.1223402
1177030917.1223402
1160480508509.4646
1160480508509.4646
1177030917.1223402
14317046907.203928
1160480508509.4646
1177030917.1223402
1177030917.1223402
1160480508509.4646
1160480508509.4646
1177030917.1223402
1160480508509.4646
1160480508509.4646
1177030917.1223402
1160480508509.4646
2523152275.8378725
2523152275.8378725
3174944.881529188
2523152275.8378725
2523152275.8378725
1160480508509.4646
1177030917.1223402
1177030917.1223402
1160480508509.4646
1160480508509.4646
1177030917.1223402
1160480508509.4646
1160480508509.4646
1177030917.1223402
1160480508509.4646
1160480508509.4646
1160480508509.4646
1177030917.1223402
1160480508509.4646
1160480508509.4646
2523152275.8378725
1160480508509.464
1177030917.1223402
1177030917.1223402
1160480508509.464
1160480508509.464
1177030917.1223402
1160480508509.464
1160480508509.464
1177030917.1223402
1160480508509.464
1160480508509.464
1160480508509.464
1177030917.1223402
1160480508509.464
1160480508509.464
2523152275.8378725
1160480508509.464
1160480508509.464
1177030917.1223402
1160480508509.464
1160480508509.464
1160480508509.464
25861389373.786583
25861389373.786583
109292155.77150288
25861389373.786583
25861389373.786583
25861389373.786583
25861389373.78658
1160480508509.4646
1177030917.1223402
1177030917.1223402
1160480508509.4646
1160480508509.4646
1177030917.1223402
1160480508509.4646
1160480508509.4646
1177030917.1223402
1160480508509.4646
1160480508509.4646
1160480508509.4646
1177030917.1223402
1160480508509.4646
1160480508509.4646
2523152275.8378725
1160480508509.4646
1160480508509.4646
1177030917.1223402
1160480508509.4646
1160480508509.4646
1160480508509.4646
1160480508509.464
1160480508509.464
1177030917.1223402
1160480508509.464
1160480508509.464
1160480508509.464
1160480508509.464
25861389373.786583
1160480508509.4646
1160480508509.4646
1177030917.1223402
1160480508509.4646
1160480508509.4646
1160480508509.4646
1160480508509.4646
1160480508509.464
1160480508509.4646
2528312.0
14835720.0
4523930.0
1380035.0
2609129.0
135086.0
389902221.0453321
30725458.2079138
92102477.77275825
7269205.97261968
14835720.0
18095720.0
59690670.15110543
6271427.23648964
4523930.0
6235545.218141137
540344.0
1380035.0
1411850.827211705
2609129.0
2609129.0
135086.0
135086.0
14835720.0
4523930.0
1380035.0
2609129.0
135086.0
389902221.0453321
30725458.2079138
92102477.77275825
7269205.97261968
14835720.0
18095720.0
59690670.15110543
6271427.23648964
4523930.0
6235545.218141137
540344.0
1380035.0
1411850.827211705
2609128.9999999995
2609129.0
135086.0
135086.0
1559608884.1813283
13019128966.98326
734021488.4641234
389902221.0453321
389902221.045332
334038453.94112694
29076823.89047872
30725458.207913797
30725458.207913797
140607780.48831695
92102477.77275825
92102477.77275825
92102477.77275825
7269205.97261968
7269205.972619679
7269205.97261968
238762680.60442173
25085708.94595856
18095720.0
18095720.0
109292155.77150288
59690670.15110544
59690670.15110543
59690670.15110543
6271427.236489641
6271427.23648964
6271427.23648964
5647403.30884682
6235545.218141137
6235545.218141137
6235545.218141137
540344.0
540344.0
540344.0
1411850.827211705
1411850.827211705
1411850.827211705
1411850.827211705
2609129.0
135086.0
389902221.0453321
30725458.2079138
92102477.77275825
7269205.97261968
14835720.0
18095720.0
59690670.15110543
6271427.23648964
4523930.0
6235545.218141137
540344.0
1380035.0
1411850.827211705
2609129.0
2609129.0
135086.0
135086.0
1559608884.1813283
13019128966.98326
734021488.4641234
389902221.0453321
389902221.0453321
334038453.94112694
29076823.89047872
30725458.2079138
30725458.2079138
140607780.48831695
92102477.77275825
92102477.77275825
92102477.77275825
7269205.97261968
7269205.97261968
7269205.97261968
238762680.60442173
25085708.94595856
18095720.0
18095720.0
109292155.77150288
59690670.15110543
59690670.15110543
59690670.15110543
6271427.23648964
6271427.23648964
6271427.23648964
5647403.30884682
6235545.218141137
6235545.218141137
6235545.218141137
540344.0
540344.0
540344.0
1411850.827211705
1411850.827211705
1411850.827211705
1411850.827211705
2609129.0
135086.0
52076515867.93304
2936085953.856493
1559608884.1813283
1559608884.181328
1559608884.1813283
25861389373.786583
13019128966.98326
13019128966.98326
13019128966.98326
13019128966.98326
734021488.4641234
734021488.4641231
734021488.4641234
734021488.4641234
389902221.0453321
562431121.9532678
334038453.94112694
334038453.94112694
334038453.94112694
334038453.94112694
29076823.89047872
29076823.89047872
29076823.890478715
29076823.89047872
30725458.207913797
140607780.48831692
140607780.48831695
140607780.48831695
140607780.48831692
140607780.48831695
92102477.77275825
92102477.77275825
92102477.77275825
7269205.972619679
7269205.97261968
7269205.972619679
437168623.08601147
238762680.60442176
238762680.60442173
238762680.60442173
238762680.60442173
25085708.94595856
25085708.94595856
25085708.94595856
25085708.94595856
18095720.0
109292155.77150288
109292155.77150288
109292155.77150288
109292155.77150288
109292155.77150288
59690670.15110544
59690670.15110544
59690670.15110543
6271427.236489641
6271427.236489641
6271427.23648964
5647403.30884682
5647403.30884682
5647403.30884682
5647403.30884682
5647403.30884682
6235545.218141137
6235545.218141137
6235545.218141137
540344.0
540344.0
540344.0
1411850.827211705
1411850.827211705
1411850.827211705
1411850.827211705
1411850.827211705
1411850.827211705
1559608884.1813283
13019128966.98326
734021488.4641234
389902221.0453321
389902221.0453321
334038453.94112694
29076823.89047872
30725458.2079138
30725458.2079138
140607780.48831695
92102477.77275825
92102477.77275825
92102477.77275825
7269205.97261968
7269205.97261968
7269205.97261968
238762680.60442173
25085708.94595856
18095720.0
18095720.0
109292155.77150288
59690670.15110544
59690670.15110543
59690670.15110543
6271427.236489641
6271427.23648964
6271427.23648964
5647403.30884682
6235545.218141137
6235545.218141137
6235545.218141137
540344.0
540344.0
540344.0
1411850.827211705
1411850.827211705
1411850.827211705
1411850.827211705
2609129.0
135086.0
52076515867.93304
2936085953.856493
1559608884.1813283
1559608884.1813283
1559608884.1813283
25861389373.786583
13019128966.98326
13019128966.98326
13019128966.98326
13019128966.98326
734021488.4641234
734021488.4641234
734021488.4641234
734021488.4641234
389902221.0453321
562431121.9532678
334038453.94112694
334038453.94112694
334038453.94112694
334038453.94112694
29076823.89047872
29076823.89047872
29076823.89047872
29076823.89047872
30725458.207913797
140607780.48831692
140607780.48831695
140607780.48831695
140607780.48831695
140607780.48831695
92102477.77275825
92102477.77275825
92102477.77275825
7269205.97261968
7269205.97261968
7269205.972619679
437168623.08601147
238762680.60442176
238762680.60442173
238762680.60442173
238762680.60442173
25085708.94595856
25085708.94595856
25085708.94595856
25085708.94595856
18095720.0
109292155.77150288
109292155.77150288
109292155.77150288
109292155.77150288
109292155.77150288
59690670.15110544
59690670.15110544
59690670.15110543
6271427.236489641
6271427.236489641
6271427.23648964
5647403.30884682
5647403.30884682
5647403.30884682
5647403.30884682
5647403.30884682
6235545.218141137
6235545.218141137
6235545.218141137
540344.0
540344.0
540344.0
1411850.827211705
1411850.827211705
1411850.827211705
1411850.827211705
1411850.827211705
1411850.827211705
103445557495.14632
52076515867.93304
52076515867.93304
52076515867.93304
52076515867.93304
52076515867.93304
2936085953.856493
2936085953.856493
2936085953.856493
2936085953.856493
2936085953.856493
1559608884.1813283
1559608884.1813283
1559608884.1813283
25861389373.78658
25861389373.786583
25861389373.786583
25861389373.786583
25861389373.786583
25861389373.786583
13019128966.98326
13019128966.98326
13019128966.98326
13019128966.98326
13019128966.98326
13019128966.98326
734021488.4641234
734021488.4641234
734021488.4641234
734021488.4641234
734021488.4641234
734021488.4641234
562431121.9532677
562431121.9532677
562431121.9532678
562431121.9532678
562431121.9532678
562431121.9532678
334038453.94112694
334038453.94112694
334038453.94112694
334038453.94112694
334038453.94112694
334038453.94112694
29076823.89047872
29076823.89047872
29076823.89047872
29076823.89047872
29076823.89047872
29076823.890478715
140607780.48831695
140607780.48831695
140607780.48831692
140607780.48831692
140607780.48831695
140607780.48831695
140607780.48831695
140607780.48831695
140607780.48831695
140607780.48831692
92102477.77275825
7269205.97261968
437168623.0860115
437168623.08601147
437168623.08601147
437168623.08601147
437168623.08601147
437168623.08601147
238762680.60442176
238762680.60442176
238762680.60442176
238762680.60442173
238762680.60442173
238762680.60442173
25085708.94595856
25085708.94595856
25085708.94595856
25085708.94595856
25085708.94595856
25085708.94595856
109292155.77150288
109292155.77150288
109292155.77150288
109292155.77150288
109292155.77150288
109292155.77150288
109292155.77150288
109292155.77150288
109292155.77150288
109292155.77150288
59690670.15110544
6271427.236489641
5647403.30884682
5647403.30884682
5647403.30884682
5647403.30884682
5647403.30884682
5647403.30884682
5647403.30884682
5647403.30884682
5647403.30884682
5647403.30884682
6235545.218141137
540344.0
1411850.827211705
1411850.827211705
1411850.827211705
1411850.827211705
52076515867.93304
2936085953.856493
1559608884.1813283
1559608884.1813283
1559608884.1813283
25861389373.786583
13019128966.98326
13019128966.98326
13019128966.98326
13019128966.98326
734021488.4641234
734021488.4641234
734021488.4641234
734021488.4641234
389902221.0453321
562431121.9532678
334038453.94112694
334038453.94112694
334038453.94112694
334038453.94112694
29076823.89047872
29076823.89047872
29076823.89047872
29076823.89047872
30725458.2079138
140607780.48831695
140607780.48831695
140607780.48831695
140607780.48831695
140607780.48831695
92102477.77275825
92102477.77275825
92102477.77275825
7269205.97261968
7269205.97261968
7269205.97261968
437168623.08601147
238762680.60442176
238762680.60442173
238762680.60442173
238762680.60442173
25085708.94595856
25085708.94595856
25085708.94595856
25085708.94595856
18095720.0
109292155.77150288
109292155.77150288
109292155.77150288
109292155.77150288
109292155.77150288
59690670.15110544
59690670.15110544
59690670.15110543
6271427.236489641
6271427.236489641
6271427.23648964
5647403.30884682
5647403.30884682
5647403.30884682
5647403.30884682
5647403.30884682
6235545.218141137
6235545.218141137
6235545.218141137
540344.0
540344.0
540344.0
1411850.827211705
1411850.827211705
1411850.827211705
1411850.827211705
1411850.827211705
1411850.827211705
103445557495.14632
52076515867.93304
52076515867.93304
52076515867.93304
52076515867.93304
52076515867.93304
2936085953.856493
2936085953.856493
2936085953.856493
2936085953.856493
2936085953.856493
1559608884.1813283
1559608884.1813283
1559608884.1813283
25861389373.78658
25861389373.786583
25861389373.786583
25861389373.786583
25861389373.786583
25861389373.786583
13019128966.98326
13019128966.98326
13019128966.98326
13019128966.98326
13019128966.98326
13019128966.98326
734021488.4641234
734021488.4641234
734021488.4641234
734021488.4641234
734021488.4641234
734021488.4641234
562431121.9532677
562431121.9532677
562431121.9532678
562431121.9532678
562431121.9532678
562431121.9532678
334038453.94112694
334038453.94112694
334038453.94112694
334038453.94112694
334038453.94112694
334038453.94112694
29076823.89047872
29076823.89047872
29076823.89047872
29076823.89047872
29076823.89047872
29076823.890478715
140607780.48831695
140607780.48831695
140607780.48831692
140607780.48831692
140607780.48831695
140607780.48831695
140607780.48831695
140607780.48831695
140607780.48831695
140607780.48831692
92102477.77275825
7269205.97261968
437168623.0860115
437168623.08601147
437168623.08601147
437168623.08601147
437168623.08601147
437168623.08601147
238762680.60442176
238762680.60442176
238762680.60442176
238762680.60442173
238762680.60442173
238762680.60442173
25085708.94595856
25085708.94595856
25085708.94595856
25085708.94595856
25085708.94595856
25085708.94595856
109292155.77150288
109292155.77150288
109292155.77150288
109292155.77150288
109292155.77150288
109292155.77150288
109292155.77150288
109292155.77150288
109292155.77150288
109292155.77150288
59690670.15110544
6271427.236489641
5647403.30884682
5647403.30884682
5647403.30884682
5647403.30884682
5647403.30884682
5647403.30884682
5647403.30884682
5647403.30884682
5647403.30884682
5647403.30884682
6235545.218141137
540344.0
1411850.827211705
1411850.827211705
1411850.827211705
1411850.827211705
103445557495.14632
103445557495.14632
103445557495.14632
103445557495.14632
103445557495.14632
103445557495.14632
103445557495.14632
52076515867.93304
52076515867.93304
52076515867.93304
52076515867.93304
52076515867.93304
52076515867.93304
52076515867.93304
52076515867.93304
52076515867.93304
52076515867.93304
2936085953.856493
2936085953.856493
2936085953.856493
2936085953.856493
2936085953.856493
2936085953.856493
2936085953.856493
2936085953.856493
2936085953.856493
2936085953.856493
1559608884.1813283
25861389373.78658
25861389373.78658
25861389373.78658
25861389373.78658
25861389373.78658
25861389373.786583
25861389373.786583
25861389373.786583
25861389373.786583
25861389373.786583
25861389373.786583
25861389373.786583
25861389373.786583
25861389373.786583
25861389373.786583
13019128966.98326
13019128966.98326
13019128966.98326
13019128966.98326
734021488.4641234
734021488.4641234
734021488.4641234
734021488.4641234
562431121.9532677
562431121.9532678
562431121.9532678
562431121.9532677
562431121.9532677
562431121.9532678
562431121.9532678
562431121.9532677
562431121.9532677
562431121.9532678
562431121.9532678
562431121.9532678
562431121.9532678
562431121.9532678
562431121.9532677
334038453.94112694
334038453.94112694
334038453.94112694
334038453.94112694
29076823.89047872
29076823.89047872
29076823.89047872
29076823.89047872
140607780.48831695
140607780.48831692
140607780.48831695
140607780.48831692
140607780.48831695
140607780.48831692
140607780.48831695
140607780.48831695
140607780.48831695
140607780.48831695
437168623.0860115
437168623.0860115
437168623.0860115
437168623.0860115
437168623.0860115
437168623.08601147
437168623.08601147
437168623.08601147
437168623.08601147
437168623.08601147
437168623.08601147
437168623.08601147
437168623.08601147
437168623.08601147
437168623.08601147
238762680.60442176
238762680.60442176
238762680.60442176
238762680.60442173
25085708.94595856
25085708.94595856
25085708.94595856
25085708.94595856
109292155.77150288
109292155.77150288
109292155.77150288
109292155.77150288
109292155.77150288
109292155.77150288
109292155.77150288
109292155.77150288
109292155.77150288
109292155.77150288
5647403.30884682
5647403.30884682
5647403.30884682
5647403.30884682
5647403.30884682
5647403.30884682
5647403.30884682
5647403.30884682
5647403.30884682
5647403.30884682
1411850.827211705
103445557495.14632
52076515867.93304
52076515867.93304
52076515867.93304
52076515867.93304
52076515867.93304
2936085953.856493
2936085953.856493
2936085953.856493
2936085953.856493
2936085953.856493
1559608884.1813283
1559608884.1813283
1559608884.1813283
25861389373.786583
25861389373.786583
25861389373.786583
25861389373.786583
25861389373.786583
25861389373.786583
13019128966.98326
13019128966.98326
13019128966.98326
13019128966.98326
13019128966.98326
13019128966.98326
734021488.4641234
734021488.4641234
734021488.4641234
734021488.4641234
734021488.4641234
734021488.4641234
562431121.9532678
562431121.9532678
562431121.9532678
562431121.9532678
562431121.9532678
562431121.9532678
334038453.94112694
334038453.94112694
334038453.94112694
334038453.94112694
334038453.94112694
334038453.94112694
29076823.89047872
29076823.89047872
29076823.89047872
29076823.89047872
29076823.89047872
29076823.89047872
140607780.48831695
140607780.48831695
140607780.48831695
140607780.48831695
140607780.48831695
140607780.48831695
140607780.48831695
140607780.48831695
140607780.48831695
140607780.48831695
92102477.77275825
7269205.97261968
437168623.08601147
437168623.08601147
437168623.08601147
437168623.08601147
437168623.08601147
437168623.08601147
238762680.60442173
238762680.60442173
238762680.60442173
238762680.60442173
238762680.60442173
238762680.60442173
25085708.94595856
25085708.94595856
25085708.94595856
25085708.94595856
25085708.94595856
25085708.94595856
109292155.77150288
109292155.77150288
109292155.77150288
109292155.77150288
109292155.77150288
109292155.77150288
109292155.77150288
109292155.77150288
109292155.77150288
109292155.77150288
59690670.15110543
6271427.23648964
5647403.30884682
5647403.30884682
5647403.30884682
5647403.30884682
5647403.30884682
5647403.30884682
5647403.30884682
5647403.30884682
5647403.30884682
5647403.30884682
6235545.218141137
540344.0
1411850.827211705
1411850.827211705
1411850.827211705
1411850.827211705
103445557495.14632
103445557495.14632
103445557495.14632
103445557495.14632
103445557495.14632
103445557495.14632
103445557495.14632
52076515867.93304
52076515867.93304
52076515867.93304
52076515867.93304
52076515867.93304
52076515867.93304
52076515867.93304
52076515867.93304
52076515867.93304
52076515867.93304
2936085953.856493
2936085953.856493
2936085953.856493
2936085953.856493
2936085953.856493
2936085953.856493
2936085953.856493
2936085953.856493
2936085953.856493
2936085953.856493
1559608884.1813283
25861389373.786583
25861389373.786583
25861389373.786583
25861389373.786583
25861389373.786583
25861389373.786583
25861389373.786583
25861389373.786583
25861389373.786583
25861389373.786583
25861389373.786583
25861389373.786583
25861389373.786583
25861389373.786583
25861389373.786583
13019128966.98326
13019128966.98326
13019128966.98326
13019128966.98326
734021488.4641234
734021488.4641234
734021488.4641234
734021488.4641234
562431121.9532678
562431121.9532678
562431121.9532678
562431121.9532678
562431121.9532678
562431121.9532678
562431121.9532678
562431121.9532678
562431121.9532678
562431121.9532678
562431121.9532678
562431121.9532678
562431121.9532678
562431121.9532678
562431121.9532678
334038453.94112694
334038453.94112694
334038453.94112694
334038453.94112694
29076823.89047872
29076823.89047872
29076823.89047872
29076823.89047872
140607780.48831695
140607780.48831695
140607780.48831695
140607780.48831695
140607780.48831695
140607780.48831695
140607780.48831695
140607780.48831695
140607780.48831695
140607780.48831695
437168623.08601147
437168623.08601147
437168623.08601147
437168623.08601147
437168623.08601147
437168623.08601147
437168623.08601147
437168623.08601147
437168623.08601147
437168623.08601147
437168623.08601147
437168623.08601147
437168623.08601147
437168623.08601147
437168623.08601147
238762680.60442173
238762680.60442173
238762680.60442173
238762680.60442173
25085708.94595856
25085708.94595856
25085708.94595856
25085708.94595856
109292155.77150288
109292155.77150288
109292155.77150288
109292155.77150288
109292155.77150288
109292155.77150288
109292155.77150288
109292155.77150288
109292155.77150288
109292155.77150288
5647403.30884682
5647403.30884682
5647403.30884682
5647403.30884682
5647403.30884682
5647403.30884682
5647403.30884682
5647403.30884682
5647403.30884682
5647403.30884682
1411850.827211705
103445557495.14632
103445557495.14632
103445557495.14632
103445557495.14632
103445557495.14632
103445557495.14632
103445557495.14632
103445557495.14632
103445557495.14632
103445557495.14632
103445557495.14632
103445557495.14632
103445557495.14632
103445557495.14632
103445557495.14632
103445557495.14632
103445557495.14632
103445557495.14632
103445557495.14632
103445557495.14632
103445557495.14632
52076515867.93304
52076515867.93304
52076515867.93304
52076515867.93304
52076515867.93304
52076515867.93304
52076515867.93304
52076515867.93304
52076515867.93304
52076515867.93304
2936085953.8564925
2936085953.8564925
2936085953.8564925
2936085953.856493
2936085953.856493
2936085953.856493
2936085953.8564925
2936085953.8564925
2936085953.8564925
2936085953.856493
25861389373.786583
25861389373.786583
25861389373.786583
25861389373.786583
25861389373.786583
25861389373.786583
25861389373.786583
25861389373.786583
25861389373.786583
25861389373.786583
25861389373.786583
25861389373.786583
25861389373.786583
25861389373.786583
25861389373.786583
25861389373.786583
25861389373.786583
25861389373.786583
25861389373.786583
25861389373.786583
13019128966.98326
734021488.4641231
562431121.9532677
562431121.9532677
562431121.9532677
562431121.9532677
562431121.9532677
562431121.9532677
562431121.9532677
562431121.9532677
562431121.9532677
562431121.9532677
562431121.9532678
562431121.9532678
562431121.9532678
562431121.9532678
562431121.9532678
562431121.9532678
562431121.9532678
562431121.9532678
562431121.9532678
562431121.9532678
334038453.94112694
29076823.89047872
140607780.48831692
140607780.48831692
140607780.48831692
140607780.48831692
140607780.48831695
437168623.0860115
437168623.0860115
437168623.0860115
437168623.0860115
437168623.0860115
437168623.0860115
437168623.0860115
437168623.0860115
437168623.0860115
437168623.0860115
437168623.08601147
437168623.08601147
437168623.08601147
437168623.08601147
437168623.08601147
437168623.08601147
437168623.08601147
437168623.08601147
437168623.08601147
437168623.08601147
238762680.60442176
25085708.94595856
109292155.77150288
109292155.77150288
109292155.77150288
109292155.77150288
109292155.77150288
5647403.30884682
5647403.30884682
5647403.30884682
5647403.30884682
5647403.30884682
103445557495.14632
103445557495.14632
103445557495.14632
103445557495.14632
103445557495.14632
103445557495.14632
103445557495.14632
52076515867.93304
52076515867.93304
52076515867.93304
52076515867.93304
52076515867.93304
52076515867.93304
52076515867.93304
52076515867.93304
52076515867.93304
52076515867.93304
2936085953.856493
2936085953.856493
2936085953.856493
2936085953.856493
2936085953.856493
2936085953.856493
2936085953.856493
2936085953.856493
2936085953.856493
2936085953.856493
1559608884.1813283
25861389373.786583
25861389373.786583
25861389373.786583
25861389373.786583
25861389373.786583
25861389373.786583
25861389373.786583
25861389373.786583
25861389373.786583
25861389373.786583
25861389373.786583
25861389373.786583
25861389373.786583
25861389373.786583
25861389373.786583
13019128966.98326
13019128966.98326
13019128966.98326
13019128966.98326
734021488.4641234
734021488.4641234
734021488.4641234
734021488.4641234
562431121.9532678
562431121.9532678
562431121.9532678
562431121.9532678
562431121.9532678
562431121.9532678
562431121.9532678
562431121.9532678
562431121.9532678
562431121.9532678
562431121.9532678
562431121.9532678
562431121.9532678
562431121.9532678
562431121.9532678
334038453.94112694
334038453.94112694
334038453.94112694
334038453.94112694
29076823.89047872
29076823.89047872
29076823.89047872
29076823.89047872
140607780.48831695
140607780.48831695
140607780.48831695
140607780.48831695
140607780.48831695
140607780.48831695
140607780.48831695
140607780.48831695
140607780.48831695
140607780.48831695
437168623.08601147
437168623.08601147
437168623.08601147
437168623.08601147
437168623.08601147
437168623.08601147
437168623.08601147
437168623.08601147
437168623.08601147
437168623.08601147
437168623.08601147
437168623.08601147
437168623.08601147
437168623.08601147
437168623.08601147
238762680.60442173
238762680.60442173
238762680.60442173
238762680.60442173
25085708.94595856
25085708.94595856
25085708.94595856
25085708.94595856
109292155.77150288
109292155.77150288
109292155.77150288
109292155.77150288
109292155.77150288
109292155.77150288
109292155.77150288
109292155.77150288
109292155.77150288
109292155.77150288
5647403.30884682
5647403.30884682
5647403.30884682
5647403.30884682
5647403.30884682
5647403.30884682
5647403.30884682
5647403.30884682
5647403.30884682
5647403.30884682
1411850.827211705
103445557495.14632
103445557495.14632
103445557495.14632
103445557495.14632
103445557495.14632
103445557495.14632
103445557495.14632
103445557495.14632
103445557495.14632
103445557495.14632
103445557495.14632
103445557495.14632
103445557495.14632
103445557495.14632
103445557495.14632
103445557495.14632
103445557495.14632
103445557495.14632
103445557495.14632
103445557495.14632
103445557495.14632
52076515867.93304
52076515867.93304
52076515867.93304
52076515867.93304
52076515867.93304
52076515867.93304
52076515867.93304
52076515867.93304
52076515867.93304
52076515867.93304
2936085953.856493
2936085953.856493
2936085953.856493
2936085953.856493
2936085953.856493
2936085953.856493
2936085953.856493
2936085953.856493
2936085953.856493
2936085953.856493
25861389373.786583
25861389373.786583
25861389373.786583
25861389373.786583
25861389373.786583
25861389373.786583
25861389373.786583
25861389373.786583
25861389373.786583
25861389373.786583
25861389373.786583
25861389373.786583
25861389373.786583
25861389373.786583
25861389373.786583
25861389373.786583
25861389373.786583
25861389373.786583
25861389373.786583
25861389373.786583
13019128966.98326
734021488.4641234
562431121.9532678
562431121.9532678
562431121.9532678
562431121.9532678
562431121.9532678
562431121.9532678
562431121.9532678
562431121.9532678
562431121.9532678
562431121.9532678
562431121.9532678
562431121.9532678
562431121.9532678
562431121.9532678
562431121.9532678
562431121.9532678
562431121.9532678
562431121.9532678
562431121.9532678
562431121.9532678
334038453.94112694
29076823.89047872
140607780.48831695
140607780.48831695
140607780.48831695
140607780.48831695
140607780.48831695
437168623.08601147
437168623.08601147
437168623.08601147
437168623.08601147
437168623.08601147
437168623.08601147
437168623.08601147
437168623.08601147
437168623.08601147
437168623.08601147
437168623.08601147
437168623.08601147
437168623.08601147
437168623.08601147
437168623.08601147
437168623.08601147
437168623.08601147
437168623.08601147
437168623.08601147
437168623.08601147
238762680.60442173
25085708.94595856
109292155.77150288
109292155.77150288
109292155.77150288
109292155.77150288
109292155.77150288
5647403.30884682
5647403.30884682
5647403.30884682
5647403.30884682
5647403.30884682
103445557495.14632
103445557495.14632
103445557495.14632
103445557495.14632
103445557495.14632
103445557495.14632
103445557495.14632
103445557495.14632
103445557495.14632
103445557495.14632
103445557495.14632
103445557495.14632
103445557495.14632
103445557495.14632
103445557495.14632
103445557495.14632
103445557495.14632
103445557495.14632
103445557495.14632
103445557495.14632
103445557495.14632
103445557495.14632
103445557495.14632
103445557495.14632
103445557495.14632
103445557495.14632
103445557495.14632
103445557495.14632
103445557495.14632
103445557495.14632
103445557495.14632
103445557495.14632
103445557495.14632
103445557495.14632
103445557495.14632
52076515867.93304
52076515867.93304
52076515867.93304
52076515867.93304
52076515867.93304
2936085953.8564925
2936085953.8564925
2936085953.8564925
2936085953.856493
2936085953.8564925
25861389373.786583
25861389373.786583
25861389373.786583
25861389373.786583
25861389373.786583
25861389373.786583
25861389373.786583
25861389373.786583
25861389373.786583
25861389373.786583
25861389373.786583
25861389373.786583
25861389373.786583
25861389373.786583
25861389373.786583
562431121.9532677
562431121.9532677
562431121.9532677
562431121.9532677
562431121.9532677
562431121.9532677
562431121.9532677
562431121.9532677
562431121.9532677
562431121.9532677
562431121.9532678
562431121.9532678
562431121.9532678
562431121.9532678
562431121.9532678
140607780.48831692
437168623.0860115
437168623.0860115
437168623.0860115
437168623.0860115
437168623.0860115
437168623.0860115
437168623.0860115
437168623.0860115
437168623.0860115
437168623.0860115
437168623.08601147
437168623.08601147
437168623.08601147
437168623.08601147
437168623.08601147
109292155.77150288
5647403.30884682
103445557495.14632
103445557495.14632
103445557495.14632
103445557495.14632
103445557495.14632
103445557495.14632
103445557495.14632
103445557495.14632
103445557495.14632
103445557495.14632
103445557495.14632
103445557495.14632
103445557495.14632
103445557495.14632
103445557495.14632
103445557495.14632
103445557495.14632
103445557495.14632
103445557495.14632
103445557495.14632
103445557495.14632
52076515867.93304
52076515867.93304
52076515867.93304
52076515867.93304
52076515867.93304
52076515867.93304
52076515867.93304
52076515867.93304
52076515867.93304
52076515867.93304
2936085953.856493
2936085953.856493
2936085953.856493
2936085953.856493
2936085953.856493
2936085953.856493
2936085953.856493
2936085953.856493
2936085953.856493
2936085953.856493
25861389373.786583
25861389373.786583
25861389373.786583
25861389373.786583
25861389373.786583
25861389373.786583
25861389373.786583
25861389373.786583
25861389373.786583
25861389373.786583
25861389373.786583
25861389373.786583
25861389373.786583
25861389373.786583
25861389373.786583
25861389373.786583
25861389373.786583
25861389373.786583
25861389373.786583
25861389373.786583
13019128966.98326
734021488.4641234
562431121.9532678
562431121.9532678
562431121.9532678
562431121.9532678
562431121.9532678
562431121.9532678
562431121.9532678
562431121.9532678
562431121.9532678
562431121.9532678
562431121.9532678
562431121.9532678
562431121.9532678
562431121.9532678
562431121.9532678
562431121.9532678
562431121.9532678
562431121.9532678
562431121.9532678
562431121.9532678
334038453.94112694
29076823.89047872
140607780.48831695
140607780.48831695
140607780.48831695
140607780.48831695
140607780.48831695
437168623.08601147
437168623.08601147
437168623.08601147
437168623.08601147
437168623.08601147
437168623.08601147
437168623.08601147
437168623.08601147
437168623.08601147
437168623.08601147
437168623.08601147
437168623.08601147
437168623.08601147
437168623.08601147
437168623.08601147
437168623.08601147
437168623.08601147
437168623.08601147
437168623.08601147
437168623.08601147
238762680.60442173
25085708.94595856
109292155.77150288
109292155.77150288
109292155.77150288
109292155.77150288
109292155.77150288
5647403.30884682
5647403.30884682
5647403.30884682
5647403.30884682
5647403.30884682
103445557495.14632
103445557495.14632
103445557495.14632
103445557495.14632
103445557495.14632
103445557495.14632
103445557495.14632
103445557495.14632
103445557495.14632
103445557495.14632
103445557495.14632
103445557495.14632
103445557495.14632
103445557495.14632
103445557495.14632
103445557495.14632
103445557495.14632
103445557495.14632
103445557495.14632
103445557495.14632
103445557495.14632
103445557495.14632
103445557495.14632
103445557495.14632
103445557495.14632
103445557495.14632
103445557495.14632
103445557495.14632
103445557495.14632
103445557495.14632
103445557495.14632
103445557495.14632
103445557495.14632
103445557495.14632
103445557495.14632
52076515867.93304
52076515867.93304
52076515867.93304
52076515867.93304
52076515867.93304
2936085953.856493
2936085953.856493
2936085953.856493
2936085953.856493
2936085953.856493
25861389373.786583
25861389373.786583
25861389373.786583
25861389373.786583
25861389373.786583
25861389373.786583
25861389373.786583
25861389373.786583
25861389373.786583
25861389373.786583
25861389373.786583
25861389373.786583
25861389373.786583
25861389373.786583
25861389373.786583
562431121.9532678
562431121.9532678
562431121.9532678
562431121.9532678
562431121.9532678
562431121.9532678
562431121.9532678
562431121.9532678
562431121.9532678
562431121.9532678
562431121.9532678
562431121.9532678
562431121.9532678
562431121.9532678
562431121.9532678
140607780.48831695
437168623.08601147
437168623.08601147
437168623.08601147
437168623.08601147
437168623.08601147
437168623.08601147
437168623.08601147
437168623.08601147
437168623.08601147
437168623.08601147
437168623.08601147
437168623.08601147
437168623.08601147
437168623.08601147
437168623.08601147
109292155.77150288
5647403.30884682
103445557495.14632
103445557495.14632
103445557495.14632
103445557495.14632
103445557495.14632
103445557495.14632
103445557495.14632
103445557495.14632
103445557495.14632
103445557495.14632
103445557495.14632
103445557495.14632
103445557495.14632
103445557495.14632
103445557495.14632
103445557495.14632
103445557495.14632
103445557495.14632
103445557495.14632
103445557495.14632
103445557495.14632
103445557495.14632
103445557495.14632
103445557495.14632
103445557495.14632
103445557495.14632
103445557495.14632
103445557495.14632
103445557495.14632
103445557495.14632
103445557495.14632
103445557495.14632
103445557495.14632
103445557495.14632
103445557495.14632
52076515867.93304
2936085953.8564925
25861389373.786583
25861389373.786583
25861389373.786583
25861389373.786583
25861389373.786583
25861389373.786583
562431121.9532677
562431121.9532677
562431121.9532677
562431121.9532677
562431121.9532677
562431121.9532678
437168623.0860115
437168623.0860115
437168623.0860115
437168623.0860115
437168623.0860115
437168623.08601147
103445557495.14632
103445557495.14632
103445557495.14632
103445557495.14632
103445557495.14632
103445557495.14632
103445557495.14632
103445557495.14632
103445557495.14632
103445557495.14632
103445557495.14632
103445557495.14632
103445557495.14632
103445557495.14632
103445557495.14632
103445557495.14632
103445557495.14632
103445557495.14632
103445557495.14632
103445557495.14632
103445557495.14632
103445557495.14632
103445557495.14632
103445557495.14632
103445557495.14632
103445557495.14632
103445557495.14632
103445557495.14632
103445557495.14632
103445557495.14632
103445557495.14632
103445557495.14632
103445557495.14632
103445557495.14632
103445557495.14632
52076515867.93304
52076515867.93304
52076515867.93304
52076515867.93304
52076515867.93304
2936085953.856493
2936085953.856493
2936085953.856493
2936085953.856493
2936085953.856493
25861389373.786583
25861389373.786583
25861389373.786583
25861389373.786583
25861389373.786583
25861389373.786583
25861389373.786583
25861389373.786583
25861389373.786583
25861389373.786583
25861389373.786583
25861389373.786583
25861389373.786583
25861389373.786583
25861389373.786583
562431121.9532678
562431121.9532678
562431121.9532678
562431121.9532678
562431121.9532678
562431121.9532678
562431121.9532678
562431121.9532678
562431121.9532678
562431121.9532678
562431121.9532678
562431121.9532678
562431121.9532678
562431121.9532678
562431121.9532678
140607780.48831695
437168623.08601147
437168623.08601147
437168623.08601147
437168623.08601147
437168623.08601147
437168623.08601147
437168623.08601147
437168623.08601147
437168623.08601147
437168623.08601147
437168623.08601147
437168623.08601147
437168623.08601147
437168623.08601147
437168623.08601147
109292155.77150288
5647403.30884682
103445557495.14632
103445557495.14632
103445557495.14632
103445557495.14632
103445557495.14632
103445557495.14632
103445557495.14632
103445557495.14632
103445557495.14632
103445557495.14632
103445557495.14632
103445557495.14632
103445557495.14632
103445557495.14632
103445557495.14632
103445557495.14632
103445557495.14632
103445557495.14632
103445557495.14632
103445557495.14632
103445557495.14632
103445557495.14632
103445557495.14632
103445557495.14632
103445557495.14632
103445557495.14632
103445557495.14632
103445557495.14632
103445557495.14632
103445557495.14632
103445557495.14632
103445557495.14632
103445557495.14632
103445557495.14632
103445557495.14632
52076515867.93304
2936085953.856493
25861389373.786583
25861389373.786583
25861389373.786583
25861389373.786583
25861389373.786583
25861389373.786583
562431121.9532678
562431121.9532678
562431121.9532678
562431121.9532678
562431121.9532678
562431121.9532678
437168623.08601147
437168623.08601147
437168623.08601147
437168623.08601147
437168623.08601147
437168623.08601147
103445557495.14632
103445557495.14632
103445557495.14632
103445557495.14632
103445557495.14632
103445557495.14632
103445557495.14632
103445557495.14632
103445557495.14632
103445557495.14632
103445557495.14632
103445557495.14632
103445557495.14632
103445557495.14632
103445557495.14632
103445557495.14632
103445557495.14632
103445557495.14632
103445557495.14632
103445557495.14632
103445557495.14632
25861389373.786583
562431121.9532677
437168623.0860115
103445557495.14632
103445557495.14632
103445557495.14632
103445557495.14632
103445557495.14632
103445557495.14632
103445557495.14632
103445557495.14632
103445557495.14632
103445557495.14632
103445557495.14632
103445557495.14632
103445557495.14632
103445557495.14632
103445557495.14632
103445557495.14632
103445557495.14632
103445557495.14632
103445557495.14632
103445557495.14632
103445557495.14632
103445557495.14632
103445557495.14632
103445557495.14632
103445557495.14632
103445557495.14632
103445557495.14632
103445557495.14632
103445557495.14632
103445557495.14632
103445557495.14632
103445557495.14632
103445557495.14632
103445557495.14632
103445557495.14632
52076515867.93304
2936085953.856493
25861389373.786583
25861389373.786583
25861389373.786583
25861389373.786583
25861389373.786583
25861389373.786583
562431121.9532678
562431121.9532678
562431121.9532678
562431121.9532678
562431121.9532678
562431121.9532678
437168623.08601147
437168623.08601147
437168623.08601147
437168623.08601147
437168623.08601147
437168623.08601147
103445557495.14632
103445557495.14632
103445557495.14632
103445557495.14632
103445557495.14632
103445557495.14632
103445557495.14632
103445557495.14632
103445557495.14632
103445557495.14632
103445557495.14632
103445557495.14632
103445557495.14632
103445557495.14632
103445557495.14632
103445557495.14632
103445557495.14632
103445557495.14632
103445557495.14632
103445557495.14632
103445557495.14632
25861389373.786583
562431121.9532678
437168623.08601147
103445557495.14632
103445557495.14632
103445557495.14632
103445557495.14632
103445557495.14632
103445557495.14632
103445557495.14632
103445557495.14632
103445557495.14632
103445557495.14632
103445557495.14632
103445557495.14632
103445557495.14632
103445557495.14632
103445557495.14632
103445557495.14632
103445557495.14632
103445557495.14632
103445557495.14632
103445557495.14632
103445557495.14632
103445557495.14632
103445557495.14632
103445557495.14632
103445557495.14632
103445557495.14632
103445557495.14632
103445557495.14632
25861389373.786583
562431121.9532678
437168623.08601147
103445557495.14632
103445557495.14632
103445557495.14632
103445557495.14632
103445557495.14632
103445557495.14632
103445557495.14632
103445557495.14632
103445557495.14632
103445557495.14632
103445557495.14632
103445557495.14632
103445557495.14632
103445557495.14632
103445557495.14632
103445557495.14632
103445557495.14632
14835720.0
1380035.0
36244344.0
4523930.0
135086.0
30725458.2079138
826098309.6108049
389902221.0453321
7269205.97261968
14835720.0
70420127.1990599
18095720.0
540344.0
1380035.0
477909267.3558555
12197084.154992396
36244344.0
6271427.23648964
4523930.0
135086.0
135086.0
30725458.2079138
826098309.6108049
389902221.0453321
7269205.97261968
14835720.0
70420127.1990599
18095720.0
540344.0
1380035.0
477909267.3558555
12197084.154992396
36244344.0
6271427.23648964
4523930.0
135086.0
135086.0
2838451782.6523747
1559608884.1813283
29076823.89047872
30725458.207913797
30725458.207913797
99259484639.5714
1069851994.6869292
826098309.6108047
826098309.6108047
734021488.4641234
389902221.045332
389902221.0453321
7269205.97261968
7269205.972619679
7269205.97261968
1911637069.423422
48788336.619969584
70420127.1990599
70420127.1990599
25085708.94595856
18095720.0
18095720.0
540344.0
540344.0
540344.0
825455838.7310499
477909267.3558555
477909267.3558554
12197084.154992394
12197084.154992394
12197084.154992396
6271427.236489641
6271427.23648964
6271427.23648964
135086.0
2838451782.6523747
1559608884.1813283
29076823.89047872
30725458.2079138
30725458.2079138
99259484639.5714
1069851994.6869292
826098309.6108049
826098309.6108049
734021488.4641234
389902221.0453321
389902221.0453321
7269205.97261968
7269205.97261968
7269205.97261968
1911637069.423422
48788336.619969584
70420127.1990599
70420127.1990599
25085708.94595856
18095720.0
18095720.0
540344.0
540344.0
540344.0
825455838.7310499
477909267.3558555
477909267.3558555
12197084.154992396
12197084.154992396
12197084.154992396
6271427.23648964
6271427.23648964
6271427.23648964
135086.0
397037938558.2856
4279407978.747717
2838451782.652374
2838451782.652374
2838451782.6523743
2936085953.856493
1559608884.181328
1559608884.1813283
1559608884.1813283
29076823.89047872
29076823.89047872
29076823.890478715
29076823.89047872
30725458.207913797
196291163806.52267
99259484639.5714
99259484639.57144
99259484639.5714
1069851994.6869292
1069851994.6869287
1069851994.6869292
1069851994.6869292
826098309.6108047
734021488.4641231
734021488.4641234
734021488.4641234
734021488.4641234
389902221.0453321
7269205.972619679
7269205.97261968
7269205.972619679
3301823354.9242
1911637069.423422
1911637069.423422
1911637069.4234216
48788336.619969584
48788336.619969584
48788336.61996958
48788336.619969584
70420127.1990599
25085708.94595856
25085708.94595856
25085708.94595856
25085708.94595856
18095720.0
540344.0
540344.0
540344.0
825455838.7310499
825455838.7310498
825455838.7310499
825455838.7310499
477909267.3558554
12197084.154992394
12197084.154992396
12197084.154992394
6271427.236489641
6271427.236489641
6271427.23648964
397037938558.2856
4279407978.747717
2838451782.652374
2838451782.6523747
2838451782.6523747
2936085953.856493
1559608884.1813283
1559608884.1813283
1559608884.1813283
29076823.89047872
29076823.89047872
29076823.89047872
29076823.89047872
30725458.207913797
196291163806.52267
99259484639.5714
99259484639.5714
99259484639.5714
1069851994.6869287
1069851994.6869292
1069851994.6869292
1069851994.6869292
826098309.6108047
734021488.4641234
734021488.4641234
734021488.4641234
734021488.4641234
389902221.0453321
7269205.97261968
7269205.97261968
7269205.972619679
3301823354.9242
1911637069.423422
1911637069.423422
1911637069.4234216
48788336.61996958
48788336.619969584
48788336.619969584
48788336.619969584
70420127.1990599
25085708.94595856
25085708.94595856
25085708.94595856
25085708.94595856
18095720.0
540344.0
540344.0
540344.0
825455838.7310499
825455838.7310498
825455838.7310499
825455838.7310499
477909267.3558554
12197084.154992394
12197084.154992394
12197084.154992394
6271427.236489641
6271427.236489641
6271427.23648964
785164655226.0907
397037938558.2856
397037938558.2856
397037938558.2856
397037938558.2856
4279407978.747716
4279407978.747717
4279407978.747717
4279407978.747717
4279407978.747717
2838451782.652374
2838451782.652374
2838451782.6523747
2936085953.856493
2936085953.856493
2936085953.856493
2936085953.856493
2936085953.856493
1559608884.1813283
1559608884.1813283
1559608884.1813283
29076823.89047872
29076823.89047872
29076823.89047872
29076823.89047872
29076823.89047872
29076823.890478715
196291163806.52267
196291163806.52267
196291163806.52267
196291163806.52267
196291163806.52267
99259484639.5714
99259484639.5714
99259484639.5714
1069851994.6869287
1069851994.6869287
1069851994.6869287
1069851994.6869292
1069851994.6869287
1069851994.6869292
734021488.4641234
734021488.4641234
734021488.4641234
734021488.4641234
734021488.4641234
734021488.4641234
7269205.97261968
3301823354.9242
3301823354.9242
3301823354.924199
3301823354.9242
3301823354.9242
1911637069.423422
1911637069.4234216
1911637069.4234216
48788336.61996958
48788336.61996958
48788336.61996958
48788336.619969584
48788336.61996959
48788336.61996958
25085708.94595856
25085708.94595856
25085708.94595856
25085708.94595856
25085708.94595856
25085708.94595856
540344.0
825455838.7310498
825455838.7310499
825455838.7310499
825455838.7310498
825455838.7310498
825455838.7310499
12197084.154992394
6271427.236489641
785164655226.0907
397037938558.2856
397037938558.2856
397037938558.2856
397037938558.2856
4279407978.747717
4279407978.747717
4279407978.747717
4279407978.747717
4279407978.747717
2838451782.6523747
2838451782.6523747
2838451782.6523747
2936085953.856493
2936085953.856493
2936085953.856493
2936085953.856493
2936085953.856493
1559608884.1813283
1559608884.1813283
1559608884.1813283
29076823.89047872
29076823.89047872
29076823.89047872
29076823.89047872
29076823.89047872
29076823.89047872
196291163806.52267
196291163806.52267
196291163806.52267
196291163806.52267
196291163806.52267
99259484639.5714
99259484639.5714
99259484639.5714
1069851994.6869292
1069851994.6869292
1069851994.6869292
1069851994.6869292
1069851994.6869292
1069851994.6869292
734021488.4641234
734021488.4641234
734021488.4641234
734021488.4641234
734021488.4641234
734021488.4641234
7269205.97261968
3301823354.9242
3301823354.9242
3301823354.9242
3301823354.9242
3301823354.9242
1911637069.423422
1911637069.423422
1911637069.423422
48788336.619969584
48788336.619969584
48788336.619969584
48788336.619969584
48788336.619969584
48788336.619969584
25085708.94595856
25085708.94595856
25085708.94595856
25085708.94595856
25085708.94595856
25085708.94595856
540344.0
825455838.7310499
825455838.7310499
825455838.7310499
825455838.7310499
825455838.7310499
825455838.7310499
12197084.154992396
6271427.23648964
785164655226.0907
785164655226.0908
785164655226.0907
785164655226.0907
785164655226.0907
785164655226.0907
397037938558.2857
397037938558.2856
397037938558.2856
397037938558.2857
397037938558.2857
397037938558.2856
4279407978.747716
4279407978.747717
4279407978.747717
4279407978.747717
4279407978.747716
4279407978.747716
4279407978.747716
4279407978.747717
4279407978.747717
4279407978.747717
2838451782.652374
2936085953.8564925
2936085953.8564925
2936085953.8564925
2936085953.8564925
2936085953.856493
2936085953.856493
2936085953.856493
2936085953.856493
2936085953.856493
2936085953.856493
1559608884.181328
29076823.89047872
29076823.89047872
29076823.89047872
29076823.89047872
196291163806.5227
196291163806.52267
196291163806.52267
196291163806.52267
196291163806.5227
196291163806.5227
196291163806.5227
196291163806.52267
196291163806.52267
196291163806.52267
99259484639.57144
1069851994.6869287
1069851994.6869287
1069851994.6869292
1069851994.6869287
734021488.4641231
734021488.4641231
734021488.4641231
734021488.4641234
3301823354.9242
3301823354.9242
3301823354.9242
3301823354.9242
3301823354.9242
3301823354.9242
3301823354.9242
3301823354.9242
3301823354.9242
3301823354.9242
1911637069.423422
48788336.61996959
48788336.61996959
48788336.619969584
48788336.61996959
25085708.94595856
25085708.94595856
25085708.94595856
25085708.94595856
825455838.7310498
825455838.7310498
825455838.7310498
825455838.7310499
785164655226.0907
785164655226.0907
785164655226.0907
785164655226.0907
785164655226.0907
785164655226.0907
397037938558.2856
397037938558.2856
397037938558.2856
397037938558.2856
397037938558.2856
397037938558.2856
4279407978.747717
4279407978.747717
4279407978.747717
4279407978.747717
4279407978.747717
4279407978.747717
4279407978.747717
4279407978.747717
4279407978.747717
4279407978.747717
2838451782.6523747
2936085953.856493
2936085953.856493
2936085953.856493
2936085953.856493
2936085953.856493
2936085953.856493
2936085953.856493
2936085953.856493
2936085953.856493
2936085953.856493
1559608884.1813283
29076823.89047872
29076823.89047872
29076823.89047872
29076823.89047872
196291163806.52267
196291163806.52267
196291163806.52267
196291163806.52267
196291163806.52267
196291163806.52267
196291163806.52267
196291163806.52267
196291163806.52267
196291163806.52267
99259484639.5714
1069851994.6869292
1069851994.6869292
1069851994.6869292
1069851994.6869292
734021488.4641234
734021488.4641234
734021488.4641234
734021488.4641234
3301823354.9242
3301823354.9242
3301823354.9242
3301823354.9242
3301823354.9242
3301823354.9242
3301823354.9242
3301823354.9242
3301823354.9242
3301823354.9242
1911637069.423422
48788336.619969584
48788336.619969584
48788336.619969584
48788336.619969584
25085708.94595856
25085708.94595856
25085708.94595856
25085708.94595856
825455838.7310499
825455838.7310499
825455838.7310499
825455838.7310499
785164655226.0908
785164655226.0907
785164655226.0907
785164655226.0907
785164655226.0907
785164655226.0908
785164655226.0908
785164655226.0908
785164655226.0908
785164655226.0907
785164655226.0907
785164655226.0907
785164655226.0907
785164655226.0907
785164655226.0907
397037938558.2857
397037938558.2857
397037938558.2856
397037938558.2857
4279407978.747716
4279407978.747716
4279407978.747716
4279407978.747717
4279407978.747717
4279407978.747717
4279407978.747716
4279407978.747716
4279407978.747716
4279407978.747717
2936085953.8564925
2936085953.8564925
2936085953.8564925
2936085953.8564925
2936085953.8564925
2936085953.8564925
2936085953.856493
2936085953.856493
2936085953.856493
2936085953.856493
29076823.89047872
196291163806.5227
196291163806.5227
196291163806.5227
196291163806.52267
196291163806.52267
196291163806.52267
196291163806.5227
196291163806.5227
196291163806.5227
196291163806.52267
1069851994.6869287
734021488.4641231
3301823354.9242
3301823354.9242
3301823354.9242
3301823354.9242
3301823354.9242
3301823354.9242
3301823354.9242
3301823354.9242
3301823354.9242
3301823354.9242
48788336.61996959
25085708.94595856
825455838.7310498
785164655226.0907
785164655226.0907
785164655226.0907
785164655226.0907
785164655226.0907
785164655226.0907
785164655226.0907
785164655226.0907
785164655226.0907
785164655226.0907
785164655226.0907
785164655226.0907
785164655226.0907
785164655226.0907
785164655226.0907
397037938558.2856
397037938558.2856
397037938558.2856
397037938558.2856
4279407978.747717
4279407978.747717
4279407978.747717
4279407978.747717
4279407978.747717
4279407978.747717
4279407978.747717
4279407978.747717
4279407978.747717
4279407978.747717
2936085953.856493
2936085953.856493
2936085953.856493
2936085953.856493
2936085953.856493
2936085953.856493
2936085953.856493
2936085953.856493
2936085953.856493
2936085953.856493
29076823.89047872
196291163806.52267
196291163806.52267
196291163806.52267
196291163806.52267
196291163806.52267
196291163806.52267
196291163806.52267
196291163806.52267
196291163806.52267
196291163806.52267
1069851994.6869292
734021488.4641234
3301823354.9242
3301823354.9242
3301823354.9242
3301823354.9242
3301823354.9242
3301823354.9242
3301823354.9242
3301823354.9242
3301823354.9242
3301823354.9242
48788336.619969584
25085708.94595856
825455838.7310499
785164655226.0908
785164655226.0908
785164655226.0908
785164655226.0908
785164655226.0907
785164655226.0907
785164655226.0907
785164655226.0907
785164655226.0907
785164655226.0907
785164655226.0908
785164655226.0908
785164655226.0908
785164655226.0908
785164655226.0908
785164655226.0908
785164655226.0907
785164655226.0907
785164655226.0907
785164655226.0907
397037938558.2857
4279407978.747716
4279407978.747716
4279407978.747716
4279407978.747717
4279407978.747716
2936085953.8564925
2936085953.8564925
2936085953.8564925
2936085953.8564925
2936085953.856493
196291163806.5227
196291163806.5227
196291163806.5227
196291163806.52267
196291163806.5227
3301823354.9242
3301823354.9242
3301823354.9242
3301823354.9242
3301823354.9242
785164655226.0907
785164655226.0907
785164655226.0907
785164655226.0907
785164655226.0907
785164655226.0907
785164655226.0907
785164655226.0907
785164655226.0907
785164655226.0907
785164655226.0907
785164655226.0907
785164655226.0907
785164655226.0907
785164655226.0907
785164655226.0907
785164655226.0907
785164655226.0907
785164655226.0907
785164655226.0907
397037938558.2856
4279407978.747717
4279407978.747717
4279407978.747717
4279407978.747717
4279407978.747717
2936085953.856493
2936085953.856493
2936085953.856493
2936085953.856493
2936085953.856493
196291163806.52267
196291163806.52267
196291163806.52267
196291163806.52267
196291163806.52267
3301823354.9242
3301823354.9242
3301823354.9242
3301823354.9242
3301823354.9242
785164655226.0908
785164655226.0908
785164655226.0908
785164655226.0908
785164655226.0908
785164655226.0908
785164655226.0907
785164655226.0907
785164655226.0907
785164655226.0907
785164655226.0908
785164655226.0908
785164655226.0908
785164655226.0908
785164655226.0907
4279407978.747716
2936085953.8564925
196291163806.5227
3301823354.9242
785164655226.0907
785164655226.0907
785164655226.0907
785164655226.0907
785164655226.0907
785164655226.0907
785164655226.0907
785164655226.0907
785164655226.0907
785164655226.0907
785164655226.0907
785164655226.0907
785164655226.0907
785164655226.0907
785164655226.0907
4279407978.747717
2936085953.856493
196291163806.52267
3301823354.9242
785164655226.0908
785164655226.0908
785164655226.0908
785164655226.0908
785164655226.0907
785164655226.0908
785164655226.0907
785164655226.0907
785164655226.0907
785164655226.0907
785164655226.0907
785164655226.0907
785164655226.0908
785164655226.0907
4523930.0
4523930.0
9059099.62837262
29997.0
29997.0
29997.0
4523930.0
9059099.62837262
9059099.62837262
9059099.628372625
9059099.628372625
29997.000000000004
29997.000000000004
29997.0
9059099.62837262
9059099.62837262
9059099.62837262
9059099.62837262
9059099.62837262
9059099.628372625
29997.000000000004
9059099.62837262
9059099.62837262
9059099.62837262
9059099.62837262
9059099.62837262
29997.0
29997.0
29997.0
119988.0
1587472.440764594
119988.0
1012824.5616426198
1380035.0
2528312.0
2609129.0
1380035.0
2528312.0
2609129.0
1380035.0
6235545.218141137
2609129.0
1380035.0
6235545.218141137
2609129.0
29997.000000000004
29997.0
119988.0
1587472.4407645937
119988.0
1012824.56164262
29997.000000000004
119988.0
29997.0
1587472.440764594
119988.0
1012824.5616426198
119988.0
1587472.440764594
119988.0
29997.0
1012824.5616426198
119988.0
6349889.7630583765
479952.0
4051298.246570479
1587472.440764594
6349889.7630583765
68900700.48466335
119988.0
4051298.246570479
1012824.5616426198
1380035.0
1380035.0
6235545.218141137
2609129.0
2609129.0
1380035.0
1380035.0
6235545.218141137
2609129.0
2609129.0
6235545.218141137
6235545.218141137
6235545.218141137
6235545.218141137
29997.000000000004
119988.0
29997.000000000004
1587472.4407645937
119988.0
1012824.56164262
119988.0
1587472.4407645937
119988.0
29997.0
1012824.56164262
119988.0
6349889.763058375
479952.00000000006
4051298.24657048
1587472.4407645937
6349889.763058375
68900700.48466334
119988.0
4051298.24657048
1012824.56164262
119988.0
29997.000000000004
1587472.440764594
119988.0
29997.000000000004
1012824.5616426198
119988.0
119988.0
6349889.7630583765
479952.0
4051298.246570479
1587472.440764594
119988.0
1012824.5616426198
1587472.440764594
6349889.7630583765
68900700.48466335
119988.0
4051298.246570479
1012824.5616426198
119988.0
6349889.763058376
479952.0
119988.0
4051298.246570479
1587472.440764594
6349889.7630583765
1587472.440764594
68900700.48466335
119988.0
119988.0
4051298.246570479
1012824.5616426198
1012824.5616426198
6349889.7630583765
479952.0
4051298.246570479
6349889.7630583765
25399559.052233502
275602801.93865347
479952.0
16205192.986281916
4051298.246570479
6349889.7630583765
68900700.48466335
6349889.7630583765
275602801.9386534
68900700.48466335
4051298.246570479
4051298.246570479
1380035.0
6235545.218141137
6235545.218141137
6235545.218141137
2609129.0
1380035.0
6235545.218141137
6235545.218141137
6235545.218141137
2609129.0
6235545.218141137
6235545.218141137
119988.0
29997.000000000004
1587472.440764594
119988.0
29997.000000000004
1012824.56164262
119988.0
119988.0
6349889.7630583765
479952.00000000006
4051298.24657048
1587472.440764594
119988.0
1012824.56164262
1587472.440764594
6349889.763058375
68900700.48466334
119988.0
4051298.246570479
1012824.56164262
119988.0
6349889.7630583765
479952.0
119988.0
4051298.24657048
1587472.440764594
6349889.763058375
1587472.4407645937
68900700.48466334
119988.0
119988.0
4051298.246570479
1012824.56164262
1012824.56164262
6349889.7630583765
479952.00000000006
4051298.24657048
6349889.7630583765
25399559.0522335
275602801.9386533
479952.0
16205192.986281916
4051298.24657048
6349889.7630583765
68900700.48466334
6349889.763058375
275602801.9386534
68900700.48466334
4051298.246570479
4051298.246570479
119988.0
119988.0
6349889.7630583765
479952.0
119988.0
4051298.246570479
1587472.440764594
119988.0
29997.000000000004
1012824.5616426198
1587472.440764594
6349889.763058375
1587472.440764594
68900700.48466334
119988.0
119988.0
4051298.246570479
1012824.5616426198
1012824.5616426198
119988.0
6349889.7630583765
479952.0
4051298.246570479
6349889.7630583765
479952.0
4051298.246570479
6349889.7630583765
25399559.052233502
275602801.9386533
479952.0
16205192.986281916
4051298.246570479
1587472.440764594
6349889.7630583765
68900700.48466334
119988.0
4051298.246570479
1012824.5616426198
6349889.7630583765
68900700.48466334
6349889.763058375
275602801.9386534
68900700.48466335
4051298.246570479
4051298.246570479
6349889.7630583765
479952.0
119988.0
4051298.246570479
6349889.7630583765
25399559.0522335
6349889.763058376
275602801.9386533
479952.0
479952.0
16205192.986281916
4051298.246570479
4051298.246570479
6349889.7630583765
1587472.440764594
68900700.48466334
6349889.763058375
6349889.763058375
275602801.9386534
68900700.48466335
68900700.48466335
119988.0
4051298.246570479
4051298.246570479
4051298.246570479
1012824.5616426198
6349889.7630583765
25399559.052233502
275602801.9386533
479952.0
16205192.986281916
4051298.246570479
25399559.052233502
275602801.9386533
25399559.0522335
1102411207.7546136
275602801.9386534
16205192.986281916
16205192.986281916
6349889.7630583765
275602801.9386534
68900700.48466335
275602801.9386534
275602801.9386534
4051298.246570479
6235545.218141137
6235545.218141137
6235545.218141137
6235545.218141137
6235545.218141137
6235545.218141137
119988.0
119988.0
6349889.7630583765
479952.0
119988.0
4051298.24657048
1587472.440764594
119988.0
29997.000000000004
1012824.56164262
1587472.440764594
6349889.763058375
1587472.4407645937
68900700.48466334
119988.0
119988.0
4051298.246570479
1012824.56164262
1012824.56164262
119988.0
6349889.7630583765
479952.00000000006
4051298.24657048
6349889.7630583765
479952.00000000006
4051298.24657048
6349889.7630583765
25399559.0522335
275602801.9386533
479952.0
16205192.986281916
4051298.24657048
1587472.440764594
6349889.763058375
68900700.48466334
119988.0
4051298.24657048
1012824.56164262
6349889.7630583765
68900700.48466334
6349889.763058375
275602801.9386534
68900700.48466334
4051298.246570479
4051298.246570479
6349889.7630583765
479952.00000000006
119988.0
4051298.24657048
6349889.7630583765
25399559.0522335
6349889.763058375
275602801.9386533
479952.0
479952.0
16205192.986281916
4051298.24657048
4051298.24657048
6349889.763058375
1587472.4407645937
68900700.48466334
6349889.763058375
6349889.763058375
275602801.9386534
68900700.48466334
68900700.48466334
119988.0
4051298.246570479
4051298.246570479
4051298.246570479
1012824.56164262
6349889.7630583765
25399559.0522335
275602801.9386533
479952.00000000006
16205192.986281918
4051298.24657048
25399559.052233502
275602801.9386533
25399559.0522335
1102411207.7546136
275602801.9386533
16205192.986281916
16205192.986281916
6349889.763058375
275602801.9386533
68900700.48466334
275602801.9386534
275602801.9386534
4051298.246570479
119988.0
6349889.7630583765
479952.0
119988.0
4051298.246570479
6349889.7630583765
479952.0
119988.0
4051298.246570479
6349889.7630583765
25399559.0522335
6349889.763058376
275602801.9386533
479952.0
479952.0
16205192.986281916
4051298.246570479
4051298.246570479
1587472.440764594
6349889.7630583765
1587472.440764594
68900700.48466334
119988.0
119988.0
4051298.246570479
1012824.5616426198
1012824.5616426198
6349889.7630583765
1587472.440764594
68900700.48466334
6349889.763058375
6349889.763058375
275602801.9386534
68900700.48466335
68900700.48466335
119988.0
4051298.246570479
4051298.246570479
4051298.246570479
1012824.5616426198
6349889.7630583765
479952.0
4051298.24657048
6349889.7630583765
25399559.052233502
275602801.9386533
479952.0
16205192.986281916
4051298.246570479
6349889.7630583765
25399559.052233502
275602801.9386533
479952.0
16205192.986281916
4051298.246570479
25399559.052233502
275602801.9386533
25399559.0522335
1102411207.7546136
275602801.9386534
16205192.986281916
16205192.986281916
6349889.7630583765
68900700.48466334
6349889.7630583765
275602801.9386534
68900700.48466334
4051298.246570479
4051298.246570479
6349889.7630583765
275602801.9386534
68900700.48466335
275602801.9386534
275602801.9386534
4051298.246570479
6349889.7630583765
25399559.052233502
6349889.7630583765
275602801.9386533
479952.0
479952.0
16205192.986281916
4051298.246570479
4051298.246570479
25399559.052233502
6349889.763058376
275602801.9386533
25399559.0522335
25399559.0522335
1102411207.7546136
275602801.9386534
275602801.9386534
479952.0
16205192.986281916
16205192.986281916
16205192.986281916
4051298.246570479
6349889.7630583765
6349889.763058375
275602801.9386534
68900700.48466335
68900700.48466335
6349889.763058375
275602801.9386534
275602801.9386534
275602801.9386534
68900700.48466335
4051298.246570479
4051298.246570479
4051298.246570479
25399559.052233502
275602801.9386533
25399559.052233502
1102411207.754614
275602801.9386533
16205192.986281916
16205192.986281916
25399559.052233502
1102411207.754614
275602801.9386534
1102411207.7546136
1102411207.7546136
16205192.986281916
275602801.9386534
275602801.9386534
275602801.9386534
6235545.218141137
6235545.218141137
119988.0
6349889.763058375
479952.00000000006
119988.0
4051298.24657048
6349889.763058375
479952.00000000006
119988.0
4051298.24657048
6349889.763058375
25399559.0522335
6349889.763058375
275602801.9386533
479952.00000000006
479952.00000000006
16205192.986281918
4051298.24657048
4051298.24657048
1587472.4407645937
6349889.763058375
1587472.4407645937
68900700.48466334
119988.0
119988.0
4051298.24657048
1012824.56164262
1012824.56164262
6349889.763058375
1587472.4407645937
68900700.48466334
6349889.763058375
6349889.763058375
275602801.9386533
68900700.48466334
68900700.48466334
119988.0
4051298.24657048
4051298.24657048
4051298.24657048
1012824.56164262
6349889.763058375
479952.00000000006
4051298.24657048
6349889.763058375
25399559.0522335
275602801.9386533
479952.00000000006
16205192.986281918
4051298.24657048
6349889.763058375
25399559.0522335
275602801.9386533
479952.00000000006
16205192.986281918
4051298.24657048
25399559.0522335
275602801.9386533
25399559.0522335
1102411207.7546134
275602801.9386533
16205192.986281918
16205192.986281918
6349889.763058375
68900700.48466334
6349889.763058375
275602801.9386533
68900700.48466334
4051298.24657048
4051298.24657048
6349889.763058375
275602801.9386533
68900700.48466334
275602801.9386533
275602801.9386533
4051298.24657048
6349889.763058375
25399559.0522335
6349889.763058375
275602801.9386533
479952.00000000006
479952.00000000006
16205192.986281918
4051298.24657048
4051298.24657048
25399559.0522335
6349889.763058375
275602801.9386533
25399559.0522335
25399559.0522335
1102411207.7546134
275602801.9386533
275602801.9386533
479952.00000000006
16205192.986281918
16205192.986281918
16205192.986281918
4051298.24657048
6349889.763058375
6349889.763058375
275602801.9386533
68900700.48466334
68900700.48466334
6349889.763058375
275602801.9386533
275602801.9386533
275602801.9386533
68900700.48466334
4051298.24657048
4051298.24657048
4051298.24657048
25399559.0522335
275602801.9386533
25399559.0522335
1102411207.7546134
275602801.9386533
16205192.986281918
16205192.986281918
25399559.0522335
1102411207.7546134
275602801.9386533
1102411207.7546134
1102411207.7546134
16205192.986281918
275602801.9386533
275602801.9386533
275602801.9386533
6349889.763058376
479952.0
119988.0
4051298.246570479
6349889.763058376
25399559.052233502
6349889.763058376
275602801.93865347
479952.0
479952.0
16205192.986281916
4051298.246570479
4051298.246570479
6349889.763058376
25399559.052233502
6349889.763058376
275602801.93865347
479952.0
479952.0
16205192.986281916
4051298.246570479
4051298.246570479
25399559.052233502
6349889.763058376
275602801.93865347
25399559.052233502
25399559.052233502
1102411207.754614
275602801.93865347
275602801.93865347
479952.0
16205192.986281916
16205192.986281916
16205192.986281916
4051298.246570479
6349889.7630583765
1587472.440764594
68900700.48466335
6349889.7630583765
6349889.7630583765
275602801.9386534
68900700.48466335
68900700.48466335
119988.0
4051298.246570479
4051298.246570479
4051298.246570479
1012824.5616426198
6349889.7630583765
6349889.7630583765
275602801.9386534
68900700.48466335
68900700.48466335
6349889.7630583765
275602801.9386534
275602801.9386534
275602801.9386534
68900700.48466335
4051298.246570479
4051298.246570479
4051298.246570479
6349889.7630583765
25399559.052233502
275602801.93865347
479952.0
16205192.986281916
4051298.246570479
25399559.052233502
275602801.93865347
25399559.052233502
1102411207.754614
275602801.93865347
16205192.986281916
16205192.986281916
25399559.052233502
275602801.93865347
25399559.052233502
1102411207.754614
275602801.93865347
16205192.986281916
16205192.986281916
25399559.052233502
1102411207.754614
275602801.93865347
1102411207.754614
1102411207.754614
16205192.986281916
6349889.7630583765
275602801.9386534
68900700.48466335
275602801.9386534
275602801.9386534
4051298.246570479
275602801.9386534
275602801.9386534
275602801.9386534
25399559.052233502
6349889.763058376
275602801.93865347
25399559.052233502
25399559.052233502
1102411207.754614
275602801.93865347
275602801.93865347
479952.0
16205192.986281916
16205192.986281916
16205192.986281916
4051298.246570479
25399559.052233502
25399559.052233502
1102411207.754614
275602801.93865347
275602801.93865347
25399559.052233502
1102411207.754614
1102411207.754614
1102411207.754614
275602801.93865347
16205192.986281916
16205192.986281916
16205192.986281916
6349889.7630583765
275602801.9386534
275602801.9386534
275602801.9386534
68900700.48466335
275602801.9386534
275602801.9386534
275602801.9386534
4051298.246570479
25399559.052233502
1102411207.754614
275602801.93865347
1102411207.754614
1102411207.754614
16205192.986281916
1102411207.754614
1102411207.754614
1102411207.754614
275602801.9386534
6349889.763058375
479952.00000000006
119988.0
4051298.24657048
6349889.763058375
25399559.0522335
6349889.763058375
275602801.9386533
479952.00000000006
479952.00000000006
16205192.986281918
4051298.24657048
4051298.24657048
6349889.763058375
25399559.0522335
6349889.763058375
275602801.9386533
479952.00000000006
479952.00000000006
16205192.986281918
4051298.24657048
4051298.24657048
25399559.0522335
6349889.763058375
275602801.9386533
25399559.0522335
25399559.0522335
1102411207.7546134
275602801.9386533
275602801.9386533
479952.00000000006
16205192.986281918
16205192.986281918
16205192.986281918
4051298.24657048
6349889.763058375
1587472.4407645937
68900700.48466334
6349889.763058375
6349889.763058375
275602801.9386533
68900700.48466334
68900700.48466334
119988.0
4051298.24657048
4051298.24657048
4051298.24657048
1012824.56164262
6349889.763058375
6349889.763058375
275602801.9386533
68900700.48466334
68900700.48466334
6349889.763058375
275602801.9386533
275602801.9386533
275602801.9386533
68900700.48466334
4051298.24657048
4051298.24657048
4051298.24657048
6349889.763058375
25399559.0522335
275602801.9386533
479952.00000000006
16205192.986281918
4051298.24657048
25399559.0522335
275602801.9386533
25399559.0522335
1102411207.7546134
275602801.9386533
16205192.986281918
16205192.986281918
25399559.0522335
275602801.9386533
25399559.0522335
1102411207.7546134
275602801.9386533
16205192.986281918
16205192.986281918
25399559.0522335
1102411207.7546134
275602801.9386533
1102411207.7546134
1102411207.7546134
16205192.986281918
6349889.763058375
275602801.9386533
68900700.48466334
275602801.9386533
275602801.9386533
4051298.24657048
275602801.9386533
275602801.9386533
275602801.9386533
25399559.0522335
6349889.763058375
275602801.9386533
25399559.0522335
25399559.0522335
1102411207.7546134
275602801.9386533
275602801.9386533
479952.00000000006
16205192.986281918
16205192.986281918
16205192.986281918
4051298.24657048
25399559.0522335
25399559.0522335
1102411207.7546134
275602801.9386533
275602801.9386533
25399559.0522335
1102411207.7546134
1102411207.7546134
1102411207.7546134
275602801.9386533
16205192.986281918
16205192.986281918
16205192.986281918
6349889.763058375
275602801.9386533
275602801.9386533
275602801.9386533
68900700.48466334
275602801.9386533
275602801.9386533
275602801.9386533
4051298.24657048
25399559.0522335
1102411207.7546134
275602801.9386533
1102411207.7546134
1102411207.7546134
16205192.986281918
1102411207.7546134
1102411207.7546134
1102411207.7546134
275602801.9386533
6349889.763058376
25399559.052233502
6349889.763058376
275602801.93865347
479952.0
479952.0
16205192.986281916
4051298.246570479
4051298.246570479
25399559.052233502
6349889.763058376
275602801.93865347
25399559.052233502
25399559.052233502
1102411207.754614
275602801.93865347
275602801.93865347
479952.0
16205192.986281916
16205192.986281916
16205192.986281916
4051298.246570479
25399559.052233502
6349889.763058376
275602801.93865347
25399559.052233502
25399559.052233502
1102411207.754614
275602801.93865347
275602801.93865347
479952.0
16205192.986281916
16205192.986281916
16205192.986281916
4051298.246570479
25399559.052233502
25399559.052233502
1102411207.754614
275602801.93865347
275602801.93865347
25399559.052233502
1102411207.754614
1102411207.754614
1102411207.754614
275602801.93865347
16205192.986281916
16205192.986281916
16205192.986281916
6349889.7630583765
6349889.7630583765
275602801.9386534
68900700.48466335
68900700.48466335
6349889.7630583765
275602801.9386534
275602801.9386534
275602801.9386534
68900700.48466335
4051298.246570479
4051298.246570479
4051298.246570479
6349889.7630583765
275602801.9386534
275602801.9386534
275602801.9386534
68900700.48466335
275602801.9386534
275602801.9386534
275602801.9386534
4051298.246570479
25399559.052233502
275602801.93865347
25399559.052233502
1102411207.754614
275602801.93865347
16205192.986281916
16205192.986281916
25399559.052233502
1102411207.754614
275602801.93865347
1102411207.754614
1102411207.754614
16205192.986281916
25399559.052233502
1102411207.754614
275602801.93865347
1102411207.754614
1102411207.754614
16205192.986281916
1102411207.754614
1102411207.754614
1102411207.754614
275602801.9386534
275602801.9386534
275602801.9386534
275602801.9386534
25399559.052233502
25399559.052233502
1102411207.754614
275602801.93865347
275602801.93865347
25399559.052233502
1102411207.754614
1102411207.754614
1102411207.754614
275602801.93865347
16205192.986281916
16205192.986281916
16205192.986281916
25399559.052233502
1102411207.754614
1102411207.754614
1102411207.754614
275602801.93865347
1102411207.754614
1102411207.754614
1102411207.754614
16205192.986281916
275602801.9386534
275602801.9386534
275602801.9386534
275602801.9386534
1102411207.754614
1102411207.754614
1102411207.754614
1102411207.754614
6349889.763058375
25399559.0522335
6349889.763058375
275602801.9386533
479952.00000000006
479952.00000000006
16205192.986281918
4051298.24657048
4051298.24657048
25399559.0522335
6349889.763058375
275602801.9386533
25399559.0522335
25399559.0522335
1102411207.7546134
275602801.9386533
275602801.9386533
479952.00000000006
16205192.986281918
16205192.986281918
16205192.986281918
4051298.24657048
25399559.0522335
6349889.763058375
275602801.9386533
25399559.0522335
25399559.0522335
1102411207.7546134
275602801.9386533
275602801.9386533
479952.00000000006
16205192.986281918
16205192.986281918
16205192.986281918
4051298.24657048
25399559.0522335
25399559.0522335
1102411207.7546134
275602801.9386533
275602801.9386533
25399559.0522335
1102411207.7546134
1102411207.7546134
1102411207.7546134
275602801.9386533
16205192.986281918
16205192.986281918
16205192.986281918
6349889.763058375
6349889.763058375
275602801.9386533
68900700.48466334
68900700.48466334
6349889.763058375
275602801.9386533
275602801.9386533
275602801.9386533
68900700.48466334
4051298.24657048
4051298.24657048
4051298.24657048
6349889.763058375
275602801.9386533
275602801.9386533
275602801.9386533
68900700.48466334
275602801.9386533
275602801.9386533
275602801.9386533
4051298.24657048
25399559.0522335
275602801.9386533
25399559.0522335
1102411207.7546134
275602801.9386533
16205192.986281918
16205192.986281918
25399559.0522335
1102411207.7546134
275602801.9386533
1102411207.7546134
1102411207.7546134
16205192.986281918
25399559.0522335
1102411207.7546134
275602801.9386533
1102411207.7546134
1102411207.7546134
16205192.986281918
1102411207.7546134
1102411207.7546134
1102411207.7546134
275602801.9386533
275602801.9386533
275602801.9386533
275602801.9386533
25399559.0522335
25399559.0522335
1102411207.7546134
275602801.9386533
275602801.9386533
25399559.0522335
1102411207.7546134
1102411207.7546134
1102411207.7546134
275602801.9386533
16205192.986281918
16205192.986281918
16205192.986281918
25399559.0522335
1102411207.7546134
1102411207.7546134
1102411207.7546134
275602801.9386533
1102411207.7546134
1102411207.7546134
1102411207.7546134
16205192.986281918
275602801.9386533
275602801.9386533
275602801.9386533
275602801.9386533
1102411207.7546134
1102411207.7546134
1102411207.7546134
1102411207.7546134
25399559.052233502
6349889.763058376
275602801.93865347
25399559.052233502
25399559.052233502
1102411207.754614
275602801.93865347
275602801.93865347
479952.0
16205192.986281916
16205192.986281916
16205192.986281916
4051298.246570479
25399559.052233502
25399559.052233502
1102411207.754614
275602801.93865347
275602801.93865347
25399559.052233502
1102411207.754614
1102411207.754614
1102411207.754614
275602801.93865347
16205192.986281916
16205192.986281916
16205192.986281916
25399559.052233502
25399559.052233502
1102411207.754614
275602801.93865347
275602801.93865347
25399559.052233502
1102411207.754614
1102411207.754614
1102411207.754614
275602801.93865347
16205192.986281916
16205192.986281916
16205192.986281916
25399559.052233502
1102411207.754614
1102411207.754614
1102411207.754614
275602801.93865347
1102411207.754614
1102411207.754614
1102411207.754614
16205192.986281916
6349889.7630583765
275602801.9386534
275602801.9386534
275602801.9386534
68900700.48466335
275602801.9386534
275602801.9386534
275602801.9386534
4051298.246570479
275602801.9386534
275602801.9386534
275602801.9386534
275602801.9386534
25399559.052233502
1102411207.754614
275602801.93865347
1102411207.754614
1102411207.754614
16205192.986281916
1102411207.754614
1102411207.754614
1102411207.754614
1102411207.754614
1102411207.754614
1102411207.754614
1102411207.754614
275602801.9386534
25399559.052233502
1102411207.754614
1102411207.754614
1102411207.754614
275602801.93865347
1102411207.754614
1102411207.754614
1102411207.754614
16205192.986281916
1102411207.754614
1102411207.754614
1102411207.754614
1102411207.754614
275602801.9386534
1102411207.754614
25399559.0522335
6349889.763058375
275602801.9386533
25399559.0522335
25399559.0522335
1102411207.7546134
275602801.9386533
275602801.9386533
479952.00000000006
16205192.986281918
16205192.986281918
16205192.986281918
4051298.24657048
25399559.0522335
25399559.0522335
1102411207.7546134
275602801.9386533
275602801.9386533
25399559.0522335
1102411207.7546134
1102411207.7546134
1102411207.7546134
275602801.9386533
16205192.986281918
16205192.986281918
16205192.986281918
25399559.0522335
25399559.0522335
1102411207.7546134
275602801.9386533
275602801.9386533
25399559.0522335
1102411207.7546134
1102411207.7546134
1102411207.7546134
275602801.9386533
16205192.986281918
16205192.986281918
16205192.986281918
25399559.0522335
1102411207.7546134
1102411207.7546134
1102411207.7546134
275602801.9386533
1102411207.7546134
1102411207.7546134
1102411207.7546134
16205192.986281918
6349889.763058375
275602801.9386533
275602801.9386533
275602801.9386533
68900700.48466334
275602801.9386533
275602801.9386533
275602801.9386533
4051298.24657048
275602801.9386533
275602801.9386533
275602801.9386533
275602801.9386533
25399559.0522335
1102411207.7546134
275602801.9386533
1102411207.7546134
1102411207.7546134
16205192.986281918
1102411207.7546134
1102411207.7546134
1102411207.7546134
1102411207.7546134
1102411207.7546134
1102411207.7546134
1102411207.7546134
275602801.9386533
25399559.0522335
1102411207.7546134
1102411207.7546134
1102411207.7546134
275602801.9386533
1102411207.7546134
1102411207.7546134
1102411207.7546134
16205192.986281918
1102411207.7546134
1102411207.7546134
1102411207.7546134
1102411207.7546134
275602801.9386533
1102411207.7546134
25399559.052233502
25399559.052233502
1102411207.754614
275602801.93865347
275602801.93865347
25399559.052233502
1102411207.754614
1102411207.754614
1102411207.754614
275602801.93865347
16205192.986281916
16205192.986281916
16205192.986281916
25399559.052233502
1102411207.754614
1102411207.754614
1102411207.754614
275602801.93865347
1102411207.754614
1102411207.754614
1102411207.754614
16205192.986281916
25399559.052233502
1102411207.754614
1102411207.754614
1102411207.754614
275602801.93865347
1102411207.754614
1102411207.754614
1102411207.754614
16205192.986281916
1102411207.754614
1102411207.754614
1102411207.754614
1102411207.754614
275602801.9386534
275602801.9386534
275602801.9386534
275602801.9386534
275602801.9386534
1102411207.754614
1102411207.754614
1102411207.754614
1102411207.754614
1102411207.754614
1102411207.754614
1102411207.754614
1102411207.754614
1102411207.754614
1102411207.754614
25399559.0522335
25399559.0522335
1102411207.7546134
275602801.9386533
275602801.9386533
25399559.0522335
1102411207.7546134
1102411207.7546134
1102411207.7546134
275602801.9386533
16205192.986281918
16205192.986281918
16205192.986281918
25399559.0522335
1102411207.7546134
1102411207.7546134
1102411207.7546134
275602801.9386533
1102411207.7546134
1102411207.7546134
1102411207.7546134
16205192.986281918
25399559.0522335
1102411207.7546134
1102411207.7546134
1102411207.7546134
275602801.9386533
1102411207.7546134
1102411207.7546134
1102411207.7546134
16205192.986281918
1102411207.7546134
1102411207.7546134
1102411207.7546134
1102411207.7546134
275602801.9386533
275602801.9386533
275602801.9386533
275602801.9386533
275602801.9386533
1102411207.7546134
1102411207.7546134
1102411207.7546134
1102411207.7546134
1102411207.7546134
1102411207.7546134
1102411207.7546134
1102411207.7546134
1102411207.7546134
1102411207.7546134
25399559.052233502
1102411207.754614
1102411207.754614
1102411207.754614
275602801.93865347
1102411207.754614
1102411207.754614
1102411207.754614
16205192.986281916
1102411207.754614
1102411207.754614
1102411207.754614
1102411207.754614
1102411207.754614
1102411207.754614
1102411207.754614
1102411207.754614
1102411207.754614
275602801.9386534
1102411207.754614
1102411207.754614
25399559.0522335
1102411207.7546134
1102411207.7546134
1102411207.7546134
275602801.9386533
1102411207.7546134
1102411207.7546134
1102411207.7546134
16205192.986281918
1102411207.7546134
1102411207.7546134
1102411207.7546134
1102411207.7546134
1102411207.7546134
1102411207.7546134
1102411207.7546134
1102411207.7546134
1102411207.7546134
275602801.9386533
1102411207.7546134
1102411207.7546134
1102411207.754614
1102411207.754614
1102411207.754614
1102411207.754614
1102411207.754614
1102411207.754614
1102411207.7546134
1102411207.7546134
1102411207.7546134
1102411207.7546134
1102411207.7546134
1102411207.7546134
1102411207.754614
1102411207.7546134
