557329.5206883907
7255481.726005786
4791576.052291843
6407203.393777023
5513554.006098039
5912207.633986952
5578481.461782625
3356689.386546898
13615417.511900425
22911318.431488063
23078036.601973273
11534637.681916391
6428793.980649406
11656064.114679411
312055.9705362323
1709706.7246430616
4627536.652502068
2389441.45179118
5590613.508351159
505943.548373189
120961.28313161289
13895695.515581807
14556944.041359667
4591014.9516582
4809485.61872225
9400500.57038045
687893.6057634568
28452639.556941476
8157182.963265942
8545355.343907952
16702538.307173895
4256780.923115835
4459346.538259987
8716127.461375821
2929247.3058510767
3068640.1459187656
5997887.451769843
819372.7539114376
293264.31291672576
307219.756482828
3701126.577467381
1162124.406260008
1217425.9238809291
44795619.155360684
31844702.063421056
80267374.0533871
30539760.898334436
308393507.3799744
274180562.72256505
136135432.28146273
809565291.8190856
20511557.352088172
65719071.3728843
41532934.71093904
274562070.08770967
93034.16684468495
137254823.52997023
3003532.5785068404
3032669.326075071
988903468.7750286
12788504.520879114
265919351.86781162
23606815.35751292
22241007.581911314
46815500.155826844
44296531.59516766
27052401.53305951
12703580.655621076
24679668.11176642
336082703.3037737
46404451.71917526
352075727.31972593
44956413.44365478
95858789.51636682
90700983.31434292
26011681.176491797
688158430.6234996
2024865464.4248612
38325607.045122094
46616580.070146196
577564359.8834785
52147973.43780826
43405341.93505267
25081836.887320813
7450350.6314346455
22881939.30790479
311633643.37031776
326463220.41670126
46852751.68569831
28057977.693843797
14028772.912700517
17063615.326454077
2990477.326922676
2829570.8249562583
11850424.80423067
184052091.50055295
392447024.7456707
226776056.1894378
106492132.20665836
206885802.56400064
8571855.477829996
123894478.43861865
4412302806.899933
10791505.857772695
192810499.7453652
35621083.54449099
36050441.963453546
8729958.161379421
760332174.7015502
464343607.67818123
17584419.873861995
423616591.4258381
5529438279.044205
1.0
25746621571.78763
19087.97771843063
81488816527.68227
7671442610.504998
33073029428.35759
6549620.494131996
15541636171.058395
363770385.4330196
108757053077.3411
72886.18136072428
3101592.548520605
4328.30281714109
8377.179600443444
4163673285.3984413
3157849639.409706
40521.96321186952
5228269.956412973
37758261085.56355
1.0
5481037513.721674
8525481512.563784
155820.95527191472
6901034.302501512
3276131.186952015
77313308409.76967
222689481574.69586
5441592695.019275
872250.9478983452
2927823966.8876224
102019.00803001314
118022.61795155924
35011686749.759865
14348.835678584144
189454.242885644
402183.5435611069
253951.09538207584
26471760238.71404
9590544730.280848
6449235.337112291
1.0
68774231.05000801
509965564098.1991
85419.46888583491
15053.038672661936
1070873739.4949265
983230.923088153
3270965.8121900554
121752.13945010248
578531.1535170808
2853152.806759513
567396805657.2859
1.0
23523638083.598213
11130.864681322293
57091902688.02031
7671442610.504998
22944201971.172806
219738.35077148597
867931951.6328214
104610394.74598505
108757053077.3411
72886.18136072428
219727.2725737934
7157974.9966607
2653.4396693541994
2434.39621647853
3673190947.755689
112374450.17331205
8506.9205574241
3918492.606715499
18084397369.731365
1.0
3778340762.676847
31959.657960882687
3709.5290434107205
6901034.302501512
3163441.384978963
25604258371.281376
49663.47275743738
26408891874.912945
2358391243.543619
500274.84625314525
4765.702964266568
178.2267667796203
5665.767574215057
32330584179.720097
5830.476943551695
12451.717846708067
375790.1883842591
1.0
13503050525.256126
9590544730.280848
41.23555827007172
1471110.8978444135
1.0
3794038546.246845
63763318186.33368
50631.747962114954
9324.361709558778
141072360.4682407
983230.923088153
16.468640209383143
97682.73768494632
563663.5397593133
1496568.2027543678
74004.45286682835
26182816.717523664
2151631.9249885255
227091789.70629567
79874650.91916822
568435807.7526103
5107757.549606442
65719071.3728843
1805.08640709081
188581576.14534315
3256.132535609245
110916248.94290644
1109.6170701435299
7445890.2430316955
867302.5521424802
1405209.0963763723
128226646.7097416
6778.95785529509
988903468.7750286
12788504.520879114
186776675.40997493
18392844.402317036
1.0
54279.48125861369
1843146195.210557
8605112.518719811
13225309.859062526
13111680.440701488
37040102.09307834
941901.4627070294
22985217.157716297
2683657.0389871183
3631441.7942519495
8119584.178404715
114930451.28306417
152218503.50319356
4286.506169401246
235131753.80490765
245458463.56409174
89178.2629116155
32083045.81386525
11802335.103101516
1934958.4397073274
94699847.73491402
116734571.5973919
88377.26867261918
30807944.430847082
48261769.853352904
7.841418820452672
360.8189665176091
539522.7410726972
217749336.3555883
530.2332335768399
225463211.9076166
629270720.4156171
688158430.6234996
30691345.131956
20290615.276145544
1.0
244128165.67816898
287231497.2612719
44412846.35066944
2821944.4278922174
38.89882734098689
14382.615701736206
15348984.025745366
14649787.863670466
270900553.1439883
12119194.029016174
541536.8145984829
3812099.6855063746
10351440.630358344
904077.629289795
1197345.6828626327
2119625.394346045
746340.3890059525
38850517.66292517
164657034.86223605
26.393989336969284
113564820.75662993
198549065.7667467
708.2222023823648
106492132.20665836
1035.7862478063064
1665683.192345163
55766898.04632022
3335150.119632887
321293424.5268678
34917237.47601866
8619.837848754682
1826211869.7755287
944878134.6032249
586062237.8701953
345644658.80350316
23383.97925892405
5979837.256418303
1038.9751416237907
21181163.246123772
19950365.52976854
1146882.9158427413
562838577.0081613
18903060.180277143
3851.544382943379
760332174.7015502
427657165.7953454
1.7977970249337805
387693700.5832082
233088059.55950302
2724213977.820615
680.8910190989316
7843.5214590080905
1.0
144730848.25042343
162783196.6872916
31548.200720054763
111.69867634895927
423123764.958233
26013.984088027057
381349995.1711518
13914.628082288267
3201.9377068042295
136580774.12301093
3735.686693251722
12760632.059764415
153396.93209193376
3504.636537745628
498996935.97091794
61048.82049009778
61048.82049009778
67086.91428748348
522742489.9742019
126785.0456405447
36189.178772816835
23191.538200786206
11851.342027365989
564.5933330940233
444.1131450283744
264.68088167155713
5968.900206162313
5389.315077883965
264.15675219502936
5932.286429429442
45404.02491603399
2574.4704385771984
167487938.01035672
716.2699823621685
465.2469675203308
1.0
175458114.9598108
6793.378727134338
26461.290805590263
30611.579353336296
22811.69186071291
909.3601125487053
14532.249139084679
342946052.9701675
1021739425.9451199
34057.332024125
4012.0504601031002
291622580.1128613
10552.39296636354
305499899.2414311
94225.19260580205
597122479.3542924
523.523045671194
40397.9216448845
155304340.80731145
453.35735206997674
5985.884556560268
29077.413916146266
177200.34595185035
29077.413916146266
29077.413916146266
9580.826656668149
9507.095893222202
9507.095893222202
93688.33287839382
56410.690557462345
154576.4533138263
1.0
335847.47341274825
2228422423.5574646
24961.14818797052
147501.63953980675
5455.232836435854
709341194.2862933
42668.10308136428
48788.43734659243
13826.21894736436
156556.73938071667
5110.806327355485
167653.30672439904
1.0
2900699617.486989
389.30500420344356
1.0
120001505.51086159
5.194529873291699
31548.200720054763
65.87971955286334
298490437.3205608
12916.069878662884
381349995.1711518
9064.821606347283
2917.957154419904
93189972.21086496
1.0
386554.5448147243
103436.71782053022
239.02890185548253
6594.343520030278
11853.591191817846
25923927.492733255
1896.1954954185148
407146340.7816862
174225731.17497522
498996935.97091794
34909.68479942232
61048.82049009778
34709.011521996516
2995.656061337663
8264.942876913441
1.0
25051.528651448047
237330722.54058695
129390724.64636828
16324.079323083024
4383.280344733962
232.06137970708087
38.23052024603794
74.50559711327519
5968.900206162313
1.0
200.86853294633764
1422.0847309835465
1.0
2497.807828236176
807987.4964262312
75932565.7541368
144957485.88151804
378.2028423085884
459.06647286433406
1.0
47747938.271302626
51.64924295570666
17223.615354864745
30611.579353336296
252.7436201215071
856.9014656065003
13151.886847677499
3844664.8787070177
109371631.32178874
289.14141430240966
112996961.55976859
241791671.52101994
2399.7570327647704
34057.332024125
2115.6956809577755
125482281.76068479
5039.060008778205
298523373.9061776
3383.5312949867357
7170.426760748917
321790494.7177776
25.60396646092258
31.089429306110947
317.30080070090673
20.865177356497366
134413401.6366964
212.40674921153118
310.6612113977785
25826.031298783982
96254.12696944835
13357.789149296734
1.0
1.0
9507.095893222202
8439.74835247729
75484.35910641201
19547.77308724967
67038.62913558705
7675.6442384628635
1.0
1.0
17791400.826862894
708331960.1451708
313979047.4808837
1066450143.2774693
2228422423.5574646
1.0
95775.41420328601
3161.9721444245397
1612.5616155614161
373921890.9960558
40735701.762891166
93695807.08835004
39751.57047256797
48788.43734659243
6899.773177655615
1.0
4326.329106086854
1.0
1.0
472.3526537706836
34369.18967423282
3882188.86906378
167706.76626066782
60520.02235026314
3043144.9188195816
1.0
5578481.461782625
1886346.5824398124
9165040.92502173
4025402.0178932836
10516720.001859551
11534637.681916391
83.55655308341319
5100221.338738684
8458.908683495454
1167266.0102920677
109787.31853349954
1588374.6382332146
450686.6645822718
1.0
3885.6697589845853
1.0
7273013.7382488595
73.24161317648571
107.5987810465048
211.69287791308173
477.9151466901887
355347.3602776075
6577128.533355294
307188.5286396044
1319375.3487602076
4325043.93238704
532838.5842851162
7092922.991350074
785361.0499548212
8222894.474124609
65.46004827735798
105.41564387647557
10978336.887672164
4262825.8961890815
13895695.515581807
477231.13520810695
167363.7630761792
4691586.446986897
70.72377069532713
16.853564356773198
7852715.890420462
14556944.041359667
1.0
13369353.873821842
449.399298901988
17711389.030505825
828431.9468635418
1850566.2287569728
6324815.79618199
69.83747914084094
4727923.396440766
38234.995982747736
1059997.3703599493
1389643.4361025628
1017754.7327440741
1999692.2461348635
26.63850521596264
18.599010466625508
2583611.6091781217
1082919.5878077792
2174388.9547557957
483522.8318948879
268137.26877729833
2190448.2465713145
2107061.5533525096
898401.9336788154
2701751.719753405
2203.2402679713887
247260.9963668418
3245068.3394674887
3662453.022675088
1.0
1606283.5896887344
527611.6850202756
1718013.3097832885
1019971.5316842691
1984467.8262951798
4311882.254972171
4591014.9516582
744835.161660107
1714558.2598004132
147518.886289934
2258228.2400004934
941193.8838430528
3117583.0562148723
53685.60650955372
35449.18319827871
1446008.2068856938
1.0330017611356301
1262402.9196602225
70854.5141860153
23497.29476326567
2012016.9403948085
7.829147283091373
2197358.357877389
3738132.064996664
681396.8295780336
4374373.628800339
5819334.775968277
339592.1170499264
108591.92649316334
4386367.380991888
1.0
63.622128591405456
9400500.57038045
18152.58571640895
1.0
2308816.907403285
2751841.7365574986
4822257.016237758
1.0
6123149.197189064
3439118.774992514
8157182.963265942
398393.13795289345
3736334.4866832946
7996006.44363502
14.731121514155
134.46592181935537
10386716.050951831
596049.7964027504
7808710.348855099
141377.07497041722
159785.58541666507
5.77406579557506
1.0
2505113.3908737795
5708.570738677059
2748215.606706601
51629.26603646365
172206.39826463428
215170.188166877
1057848.1395357
99833.45179072637
23140.49198095605
756237.936450139
1438043.8118105289
165600.90103051253
89025.3711463844
960981.4434872052
318026.6241352224
27840.470063737554
87991.68122031302
216419.21193738468
1.0
1.2416002888545574
1950509.5668636935
55423.46894374352
288809.9821959355
1204586.882689178
3091580.2707005353
1.0
457484.36048623716
275067.26175344456
4641713.441312336
8896602.788572663
182.39523572819382
87.51234680673971
1.4654516803600421
12713210.93982096
18540498.011046637
9126861.789260339
9128128.906081596
12257796.214900643
6738921.496411477
21437719.330688395
3509135.0653979406
1.1932844959490592
2621024.1562985666
18954188.86795343
34492895.742017545
68.92749800418046
237.40433851945542
17766345.630848445
17441062.190111753
19750531.19154479
5659969.41971162
44795619.155360684
408747.788787856
9521178.940116648
10218390.875500808
12036536.979690034
158.5766968886451
72.39329200122063
149.85821051427405
16786606.09263094
1828762.0914063004
3775178.590434388
134.36173856361788
3220940.2351442515
9725158.68159635
5.076197095537793
1.0
27194875.498054978
42408859.536226794
49844752.27002652
2833447.0052912845
16465462.539443715
14733225.08144136
1231259.5883172634
41082529.31602044
426.51264169160794
9.898594012096147
3.930907820544317
80267374.0533871
2571740.7051240946
10504245.24084197
33655192.78151741
93613370.06829269
59654717.3518981
41855242.9922489
4474000.058307613
35079342.72261995
74605213.89873049
4701894.257105392
2167844.107012092
2240094.9366892516
8077961.747932471
6956449.8188672615
2617035.6310303216
21197470.574217513
58203750.307814285
32285073.557979915
30217109.467003487
3959089.958054577
1715769.630577406
26104.218459215997
1419093.6033812237
1041907.6415320568
5474970.797296132
14721959.021385243
27032811.56545935
8395373.297578625
7499169.524452655
5729890.640354776
10778595.69080116
250738.80441197215
253435.76744533813
254428.8924774501
3148210.5605405066
2011128.0776894945
257574.1494849814
1867427.9680815537
1967981.1074289614
5021432.814776407
9220474.454064345
2863532.1500026993
2557850.8864857918
1954377.1888484973
85994.12495619508
3184187.288462238
4344289.156758607
54179751.0367627
162744669.71267214
3391216.441870612
15888681.27464972
4934426.083795518
4903242.4517311
5486977.616739306
7486060.085143275
4975873.964507228
95413659.52777688
1317040.1800610665
4655659.0788048245
8548832.013968524
2654945.3001499916
3408613.406120134
2952243.115654279
1219855.9583192384
4027840.25987554
50236126.38371971
1241326.8576491901
1806206.0413700338
11243942.317434937
320758.74296486273
588984.8384951459
21331421.362656455
1271077.1386172574
2159203.859412281
11907946.743257022
15654356.945052171
2898656.195515937
42093886.8870336
77293797.0158722
24004542.700421453
21442064.418903477
22867071.405053195
716927.0649222659
681363.2905936233
23852843.431908187
26692544.63651087
716123.0438326892
719552.6478297086
36417497.37864532
728674.2639072564
460706418.46655416
21020601.340226293
212346114.16981614
1218257.8961323977
12496408.01086289
918850.8950887441
1607297.8602761466
7384550.0975062335
58023018.27341447
23642436.354277253
8002388.838064511
11618876.7194407
2758612.3394268835
1419636.0762985765
991480.2240597912
1200019.764016373
16784573.705972023
4869438.829881122
43205036.700450495
2990427.2098843907
24275565.459982354
5380753.705159998
12490451.463117588
53869.78766054224
1136558.0537328208
2672682.661983764
120721528.04153746
120721528.04153746
4236878.913378272
120721528.04153746
2226490.4021676374
630057.341924904
409308.2050193796
5949262.815712096
18451579.644487776
265383.3502090405
8871896.014112582
41176248.451524846
41176248.451524846
41176248.451524846
131076046.62881614
396195099.64379424
31795681.387724277
61686.65205752324
6215142.0291441735
2325681.2047346598
6672457.250046673
70954731.3418002
70954731.3418002
232087933.3136369
4049098.306918997
17107520.394848682
1220322.2692228202
38176867.44117094
27202249.540337313
16211760.483797483
16211760.483797483
1419145.9406053773
36609700.84813051
3431166.744543551
3431166.744543551
13922984.502986241
13922984.502986241
123534369.65672068
70658903.08731349
70658903.08731349
154676709.83401272
8550404.503499063
29968281.64097864
30234851.975534793
11313760.270916687
11313760.270916687
74555414.45660739
2221777.2823721804
74371718.40527916
2249745.236741438
345174058.61738247
345174058.61738247
12114332.166985039
345174058.61738247
1048121081.3058119
93546.46926909982
10699724845.562397
173117877.48332992
950178640.1001691
5056.804507995651
8973.472434453846
71034888.51325081
2219.6542334207056
1434.1146456607667
25566.191389072857
1.0
12774.214562702913
807969911.2188776
47.009977857997264
7809114232.73588
1219814.6897321697
17383.846997829743
1233.1946752553426
26476922.395255204
639760915.4446719
1976.9611363641714
29409609.820749003
1.0
94341.41887903969
2663568238.821775
188472.4272475893
311066.5430755043
3944808.533751393
744797.2712306149
82264.19139891856
4589849146.132013
1.0
1.0
711859.0592059187
37236.560122717434
2469547260.812838
161953.7091900829
91800302.2567578
4396.619623508893
75605.37847234376
21999.851922958795
11050625179.713766
7223.089227441503
68632.78026310119
1938558420.2734816
373993.24427751714
106028.59799073415
59205.94165578862
1721480713.1843603
1825202.237529072
412509.18327258667
22328276469.402794
537669.6221615454
130538.03802464933
77214.44555849988
5025516273.110751
164967876.74388292
661290420.8748441
3220.3770311045732
1.0
71612.56861252163
2219.6542334207056
949.067379934659
21713.5501355613
1.0
1.0
760542049.1051661
50.54174510606226
8307.733907982516
962704403.1931623
1257768.7194160016
12421.51051127288
1.0
1803329.9729263042
212311270.91452897
1754.8956317361854
2256266.0566991833
1.0
86918.67839923361
1834813983.9867115
32546.05723315271
1.0
82863.23837362533
689447.6739406871
82264.19139891856
4279506984.5002604
1.0
1.0
82986.32701009022
1.0
2115549742.76419
77.00370771188015
1074669.1287134632
1.0
5370.173203555002
1.0
270987589.1350032
5848.330511942942
62992.44774494407
8176.334032375099
357942.7321580588
66281.45175499294
299.09620961712267
1627222848.3321753
576123.6271344703
2.364895752315437
293769178.1065797
28218.837931559818
72309.48677579738
17226221.127311394
79177163.26281185
1162811.5981279814
8707399.891608628
325963.8007958045
1006754.8281320449
573503.1530326959
49149340.96955017
1.0
1.6698670801479414
1.6166685188153347
8157.424721395026
726632.5728980475
991480.2240597912
733074.4999828835
14102901.927504085
1.0
25917949.98242123
1437661.8411869823
165.40234882292515
115.5407115550165
108521.8683191733
10211541.852064436
57183.30187032439
1043422.201960083
12.88002151244149
2333855.4617881016
154.32017553205188
13592462.000971265
945761.7550415129
463972.5021822547
71787333.14718251
51025790.645776466
14213854.289779795
310066883.54952174
727052.6519449201
486911.170083217
28335.118413756853
25.07021699362425
1974321.8354799587
14000103.209675645
19830.271931994386
6625786.774201756
147.35150984904934
32501763.389010146
3989895.132350681
82.72698186374822
32501763.389010146
28283255.282555927
1.0
4859526.79567374
5769522.6518041035
2777525.9096637494
2130092.9240951836
64224805.06954954
120000643.4488583
5899347.688403662
3.7158619531338455
6215142.0291441735
1.0
4738307.994798819
70954731.3418002
57459498.43252347
171976895.02492324
18.323139813864856
24067434.756863832
73255287.70593841
432746.79578275734
2.719970112656779
137.7642047897116
1071416.7638026322
28412116.46717682
20977.44673489284
11439424.614304984
95111.05275658783
86985.14515491392
195.7848813013292
1.0
1.0
856913.4026522503
2.0220092596551718
2727672.1429244564
598.2932128739765
713960.1342366099
1.0
54826855.19636778
77612762.1000741
7387947.965322897
109.44750354366133
5758.0929257164835
33.890154187370804
2525059.1490680804
63947129.800573684
1.0
229638.6300810278
1387939.7764624376
3537794.959299119
2802872.217868369
23224842.87954186
11469830.600518195
13299436.729855893
4843444.35897078
2006.4724993772702
118533156.66956246
1770137.3784678273
1.0
1186010.9969548094
3980.3131902875
516284783.1230634
66316450.99998472
30973.127498267535
1.0
3549701330.6885104
2335656493.6374936
1816484817.39612
311922861.4574022
1769.3610126556885
3462593098.199229
4519.514364014159
597070882.2005258
26596.217926068915
2572058667.6909814
25273980.30516519
679332.4545378527
9531.74909183952
990.7564339349003
8231.502054487954
11053.817058004135
1252060933.548337
139783.30615259308
1.0
4117.922553401642
158773072.0673558
27582380.573610142
377.560951025951
399031.37849888403
5820.314324163418
9505.173368407148
204077865.95141825
324.33333293659945
205642750.79166323
674.8799930450957
654.5695397608519
384228416.12042207
245776468.1022425
7057.802663497006
3758.1698120305805
9443804.90642819
420422.53610777983
1.0
214844.36384892373
354592.4172449228
271019.09891088656
1288426.494491415
243260.61178078686
128661.02141815779
107542.10798721154
1.0
3036267066.7265034
8889874069.916983
423520935.49419355
92998.56068632059
1.0
1.0
71385.34196574695
232903.0872127782
5188762657.226169
12328.981877018841
227873494.93348557
13060.741741076012
9490.582272523481
2815403516.4242544
52896.21644035255
1155.9668748722404
15262.759570567063
8406.279342102154
85752175.42511854
30661.944903508138
33888.10590488474
1061.7629205323585
300526.09646288416
20458.73690904007
87447.87414280008
3579965902.3570805
44312.48366465275
147416.6604372696
5090.024709917522
5487.154201348771
255658.09692518154
2060305739.2994487
889465683.0376103
201269782.00646883
76305795.45599964
25105.50314220308
122773.80062814528
34034.969815727
502958.02288763766
2440094.363265409
173750.75114098415
112478.19138342877
70666.58193965499
42329.86609948673
502224.2548420279
1.0
5576219.106990487
23538079111.31229
25563.318442278643
1.0
1651971475.7469764
2133624551.187254
1672036664.0067875
217024068.2879546
1021.3988720422781
2434551050.202546
2583.9333942961107
597070882.2005258
1.0
1743032312.4103074
32085.724867582183
22471.71080752444
9531.74909183952
990.7564339349003
6994.060393089496
5962.38456599156
73888573.67991209
9880.56973188628
1.0
1.0
134938401.50162822
8042925.704636353
371.492215116381
409107.39068190777
249490.32269425454
391.5160967590228
887863795.5341026
4134.114973374178
1.0
17044960.0750546
140209316.5481986
208.5772027058723
68244463.6063771
208.6099500326732
578.0076284183729
345989147.0094331
1517.8812802164648
9067496.437130412
149.72134696383415
807.8484872436007
724401.8832369143
324494.25523588504
1.0
33205.02306161141
1.0
271019.09891088656
26744.9083714088
225159.03292515766
120501.25275765083
102717.94751668583
1.0
989264484.0451833
1491953574.6873755
2264.464345568112
1018884203.73658
2134503333.234688
8889874069.916983
186067212.52240506
92998.56068632059
1.0
1.0
41820.3612721582
27218.926492666276
4869291513.206205
1.0
361.18410871240184
22.71690788791729
506.5426053111024
2510250556.1305003
2652611690.8433037
25.736815719801868
493.47267420984116
956.2934141109439
4545.922052670602
3150053.0292540453
30036.483801747927
1.0
624.1310423751847
17871.383947285445
1.0
1.0
86565324.39637081
44312.48366465275
1.0
3586.5400476907785
4271.78009686512
143801.75520415927
1105674522.38764
889465683.0376103
748.4191450799101
10053108.077823095
23938.56097738298
117274.02124285055
21316.09264846417
3.1666656495197527
907243.6450283601
9212.03414704572
57599.13480360035
321.3377698016225
23364.157249009586
3.5188517762833236
116853.65956141331
1.0
513309149.33493143
846661358.422358
7154779743.646862
21618811455.757816
2980.294995083012
2290377.2649664455
7874992.296686893
297579.27449633885
30217915.064968318
37859126.41202582
27421303.73046155
3111924.7481728806
19632784.61297011
50559732.98690974
927683.2394079351
606875.6749728
1285834.324735468
611448.1919034716
6956449.8188672615
119.36826433354746
16887480.061222598
75.76465219990001
21409688.219058014
902.2686494452977
1.0
7323.91794641513
911.5725691412041
734916.9004419171
1041907.6415320568
2956745.234044255
4602266.630391464
11741848.29824539
104.58525948189754
812147.018193264
11.594661549687737
8831029.924982172
13202243.197066676
1662279.156746554
56.34844998428953
3237163.637543678
39.41410128239437
260763.51297918663
5729890.640354776
6816258.26140533
73194.70493671056
124281.9494749093
248695.62162988845
1.0
1324567.6366041352
11.540433932607455
8639884.657337064
323175.069206121
3001.7895758537225
7.912506412263839
83512550.73387085
18433009.918349158
2096678.7390649843
42977237.757617004
113001970.09099048
14580664.63225181
1183.3768506076744
66727101.74341695
449182.39286237647
190146.76294486193
3671.4136666317027
152978.50075279883
69.24648059885202
1260586.9454827884
768653.5820801646
1193194.8814023735
653092.4636062899
1422540.8975554719
2515500.14375323
1566440.32790538
5405170.592520256
274901.2497466809
5731818.498499692
1.0
35.327109276942195
97082.46559650588
2440926.000053416
45991.54154170721
551251.0451860983
459918.76182753424
1072920.5797998023
6424.490084205988
3092683.1300017587
1.0
5093014.176890354
5813328.780506583
13014696.431809612
14673657.04039903
19437664.700394996
293.09330715788803
44.24479251113167
431.5796257872717
30513357.35729047
13951691.199897751
3700278.726823963
771417.394447019
23279120.317880705
30476560.82655968
10808890.096830005
37629029.23986605
21941.839041042174
6526579.760688742
16891918.5170643
71.37302317282051
48236362.94494662
36659751.66177616
6214906.272882584
54179751.0367627
162744669.71267214
2743312.5829567406
2680808.3916678056
13087.234721505829
2184473.320881926
4903242.4517311
1.0
5467519.38760083
3321686.5079711108
1.0
31492193.37971033
62468982.68053899
6.672494557353013
38249289.462936334
9229319.28410856
66166734.908190735
29144230.72518287
95413659.52777688
140692.3517661332
280721.1706403804
3.3600013584775463
59.90520222177384
3.7896695623627186
7590.218338845883
30046.717222154173
1948873.440675476
821787.3987538661
478941.13664882275
2208604.901643355
32845878.482260544
34890823.33773446
9875699.11511131
941676.2613220818
102132.1802934419
10251.08788123695
128304.30530977964
435054.3191850411
13034023.988659471
172434.93400650134
74392.95105055846
981953.8652891116
275181.75256297376
63.0709581467673
1.0
3339250.786800934
81.30724843384064
1.0
14511699.575279403
1593239.1034183402
2.520265586679896
3.477871310413932
2250215.679022665
914599.9457597112
205.2232548999346
1945477.1304179826
1.0
30052037.903990034
40436746.51087676
13746387.701113485
376.78042126424674
54139635.5273417
77293797.0158722
11965257.194969388
14664465.465222213
20668528.360175468
73.16240344205228
21442064.418903477
8688359.216459611
59.68741108306
11276.574334424005
1.0
89862.22464070367
125.91825454468837
53.45402031128716
5315292.960449055
22303316.250101123
14515287.496361101
431468.0608636246
1.0
16767700.388581084
281821.1749945214
74284.39878466973
450475.1066467611
1765582.7653412702
15226612.60827887
32051849.523722723
1.0
7309202.121954508
12831940.316180268
32.220940166417826
293264690.8014839
47544659.09173793
184938340.2052576
139670817.60036358
111120975.97843035
335762038.04046124
594924.5024824142
21784140.970003013
5214631.787464127
3466877.0661325892
47.633088755420125
1418.5588975404974
2907.343253968832
2193.0603507537585
212077522.4098239
45522731.3155129
183046324.94115052
110311.7392348483
3327778.202982206
5410988.047674075
10019549.866163285
6641457.994354449
1793623.5045405389
1894884.8575622786
4166285.913545558
3207.768081654433
6984659.305569055
3194587.2626337935
687506.7447239392
812424.0762032092
924728.8369008754
3295235.417572423
1189532.0786773916
1189963.061578059
1026499.7082280145
1995638.0887041055
797800.2098364921
1327875.470916296
779884.7171913562
263971.9808191481
108147.39787551304
342358.0849558098
8601979.864890328
4391797.620753508
2598113.292230208
1465011.2574863485
3982198.5071580806
3982198.5071580806
11156.03271467941
3982198.5071580806
1358266.39849699
1358266.39849699
1358266.39849699
4792970.934574539
14483470.241717879
2340558.7206276795
2340558.7206276795
6557.018594380695
2340558.7206276795
8514988.893803721
1259326.8739929602
4443913.608654372
3051719.128766779
994687.5394727516
534771.6305808326
534771.6305808326
11386135.043476962
11386135.043476962
31897.981682846377
11386135.043476962
34191579.03138103
1699849.1542890866
4191.7832301828
4056.2501843866335
110835433.77429065
1927.2633742028836
90.81927300212985
1.0
2205.0450707890695
419463.5674568392
87468013.2514142
882.2990845879388
10594137.729068125
96.5633127449777
8252.27502235659
891.5127445189665
592.8472096285878
30751792.518915474
3339.7872644360727
70.51318212865382
1.0
15722205.077836068
18574.071928932095
46520731.00957829
1.0
827.8264297027882
1974.5202659089223
1133.678673996557
61363702.64449158
5477.362508323691
3735.864830434131
2123.71275857693
61363702.64449158
7875.199622431295
28534.66061858612
24066.67915017299
2835.123170811146
33490.781953485195
1177.6781574181255
9249.923316571554
29656.629182479446
1.0
741.3310399385235
2444.3482683243747
8261.639317558975
974.8498897582512
20930211.09810414
1757.0208239458188
1481.0086826268362
2444.3482683243747
85.44308103110198
724.3656173466308
20930211.09810414
1.0
28542.0349744836
5388.862243245153
38269.95242482809
114.58600211345598
67261299.87305847
646.4286766521316
456.8344460677706
2586.161429579135
554.3863981911778
36066848.27398714
36066848.27398714
1.0
1.0
17290.924382422603
5419.679972863143
120743066.9719604
3062.180141329834
19405602.12882765
2158.4381133009897
2642.7884955778163
62367075.78565949
962.756247035148
1171.790422872083
14728.831102489048
14728.831102489048
2366.96977918413
13940.115353741152
465.23788617702104
8030.2801481568895
6575.976919303885
1029.4760191654607
21771.72606841117
1024.6057168814505
22517.231683493766
4285.83402133962
4171137.3299963707
3475.5616783693526
2366.96977918413
2143.3955903656806
14342.365091841622
702.2443406573104
277.2707254419999
3241.4804171193164
175454690.12205863
12858.668123919415
264526.47373661044
3706.5545185903693
54723.20263990699
92287.85788483659
39172.421075242426
21549.666044864447
21549.666044864447
989.8469356873532
81024.89345911573
530702053.18937206
1.0534413205647128
1609.1576959668373
3360.1429001840097
43199964.78720566
114.44491053691534
1.0
1.0
1611.6783786091644
402409.1328770293
60892054.37491727
750.0428526019176
5730361.577262766
39.863011050407756
6780.596612370515
558.0838471754884
302.7509003373425
233.9945296260996
1.0
1.0
1.0
3550026.8497716826
1.0
57681.214121536126
1.0
811.9652975379792
1721.441029280106
638.7118415204561
23579128.400609765
650.8115142807377
1.0
2123.71275857693
11700849.663898924
83.1829633166857
50373312.82719235
6913537.022295368
546.8949822759687
23117.052002390803
1330.5006853569985
2415.6060758951876
1.0
1.0
8105.87891342273
22493.506251245064
1.0
601.437994547663
1450.208828588242
1996.9958462405255
1.0
868852.8030840999
14384209.448257413
518.6196875326394
217.3147915861229
1.0
1.0
275.5189754500846
286085.9790717976
7137492.369970048
1.0
492.1593852764604
4995.986738648234
25036.798752183324
89.30857284281574
5052348.965511
22335317.881080892
646.4286766521316
296.26607184995663
2226.478983447629
12.848513492337617
1345710.0546874201
29612255.338125903
29612255.338125903
1.0
1.0
1.0
586.1604137002277
93030713.17019506
1457.1990342051188
14678816.029123742
1.0
1482.220314854621
1038333.7183027903
1.0
1.0
260.9209261349467
699.1182881385787
1.0
12276.244182494522
4.155150778454762
6880.228773449373
5.271423051548254
876.027806695853
11784.58901464028
273.01452997577064
14243.67654885754
1.0
3969314.1981311277
1.0
21.981593075628286
636.5235726880192
4792.617147465799
1.0
216.6990838185353
1.0
1942686.7243075403
2414121.1232265383
270.9700633419501
756.1749269128829
14921289.771467423
1127.9941814008027
163285.15551409533
202.84062883035105
1.0
44728.51501273202
33787.03863741413
16383.389878048354
6704.0909626728735
472.9941698395344
36065.967099914655
1655925.9540328276
11222906.579043936
1.0
819699.6990834313
4205583.264706091
2506524.400257213
387223.47034707194
1.0
6994.289903510944
2859805.605123778
3071.651165087493
4589593.375668999
1871488.5764728466
350313.04021623015
310799.10808865674
170842.064483539
1765632.380145731
702623.5918725501
90623.52574550832
497042.0275900821
11.429952161703955
1.0
767597.5113668279
1.0
1.0
1.0
86810.43660819743
5.64506318274266
5.162946166839701
8415.138731810963
746667.5715857259
1096819.7442377491
99813.38980622424
1095610.7038266326
2338989.9837091565
3719415.1311532552
2052314.0173236108
534008.1853759327
16.780983270876277
5.17721131076238
75229.69482407361
1975241.7296406513
2338989.9837091565
380510.0672401484
3.9591916452525155
476162.6834464547
3982198.5071580806
2743.7641347835593
10758.173026715182
13.49669224198946
1705855.0921184483
194310.78696601195
1653141.265309366
1296763.0451631837
657255.7027305939
62.53473873267068
7275486.268792211
1.236902012947912
31.940956710553163
11527638.502330333
9618478.989970542
4.321156623103484
777757.8940892663
145458.61156122043
3.299725040637416
52911.21385705893
318568.0147383061
267220.4344160071
38.15921811294072
777757.8940892663
765772.6700235513
904106.7971346653
1.0
106696.69911632479
125633.94932283847
319899.7490342799
20313.235312332792
1.0
314765.5715558388
263951.977125962
64177.48822400236
181643.58004503493
2195783.5771609154
48249.42014956337
1443836.0522261942
2376199.4597746683
4136812.415907132
500593.5586543027
1812326.4029323114
1.0
81695.4417060685
1021054.0867441978
1374989.3493906818
47995.36851119186
2340558.7206276795
1.0
1374989.3493906818
2340558.7206276795
3996496.615124992
1.0
1.0
707412.596143849
1404485.1192643358
5772678.492131839
5845642.774223778
2578356.201087744
672149.1576209876
426427.12699854246
721116.6653933626
1473887.1109371567
257490.20739019488
1.0
323368.69478640886
19.72572894575129
1.0
1198.1786767808603
268562.08282300713
3671.8287904135063
582663.665152326
403030.657707065
6616946.318827035
220471.3210458585
110346.6987349418
50.327669729099654
11567.607738301316
1.0
181078.76237609776
18.533021879294395
1.0
742120.3507340614
2068380.804195002
4641239.384032204
4678770.097083999
6616946.318827035
30298.38933852831
3815.8595687626143
1143216.0898790301
82659.28735362436
2207662.952927799
171412.14192907664
24.211036317933093
1.0
15.76312202145267
34.92983271247862
1.0
1662441.4102683354
120307.78539086478
2734206.9046009704
66.09619937844057
8257744.302516842
4365007.398638878
166663.72605024805
1.0
1.0
1859515.0465196157
6887110.680088433
10236177.143980624
84.66880037922807
17437645.33393519
12407769.930184867
2116234.2158636185
19882349.28139317
48096.65839745414
212397.58735076594
1.0
662785.0022973152
20176082.684528895
194.68016581446332
126.01401583274533
15378379.049623214
2911621.057531233
15714797.709246049
1641445.6650947246
5697091.619835409
5326.252413099854
90.72749289550512
995.7242186816908
1586.3807125534065
1556.506528967901
1.0
42983730.88742372
27625376.71444911
4277.31119090291
737.6980181674509
30200090.93603914
36.974916334969315
3323.0709356552084
1.0
838.3791949980151
19752541.75653047
33182665.703215506
993.6347798519758
8228672.209276208
1.0
23.89165272818656
35521194.557156876
76.9064202479077
2148.1666728673017
1874.8120709257294
10140.616053009446
1104.7480920235237
62854892.30693257
490.17361420436816
22923856.645783316
2263.5009067330557
39107421.70519645
39991847.152009256
23871276.322359685
6572.068485800498
409.8796683352654
551.8419081132485
175.47421886814746
29906257.283077903
16683772.18178725
527.8156686968565
18198046.130202074
8532155.868154373
1.0
222.0350072278279
15647.068545074364
5263408.670241635
1300.546210676931
6745.214967887349
168.58473448833223
49729452.84443548
1112446.3483863731
16761110.82057663
1019675.2176664476
10629.599117572974
805.6408495672476
1.0
23598.786013319394
1035.6156345926338
8965.207432359028
8965.207432359028
8965.207432359028
1056.1269032593837
12475.83039651496
5923.195730620642
539.157899580109
6852.212065744384
6852.212065744384
9525.740508730278
438.7031922406282
438.7031922406282
4673.588433883889
307.25158592416994
2651.61673730487
22762.02941847839
2656.7769006309036
2470.136232458099
1418.2385549306482
9851.920115012472
2719.001475862245
9851.920115012472
3445.73843150613
11047.54963102457
3481.581112621495
2110.7354251698052
498.0701527398936
1.0
1.0
1779.1579068393132
1779.1579068393132
2936.432176038811
2936.432176038811
1940.0624759212635
2244.3491841882233
10669.650085247713
7135.173254626448
143.6912842391812
2014.4770526849622
102.64405265441664
9924.831020719399
102.64405265441664
1672.4848276070488
14306.162875808775
84.75839195286882
66.67155598783444
66.67155598783444
66.67155598783444
870.1912626595465
39.73466315694654
896.068645424854
809.0596416106182
1065.4609199760228
42.83480656901375
39.655979316735134
3226.8628963417473
890.5720788568556
890.5720788568556
1171.101769821182
6816.184170970631
386.4869840176832
1.0
25143775.99796332
76766345.66734563
806.5353561906462
1.0
1.0
569.9826539064647
5255.335714180155
619.0934761166
3226.6987915429145
6444.170128431773
1554.357358155334
7100.919705952831
1447.974880589199
2019.8653937951726
691.6961565629773
44999842.00884738
2691.719547976107
10088.944153411085
78.59021113251725
806.8642347074496
3678.9158892853475
987.9233987936403
6064.453547247261
23313970.673812125
1352.8143352297413
94.10803152745315
359.15876110386756
16115170.194347706
438.0415025070735
1.0
68.05935209666018
9899496.947554648
898.6187668177781
4008.540946962051
24549.20986965467
4008.540946962051
4008.540946962051
4630.701973926302
19515.02416037691
19515.02416037691
4630.701973926302
4630.701973926302
19515.02416037691
2951.4600066629646
2951.4600066629646
2951.4600066629646
2774.3507244817683
3218.814835762669
3218.814835762669
19188.846327321644
19009.474399130304
1647.6919940001785
96172.53254704735
96172.53254704735
1343.380441168835
1343.380441168835
1302.6995932780537
20457.469315132596
1302.6995932780537
20374.191693681132
20374.191693681132
1313.936395963359
1313.936395963359
1313.936395963359
1108.1001487997762
33325.59729248991
884.9806626765699
13247.378021355886
860.8602198565331
735.791077466668
14350.625088030545
581.982066195927
57153.48125020041
10442.452469698266
10442.452469698266
7875.299028645146
7875.299028645146
479.56390714419246
7875.299028645146
338.11969922562054
364.25817508858376
7649.752006049474
364.25817508858376
22928.362326572296
4077.181679029898
29378.5363157865
29378.5363157865
10844.464013013405
5043.007948931665
1.0
59694.41022070239
5538.070968249336
27004.31668142568
27004.31668142568
1.0
215754884.30099463
1.017055452443744
1016002.9738698406
1782.0253201559624
1.0
668.5219690534508
1295.8454769114583
69.53438767842077
1.0
15569636.075694399
19553273.63471466
878.7011115877824
43.59917342130408
1.0
1.0
3323.0709356552084
1.0
605.6496148587132
14294195.392925063
22828047.41637802
748.1647216998156
4439148.766759982
1.0
13.713338228657351
24632385.253075473
30.53326654837953
1000.2465648676396
1.0
7384.997284382891
600.6367983475856
62854892.30693257
241.8750499628849
14564080.928665247
1290.6386790173738
6035146.535585455
289.97882324462284
565238.3435809342
1.0
347.3984165339575
541.5109898787574
1.0
4483145.290962791
11132989.386484392
123.07128315283698
616711.7481767773
186781.9353491228
1.0
163.14523971089696
1.0
1198504.271495431
1.0
1.0
1.0
15734112.585898412
152426.68830922488
25034.781658039003
30521.145085881773
8110.764204099659
141.2222406728563
1.0
13643.13306922341
990.2900352874864
4953.259738621394
477.06434094556175
8965.207432359028
890.7489854854127
1.0
1842.9048341018254
36.90095743317355
802.0099568636458
1557.034272676293
622.189103788706
1.0
1.0
1.0
307.25158592416994
823.7776772698729
1.0
2656.7769006309036
1982.5287152833607
879.9486505174617
629.4052976737305
1.0
3987.663293197172
2843.9989894453615
7891.989225461023
1745880.2928133053
11043943.218005639
769.6985587276118
393.8188849207407
1530.3468272231635
1492.757027343665
4.149953266393114
39009432.40572425
27355827.927136563
575018.2495624634
3716810.275708919
27749564.850802634
58013337.35238316
7191986.189106641
17660646.666672472
322.9445362664467
62952094.64169441
25188007.043027718
10904640.810172278
2167.792568924706
566.8599390094287
10.270411031172134
1.0
1.0
547.8800216307035
218.89397209290416
1.0
1690.703386178987
1046.8914793152485
2244.3491841882233
172.16815888086862
70.49350063343732
58.53940634373732
1845.7307611500694
42.901837134226845
2692.169598982021
1.0
18.66363423477424
8786.648137753407
33.93303592926267
5.1705679943951015
52.31655568988208
52.31655568988208
306.6214424034499
10.153720596896111
896.068645424854
1.0
802.9644577705901
31.282705868934737
24.84948721510313
52.33303332046059
684.4647598554269
207.11545126702214
1.0
1.0
368.6482924094198
1.0
230987.5106078303
1747043.7790901114
207837.40421047062
6668393.22733144
9918909.62417119
1358224.8833842787
524370.0803825045
22.454288722482232
7176442.247690831
7202672.784465994
14600846.717161415
19062366.360770714
174.6852748644994
17340504.641848866
6707084.4101750245
8544698.175702054
76766345.66734563
806.5353561906462
1.0
1.0
311.2237317019657
5255.335714180155
289.5624323677522
2554.499068733373
1.0
719.0472186946178
253.3658244591878
435.4721625352603
211.5903276625318
10.337892033822158
2113070.981112423
445.0513879967348
33974934.974326365
33959131.6248095
42942600.308122456
22114086.79799485
19606274.57488933
758.6087702002382
1.0
3.725913122863648
1.0
1485.113663400537
517.9659279288115
6.182302996107841
40.303404007670295
2.483580847494078
16717403.104017556
17675389.035835695
595837.6073721189
115.96708633969787
48.33085855809201
57.5332413308891
1.0
10458887.374767061
1.0
1.0
26.851058805207643
6699927.305240894
44.14952301700562
3318.637635605917
11314.137273274688
1802.117761444889
1.0
1.0
12302.561286166863
273.11227183351986
392.6946440279985
752.1821986004646
926.351033592583
2427.1562162799028
1.0
37.116901437103
790.9467674405868
3218.814835762669
1.0
16219.074866211186
6559.384459652734
19.84427556244041
488.786994504293
58766.29557156359
77.33725896443514
1119.506162178291
1.0
11135.114950378227
298.5331481933172
1.0
10567.406949413356
1313.936395963359
1089.5559380997383
344.0313455804483
471.2405848351919
15353.330353981235
1.0
10622.874562509649
4.647323348445164
353.53172529075505
11780.623283434978
6.101665205397166
43445.38716767554
1.0
8692.588276472276
2874.972299531092
5697.804272574951
1.0
2325.2431893334424
261.4575604827671
172.386900025594
4.4127209772138425
270.53235995294597
9093.19779999238
1.0
13118.598695569639
18017.905730131257
1.0
1009.1673093067874
1915.3908293749432
1.0
1.0
120.82636633911666
21149.397624215813
1.0
1.0
1080358.9563002961
2148945.8890105137
4479463.683238833
719.5968468889371
283.31198874965133
1122.512414289275
112677886.13143517
7529913.823878605
54136330.5290008
163243687.91090468
7120211.353297487
913998.2629703453
10569359.713456076
31128725.1850178
2903596.668382661
30951599.681768697
30.106001658571675
215754884.30099463
102253.39386243686
496418.994194048
1.0
830760.8705430134
71184.54258736635
1234240.8550040622
1.0
1271623.2485420152
226185.90286084276
2151385.8836583667
3259372.19457423
92462.5123984884
292790.595940117
34365.14917655615
1278294.3785919598
561473.2633209218
1581650.2959181147
970207.3893264016
1.0
292746.27471248776
1.0
3230422.9995345
13152.751963318819
2130114.384569922
1053950.62445821
3404182.430374736
2940339.536619435
946611.9210602321
521475.1508973582
1856446.4887801905
3503127.226956013
814856.8221917311
876155.6932342178
4372227.568012144
257575.9177793109
3.3293085095655948
2705096.7350295302
1718167.5123988374
212960.5732625064
10527977.486036498
1303344.8032381744
1362355.1235573406
37.634512264941556
2246876.977893074
835305.1652778216
373742.25447212567
17.86242141954015
49048.945303063585
1.0
12727.864735845933
1.0
364674.20512943587
2871149.3668985474
336524.7655047476
43086.64877929307
155244.150735284
3.1048534233189233
743604.1330066815
178905.18241581053
120106.88312315867
18054.236025571132
1309521.2304202458
1.0
19816.337396738894
10.583106308114061
1.6208519660827347
1.0
2105439.560271896
11.629744236145736
56736.148231238505
1.0
156733.3139639597
2.5645376519009964
1.0
1640178.2265744503
2384.639180380919
5.5032021583814945
5736.02461343271
940.9624181950004
2981579.9087349223
2011985.026875463
1705212.5774806056
1045906.6261062551
208420.6645178332
690267.2224333134
3560751.386804899
1.0
1.0
12033.438695918192
319263.1339743844
1270999.4045637613
701181.3489729791
1726942.3476943797
2560586.350481461
2676777.228054878
3160797.3750121393
20.237796229952167
30.847562253965577
1.0
40.69173783691626
50.295050731951584
22.488421037272577
30.181569423229476
29.716330214519143
95.96961791582285
90.15734337289142
177.61941262858053
151.04794926257514
1.0
190397.59289159477
2898633.8629962644
905100.7069788978
2638946.070251032
192566.43954701204
184516.25701948965
2400876.702247093
657631.4528359908
1930018.9991890707
1701097.8259258391
96651.78354469812
1060006.4068211056
52383.25632745061
262720.4342006858
299327.0174319464
222236.836729526
1460216.9184216512
1792389.3885318262
3010339.943644645
3298635.839203091
1474061.2823784933
464501.4384298061
3674841.947375716
334566.37418287783
1.0
83957.35487573985
1591778.3941051485
29.25700864978761
5850640.92887678
797465.8940344974
822236.8534517644
2361486.1188489865
5622289.448378193
8256428.566233683
9784158.853619283
76.68347857048111
68.15082929553874
23.18028637159703
26.443884037421196
29.181382560442906
6.6321851629667625
6439779.788558699
8489184.833399955
8594283.601622647
6000354.194199915
3472564.520005528
4389828.58730961
2330890.0101463916
1272901.9193880036
9240402.73803152
2112677.681611684
2864679.3076474704
14922.464707209381
5023.207408662465
1.0
17421.271568233344
92138.68716131398
150603.02818022485
169416.24833408574
21476.128529824364
405766.28562017105
455291.93067028886
481658.54359512316
592817.6626985737
603823.2715008606
110949.13944882469
49229.58642017718
289822.4464218929
433753.8162581708
422244.680045745
467179.46371141635
877491.5816625438
1106080.7855164078
9.521583033054148
2.0133689528454384
1.0
10.722842358403346
7.7871884272790775
44.46379667451307
1137820.2102810764
483237.6190823364
968715.6598849581
448490.8713367466
765988.7323230793
433687.6135433854
653680.0056111806
387897.8484874647
382799.89907755615
220624.29040908435
112777.66862772936
122891.63622846079
145667.12729016494
57178.64949724994
24281.36799836291
727501.6138456623
878443.2831277982
934715.2983899432
911236.2224777562
836883.3900425286
735764.6731888573
445259.2107856867
394062.797192314
1221953.6440978758
1895.1266773152267
96196.50984388252
45683.0523262165
29483.926047242625
165313.46337009157
374037.10187458276
59395.07687186864
523315.3278939365
1678566.1898386618
955216.0894753576
1987379.6440115154
2571295.838744681
2888573.64540648
6.486573605155016
1.4792359011350293
1.0
1.0
25.11115327515866
3164904.4809795893
1413439.9792801093
2409411.110637759
558799.2590551774
1229121.4710613075
900735.0783946393
934485.1548156011
361885.88430120924
1552010.261165762
3865128.3807774545
1914314.5714743517
4333705.0925035
3671.6884778134104
12705662.135887
26472.00971731061
1.0
1439.6737541209022
170020.52722823425
955962.0502247202
1978747.751905613
3.4457806853031387
14.008595876039365
1.0
26.181246909495727
1223709.269668344
1.0
891889.6727983337
1462410.5609161453
386134.6717172115
2160277.971914575
1.0
1.0
4395653.309897554
96543.89482220686
264650.72682969074
346341.86711013224
1070234.2558409194
2696952.117335593
4701100.674110486
3515010.5700635477
4046660.3594559985
5738694.378161891
3052192.035982961
4365671.047157375
1689939.880600462
2679150.807813979
7467821.671883999
389669.99443379586
1.0
109026.39408130175
23799.34655507862
4.370061993002605
59962.08597261844
5717.032501184055
88115.97453497848
734740.3524533015
2.2655680951656154
1.0
1031911.7323554434
589340.7022144663
168410.836530057
144955.09253149806
1132963.2830393268
4910.123260935908
1.2600834808963237
357655.530883823
1.0
392781.3394707583
612477.2668952567
2393707.102631696
15.073934764830083
16.12717257894734
947839.5700810438
901017.8208576195
2194292.577738815
149560.46472649882
2.097314299453492
1.0
349193.1426590345
81096.39523524095
636214.3690841305
98894.43017803477
57097.069598515685
307974.7894749659
1418316.742288142
1815252.1154681582
885.3917075188286
3.073192580448724
25533.949806568056
88242.24938562533
72681.57652218924
1.0
39934.48695525286
178106.06350688144
1.0
80497.34788552935
408016.15172384435
412710.072655617
394949.0900877409
7005.249659067362
460496.6270799146
653529.4211813189
47938.81361324743
1.0
12253.328043769516
3831469.0186426486
23036.27425409411
1164037.9529792788
164977.40251819737
30.000859487630336
647427.5599263808
3237887.6222740584
3513378.2450583344
10889461.268597916
1.0
1.0
1.0
1.0
77409.55641100416
79026.29903079913
159276.7325690654
918399.4502958682
168987.6173657658
3306370.1427109586
2012017.650237685
3455443.6097819232
1914964.1089324786
2027556.6015369063
4199961.712829925
5349073.926624451
415421.2130571761
5729273.41559293
430872.94539424824
6453804.300500828
7247592.382134381
7462850.7236114275
9614514.617232619
1.0
43.57481729533201
65.30656231652722
45.98635141525558
45.98635141525558
33.318299095605504
1.039822266318412
1.0
23.601898391401935
50.63427511771312
1.0
33.0202217060606
74.65340175734728
45.51090397803134
1.0
56.405892500380034
1.0
1.0
6313915.206323746
9419245.337729001
8851945.704487711
8851768.781230671
1576483.3595910277
2105863.4886670043
6314048.37104589
5576858.466368511
4181643.596514034
3043071.2517345953
3164741.8828367116
635965.0479890072
941772.4175961514
727214.1158232964
116125.65909546854
4123860.693514745
6594354.741922972
8508126.973804234
8101073.889657716
6249899.748461152
3779405.7000529245
10396039.344041301
28397.83905208224
895688.9867784427
559706.0441582877
1.0
1451417.6929734438
190047.5800546185
1.0
81310.98279495609
213808.0956469422
1497242.4892211426
2452724.9422164243
36.80407586110928
1.0
13968381.0318641
5419878.292328793
11625095.475101978
17099831.950963687
18768339.54261638
15792953.666699115
18894391.728977066
21495349.760606263
488274.12999741203
1089746.2816084588
4209484.391058584
2446746.8989197942
5095695.002979592
12791478.267257927
14488649.549662359
17635286.977186404
23386323.657840256
177.91095457019392
3.1150626649587387
86.96988617730082
1.8682218800043853
132.12174268008135
1.850001144615004
131.51687088012264
283.22415363810927
65.39847461214994
2.2176041886852786
263.33874457665576
16254011.540625481
3933278.795286186
13513331.508870795
13289913.18088709
13317297.136798836
3774941.4731771466
21555665.1742201
21372353.610112358
18575079.45671712
6622492.826266141
9727426.464590285
19573.692824948077
36328772.821334
1129146.8317586845
1477272.7594720696
167805.57548295904
267322.6340275751
1507838.0254478292
3642284.8913867422
4824409.606409249
2075215.5510789629
1516586.300308134
945297.7028805992
1816981.806946172
69329.14439502581
66271.38722019203
1239425.7103599703
69728.89352228242
64324.460691834276
2209430.666714626
69649.83953007152
70035.11156707359
68592.46338054583
699952.521928673
69189.4492761611
2432241.5365293063
70578.5004127933
65796.31494738946
416155.9528079217
432808.81729812076
45210179.461173736
160762.77195849046
204236.91084883013
1182879.0596309723
1547571.1071350074
280043.6020035625
1579590.8693642158
3815608.7464029784
5053986.725194662
990281.1808036776
1226567.4289757055
1903445.7439157956
69425.01541040867
73491.60047700905
2314569.8999063135
68954.76054407365
2547983.5753903487
435959.3883379638
21008470.572507296
239252.1426412759
2312025.891389657
3024843.866607077
3087428.894812045
7457893.637789721
9878396.33160391
4249183.497983202
3105341.7449508663
1935578.8836842768
3720427.5508619677
141957.42516456736
135696.4026306007
2537831.4424732737
4524000.566620939
141812.0102247715
134777.25420400014
141671.38731489913
4980225.111919655
1176598.3390085024
886213.5228740986
67428408.2283137
205713.89866484742
278169.6824227087
4541697.840388326
34586.975702152406
57208.8791281219
340125.8485567024
340125.8485567024
1128756.6201004311
1128756.6201004311
1128756.6201004311
10881179.264486466
5728420.125134337
5728420.125134337
5728420.125134337
12309911.256305741
693193.7391577978
693193.7391577978
33232.65649106833
693193.7391577978
917223.0135921941
917223.0135921941
215698.10457394333
6371330.300837047
894500.0443281337
12422.675931982501
12178.433489929963
2643570.704785399
263458.9882117283
27983763.37111762
27983763.37111762
27983763.37111762
126052242.1261888
240766.12075064625
4757821.675148355
3033119.0398182883
960870.5132705843
12225.646348428363
1294913.1524992597
29315414.763026614
29315414.763026614
29315414.763026614
48896160.35131884
652848.751469318
421217.0167373605
9299519.51553668
696437.1205551364
696437.1205551364
9429201.703207757
2311226.8992376807
2311226.8992376807
22280156.55781561
11729436.131384073
11729436.131384073
25205609.000345103
7792309.110343942
3534428.004024794
421139.9791326372
13045850.374647176
25172.079757258878
5412939.879274507
5412939.879274507
57299178.13414424
57299178.13414424
57299178.13414424
174754415.45667413
2557.8180437960896
16209366.19825619
2725304.21369229
26800446.97286329
26800446.97286329
88941143.61092678
140.55352634624353
88941143.61092678
88941143.61092678
136683.34630114964
1806.5938468845934
16917.358748024297
1.0
80477.53929617646
901601780.6793513
54620670.92828514
54620670.92828514
116.89657491595844
5790.408021650375
3244.0592771605748
3366.212125922889
1.0
331.5981894935813
2543.151132505872
347946.22701006616
40736.8026373916
1.0
53861.554659364134
2204999618.5566688
102572.64307329412
11925965478.283747
2309927993.352761
348.3204063408123
33190080.580586463
18718.790081426305
23276.45944329386
54876235.36574557
1050031430.0224156
1279.0575565026697
924228877.0309078
10780.746312257907
47906757.19157087
426516269.83771855
379012.9872818812
274871.92836142366
1273460.8256088027
55155.4132149715
1603505.037876547
224614.30080484436
2268628.7146306653
13955445531.945429
1.0
2283185.8313462036
3793517.260267153
35478380.126798846
226.16428814223335
149841.99934745464
59.35893023913935
21177836.94028527
1059162.7308429491
18402.652204893504
50.63153157313321
1.0
1.0
80477.53929617646
901601780.6793513
37514490.299879216
36603259.59498305
19.96336244206413
5708.8398755150665
3419.953263762137
3366.212125922889
1.0
55.85519511907153
11.048964650438723
303794.02655377303
8601.068351452508
1.0
52030.99453994684
1290708447.8066926
4537.485921953827
7867.593009453219
513505996.57884175
3234.545676696942
67621.76864625265
2080058784.9450095
1041577284.108569
348.3204063408123
50055754.99652719
7064.923253265829
4093.505369429125
53553436.92858964
447394141.7107431
1.0
850841154.8557307
3581.231548685285
13929095.12334876
476093775.5336651
257621.60501577143
176520.74555603517
793208.7837564258
1950.046659185032
287865.06345686177
90845.08717251792
519310.37470273493
9253402957.423395
24821.220880388344
1.0
324468.9308354112
359254.11132852023
1.0
43790.727460053284
36856.86093501719
64251.60881666397
409547.12164599664
2.6675389131998015
3105.8682789718146
265488.67197918653
477399.832126536
30.60687455933251
1.0
28323.63921580811
1.0
1456303.8846018286
2.6640617704406413
1.0
7.391306538540576
674852.636745249
184308.91000262194
1.0
37.1338673338547
12309911.256305741
91314.36371953881
411765.9416331492
465446.7935647765
5363.064531527127
160819.35186809232
897208.0905625393
917223.0135921941
963047.2045022598
950336.9801933649
917223.0135921941
1204626.4885321693
33436.84068523262
11366.194304693861
631751.1136465414
10757.079436087808
3.0665178580535146
2257667.007609379
3757.4045102194677
13206369.515887165
4370875.742570122
11428879.588239284
22516428.106769264
2.789608040108269
4841277.535861667
3648321.9468227928
24381087.308482904
14661066.55394062
61.62317848539752
85.95252443806392
6831701.857267233
26848386.648243375
714.7325363233588
246.2546056223909
3701096.748095533
24643305.07855912
2991.740581891939
2092781.652406393
1125875.8083792964
321168.95094963495
1621.9598990789466
1215748.628424576
225563.84114756784
1.0
13757508.506229062
141.9520007403836
6788662.345978745
63.55251937135518
734367.6680877267
5.850156229572315
577822.0512711614
421217.0167373605
1524051.5000709381
3468530.7077075443
617288.8710629855
1.0
3935676.5402874877
88.0777819511989
316.25812746433684
724403.7397989153
10623060.168821814
6823103.982518592
7518.195575609176
7252689.688720586
20.895887605712307
23.95736176575829
121413.46242547092
8185288.420796187
1.0
5495821.249632139
5495821.249632139
6218002.645518776
24944.71992727146
16527863.644500947
5005192.063366846
207.92614514161025
33380779.902397584
38399220.60302152
36013605.60045032
1829064.1808494176
37183890.05816276
105196433.7069589
54571041.29673521
27954278.308661427
19917.1579860476
126218715.2864208
2940.0272036417227
998.677990490943
17706332.685031954
2084.1869491665516
259.5160380697473
164545504.6510718
6682.668295599819
4273.075209653437
1927.9235751367414
33071.09371082354
533.1248464790744
533.1248464790744
14295.419773613125
14295.419773613125
44168.93927870362
14450.513492059183
532.0691357494427
47631.162541489226
337357124.83257747
1.0
24241.498083658018
26470.588178899707
1186.9349810365193
10243.386221563167
505.2077156261701
11114.731138601586
296553916.1168121
4788.356378228807
22592.089279858683
195678374.93575534
129.5431468295213
2876.652969210598
81217365.33055307
19137156.379789084
9853.975212370404
7691530.964944921
1214.9025606627017
21698416.58582563
24873.518421686902
13915.955742886257
7796.373789113259
8089.940948955536
1.0
106.26443063072924
1142.21389268713
83023722.09386817
3149.170527324171
104.94040084196938
336604.8792331113
47040.39523511825
33078.16376126587
38526.6983449367
212446.85304845634
15562.154437420477
15319.85644733406
553892.138613526
8365.574932394795
319258.74128440977
3703.7887774223123
46936.22253036693
4208.02995439489
1.0
515102.45054892334
66838.24301021366
47762.88551704509
1.0
3845416528.179842
2341.2985938429956
786.5184109825306
106.3949144316665
12360.139794238445
353410794.20134383
3795.167407683994
7831280.4302798
86974536.48654108
249278.17652045775
541057.492125939
145141.92123355568
1.0
997459152.6412956
2712.2932296459016
258443746.6521722
6019.960225741753
7485.706043776691
335877723.12599057
336921165.93243873
4851.513734124184
61658.376835394825
8191.6929923597045
8353.936599147191
8353.936599147191
75348.36204273523
3545.9918181982607
27791.478452680658
1034.4565349736188
607219816.7417767
400668413.09900326
1012.4596430851141
11061.725003414638
15306825.300625974
4797.900279553859
14967867.547032801
1.0
15710315.497913102
169998258.58040923
48224337.68349617
1.0
487232.9031283232
67730.40396930253
516493.69680114946
72755.95019711641
435003.32372828
21326.136224599606
307542.8061038715
195212.8972137752
170930.5188018339
731342.9931159624
1077028.5485939612
1.0
1618805.3315418914
4494342566.927101
13219723.190078385
1.0
8839386.2637387
2735.5450151346017
1.0
15882596.140130006
167.85599082755476
160.26875160156152
1801.9268605749858
147318001.50104836
4648.3412987744905
4293.899624500487
1.0
1.0
39.373662520642036
155.18721866869757
207.78953270397483
5822.172334257941
1.0
5932.792486335473
783.0098637552217
532.0691357494427
3021.5437476119446
20888549.70028774
18314671.552898668
561277.0200731959
72558183.38485345
1.0
24241.498083658018
26470.588178899707
66.17611328000986
1.0
220.7664185880647
1.0
28841885.988044765
260162344.6881077
288276819.4468428
296553916.1168121
516.1143105015797
1500.4613211605138
7074656.477372384
82098622.9525862
312.50806443195387
98960184.73014544
122018748.71738556
84946477.4653422
195678374.93575534
43.69720467999256
607.1787638344858
81217365.33055307
18.162147656629887
6928924.9215244595
2222431.1605443326
529.2094126398811
9084.976755848798
13030.421543423708
7715.215682566908
8089.940948955536
1.0
17.902022308687673
316.22829226509106
10551527.015856521
22.85083163443397
78.74070556704491
245449.5303136612
1.0
1070.021241190558
19926.784673209502
209188.0483798205
1667.7433476997023
1.0
398556.7910098154
301.9827721914719
275752.31680086907
1.0
9748.512721224935
2678.5303236870764
10964.204914880107
1.0
63815.715529022214
25418.43671456948
1.0
29275429.797714792
921910754.1837375
1127619058.7632468
21804.009687144804
27533.871309944578
6065.284477906907
184.94238241563832
14383.972051829394
438716010.81675524
504945643.8432692
1840290675.6305978
669136119.5249975
2790207363.8796096
3845416528.179842
2341.2985938429956
452.9101251483641
65.48860558486116
12781.314725374963
131951574.59009454
870.1419288360453
1027920.3224740556
62717031.83782026
3205946.4279618994
148544.2482745949
540304.6051707019
99109.90370555426
1.0
28333.76166291652
422366505.4666427
2712.2932296459016
243578961.71548358
2272.723318467931
1312.4918092852517
234346241.78925437
221175429.30276784
143540526.86295336
1.0
1.0
7792.750821058223
8353.936599147191
1977.9053592683924
5339.459194870935
1175.3053664111158
1.0
813.2153577957932
2373.7947355962106
503603099.20298207
193421388.7318334
28040703.401116546
295356968.92722785
210.42019657388676
237.01030643407483
4476134.211208885
4600.975189348513
464.8383715316821
1.0
152270658.3714191
10133310.680150475
43316863.33145107
1.0
324527.59359469486
1313.2174427512896
92988.06657343866
29377.397778603034
435003.32372828
11015.284542985884
177281.20110409133
186881.69279352695
4.412065845983992
167650.10635824502
135110.80822409719
1.0
1037419.3626092348
1528768505.2551591
4419.210291038535
22594.48092524179
1690522448.78887
2888589375.314839
178743217.27615893
3194384753.5932055
564.2213655354578
495431.238144703
77156.06249451105
1.0
999374.1551085896
1.0
307542.2159936352
1.0
1160724.7284657527
1305573.9412576975
147468.80037068264
142847.76753267832
192813.45837671985
15.413628190637832
653037.0071213236
581439.8800974103
117486.46976136764
1098926.4714624663
888036.8676583762
1313764.1394072296
1204695.362600447
42.942591823276516
2.0665652696399284
220748.1149534604
2787825.2619910142
26.84978798473762
63.39970688572929
1.0
1.0
1.0
1.0
214691.23264052285
187991.13666662856
192302.6952544843
2067669.4019189856
1417834.7184711164
991169.9375798027
9227.187052057345
217600.36243994863
778172.24534939
18636.75984070072
27.7181490687627
1424162.8228449011
486459.17372043186
3642284.8913867422
763228.92710782
399554.0499161768
1.0
1.0
3.0346329023699736
1.0
13.674305283314824
1.0
4.143877064476244
2832688.1853873576
1770576.8328506744
197166.78076947836
3631358.642909235
76071.26638534539
4603706.361971069
12.03368767754517
268712.40676302445
648777.90055352
3623528.3187230392
4824409.606409249
1.0
196260.21672676457
212546.05097201804
70731.33804302664
404713.4745737752
819647.0272658996
3.0434847103180163
3.958525907574151
997195.5756609427
127740.65604028467
105694.3441336957
1739313.228350353
1761640.9924622702
14.666637217369795
6.057986609072708
1296511.5500517911
906298.210653858
2075215.5510789629
438379.28835500963
320869.41699339874
425272.4779536878
1516586.300308134
4058.605706876856
291042.25278014626
20069.40856563073
26329.701937843627
697892.1004792862
1285069.6391103498
10.567411028190241
384695.0554766211
316014.760794363
1815820.174773226
416149.2862590359
16.44283023686717
2085823.7563532807
2146190.297766045
727064.7304664715
1486571.1577297659
2064840.0692387773
10808.945382332005
37492.675018900205
2209430.666714626
24793.239130302736
460988.94141568244
36756.93714476319
31837.986000929704
41.53200202377096
27729.78041165913
238952.128951851
1241607.316975066
1924824.922513665
1103429.4992917
688743.9920221735
27006.45886917907
1.0
30.12668196899768
283279.08337073756
8339.018571464803
56973.008579906855
3221438.5213098126
1.0
411424.7177549352
8342970.511720302
1131060.4339507832
10637913.212402176
10838812.996822776
12130471.758032717
12939965.76538133
10907081.764935205
17291594.233865343
256.3475721563979
339.978955391372
88.32222835182557
88.32222835182557
71.30894604518598
25.885325731502416
75.26384884626894
2.1743491862884587
2.2507520059078683
1.299886464791203
165.61544826001287
1.8256318128895626
18712080.73878456
17330136.11208385
1115555.5707310338
12378713.417294243
3070221.1337931682
9486384.737456474
9922000.786153216
4530557.476609761
4341289.042587646
4594720.789941227
1552651.2706790124
6298395.8826197125
10100322.823533103
12721315.13535764
18080859.699587133
12517640.372159246
6341074.92330051
4535469.209096069
21636114.344514232
54631.7866582369
3541610.296978182
9139969.630253293
36988231.62261565
4.913838958684967
239.3256777203153
239.60139298669336
41345923.65024942
4107844.2134165154
7128915.537871753
28194451.301997654
31935147.55538091
43568440.79238246
45210179.461173736
80777.02971291995
3602.2477458273843
270873.75834800955
8.177446543592835
680346.2207513752
119414.74001449873
162828.160332905
143716.55858734553
1515967.877778393
4003.6005657764285
938629.2591449353
1424616.0253594385
929227.4430214075
1146810.08399776
1.0
199386.07206124096
990281.1808036776
563698.5891655732
13633.734619522294
552799.1504396987
9112.55184244826
547558.1254816025
1.0
6334.455175527573
1524743.5732416837
1742014.2754370342
99246.1376373585
406605.8300961543
3381326.908063263
6243203.455344434
561.2655688725681
62.344622408286675
7545083.266858564
86181.9087055298
10051771.473227486
2946864.205219217
11074398.479438078
1.0
27.305645748640117
5434940.027225123
6890383.895957473
1.0
6093943.324395875
9988764.208970737
401489.5795078037
363632.1858952826
2.065669935047793
2152563.735781814
4.844410012745575
2312025.891389657
6060.055966913234
494053.4991627452
2081336.7159398512
1128469.8782278341
1968151.12132414
1284098.5450575047
1.0
276985.3399025312
1194.9020113983236
3756217.9008437744
218.97562219155466
107.3609509692315
4486.750400324101
622304.9955772245
2636054.2527762544
6041637.082341435
6485861.058666532
7821626.051050853
135210.16836274686
686134.8780938097
664927.7880837697
51.148700175442364
1.0
41.27651717580605
2253740.8838601843
8192866.106633798
9878396.33160391
1957769.8321706408
281484.3866126255
3746327.200252393
3127868.2627573325
60030.25428385476
600532.2504639841
8.123806149804679
8.828997679921
56781.401075767
6873.5408414204485
72406.24783260234
107834.85143037108
1.0
39347.532468671554
49711.24651962774
111331.10487557083
1.0
3911116.411143467
2472381.13353751
2832094.1738130883
206.26324921409287
1.0
3.78622968418511
625054.632735449
3744661.7958984748
8459.751870307004
558651.5309533635
89990.87420238313
1.0
876577.6859513049
13533432.96247027
19700265.782327533
20351138.126024444
22963597.548067205
296.4281252114325
1118.4668577223183
71.05491081794818
381.1568477001486
22037250.756552633
37697664.977199905
13400456.013597198
29954605.463298872
7307242.0899820095
3262971.3940047375
2415870.0526753
22938763.884927485
11407539.069023805
54304433.902285226
134460.49774324134
1671262.65553871
12718304.133639747
47500677.5925739
7.440121710458554
36733068.268315405
44842090.73006667
19552895.30285125
6439809.437542914
618693.871514696
38388260.51050724
67428408.2283137
615348.6759375274
615348.6759375274
3375.4573542866883
615348.6759375274
2120622.0858255057
644631.0104811117
644631.0104811117
644631.0104811117
1678251.6539068308
1259979.6864186393
1259979.6864186393
1259979.6864186393
3787127.0620577214
1757.11983503475
1149.1492965729221
2263.331890804338
14343152.960087504
57.407402369218694
2263.331890804338
22.666458352309615
264.98607365540795
1.0
14343152.960087504
10.981104208282346
537.5760702091511
643.8075559530972
668.049692207527
1.0
350.3603858458079
14343152.960087504
1.0
649.3835170843797
762.4985340302104
4337.726289055751
5314.216770119296
69398190.31412406
15025694.452107748
206.2680715904322
29368847.412195254
2465.415959573786
308.2176567646166
1787.995825370158
8283.649238153803
29368847.412195254
358.77671889893645
29368847.412195254
1909.039896034605
9682.380563951063
1607.90259138406
626.9196982217654
14139.473413967688
2412.47968939668
89062146.31022991
28.620289822255284
1127.3804589261256
1.0
934333.094225284
5991526.24713394
39734.41224992702
2.1553495704513304
1959.3438656980793
9.039990079775919
46.48043520578176
1.0
11547892.308261374
3054343.7059520623
8954253.556917435
1.2425721044493185
1.0
630.6741037746839
668.049692207527
1.0
339.27574107379405
7520506.974630546
33.18781533099523
42.65868479667795
65.50808827697857
256211.24479812777
3597556.8491292037
11547892.308261374
1.0
44.37184377979201
102.82296310485552
4337.726289055751
674.7121792124206
393.4967259829472
13687321.556160916
69398190.31412406
7105276.0450486895
1.0
26598883.044935834
1666.3548685754317
308.2176567646166
1130.9364328058105
4825.327446749802
17142052.39388014
24873140.935665093
11.132037523847266
24873140.935665093
668.9284071103897
1613.904482959451
541.0660309248151
186.96611816410734
3097.40556245124
419.88059833778567
24727864.256502885
53509857.716279045
37471393.37685682
27636.12997436571
42829.47326187113
4732.032677459981
178240.45003779427
218513.3985526444
219658.0959001613
3.4949826855467796
1.0
1.0
1.0
1.0
285293.9703131924
115875.41490705383
75732.80315097058
200950.10636700632
134496.61772419987
381711.3382529291
35616.203889753844
22578.92700484527
2156.891081948395
478181.1002013266
1.1786502749542829
590784.3439471832
374.3105340441678
615348.6759375274
24523.647324129564
17158.419392856653
49773.663143749
78719.16417591229
216583.0252943229
6.029846139016062
1.0
132850.01106227786
71110.46540469649
266520.7181146476
229342.23211775164
76385.10797249131
381711.3382529291
148.9545313535606
31548.146553538543
124558.22967736432
522864.5932925637
338710.73384174495
403648.973283546
383005.13986809045
305504.1538464394
245348.77920723456
29013.319881226045
358.9495580276715
122433.27809659421
79948.533286018
235571.58785968687
1.3406712761577375
7.487321339433456
1.3609672470958751
2.165609032272288
1.0
1.0
339568.4779032234
338040.09338059305
20547.638440379254
77658.82157992819
145081.80197073444
381711.3382529291
1.0
52742.64230479787
582635.1070974802
583306.7332995394
44103.67376040588
615348.6759375274
1.0
12.024201842186002
4.14282956503315
4.665919136112184
2.82947858603583
1.0
884127.232040543
182955.8337501476
133119.69646882717
69171.8934421403
73887.02149906954
42737.32725393376
193974.2323221055
471349.05211848405
368049.6589887889
523557.8958036939
262253.2398280417
2120622.0858255057
3632.490606243938
119034.57872948295
422748.5630277285
44104.79730567933
49672.617255792684
3611.161297520952
1.0
9391.014264386247
313547.7937995376
3.3646997231645135
14934.281262512328
374953.5795211138
192951.978489546
184062.29787060505
213964.47437843532
805.3095483326492
6854.802551131651
26579.769711537538
199200.2178509475
320594.05577890814
106211.33918386592
376623.1783806384
884673.041761655
2892.634774010859
2.1812984900775727
40709.09146590868
1335.1718298270007
135754.13090442432
822172.5367419786
868.1271031394956
43.57295726355933
1.0
355153.3648237522
113488.58940289753
68525.96245374688
1094243.9940303098
4.546994926986809
2.8147965528449492
567491.3366416806
822172.5367419786
211.71038756707128
665285.032297627
835694.8093551374
757802.2274813947
1259979.6864186393
13198.628269367839
822172.5367419786
1.0
35652.978280364485
1.0
27622.55604843594
3189.5931246392543
605176.8466655021
787936.2077513201
816156.7176649768
15.61492432463022
8.480733480791582
1.0
16.493843125221034
1740837.531932199
1197770.5621566079
753934.4296908677
467790.6367560607
960567.3296533688
5188.670370226526
104194.37234515656
676815.477657566
646647.6470063301
2301034.595929003
1483915.7020251767
2362.8097362156304
324.54688322397396
324.54688322397396
1980.3217649867643
324.54688322397396
324.54688322397396
379.60733682270245
1597.8337937578972
444.79148933259205
1.0
1054.5736368980845
4110.027505881694
1993.6705467272566
225.5758494039273
1243.2436981098022
1243.2436981098022
1243.2436981098022
209.8947042953749
1853.9638066123723
209.8947042953749
1853.9638066123723
263.7700423504897
263.7700423504897
263.7700423504897
3236.9645842376076
120.45487124377378
1620.8394549370623
1555.6648766907294
131.21398601657032
1555.6648766907294
1521.3729241955375
1521.3729241955375
7822.04818247562
106.07108665335417
1614.2985544193189
1614.2985544193189
106.07108665335417
2731.5735786027
106.51247567323061
106.51247567323061
2731.5735786027
748.1423593297638
106.51247567323061
106.51247567323061
83.92013740346138
1415.9471294537593
1415.9471294537593
1063.2234669966597
71.30976419442356
6375.483450469249
1532.3567514707026
1532.3567514707026
68.36287622293979
1962.6988840656136
59.06623091280265
1150.6485743838157
59.06623091280265
735.9737917157153
46.77140241679901
2372.6209398773403
2372.6209398773403
634.879532426281
634.879532426281
26.94843424605653
634.879532426281
611.3971898670771
611.3971898670771
26.94843424605653
611.3971898670771
26.94843424605653
689.0550910581854
689.0550910581854
689.0550910581854
1902.7725104612034
770.0338025639782
770.0338025639782
29.01038222890253
29.01038222890253
602.3699878491623
602.3699878491623
602.3699878491623
328.5661219936104
1796.6885220950949
25.682807874865226
25.682807874865226
28.06196197675056
606.4942259067059
28.06196197675056
606.4942259067059
28.06196197675056
896.4928409084804
896.4928409084804
28.06196197675056
828.0771075250899
1.0
409.53328735058705
409.53328735058705
4020.7783219586427
1.0
4288.415257802419
4020.7783219586427
4667.731924491068
450.574519300379
312.8232357026073
312.8232357026073
1.0
2212.5502856835583
23938522.27854868
1673.8692278515475
199.63960499190438
4305.609628858066
1104.7571820067913
236.31023097570068
1942.1875902001213
276.32195466412986
1942.1875902001213
3391.000634964403
3391.000634964403
137.45800990998399
137.45800990998399
1381.3716634372163
1691.117490044249
71.61603120677368
2056.0969973287406
61.87699040811174
770.9962621086112
48.9970931612451
890.1824631308262
2510.7678185264112
1.0
10354115.840118777
1.0
1.0
664.5378403222643
777.2788858013922
3271.703021609445
390.21058994153236
485.2759298817932
485.2759298817932
461.88608037962797
540.0919970146196
540.0919970146196
6627.965219202011
6627.965219202011
246.6417769829344
3318.8091045374936
3318.8091045374936
565.9914846867633
3115.1427717515917
3115.1427717515917
3042.0877053593463
218.09351502050666
171.83374653195366
2899.2743300152074
171.83374653195366
171.83374653195366
2177.04209487142
3137.6331089977944
2421.766673267134
120.9432213209144
12877.077816181329
95.76849557804411
1464.442964925725
1739.928428069029
4858.146778754829
1410.89995234637
1233.4046989567923
1233.4046989567923
1233.4046989567923
59.40126912269234
1241.8494334263066
4907.484122266893
1241.8494334263066
1835.6467036244983
8198.793446892534
838.55486027953
8232.891704108652
1.0
10882.278723603824
1.0
34351271.512711845
1567.4483949153794
237.01295599736545
269.33107024578754
930.7565111514605
147.25323323144886
1.0
236.99662621479243
307.9174309278173
38.19627724004747
1.0
53.56870560667877
3022.401958405711
37.947289531891236
15.744890166911095
353.4659602573355
162.33965741352114
616.8789051037342
1.0
1.0
6.879568554240832
1853.9638066123723
35.318207026722774
125.15398268456856
77.59047525913428
1222.290786689879
4.792892849253884
502.9559600328081
1555.6648766907294
1.0
127.30565159995231
1494.3794439857143
1521.3729241955375
1.0
1.0
721.3115393425647
7.682378444916505
19.921428309499085
860.3150010036271
106.51247567323061
871.6775312065012
34.30146260310928
324.3050604238078
1.0
88.40064628204115
1.0
1390.9242691203785
1172.6303366902173
852.9440119904169
2.9154769306928108
3637.5216723463577
1.0
64.74119004185297
47.08490621973845
102.79990807702018
25.123631516379824
423.64423701355224
1.9187226803203141
1.0
4.049832130176814
1.0
2035.8797363595338
229.16741246915367
525.3463866480806
5.678985983725792
634.879532426281
1.0
44.65639354951312
1.0
1.0
10.55496501545825
252.71714828015467
1.0
242.08799579761802
240.62142049112055
268.3723491588756
39.79573471305678
1.0
11.642703123727786
1.0
1.0
69.26446633860245
55.26727538585816
720.5746316066451
1.0
8.146780835284789
2.2153191268084647
378.1398145631162
17.250362540561525
119.46394673066824
28.06196197675056
31.22808253126486
858.3222069787328
18.552996083795044
828.0771075250899
1.0
1.0
133.17279107782056
97.39436426350515
340.2999379783961
1.0
4.84175591892897
1.0
431.03130165721313
307.69740659739057
162.80310469074502
1.0
105.59262563974872
1.0
217173.01433181207
761338.9472938045
1495962.4002313178
166312.50583352818
5739087.291619631
5663693.624942804
6809616.7172278995
680107.5043962413
10216715.263183944
126.66812164841832
135.73452130151048
185.50134824341927
97.05374894496207
37.75766462127183
24.481014950888206
67.35919616032544
113.50504458153975
1.1513050170926955
93.22461710182745
1.0
56.72741814017999
87.4645111117465
1.0
7219949.7412377
304029.70088357024
4548750.526682399
689670.7654222042
3319408.593834798
3465863.8690541023
11456194.410866736
2770.486857203749
103280.43792975179
4530798.974474892
4808706.265790319
21993930.394083045
28.28794160887641
769.6644005061104
37.348101283880894
18920809.89921058
14444637.609561313
7175780.066488181
10155764.454145977
16688895.541743854
23938522.27854868
903.011324342165
78.39662214547448
3782.6987978366606
676.8381706312163
47.43052096829268
1099.1456797331864
1.0
1942.1875902001213
1760.3582739204323
570.5615049488688
1.0
8.30901539253376
1264.7365014076117
992.0239620443302
35.67835716521194
12.492109580604916
33.11583581128349
362.4968759957067
44.56781913977743
44.48630634710685
1169.023068737275
1.0
20926.904182038816
1.0
4060269.181630435
30.97902769508609
23.538249154768724
283.0866028417963
5458065.32274625
594611.1381644536
1270311.3694636484
9726876.942644585
2652135.885404649
336337.40738326695
4845372.411592512
3586537.2572262767
1.0
1.0
235.15009808620107
2176.891359436111
17.634927483532138
390.21058994153236
421.491421828083
421.491421828083
9.730766223616323
540.0919970146196
97.49592245763128
2700.241386804188
23.231023137800864
1.0
551.9301061801859
1879.6622236570936
185.06952874060198
3115.1427717515917
1.0
157.95502442852208
63.44920435156806
34.91924634598496
1.0
46.48887006148881
78.70699247506754
1339.2386534911518
593.2311849838306
27.372954861316067
1.0
79.7388302358759
83.19106664765498
33.96387498796419
1.0
175.47499146651563
1213.4420761571905
1.0
352.5883579703768
1.0
46.74862313829585
512.9632550531197
1049.7245216172562
1.0
1.0
8198.793446892534
142.49658024482693
952.0441058724238
1.0
6216.883942896927
1.0
153534.7527546776
216145.83746526908
9552721.187245613
10675472.342342755
34.12452560326593
27.222294286176854
317.01221041001384
545.1924779671546
633.6035607244203
12679725.469892146
20889859.177401494
20625726.743360978
20568742.3363992
14798198.693516755
15426695.817436634
1944444.1233149099
1284928.4162971133
24417550.39421694
29704103.551273286
8333019.252492599
24211777.820105452
3.9286605775863697
267.11211487589884
15125335.430015333
25168761.88080337
31199647.025115818
3124772.9891649163
1.0
34265.51306061613
84808.27629705644
74740.10128052214
52209.279253765424
1.0
1.0
1.0
1.0
37182.706781537934
13887.803330562929
57247.69731937925
49879.97590020525
39129.05448808882
9708.015099324175
79629.98227143387
75976.73228629316
135113.00859750056
119065.08076290389
71868.62846506583
191660.16842611696
20520.210208110468
228432.99202627005
218897.6378891469
235146.08721709216
130583.35438356064
11930.110707610911
253070.74063671997
44559.00839808967
299828.8996152263
305491.2471163827
137543.5896014138
277095.6162445255
341896.56621603825
342416.8503933037
204470.99894577527
203119.45684207496
419629.31574871205
341442.637607959
58796.084362208596
451224.10015779553
288255.62865393545
487362.4712117863
501870.19974607637
450444.5653887987
524557.7244219657
536159.4400763353
311145.422220724
509473.64371150004
6.601887143641375
6.622439257913503
7.2251398318497415
6.309124904015444
7.2251398318497415
2.1146080547827886
4.924228492495943
10.549428675223101
11.822815485892226
5.166164809134571
1.0
2.4893563248306223
2.4893563248306223
2.009838057385474
1.0
1.3497956209595856
1.0
2.6857965592722035
1.9858371285492016
3.5855256758026504
2.6857965592722035
2.6857965592722035
7.343448504364397
1.0
9.795123042461263
1.0
4.962340367600049
1.0
1.0
1.0
1.0
3.0195968161420783
16.712613448269465
3.9440578207231467
4.382958808525236
6.644771990211094
1.6049233261305558
25.089310040669
1.0
2.8332662356482476
3.870336765806971
1.6223829962210072
1.0
1.7827214361999597
1.0
1.0
1.0
1.0
1.0
3.2194034692852354
1.0
1.0
345501.41050893645
584387.9136678657
298485.6158576703
535229.1477654972
532822.9524812404
531257.1232984108
55205.90741950279
527398.7919811334
105311.07529474297
261643.19981483722
233717.8373878244
57150.62684032702
508216.54805617465
290152.91577243136
488448.7715701956
483801.5478260857
471567.0064261952
54686.93501016463
451113.0270727419
122796.84295132729
28219.160951970036
401870.53602696274
37512.2324107397
168728.0827340826
348893.24141435314
100801.1974280028
319976.2335753043
250314.12639332996
212546.5322170528
279650.9539319656
104810.02364409156
297876.1029336971
242129.6977389846
113481.04321053685
35838.841652990326
123559.15546358458
36070.7988501883
122358.95241495068
59323.60372430204
40256.515592022064
46753.60529676377
109241.6335506928
129501.90991229146
66423.28016886064
35203.2606653944
30020.523321896242
42293.390943718536
40518.03430330744
73768.66535035039
217506.76415341286
268281.8709530061
276684.0634751279
295742.6900367901
346265.1614024221
402343.7399108058
477093.7217286022
506026.6731624384
439838.38611861604
427739.93693131674
415612.16993760446
376079.51315771305
336366.5190599227
327964.326537801
286343.5180320492
242455.4946178709
202304.65010212304
153762.3085472425
69700.99657478978
39001.289373467276
609812.491072207
147.47283707682888
319.8581436914072
419.4456975483898
3922.235412931693
1539.7933928109308
99820.05840872413
59146.52385665427
82809.74242097755
3.2047946635049014
42204.62508360101
76462.91563892455
1.0
50499.350829849405
44397.46347376788
5684.151434244979
24459.67148844949
116555.84052039904
158400.03716384704
158471.06895548696
1.0
1.0
82196.3458852128
283225.6856515598
71651.27563837582
74130.78487744062
86765.46949707263
150728.04746140484
221154.82475759645
79959.43023249648
241174.13777049383
413223.5218622017
39733.51559673898
530705.079147332
539166.5480606243
300213.54871937004
404537.62807040045
956881.8258858046
957893.1828986327
907396.6360930064
981177.0716963763
1016152.3336263616
1042510.9290412861
626672.5204709751
1170735.4991603873
2.0595579895064273
1.0
6.4926173490909305
1.0
1.0
40.96918649678523
40.96918649678523
19.99685434114865
4.5145443647917105
7.874629642125099
2.203344202022535
2.295705245948736
6.753149849137885
1.7745069159254452
1165332.1985346517
1141355.859952557
1173876.3817374322
1007153.4930305307
407589.5184895223
808093.1951565631
768887.1301770667
481338.11719155224
147876.21824128533
472525.31335608446
175220.00432254004
610958.916772461
468672.8414710308
345918.9911699869
263807.9460555549
561819.1207809092
540590.6881827072
489087.85987451265
347764.6677650421
162411.0139552718
72559.6762817778
170038.60278714314
157112.4012928379
294865.94153872575
352859.1531429789
443235.97555790725
617975.1076368121
756827.475563997
840725.4831808265
942158.1128211012
1181959.3169272842
1005.2578091487233
645480.1407555733
11949.236301070569
144739.82528706104
1274246.0
17134.10517874642
54378.25729432268
42927.56512658411
41994.097136451506
20228.488810338615
7481.73261399721
2697.957900663401
1.0
7910.12218389698
7347.067409409387
147136.27051546387
208739.1347815672
170490.92947535965
314628.7772621287
396694.5679990027
179402.62055944517
399113.7955006619
424445.1582397961
504553.89914027887
523461.8184376239
307264.30462212575
665942.4821313577
3.376701090591368
6.647301533901193
3.99390716361014
3.034620157978134
3.886788951793628
6.533272134405636
34.60284105864797
3.9613914923988
1.0
190452.13771747946
479416.3074247971
390767.0469864304
377418.4257078363
56786.785275937975
290767.9709046399
255000.82419944069
64519.12214700931
73323.03317352636
84480.60262817265
28107.44065606761
84449.26257289361
31909.724842471373
34948.24180588511
5070.277282532806
604233.2511969825
595203.7565711547
444846.852632956
384917.9800083424
363627.50692356797
323817.78512959764
217255.8806113383
188338.88006024342
703669.7990178079
1.0
2206.5757314871785
1.0
2300.8045164425043
76659.01291841012
18461.61314742919
18201.62603505895
12872.124193582204
72994.37784322171
65852.71596074452
1.9611017855915587
1.7350069434174802
26851.426381296773
51264.73659812424
345337.3258811429
23021.648632056058
60402.4970473428
159690.60215335025
586678.321734027
715916.4011765396
403920.8638990155
5.63224615202287
1.0
1.0
1254017.520599739
365129.5342694223
1061.996973794671
341921.1414845443
289657.570482957
100602.46451725665
51783.15593175299
394183.11548872944
606394.9906920533
510044.67850046715
135017.06988330866
1334883.0
1.0
28367.72910138134
58585.79951454883
38853.436242270065
140394.50983032168
75825.31840514769
26772.655793075694
3501.684013496889
406010.5296313354
13378.485028736484
4692.991535402045
1.0
12555.332504764147
31086.955179256325
305572.84994295717
410007.4945567793
422790.7301675111
422791.14036428754
448694.17075672076
257899.95523171764
461886.51138725586
527879.1415248163
63043.423356947336
981394.7053052611
1108035.4154579348
4.19026817097987
7.1964381040049386
7.1964381040049386
7.495488767462304
2.7238372073561705
26.376172623288255
1.0
2.1849387692938795
4.667707674983613
4.667707674983613
1.0
1.644354318428061
3.018170523118752
5.402175366291791
12.751240556043856
13.047179106943863
41.50443163378371
1.0
134479.86009549195
513247.6151225168
894866.6993341577
907147.379947038
905074.3115624678
837456.5975363291
315372.99323448626
401299.7472463808
723480.001950371
592290.954117783
687788.1239241278
620499.9798418196
282330.75440716994
373625.84417190583
216423.39963652892
424004.97682230215
226435.15917202816
103024.44277989338
179622.19160710258
156802.7597819617
78150.36635607162
61223.984681567315
33273.10122900301
64704.033545753424
956997.9734059272
1075473.2797663
566180.0669194735
285638.06263103767
1313482.2900900147
2010.4297834074523
25628.85888610053
4645.624851327061
2814.6043044755406
9252.626936491148
100276.87048816604
86795.39797051446
1.0210736363147075
142575.47440495781
93767.21891873045
160609.85483429197
93018.61684124783
610244.5684255403
463972.08321748895
715542.8432748864
44723.18018883583
66605.81479933554
125797.74555860361
540.0733959928806
40600.94614046819
164673.72860843522
584324.0873069557
472865.94110507617
1220586.4252894144
1303948.7270912514
1523783.546117028
1774814.2467577097
1097721.0983743952
291496.42780372757
23.321859877435838
49.891235458793496
1.0
1.0
6.296372865595684
1.0
1.0
15.621654417457565
1.0
4.679468086085448
11.505488351649738
135.5520203228679
1.0
1367458.4584112635
1086766.8691442627
1851907.0796887046
1676010.1525914166
711926.9011189413
244465.8351589135
25025.275330816814
577821.6370245848
963075.2984515884
1457039.623821038
216154.66084275438
2137635.772895993
443213.7009900204
2609129.0
374789.1966185415
374789.1966185415
28497.18241037552
116153.58899582426
77468.67464045851
56926.21968688209
56926.21968688209
50953.09009571705
50953.09009571705
331161.2310849581
68899.59785105797
68899.59785105797
68899.59785105797
442127.394840455
8566.816829237869
14170.01569368582
84245.46478323739
84245.46478323739
84245.46478323739
504480.229123349
279580.7095845115
279580.7095845115
3537.426749782739
279580.7095845115
1570726.2842595421
1418867.2162478713
1418867.2162478713
1418867.2162478713
3162911.029094378
171696.53229235037
171696.53229235037
2172.4099172596966
171696.53229235037
898418.9832234725
308938.05047035514
308938.05047035514
1130494.5125879517
950524.1530766507
601778.551460446
601778.551460446
717144.0909495042
717144.0909495042
1802212.0071799748
607131.421261702
18689.443596061574
227186.14129991384
227186.14129991384
227186.14129991384
20143.32554393524
1121215.2641919474
221557.90952914662
221557.90952914662
221557.90952914662
3076.9614017351923
3044.9749103273234
3092.9546474391263
3016.4652114637884
2890.605321358914
654783.6445158288
654783.6445158288
654783.6445158288
20016.66788874874
2160078.795171222
20321.712582353237
1291157.5027138104
65255.919264596414
65255.919264596414
31687.487249055983
181736.51247812365
153453.10645372333
153453.10645372333
6931273.120193096
6931273.120193096
87698.7220679815
6931273.120193096
20885026.031529993
20.697716985597772
923785.1820566193
1717.539526791508
63.86539950582588
260.64128586377535
1651732.053105774
17.334455651803104
1651732.053105774
41.263320837647356
9.117778723353755
104.02791514582744
2233498.969403155
44.24312294721101
750.5868621334466
576.1476245758114
1774.5799200383465
933.3404872387536
35.64007136251993
277708.1021652811
16.626550324931856
2730961.640400362
102.35543263211541
2730961.640400362
41823610.25762886
760.8158862177628
63.653366514522595
9063089.57088377
14.322383849166961
221.38420805006757
9063089.57088377
9.309000246956574
1468.8893670580292
3178.563464545079
9063089.57088377
7838.939616073706
12555.343834237081
163.3683183564405
95896228.57990828
78.35687993944845
45995021.22000968
824.3720236925122
184.09164968855902
1479.997093004173
22644.053126641116
1591.8239804051266
1559.5790336222378
72.68584779079048
1723.8763907380423
1.0
7041.314375591255
8882.386500783106
12348.028358272497
581.114258389324
3443.927165612718
169.52589655512116
99510690.25999363
1.0
5565838.4066921165
690.650726106227
5565838.4066921165
7.437465561309776
308.1059676415552
1481.2245014348866
487.0832745690255
10236077.86120238
19507686.78507158
19507686.78507158
23247459.17257462
8153.237788451371
3095.816112536625
19049192.098981395
1867551.1072041884
590.0417334608454
330.56916752474376
343.01652500998597
1.0
164.13548126185992
20575.839026828904
223.57668621899376
3613.1644190396783
27.039579685485855
1965416.9536157975
54767538.6082432
6389.710166744486
1.3526030187297082
21225938.04349308
2478.8849313073765
21225938.04349308
510.75333210877403
843.7015921905362
11117973.934612306
259.1467297409876
1.6200747440819272
29.049358531020086
1.0
2845.985818265733
1318.3579246785848
32176.44724854754
595.7885785425076
7958.306433535002
224689139.75475922
4027.1193691890107
18861.897551494058
13.917831832757747
22026.2595619454
13679.230861497814
13679.230861497814
35455.66981956224
8421.2658893168
4151.074251407944
63374.840531810325
1.0
224689139.75475922
12269668.332060792
2744.8551590064408
15898.86338503748
26240.4668111822
18366.98507342684
8421.2658893168
4151.074251407944
28835.80605969076
5488.4845695293925
3453.7146676926614
224689139.75475922
1.0
67892.79862485392
1.0
9500.015130345872
70690.48490523986
10881.29509442436
331364.638946279
4645.833225488883
59528.58823696965
227545.9395037811
1174.020250679298
101756.87173686405
175526.45385731556
101756.87173686405
38094.98422727592
38094.98422727592
686827874.3296208
2.1296945377122776
2597176.078758183
25155.609225743756
1173.6531205737363
63.86539950582588
1.0
213825.43404874523
17.334455651803104
2360990.463772642
26.33141386189443
1.0
1.0
155196.0948218558
1.0
283.43224847603125
489.4419830750443
1647.6409238303588
161.17635898042852
51.91902183572471
385398.6478251154
10.22389876727481
2520537.478988145
3604391.0676528206
1.0
23.180851030567297
3604391.0676528206
17569299.08176962
13843612.294140156
52.46140821302306
1.0
24060.873560452765
6.158998063741202
1.0
2145912.3532067435
1.0
1.7449808217375076
2225.7988828753746
190088.34181888288
15.182674757659179
1716.1536624602484
1.0
2170484.6644920427
1.0
41946899.836194955
1.0
5.8267298129070495
748.0799346202353
1.0
765.2753378224274
282.5732148529267
58.145081050187045
1.0
1.0
5843.590622582494
8882.386500783106
4538.1449893393055
182.6988154754932
1.0
145.91691124791785
99510690.25999363
1.0
3700097.861800187
586.1310169296906
3784439.8265673257
1.2937579548181566
1.0
965.5942123095203
306.87501770832216
1.1616774085865482
77.50944240223907
20702747.589494254
1972.3466965761993
36.866705529090815
35450.0127164006
549177.9401070413
575.328136980412
352.5692487432201
343.01652500998597
1.0
193.16712212705468
1705.923437387059
75.15104441269251
3340.4817036613395
37971634.29178607
4.710424033106874
149538.63345976252
1.0
1.4498711704732774
582758.6394592576
124.19245701122705
22456016.575406395
21225938.04349308
9.542460101719294
4001290.353943711
525.9406881226948
2.7204411829918613
1.0
27.850004632033684
1.0
1.0
1.0
1.0
4.065394258770738
7115.440725805431
810.7549926961237
170398815.433899
105862524.91282165
1.0
4027.1193691890107
12777.710556136324
16207.894496060568
311.3948809474372
8710.420960884114
31100.122032073934
2206.4710234893096
837.3191046291447
37982.44041515124
1.0
74108011.58362386
263.89286205394177
195832540.3638049
26759544.346875913
155134753.94065416
11598573.739885036
90.00059025694222
2643.8702129917574
1.0
5891.757088362164
653.8267041662792
1.0
1.0
5363.95775638832
3216.3317700894468
3012975.7800084837
128736768.94654092
543.3196116399848
781.3326311940853
187211917.92121258
22131018.33543326
56641540.79019241
198165261.2214846
1.0
49.384646544880766
1.0
500.61762934834684
12207.398400060069
3976.12597088328
5705.905377652907
247.57792406553364
55108.53661013203
101788.63230016734
610.6822918379022
1.0
88868.44457438203
22735.740612203164
3046.201552912549
35313.01647554991
6565.491413370126
96.4231574019033
430755375.5768642
311786752.6575793
77363916.91704026
153984148.50114608
104558.03542463377
47615.08669286546
187066.1750505621
169784.66170228107
3084.8540867855468
83451.3287831823
1.0
804.2834586209935
56926.21968688209
4533.313858597414
1.0
56295.114884206974
50953.09009571705
1.6316473160314473
34862.93710593409
39569.92863930044
1.0
4818.0100158064715
1.0
3.9139423779586457
1.0
68458.99479502041
75388.69932206435
1.0
70082.0591823671
178085.21598156536
399345.7193705123
371825.5750542301
164955.51491936654
9189.389575451574
8576.982647568188
43590.621453248285
12313.222944019699
60070.74708845228
85942.5789110958
1.0
1.0
85942.5789110958
1.0
198645.80149578012
166982.6741747594
15459.439050391746
1099.7687202655675
10.812565933991598
1.0
42.11543376047105
63089.79639290801
1.0
120177.5612187932
1.0
641.2566469941712
162201.98439597932
6.288560173616722
1.0
13019.191924504607
1.0
1.0
132845.5065964495
31813.443964902413
11898.92234448731
7.739455111292967
1.0
213879.15601159225
943317.739896782
1.0
1.0
100513.6520052898
13.46175254721687
2.2159119248041628
1240714.562427425
135522.42536910513
15550.751199583216
512149.3701704388
664750.37032209
1.0
57419.650267674966
1.0
1.0
1.0
181798.57620465153
453248.6219695543
1062983.9712326992
2436.2030460036817
718667.0130147173
2055123.0262555638
8.76615617375603
1349290.8036947988
1.0
562957.3104193038
23.240775554166827
2553704.7881546123
1210066.7071136727
3162911.029094378
18761.544473743757
79185.05021201551
73547.09928908663
117427.59248440122
116251.8573196979
1.0
356.1146844119053
35035.73399777211
5.615259818972217
3.920129650829125
198106.40688547384
6808.706336527025
187260.2277837851
2.757862904529408
2.6152027841474523
1.0
1.8568611080553394
493633.3169711394
205547.90180020183
166719.45232725627
39694.12946937547
8075.834495677735
192.14232629946787
607131.421261702
5415.0648388924665
57585.81411134992
1.0
216967.19332697737
227186.14129991384
73398.46925276428
1.0
48958.43517750572
194018.3737337195
202093.3758132658
234641.04105324234
227186.14129991384
97568.41092909742
878990.2451152141
206824.53970605426
693972.1611446255
779255.5649332949
370411.2753450171
1479.3916405677564
3198.7033645424
112520.35180417613
6752.757371531504
156830.43973923638
1.0
167994.2468820058
2080.1496322521475
1.0
3237.2439574674895
1.0
321.391656872525
21006.505663736134
535438.0088999356
553087.8460214799
30545.734211896775
535438.0088999356
654783.6445158288
1514831.2552435752
1.0
2007.2923421266064
364.3693518766784
353293.76281703287
898093.4450145593
12523.091863400145
1977.650056815654
48333.36089307248
1.0
149698.32094376118
108657.22797589972
1.0
2723010.7574744155
4189769.9807110266
24.849960789576148
24.849960789576148
170973.15896526657
935036.6768370963
38033.551297535
2430591.1992893573
3661424.401141318
743604.509416211
4725023.805770285
1.0
4481.878325648477
114832.03908078287
65600.96919913669
716553.6401368785
15.861036933565956
1.0
1.0
145.31105344988305
1956486.9877551473
619390.3558235607
3402835.1351010636
426215.66800317366
1718490.1748119893
24.849960789576148
33.24861509627014
1.0
9.279416234016875
472847.1603393339
914038.3582532236
157325.19579492108
4474797.512074406
3532692.1754640937
937290.9620114557
4725023.805770285
48126.73613614866
714477.100142998
1760063.2993932064
5956936.267163949
3713153.7727980386
4743166.836556109
4593712.916899947
4200816.279527293
6931273.120193096
19650.273518572052
82986.45549567317
471653.1963587129
1.0
21742.36143446027
673373.9679927543
800382.7988126228
481292.0413007348
105386.827066217
2919352.3099357574
4496138.924866748
1.0
16.455045448265494
17.56117681645762
81.55974513179602
4441168.642909484
3461179.419686717
393334.0764816362
556267.85754887
1696128.2540323178
4725023.805770285
200218.23687465957
41.17695510435347
6628443.105394775
2927908.8285946436
2076413.8661948643
2513733.152123623
835372.4237464863
64311.34551020517
1.0
3505666.071172773
13595735.77456355
158.30731838487387
1.9476557431073036
1.6020308339684721
50.266233584745095
10049768.933143293
7407024.281233822
7213618.595221146
1883044.4580447464
291538.9121033713
1487899.692017192
9730898.565207474
5472342.89692863
1637055.3428980734
14261377.33102636
34353.78146478538
27653.83410645761
17.09097793223344
3517275.8492864673
5317033.643257883
134.3526191613529
78.19108052014772
18931454.52966433
9679260.513950173
7665856.620333631
1603404.7757348905
9920733.098208942
502.7574146959021
7.333905678246376
1.4451114903021236
104.41659455900906
606.0431125807215
1065150.2013587037
37.09166180679569
1.0
109.40238354782223
835.1952163326426
1644.9768309569192
10424522.536034368
243.83228692714408
243.83228692714408
269.4876136664084
187.164737347861
82.82574325284571
55.53695730354962
36.073549928158016
576.482086307832
4771.263542156267
251.33745368193874
633.6405013902363
303.2008112135848
13604381.139844043
196.84465146963893
1533817.2032536163
6.368098023752703
237.35540067422681
8.161926063995516
172.31366937278207
95.54636870374542
975.4758410994075
82.82389144203452
509.8757755006254
21.455925918146246
13604076.974265987
626.3305138647854
1.0
2654.280719707381
15566.353684359352
400.49232933008966
5138.568462501365
222.06936861411214
2584.6357306552395
2822.301979132487
180.69389502730738
3099.5755290756038
5124.557461263851
5124.557461263851
49.9669210379912
49.9669210379912
1339.832716014863
1339.832716014863
11089.147680985065
4139.716833395491
53.86539679618144
1354.368815081082
49.867974956196576
49.867974956196576
772.3495864369912
594.7296357543036
4464.212376100037
31618666.677120965
622.445816879423
1.0
17097.49450586699
468.5078395489814
424.25452414824446
2457.3845719271326
477.78704493027874
477.78704493027874
2838.866191826746
3099.9098157842723
2490.2134168201633
4309.402018254525
4309.402018254525
202.80605820456526
138.99923090283843
1199.5794457036093
1201.9138803054498
1201.9138803054498
1589.4791882314892
1237.655891132521
1177.5671877156065
54.88177740561881
1117.4784842986917
59.16371582282732
59.16371582282732
59.16371582282732
1301.6206486797573
59.16371582282732
34728748.34766831
434.4339408262164
310.3750937118337
1.0
1272.9975051484685
2202.9670151423647
101.45653884420011
2049.715936343311
2801.4554979937066
2278.400826612795
17753341.82399655
95.9787429131202
495.3602179107778
62.00760121546661
677.469998386127
1506.39475858576
16.24515746328852
360.7422051709265
2766.905879434918
10184937.766600495
4304958.89521333
3945.1049529163433
98.82920425236927
4434388.407521802
679.5829225972979
1315.6420674667604
2839.1855217889974
2105.7877000161757
8095415.737125396
589.7298581069664
94.36652754456601
632637.2765492587
97.94438505272304
602671.9088160474
5107866.689794995
6905.3592777453005
247.95888791357638
1502.476681155335
2632.133770463587
1472.5965357273924
75.03350616501284
1212.5968914561495
2718.5189523569916
825.0179323078829
856.083422208428
1.0
409.64109382307373
8.751628745315639
636126.7337682598
18380272.627258774
3176.3250961711556
8.662156128736006
600343.0806834155
1.0
1566.4226256970978
184.52903508977698
816.5806225083239
892.1772811496958
631638.9627201101
165.21939597062308
13412800.724653551
773.5129645233575
638788.3927063539
272.9464876830736
611337.6091206963
5060553.0148054445
393.1769390955217
13.101908973332447
5.724085262768109
635699.1381723924
20.583574687184335
3524755.580455184
33172.63016801104
1.0
4587.456497686512
1.0
4587.456497686512
22839.794156573804
22839.794156573804
22839.794156573804
22839.794156573804
1.0
1.0
55008.36696516285
14324.023094634427
3203.6572081062313
3203.6572081062313
17432.50968371965
25654.768575291462
25654.768575291462
2889.6587496703023
3737.397394158655
23608.72407840705
27376.891739607756
22098.897913398083
22098.897913398083
1.2459255677894312
21178.09811751896
3716.254337833355
21178.09811751896
1564.5836843693191
111758.08730110855
1564.5836843693191
22513.25954909368
39255.540398430996
1506.680088015876
1500.2549958736367
1500.2549958736367
20145.772862403468
1116.9852974877806
14867.144076361586
14867.144076361586
76154.72810018659
16578.900725372587
81099.93359518696
826.7227278540408
653.3616665210191
10373.254259341269
32587.584797791274
372.46817333742945
9561.193182042685
399.11894405973874
8366.362755625216
8366.362755625216
8366.362755625216
8366.362755625216
4615.613264180261
34283.207829755775
4615.613264180261
61258.77970409281
34283.207829755775
34283.207829755775
8450.003712141875
12776.285044057937
12776.285044057937
12776.285044057937
402.73388072169996
1.0
56586.09585973065
54531.597808154096
1.0
75962.70378390294
6432.66096904324
4517.415111925437
1.0
1.0
4517.415111925437
1.0
235592023.64785698
502.7574146959021
1.2153111140878028
1023163.5734944767
2666162.1244174573
1.0
52.67127722214403
407.809431830086
77275.78103706933
37.09166180679569
1.0
109.40238354782223
421.9857782813548
1.0
1.0
724109.3177918635
9741879.113195539
236.41470600274027
92.09339890046083
1.0
159.05914782875024
1.0
1.0
34.86663818828781
761.9589147177701
535.1398015018098
135.7126958128188
1.0
52.20870013637091
1134550.3661918186
9402876.020776575
12704212.311937831
11713388.486088574
192.14942273771157
1426339.0388556006
1.0
11.70916301615701
4.721468513812371
15.450271850604665
1.0
947.3700113265267
35.30555633836056
1.0
13.748250451683113
147.60507679720615
8756491.482138658
5705552.679639026
12600057.257959835
387.1421086326101
4502936.827679127
402.47204503436427
1.0
12126.35813685057
154.9906724704711
1.0
1564.485337746999
1.0
5.465602089221182
1.0
1.0
11.199856125470896
18.252546466552428
4604.793326562939
15.171497272245903
4920.614073935443
19.85443813710834
562.176674153711
1.0
564.8952077955208
1.0
79.66549757169433
1.0
49.867974956196576
1.0
1.0
267.06263769088986
2015816.9943364733
1791104.8763706998
80064.26180848356
706519.249495502
6776874.709897748
11572528.243868029
1.0
1.0
1.0
414.47086096958856
86.85398841555019
2033.4381416590709
477.78704493027874
112.9933884822302
2838.866191826746
3099.9098157842723
2240.901006408876
301.90729635406944
1583.613242296956
62.21200968843596
8.060693520268007
1.0
716.5730859246273
1.0
1.0
154.94145018234462
266.6084362335574
38.67223587949211
805.497101069999
1.0
25.583587268309504
49.74522863583094
1.0
43.25225805866893
3230174.0759158796
29804068.793180153
33940528.34718295
144.4099950618472
28802813.474617254
34728748.34766831
45.73016319859692
291.7244412916431
1.0
1.0
1202.2498020911312
1.0
140.8950776391752
456.5587076279389
1600.4455243322825
651110.0586403132
7593990.420052395
26.940550265994798
9266614.826932898
11579116.2614175
8334303.894157157
1194908.7781369984
13058008.876727415
11215839.252107998
7819402.4481148645
17753341.82399655
86.05446858629358
280.91241848008684
11.892105996637126
12.820959583387296
917.2628214734007
5.2510832545541755
77.90865184952061
1890.2186815551415
10184937.766600495
192.90344929714672
1.0
14.538926416122143
3.1814520986763752
1.0
18.802571314703826
568.5685507712182
4.068221510103106
5630249.116357977
6021754.969538796
21620.91682249644
428.8009359779358
1.0
1448736.5267514049
1395.9662936613372
184767.90933906057
44.08278999024338
178035.74015527705
79411.19290391133
567.2275565870152
227.3889338899715
155.8982072980126
955.6439870779607
1367.6277905614775
25.221625470512894
1113.9689928979574
1.0
824.8870361126651
856.083422208428
1.0
354.6585053318601
9149007.840902071
88.00267997109923
12741550.482352888
1.5242948018257063
48405.35103021945
1.0
8.502085240440163
17.031634685658865
1.0
91.5015279672213
52.81014128446502
1.0
1.0
1510354.5262009355
8238057.691429559
713048.1463242373
10812589.967687773
492089.2155278325
404257.5946756925
2.983460440879278
13412800.724653551
513.0320461229253
1667818.3574102584
14677.42227072825
170.51808051729384
23709.29133840327
6.043838614280441
9.611646672939655
1.0
4.006236875835395
565794.1915526163
17.39976610145177
2847084.0148703405
1.0
24262.81098112894
1.0
4587.456497686512
1.0
1.0
1.0
15198.143829244002
12257.10843921433
17.251405110998363
1.0
1.0
48392.14745577781
8678.499587665749
174.73423748843445
65.06587304306714
2795.6517825223527
1.0
18295.742439002504
1.0
1956.9269447676227
4072.594402642954
1.0
7936.112550310833
3594.2034833815574
20651.234603216242
1327.8311741250054
21178.09811751896
1.0
1888.9530878382864
85.29031656987189
16683.369418256138
1.0
225.62785832865623
1.0
23.84266724458929
18623.65964134115
534.6227356143053
356.5169639921832
8891.415665894849
48834.567757158125
6684.512887463166
34783.20226522613
30.948687552947675
4.77293907832332
104.9037482718488
28287.931869517637
1.0
8585.39868719425
205.9177105254848
1081.4083452331622
1.0
2119.5759478225787
730.6969104769958
904.0566015169379
1.0
1.0
30751.433034525897
1.0
7545.031873107972
7626.157135911192
1019.4082650991088
36.73615531732027
11687.13016518126
257.3523036602698
1478.5654462891741
1.0
6504.550120359068
1.0
45762.68934201344
6209.854433793483
2449.6132176186484
1.0
1.0
3936.702805602042
1.0
4620950.062770235
74820638.8505641
77450168.42563821
108450135.51186143
7941503.327923139
118227339.0083559
2349.957397155933
24.697288098032274
1094.9174803113428
2478.602359976019
793.951682402846
252.51306736407366
25.9656702216402
2382.4688308464724
1341.4569108366695
8194.466355106617
577.4566500250344
21.92027937627068
193633843.21523172
144628652.93948004
82935765.08145225
141750924.7868298
104978116.30804537
26096223.257296413
22680626.29918168
8971341.0255037
73585555.85280547
183340005.5170392
152303253.72351426
67569643.49454507
204167764.09342977
24158322.649380162
59259749.608959496
167441206.24596485
27.831633072997978
163602425.13629797
110280891.5913353
155996565.92548686
235592023.64785698
136944.994258428
166262.69299142784
361844.8348470514
137074.5741281954
124519.6665016943
94524.81727044593
5560.90557321661
24511.833893483992
40693.69053476238
10839.805415274524
1.0
1998.150559051741
121941.1016262
1.0
7240.539904290929
1.0
1.0
44151.90488182849
11467.218133553828
99008.07385626789
1.0
24490.584452518477
54953.54991602564
109146.11881320001
292.98899051120446
1.0
1.0
25868.02405515583
30367.61700033224
11801.782799186623
1.0
1.0
1.0
4.861192453711843
1.0
118843.99268931757
23234.24564668237
98133.91366577234
59126.883184784965
132588.59007144324
126655.87108550874
79839.08825990678
124174.60916958313
10922.962024681408
55072.58913004717
16161.682299640705
1.0
1313.6124808667887
15410.068830375576
13703.572491148365
15996.063987070913
20860.2425045127
1.6145394007513267
3.9762862481971974
1.0
76198.404351478
66427.5927969198
14569.048529385802
127955.20754876973
104963.32446576348
68977.76844203849
75756.96236067564
102471.65667966509
151150.04592725367
144567.75845650682
5.209931192199472
1.0
1.0
59732.57288591418
1924.7129553974498
1687.9066406904794
30986.50327123916
127720.52423810252
423852.31607025943
257883.52171425373
1.0
3.6565628104396866
9.86877088477575
1.0
1.0
1.0
1.0
1.0
120758.35826569438
33254.77041031847
145630.09525141848
29947.920822043052
29630.088907504673
31786.102233838177
310002.8352905319
218984.86750146624
154996.30591333067
468335.2994695124
1751.2481665407072
2102.120236776818
1.0
63240.0329367868
11951.581481726473
32988.61952429548
88.48291578444358
124260.66652189201
5477.097446634243
8156.924115017344
296573.1486986228
18.06107819931488
2.9564895581964143
4.018382109226525
1.0
1.0
7.976287277461414
240031.62899763515
81004.21570837106
359715.5514349365
219199.64434940432
598887.1192868999
5089.792030439481
931626.1985913427
1.0
147629.9660212605
247888.97749237876
228753.88295632004
374166.17053072015
309358.0514708354
45117.50530176324
121872.14347359604
880810.1612126166
869886.8269172313
1078786.8066098858
1.0
1.0
1.084078681956425
1.0
4.57162262386637
1.0
1.0
1.9063799254655227
1.0
898547.3055332046
711157.956279461
566973.7160698297
292807.5530162375
67160.4459756543
57426.53174598162
733292.5582403438
969458.1858817231
1169118.3843608222
53626.43848955612
70007.30360248021
2.155407263864456
1027183.1862872234
195912.95355468206
441343.50362285634
160069.75681523845
2335593.8380494877
13.566499164951637
14.795561892314767
1.0
10.043721632878357
6.021955256988801
17.083046821206832
1.0
1994014.2071306205
141991.0911736903
346842.54534579755
696981.8677025923
1165809.635473472
2128775.916429489
2250729.3444354855
2520667.535324415
3039341.6664981
1.0
788.4883468488031
29184.67361980403
52151.19725555389
34117.28610973662
11189.829760607463
65800.87625998106
130823.42095249928
2.160331940784584
1.0
1.0
1.0
162827.0981763785
203529.31925103092
148587.1400893056
21341.605354157506
124523.40719676435
208363.79254561153
199740.4246540077
18565.14766716801
281520.021403132
310376.34721016634
1.567530294116109
2.303565836034749
1.0728461153289486
268808.867692621
232391.7215023445
163161.95967037175
367789.47220260004
24168.832616772765
103083.12772848354
160448.2558001396
1.5109909978767928
1.3432207698249023
19929.616790777338
11277.713778514946
394297.6923497113
446898.0628542567
578624.9142267989
141633.95674828702
183061.03329002392
376751.73990686564
661773.1937202
802832.2935309
434631.17095839867
10.031135648589364
3.0202862232415795
1.690456585981494
64417.65602965411
8117.225023436463
793989.9637895986
2.8335870794523355
356423.99765754293
868169.1831541867
3312.6960380212013
3863.5709825464014
38411.14195501754
8855.622595871902
310311.17155207496
686.1680089273881
27775.88412384937
243910.2633517335
627157.8845245726
502.36094464152904
66441.96856424601
3.7354584084625726
1.0
1905.7550209706471
1771.8930391838876
2483.536680165347
806.7237054199414
1300530.313584
4255.84478034501
38857.876963562485
9934.8610389181
127374.90256297494
132114.23887138363
92375.68833432157
250271.19047156442
195579.27922109296
2.0562474842560086
1.0
1.0
1.0
74758.841774019
84843.40053374587
63713.32675654244
40141.987433357775
329457.29932525515
355428.28040298773
88300.7533790084
259250.08068036614
297212.25432870706
2.5630506676917055
3.186657740260986
3.8364499435700257
23.028923829473023
458677.1012714472
471537.01981375884
163215.41118459703
335629.6152059943
160594.66210582762
322238.10738501925
451091.05611822224
1.0
483.6048461699062
1045.1510096767458
3688.5742790236054
486653.2240626001
21897.053751553896
1.0531382143648924
295457.01855185116
312540.7774011228
249400.23687860585
3637.815545112489
3161.2291107552273
1.0
6460.533820936403
3.2254039325825894
1.0
533.4403841199145
14902.016063489224
120467.68260187577
66495.20728591873
705864.0473231822
1.0
158767.5991629297
825916.5810316553
673929.2802644434
62100.946581867815
941692.4726001408
2525.7649739866683
1.0
1106741.4097779726
156016.9199359051
7.545332320005226
645549.5112646157
404983.1002122798
53189.99125665849
4078.2707424230734
2570.4920809639184
655.3524303377309
115.28454115407068
1402605.6776343002
296322.3368539573
633734.2481853209
862856.423808854
155.06558556440723
1.0
4100.823294291466
245.85387755577108
2.384376020875343
1.0
82577.64994847994
81998.7021547478
4270.547544116925
54469.37493553695
1.0
9822.195993130023
1.0
10681.783684047694
1.0457544423153728
191099.04784070794
1086478.6761542044
103787.82841240567
2079773.4923056872
826877.2879442519
1884132.493797527
1.0
1.0
1.0
39522.88231593094
170900.02546361697
1120608.4033798315
1262740.7937175806
794424.2540616184
1987318.561072555
2478736.742076101
2894192.0834478056
2972176.4678282384
3201298.5776811065
2972829.0291819
3348332.3286800333
1023378.4774893653
607833.6859695168
4093826.089346937
4229178.621398169
308398.410681958
4681199.234339099
4697033.594646212
4676606.908584889
3958738.6617620555
6657502.228650581
7212187.041609587
7769055.300916394
7784792.066072882
320.06714895233654
94.07982651277035
1.0
46.556711587300164
46.556711587300164
46.556711587300164
131.3832930953392
152.84036651864832
1.0
1.0
33.567715012496784
1.0
12.59042474186298
1.0
1.0
1.0
1.0
33.9500252321073
93.56443597788598
139.39590946022477
72.59103286384324
345.4791279121947
54.291114000308156
28.56434972366524
1.0
1.0
7704852.9019388575
7180643.518547032
1163840.611696064
6693365.158261858
5808364.525260823
824542.5908044705
761406.7491357181
3317890.441864004
6006831.191355356
5685914.015345179
5622406.89550617
2034150.5967857174
4785757.715998165
1384636.736231917
4571850.805502012
3461635.9463006873
4279542.966783777
4153617.2947917082
3839435.636633097
390575.8430380364
1545067.5626241171
1095763.9002335258
1648781.0966948408
1760222.6024028047
719197.2048308097
1150512.420290993
366583.7911593809
1102902.961486478
521406.34078592516
991963.2648793821
381089.71034481336
148553.17631973568
56915.06081476666
1101793.3481387983
2995086.053928597
4052069.3664300535
4740604.263886431
5212219.426972281
6505195.229649028
7288379.685582387
7462321.746263476
6199061.023711147
5998003.996233736
5793352.204728068
4460018.997607248
3705806.481891926
3510254.648862483
3038639.485776634
2750225.8364978223
2433355.5374077577
2100267.612011736
1745663.6830998876
1359981.9587871875
8310055.089088544
1.0
81.60677092900872
31803.16154634592
24287.2963738627
12879.446323119764
21043.230907023928
770532.5745202167
247078.41501315613
23.79200121199137
80751.54368280503
115423.1473223401
15.492527434954608
3963808.722006789
343374.64968045865
1292101.2474079092
3476898.400799244
1643798.0373396026
2555315.5324964635
758555.7375788353
4512715.514511911
3383020.4534779596
9681967.4240042
11881065.662878942
30.39304703327928
1.265132474129949
1.265132474129949
70.40781290534792
90.74077886982656
44.49983445135701
1.2778250269043512
92.49276347636281
23.83313917240192
101.92903413449946
70.00631971429179
1.0
13225506.89096948
7510775.412706652
12604088.734888675
6514945.1985816425
9541334.524564987
9167705.31167764
4789648.212640356
1400346.9600814031
6462822.939865655
1690518.9787864997
5942730.723832039
3931336.66077612
1335259.7936281296
114836.5672789351
131595.9944469836
3461046.5392658813
4480223.955485526
6943785.841768487
8451687.051071912
8845936.646065993
9831662.394013714
13762430.31330761
5900293.70748718
14847412.749299102
1.0
56.87295472983916
266.3769675595721
266.3769675595721
77.64920313529835
1.0
1.0
42.80762184703634
42.80762184703634
388.7318469829646
40.19240746682582
22.286325843416215
515.6938655641773
252.1127188927218
24.47564187940638
259.38757082708395
18.61849716738574
393.7506193319704
454.4115681632315
18.53041574772075
18.53041574772075
254.22906258817125
19.31879000048859
2823.047604177669
8.414018495515053
500.72235752231205
145.23091884449516
102.10415352731046
469.3251057693898
5.405796360733744
118.9292468843563
58.623506367050645
112.391106403129
3173170.2246840354
56.87295472983916
56.87295472983916
56.87295472983916
1.0
62.856962240121746
266.3769675595721
33.301514269206386
211.90339307545992
40.19240746682582
370.5807412763007
370.5807412763007
1.0
283.23916048396404
283.23916048396404
227.5311217167136
18.61849716738574
393.7506193319704
311.0656397519397
154.33204698825844
18.53041574772075
193.1848068565334
193.1848068565334
12.700377691109079
193.1848068565334
12.953784334154026
1252.5238167297643
12.953784334154026
1252.5238167297643
366.3590575084629
109.81902657242667
500.72235752231205
500.72235752231205
102.10415352731046
102.10415352731046
5.014555094178597
118.9292468843563
58.623506367050645
407.2333949617879
147.79424006849092
5.004625113139041
862.0438879771966
77.51107077839774
895.0105785670486
1.0
48.77505232357248
448.0171771049665
3173170.2246840354
1.0
1.3977932978960805
1.0
31140.925409967134
56.87295472983916
56.87295472983916
266.3769675595721
62.856962240121746
1562.2002825897578
1.0
42.80762184703634
38.76419069980935
38.76419069980935
224.5315459162132
370.5807412763007
515.6938655641773
259.38757082708395
514.2877565590478
12.700377691109079
2823.047604177669
12.953784334154026
211.06929431078208
12.953784334154026
940.8783676780057
109.81902657242667
109.81902657242667
500.72235752231205
1112.8790975834354
107.59446612405641
5.014555094178597
1112.8790975834354
5.405796360733744
118.9292468843563
118.9292468843563
1112.8790975834354
118.9292468843563
118.9292468843563
118.9292468843563
118.9292468843563
407.2333949617879
58.623506367050645
407.2333949617879
407.2333949617879
142.43109396251643
147.79424006849092
1.0
70.72043750856146
77.51107077839774
48.77505232357248
3173170.2246840354
192.8867310670475
1371.682382982959
182.90661854036094
1.0
182.90661854036094
2952.046013575633
876.1497666486116
208.4723280097068
1.0
876.1497666486116
1.0
1.0
125.90410053351766
712.5162919440473
145.33862593982354
1116.2267038049472
1736.277781792112
145.33862593982354
1736.277781792112
838.390656680905
857.6331216335396
168.95421712519058
891.0963759701197
4348.607022307795
1045.2456366541055
60.42391915377324
58.962348740150595
1000.7313440366297
1488.1241018525043
956.217051419154
58.962348740150595
60.11996044644253
802.8400092092016
1488.1241018525043
40.88541737426417
40.88541737426417
4493.580762732976
40.61123740716009
1162.218703368267
671.1884094354913
27.016594851286136
375.3443864176778
362.900455291771
362.900455291771
336.0276825945578
412.8518089144131
1335.8263903542309
412.8518089144131
1209.6066600899082
17.215311896032155
17.215311896032155
433.79185290841156
360.77134701199026
17.215311896032155
1322.5586132424555
352.8851691149506
3064.7827800293167
1322.5586132424555
1322.5586132424555
483.6741075546363
483.6741075546363
1928.574098536823
482.48347087592026
229.74371619326953
229.74371619326953
2493.9189634131194
249.6031365545156
165.95515718614203
1331.3756339162837
1331.3756339162837
9551897.236478474
1.0
42.74432239147286
7.586359846330631
11.752222216169361
22.318636778071273
1.0
1.0
1.0
11.665818209290851
41.62967853058132
1.0
1.0
1.3495731998072467
197.87341417940988
10.049962649430055
84.61820607999343
1.0
11.681087183810858
1.0
14.037663224054128
1.0
244.92276840060978
6.552505437550986
358.3722694633271
1.0
1.0
110.89827943298555
78.49524119057413
281.9626705872141
1.0
1.0
31.361254034196772
82.47569290306305
166745.7781693091
1110505.5705209367
12.281140347751206
21.375177820138337
1281697.5674718926
1079118.698683347
1785899.6366175115
79552.35533085515
2059.5082313418657
1.0
11443.328074527471
73089.65607779477
11.039463558648638
359753.58108401316
1752162.1143717272
3.319123467033934
1575072.5944032979
2809627.879773493
1.0
1.0
1.0
56.87295472983916
52.79952249343235
1.0
1.0
179.56283309993776
33.301514269206386
71.12677568386691
22.50826489708726
14.64930149101637
217.50500519187491
34.37807155786382
1.0
172.70257235173668
14.120166595756444
178.88159657669996
168.24628119844522
94.40262202133022
4.40662056794465
4.493139301254975
119.4465266931937
1.0
1.0
271.4491068192769
1.0
1.0
703.7299043007766
20.191010274539366
109.81902657242667
387.13563200970253
431.6025491319389
45.96035734842927
61.389465668608665
2.0456430216724524
30.567447842697756
8.52808071237025
225.03123568267313
1.0
1.0
1.0
1.0
486.1033485550747
1.0
1.0751025522210826
264.31366178003213
302116.0917548187
841757.0910814903
537697.7335355518
115841.27434541855
131381.6360859395
4.40208768770616
1586183.2360474605
2204922.5223481595
2296950.794528388
335717.1357418168
655227.5230101043
2184614.77492139
2010549.7315829447
1722147.8770390525
1.0
1.0
1.0
29584.6323381956
13.99713536383951
9.829462626469507
71.12915877434683
1.0
1.0
1.0
1.0
10.109895414461256
1.1352870550672622
28.880792707121714
1.0
367.68835374404756
89.84142557256826
1.0
1.0
1.0
1.635507383787558
13.630482519592416
1.0
1.0
37.252552817232406
60.45815997387759
212.21845738042256
241.99358759087193
22.792948214754283
3.827227655290741
427.81942132579456
1.0
190.96418842974958
1.0
60.561878804546915
1.0
8.511345195870886
5.597116560108074
78.8371547608141
25.423050305142755
1.0
1.0
309.4339825261137
139.9882321661645
147.79424006849092
1.0
51.85992553519271
75.30190364454606
37.072279766379545
29541.92703848017
45506.81519819408
1437910.7726301826
9.877237588051491
7.893785292417277
8.29231918419371
12.842435912357914
4.941483327547328
11.93262764582944
2167904.6657706914
96888.06407077014
965677.6075516619
719713.72294912
270074.2897012636
821789.3127797174
2296950.794528388
1213.9876720069071
439955.31851087074
958178.634662508
3173170.2246840354
1.0
1048.304347830035
44.963270866615794
1.0
75.55891198362016
213.0143467980586
1.0
18.407718366130403
1.0
1.0
1.0
1.0
12.713870443567806
587.4150745252356
21.998648682339567
97.93025490399395
23.84831625212193
122.70908283260059
1.0
128.7685690326885
4.620264921270113
45.36092128148597
891.0963759701197
64.21263519638316
2642.6791975690385
448.29072509023075
3.605740485251559
1.0
479.8190115824026
1.0
1.0
1.0
15.310446100028535
740.6943627382138
623.8663490756035
2.3996492849707236
1.0
1595.3629727320656
3137.3321099869463
14.863111047495918
1.0
516.0395684721078
1.0
1.0
246.63462118345137
99.40504606826433
1.5198450314626022
312.04575862463827
20.573799751907806
220.75242089097492
145.57235231483946
1.0
7.601270791024822
313.26534822325885
12.430678246141284
12.434840559307593
1.0
1397.6196764229533
1.0
249.26286493842827
1.0
549.1365192159592
34.23495759048145
383.2030782985496
6.90183226643746
2.793892388280643
35.739562472545046
1.0
36.973324770819886
16.263554720642777
1.0
1.0
980.0752205065369
143724.89559154995
517337.7636591855
2231657.8309894484
2287605.66775459
78.0892425562115
1.0
4891951.188417468
3400163.163140487
3597523.112719495
914085.2580006677
3013930.083203698
45197.282311198614
20517.95626502386
175873.6933398182
192584.03356208527
2469615.409696547
7648755.10099752
6576134.970568788
2690150.827656399
1901037.3783900663
9551897.236478474
27608.778378907526
953.1352057163551
14888.67008699678
2136.0301252924605
25672.752984978186
4299.867558203545
92090.94107913238
59496.320158904695
103165.08844552415
128007.88811200383
128672.7239423882
198150.76965513994
214691.0892746244
1.9418721382818638
1.0
1.2841938691012724
1.2841938691012724
2.165095803719993
1.0
1.0
1.0
1.0
1.0
169913.3444695515
119238.60633555647
83031.14598944383
67466.91471084557
114567.1479439248
106299.36581193912
10086.805243905708
45392.200699200126
51561.5771957866
22841.969227085327
14311.498080440237
25042.776010569476
1745.8323019942657
105986.86273112262
116093.81086352539
170388.94341644298
86787.93936044403
43639.82716315676
12591.736774254303
228420.2730454246
1.0
359.81116475274916
397.2097248779947
28866.019649702932
9795.412927753046
19266.951236337896
1.0
21686.28029730063
1575.284902476082
1697.1956831916716
4339.664734787278
19537.84210250109
2.434116778859649
104797.23183491212
7288.876815741202
33048.3101356141
50201.80036774744
171969.0217384989
234832.1471514109
259795.8265412988
339688.1538374461
415523.06957768364
1.1450306968303323
4.949975877200482
14.754763446629692
1.9882489905753586
1.0
1.0
1.0
1.0
9.307694372871323
1.0
233847.98922736375
122160.2026411772
41810.23158826052
212835.56153577619
39598.11203509676
384487.7447821338
429365.2637851158
318.95644728118054
245326.61292532485
523.7505731031864
459924.99999999994
94294.78475871547
25757.246355373474
17760.084451428276
1.0
28073.334351815134
20677.958032780716
44893.51261888062
14781.693986698683
77804.16878614068
80283.49324855761
50589.607414964965
15132.935848753243
99777.45353054878
111626.38952853974
17181.03009254898
7385.41893934783
91058.33531305696
172831.29756890534
79199.70173088083
121364.45019899198
1.6124048298019613
1.2841938691012724
1.0
1.0
1.0
11.602829978020699
1.0
3.6913608948666297
1.8218450879843089
1.0
1.0
28546.720009014494
187948.89317792194
8754.29210229385
155720.30101229742
78324.82795031968
70936.75162903084
41342.41496021419
9225.782207035456
8120.626135856299
156748.56775725103
165760.71903713126
209802.34333950325
192737.59812996004
163973.08974329074
160679.48826556854
157356.12007346994
136959.0934408182
130106.4416190764
53132.54473523184
228420.2730454246
422.19714021752736
123.94073648391651
13201.309119572594
26953.911239337907
3088.5401441356225
4589.942402783109
13234.611441266889
9140.38595501353
87.43513664553375
41058.39485079921
86791.46479715999
108849.48321979579
251676.33887698443
234254.33028957382
371259.0769973492
225233.351566441
2.6793946941140936
1.0
1.0
235943.08412657346
31369.927753707678
298189.9772949256
289238.5134263323
288537.8613208532
124107.63058863569
274926.8325306084
229586.62432848295
219266.08676564237
176234.7330331045
24425.29788005564
53855.15500425667
260718.50534675515
406551.5971760362
357581.5810958086
459924.99999999994
1.0
26.7024968528209
1.0
54.641397189541344
61.59475694782531
235.83765499167743
161.97204899315912
6982.367033581104
57414.20296427802
1.0
1.0
2824.7230024436412
1083.7356992645582
693.0977967097133
37356.07076947138
30616.782293282376
35475.165974267664
70827.32782505502
74903.7143523545
92407.12183978282
25648.482780769562
49831.298888221165
6994.073383595959
132501.76154509076
126974.73315114465
213320.717545086
1.3289978894540564
1.0
1.0
1.0
4.16865332722096
1.0
1.0
1.0
1.2639994029815294
1.0
1.0
1.0
1.0
1.0
1.2095676967036069
1.0
1.1155311241380452
3.688188006330367
1.0
1.0
210787.16822122308
203011.29071142655
201045.12366342734
200218.29746091663
78802.7670644819
131313.30712373956
165161.9850876533
62461.853718120685
14668.506189550115
57209.213667217075
90117.14109370325
94096.13143202923
76035.39175022708
59842.91399183982
70392.63559294942
51851.14721373609
46543.302429400544
18904.651089421877
4259.4458720739685
18996.354106940955
27416.69083943918
49192.042973105956
86680.23324797055
148402.45885972798
215308.47861477092
204806.83145014886
111806.4045254999
228420.2730454246
215.6365219810628
690.0276691991857
1.0
5751.639231911349
23920.370778267745
31349.60224965214
1.0
55184.24897401707
137316.39324959248
12066.213298111119
27582.276323747043
217779.9197590915
2.5921566005916525
1.0
414839.67743776075
415400.3659992827
185353.16945485843
130351.15043613156
91215.76106853808
132197.19249079222
324288.90578655736
184653.24395773152
51885.625497422065
459924.99999999994
26095.914022064204
18738.909074528045
45321.926928747
23636.63982454939
94696.18641931024
8771.052968046652
1.0
2016.1286158291673
1.0
1.0
1.0
63130.548139316765
69462.76708280836
47043.038629036855
162676.15671033674
76049.66471837291
212561.4005473768
219622.28509558237
233505.793573082
209451.6198232693
342733.69596929156
465180.5443086407
636960.5598676882
641354.6947076253
7.449669345284223
1.0
4.397851770591703
1.0
3.991696904925626
1.0
1.1403991155784041
2.29955172580003
1.0
2.4279911868965702
2.860746001047096
4.100089926917254
3.6192546705167548
2.0472354269200346
5.875813604730797
1.0
1.0
599247.898105415
595234.2058197792
473234.67673958995
424782.1392716408
319572.62265943777
354073.88119031343
343800.3418571115
126923.40118964665
200114.9129950495
241011.0669951431
123626.9207134308
71974.63623922462
91353.96630628484
84055.22373794123
13876.794321998856
1.0
85430.12211028444
216847.24570821717
445388.5876194389
457578.43647548306
310220.53889732884
295498.92991749704
279108.15261976153
100107.46703504332
69071.85849381343
685506.0902974653
31459.226802882207
2098.1738373215353
2703.665583298166
2703.665583298166
2176.3752440617536
2249.8415857933096
86609.00133323461
8171.475791288803
43062.291091338935
1.0
34188.344650596366
9500.686195995997
6377.447730723388
46318.642518038636
1.0
47483.33805792683
14963.532309622942
21741.82465073096
124208.6980853691
1.0
1.0
1.8178481823379988
1.0
1.0
23551.68199534774
252367.64752602548
74695.41939112515
310802.69367174944
411950.4800209256
26228.907488966503
17788.219064109377
229742.04217571276
230680.06833001727
24595.5168237912
238863.80970962346
788030.8221948323
788061.4148835853
321188.1227254532
972780.1647635711
8.375207760371161
5.465940576602282
7.451566088804258
4.985799768342068
6.684951608642584
4.792854019970918
1.0
6.212663190743691
1180379.8927911932
1093489.8788722237
1070073.8501508564
614234.6196122447
934324.7414969237
934320.3516487099
894722.0574432318
455319.32893415587
128050.79834910163
624165.9305739984
1008.0568512129386
173161.8196780028
150126.1629256514
81162.26326237073
437364.82685184886
500912.1563788674
514917.41727467615
845464.4924474166
657786.3902165771
457741.0053013556
344635.9627785558
1380035.0000000002
1.0
1.0
1.0
1.0
1.0
1.0
334.1729336877931
47.869066251967695
411.34591763271357
1.0
54.752002881823024
1.0
17.22043068427098
81.082717872969
173.85527852003574
74.75730278273701
1.0
34.89338811407684
17.095048770515557
1.0
1.0
31.55439101112884
12.821760715277026
90.35726481427231
1.0
54.752002881823024
92.0844633542539
45.95480381488501
1.0
195.45206214573696
1.0
13.911654008621694
1.0
1.0
58.5174549664492
11.040067974843865
247.41467146827995
6.037832457860472
149.94622382273926
6.969888702394047
10.936421233099818
1.0
30.867844463805163
7.160597828678426
1.0
1.0
1249.0722524561927
14.606765658774737
29.236194186259027
53.63845325240401
1.0
1.0
1.0
1.0
12.657903763752284
1.0
5.693609785299767
1.0
12.793571762681873
47.47735191637632
1.0
40.915862628679335
87.27520836900435
1.0
40.915862628679335
1.0
717.2475640444749
804.4666281154518
132.506115596572
18.37570087007983
56.9361716437065
8.125167742938437
12.626585406862482
4.882687203611156
1.1713943619766838
66.1813802187444
38.29145926964007
256.28939219886115
29.03120019606588
153.4376609535079
36.38195952654337
1.0
1.0
17.63103273770894
1.0
291.86980616162566
230.87289912882716
1.963186887345971
1.0
278.09354485279584
528.3300970873786
8.31852826759175
62.23878627968339
1.0
25.133377185915748
13.885829769043564
38.18046570482357
528.3300970873786
242.58989903021222
11.91188891326413
51.3587767073929
17.338101533264005
260.181723930897
156.90613861407738
257.972359481798
94.32006496540541
469.1414410483885
1.0
3.7404575728381033
1.0
1.0147348069784592
54.46147645587542
74.67339775219203
1.3079223575138146
95.04769745199472
160.59216468874857
1.0
1.0
1.0
253.45976113890848
369.80405405405406
13.502863814847688
128.6409828352358
1.0
46.83310442342266
2.2557456918443286
2.975220408864451
105.37491061657231
1.0
1.0
20.981189646084488
28.20755110686313
71.29165120384359
51.04516168007158
386.0813068102991
18.13963665445622
96.00037627371763
1.0
403.80882352941177
403.80882352941177
1.0
36.7912957589414
1.0
221.2179585513067
1.0
1.0
221.2179585513067
20.58658441886272
1.0
29.883059590348957
24.699243099732072
1131.1320168866107
213.0753998298391
1.769506269271426
18.086785773843648
1.0
15.156193856907905
219.2591284020302
8.726650143239658
1.0
37.4102942044796
1.0
199.65063367994478
1.0
206.75832604018603
186.5148322751832
4.521154330420906
1.0
1.0
7.481464116048348
10.724132591350468
8.922552743498601
176.2715771648413
1.0
133.28442375263072
5.827911016397182
162.64638054848405
26.418470418470424
231.4322772138244
139.03272377266774
7.737887560764155
17.981105660264248
74.7898050032585
1.0
1.0
13.546278072121439
1.0
17.981105660264248
1.0
5.732344349738035
1.0796933853195076
1.0
5.8421296398372355
474.3154958475471
3.925051693624817
1.0
346.66431219425124
194.17036904437663
8.384425398175345
1.0
241.15565140326078
324.61330262224766
5.425783450928595
9.148974947043985
235.5356670705338
11.18617915990531
1.0
5.568982581691989
214.085943978929
168.64321285438817
1.0
1.0
1.0
1.6956313429292669
18.106693174287606
1350.6036722281467
65.36409508084503
1.0
1.0
16.052189460700795
1.0
450.0298633079795
334.6527710804778
6.704529044481404
1.0
328.41414260319044
1.0
1.9856952953342744
16.952819562787013
10.110901307786227
1.0
1.0
945.2809827302616
79.48213490123963
3.304558293859153
1.0
9.471918457735951
684.2243095496264
1356.187349930812
30.962242342148297
6.263015004950563
22.71522787215146
347.8793416191223
144.22893252788575
6.203081876274771
1.0
5.857108917636209
83.29279874437468
200.44512064107641
1.0
44.539617788558274
1.0
1.0
41.43551476078598
1.0
1.0
1.0
70.0163037392799
799.8522730213848
1.0
8.074871089205793
1.0
8.074871089205793
8.074871089205793
46.6230614017675
2.7025640345395647
9.82181613510723
78.58868464262436
1.0
1.0
79.73428060888449
1.0
156.56695156695156
273.9940383557297
1.0
549.7211123387748
142.05168254849522
587.6328656563412
7.98598480229454
52.531788105120775
25.6135034575244
95.20675070468704
1.0
108.62652023096169
423.18105984799035
335.14467020637704
13.697428145514017
38.20239335652334
1.2483525686188583
161.22287390029325
29.667069869169563
56.18186944111689
50.032365539466916
5.378712150742833
100.54602415999646
1.0
9.73061879452753
1.1210200866947193
77.14974191419999
1.0
379.67470133063154
1.0
549.3924111437819
1.0
2.8188588276103066
51.85569458495679
1.0
189.82256740311072
123.93465892796735
8.75480855160271
86.57361310697401
65.86236404978415
72.21514398577432
123.93465892796735
1.0
1.1315264903108782
1.0
3.417438048443857
64.17843936069664
136.2332277234662
8.538406948863857
16.778550822747448
1.0
6.769471595157759
1.0
2.5603839465956333
1.0
262.23357414222505
40.2754705765592
35.01022143503507
4.821711678060906
1.0
1.0
81.62311987849534
1.0
10.277112567054774
9.187551662693984
20.68783292617363
98.8685610109245
1.0
4.620788795650315
10.494825409674812
42.344585990528195
191.99646514060626
1.0
33.55681987709268
1.0
1.0
1.0
710.9958339143868
1.0
61.06924148371788
1.0
1.7405705356749057
95.00455890981934
1.0
322.6372241517252
1.0
1.0
252.18276263440515
79.06055016615147
1.0
3.156688698676703
10.164196423066498
291.55697557100984
105.6446592871877
30.6956301430139
13.778474397259382
1.0
189.92923711075346
396.35978195746446
7.135001303101384
27.9458097569033
6.466210675753627
191.68519219795488
1.0
144.23639309703916
3.7724055057522135
1.0
4.550373033700497
2.0726158185976953
210.70750988142288
1.0
19.08331681852067
1229.0
1.0
798.5047543928249
13.582828452897417
1.0
1.0
1.0
69.53438869952231
80.13732088984597
68.73581115701508
1.0
66.55086413638601
1.0
104.44521841079587
18.19249752244356
1.9750019594099701
1.0
1.0
1.0
658.4120288851226
7.029068778548096
103.23190788557508
1.0
66.86463531805344
3.9744757140021814
131.86346814955738
31.46269139979021
1.0
1.0
1.0
1.0
46.87528834886051
1.2909100608009505
400.2505150197638
1.0
1.0
400.2505150197638
1.0
1.0
337.50837854890295
29.116124221670997
69840.19000242522
76144.230155672
477949.47125023644
90577.9375209715
20485.78591264624
9513.461434140578
1.0
1.0
1.0
18610.01531447867
56446.444475817836
208595.9733495482
381923.3222567934
199140.0843347543
528791.0257724456
923984.4263303956
84272.79656243691
1033340.950491901
1064507.3321531937
703766.5226605196
135509.71408381106
905467.2167214188
1508858.1628386653
153445.3929465186
51715.19773426562
1342804.7659713018
207093.6641898426
1814679.2160169
322624.40802645736
1746515.6819500595
2182152.858798654
2606441.396612355
2623554.5546358693
2716105.3297075448
33.370223161815005
38.236028830125356
1.0
14.469980218866478
17.720403584557257
4.712884334819348
32.21938796342671
18.47847377680527
13.624907005038109
27.70885334689525
11.897655866909412
9.233219579916996
7.400939971953998
3.088351064829811
15.994865808594275
19.080675074791568
1.0
21.78829623059356
1.0
1.0
23.43494819233772
27.30606424753782
23.62364862786198
28.403477394663202
60.123261675584295
54.76018554954643
191.37563507393062
78.95875904707133
16.105399948079995
1.0
1.0
1617200.920794692
2757108.1031832667
2749036.755287191
2212053.6144145546
1318574.6712273052
2120423.180269282
2058665.7572265735
2043148.5462296763
2038264.119299222
1659073.7175006284
1972203.9909966625
158372.84969707744
1246630.9438039516
1457586.240375508
1545246.4999086934
1514875.9285862045
1376133.5385295127
1179875.694649305
934799.4555807619
250058.00095096946
75335.7688772781
156351.50343993248
192644.24021488396
467976.6638025852
409961.81388167595
152420.8584847284
349176.903775359
142155.50031845365
117640.55660903061
1135010.753189896
1704715.4802111
2387571.464675742
2809336.884087682
2211217.972898672
1231960.948204564
777838.3760873609
92599.41297558107
2942207.2800600193
278.2618153387744
1455.754717317204
2725.57504580527
189104.11195011146
27078.223998414887
1603.395874358528
240307.03288396107
22580.540959193044
1.7890432159576197
24610.283619975246
100954.07753799456
29.76200616647811
230613.8695056816
571436.6940525292
125712.35330079928
574679.9239352172
746989.9807656923
69285.15736532287
435864.5658558833
538093.3875094968
878667.8506960224
1037025.3640085832
2352892.268758041
1126722.5128997827
3044891.2561688293
3625292.002092359
3444487.852589769
4175239.3076570733
1.0
1.0
19.766703282099854
13.666096751644714
140.3787874273422
28.330815504908227
5.368055458191038
1.0
4197054.643399779
3628977.7808009004
1811164.093859684
3201817.131263516
3035965.984499736
2722592.1574945957
3032322.2967663216
2768062.186576131
2386310.9675463424
1210500.7156913255
1960701.2303559377
1437142.7358766745
1345346.1747692311
1193287.8400744542
651046.9890206094
133014.30697324098
109253.77506628307
2233540.8229081533
3205556.1632079394
3969017.0532863233
1463475.7429234362
1296289.4944764718
935821.5614932547
532828.6043980877
4523930.0
