480506.6994623035
22651552.50030226
15819473.99326394
10225076.325420322
18128391.903261796
19332701.898816522
8266794.884648668
10352568.353535283
21255049.474216856
34936488.06747936
35182504.91953012
32439465.609124497
10391132.873178931
32439465.609124497
0.0
4394490.896928971
11072884.866884025
5943449.671879836
14917983.184237393
0.0
0.0
36270671.24305543
37524344.82991356
14438150.954849241
14438150.954849241
14438150.954849241
1055781.3539372862
43714834.312596954
25673265.86565394
25668456.039460406
25687186.168892965
13396261.393599758
13396261.393599758
13396261.393599758
9621218.422338454
9621218.422338454
9621218.422338454
2583937.723060872
923138.4147359879
923138.4147359879
5689537.849413354
3652293.884887466
3652293.884887466
42107615.70612679
38246741.52641879
80354357.23254557
115276727.43320379
176972111.80485845
323683658.95961064
151507931.80083907
452365124.19029623
73255097.0032789
254908846.49119413
122141950.00263414
241693490.45146385
0.0
424553687.46347636
4369418.064286439
4381198.576695462
1076975915.7906709
73255097.0032789
576489644.6180447
41452228.68019197
170922669.17100987
364061642.0364387
400349195.80617285
250908354.61234257
147451479.08201203
238754830.2516922
400349195.80617285
400349195.80617285
400349195.80617285
157150274.93351132
364061642.0364387
400349195.80617285
147451479.08201203
400349195.80617285
1131755386.186405
170922669.17100987
254908846.49119413
661778739.804017
176866799.61653632
341460053.42322314
248269785.8092983
110855520.96421309
238754830.2516922
371371728.53338265
371371728.53338265
238754830.2516922
176794362.692142
170922669.17100987
254215989.0754745
25524535.91607073
25597183.353639692
98825130.23747876
157150274.93351132
424553687.46347636
254908846.49119413
147451479.08201203
238754830.2516922
4332843.554239675
176866799.61653632
1608850395.6793096
50106187.76637074
157150274.93351132
33359844.47413076
92831864.75450386
4078070.5513962917
576503618.4587125
254908846.49119413
4369418.064286439
238754830.2516922
2762057831.8339534
157470.77190484272
14716138716.729435
273381.2905278516
23029817352.932236
19039715244.184036
15728868640.186749
0.0
30564396690.157204
263458922.57162017
66502790708.20658
17945468.39670905
8914013.211504387
580533.0230649739
234446.77444879524
25089580095.737755
18577108028.931606
5961997.375224954
21094903.111305337
25089580095.737755
0.0
12313196740.044102
25089580095.737755
11248423.112164615
15606773.958185406
6725820.7378701335
25089580095.737755
66723710102.98504
19039715244.184036
2475253.7688422757
18271990307.613132
35081784.89313714
444543.7332462694
23268899029.93983
5121492.913562891
19512265.94930958
2319462.2512367824
1111455.5899204253
19039715244.184036
8238497683.949352
2779161.716286189
157470.77190484272
27923052.033798743
110853541211.50067
15131554.17753805
524959.798911361
245854062.21136102
2475253.7688422757
8742913.319371557
161855.39222175404
1990647.579197355
612425.9190830813
151994534641.06708
157470.7719048427
14716138716.729433
273381.2905278516
22013127756.898155
19039715244.184036
15728868640.186747
0.0
4365849282.353922
263458922.57162017
66502790708.20658
17945468.39670905
8914013.211504385
479880.02974106895
580533.0230649738
234446.77444879524
25089580095.737755
762724299.4803333
5961997.3752249535
21094903.11130534
25089580095.737755
0.0
12313196740.044102
1449474.799162566
11248423.112164615
15606773.958185408
6725820.7378701335
21926101376.767895
101907.74252349205
7041414723.174398
19039715244.184036
2475253.7688422757
42249.77661362548
10972.296952802124
390296.25237333594
23268899029.93983
5121492.913562891
19512265.94930958
2319462.2512367824
166.4063625987633
19039715244.184036
8238497683.949352
12328.268408252527
27923052.033798736
157470.7719048427
199404669.3950092
26589631154.90667
15131554.177538048
524959.798911361
245854062.21136102
2475253.7688422757
82487.37615275453
161855.39222175404
1990647.579197355
612425.9190830813
23531668.41715917
115276727.43320379
34743666.226267315
323683658.95961064
151507931.80083907
397426457.7242337
73255097.0032789
254908846.49119413
33877.12368930534
241693490.45146385
0.0
424553687.46347636
10841.37014984761
65071022.472821705
4369418.064286439
4381198.576695462
164420981.15451893
22124.921401906526
1076975915.7906709
73255097.0032789
227414895.66637114
318352679.3064833
2666789.396766664
7839.494243865854
737518874.7036672
107238420.30884667
170922669.17100987
355309455.55428684
400349195.80617285
17523311.96328753
250908354.61234257
147451479.08201203
104360307.07614982
238754830.2516922
378570617.2515846
400349195.80617285
1190.6929881799463
400349195.80617285
378463466.32816315
0.48410628052639415
372530264.7774837
56451714.34205705
389116718.1082966
359668551.9908104
108577607.29791789
157150274.93351132
157150274.93351132
364061642.0364387
3289.039935586651
22836.00775967408
147451479.08201203
362664209.9447107
1527.793529847328
146588581.2930358
400349195.80617285
400349195.80617285
170922669.17100987
254908846.49119413
7148134.547360018
253168079.78713346
328861101.4541619
176866799.61653632
66307365.55475809
902.1237091689113
970.1489861748939
238754830.2516922
4266357.708385266
371371728.53338265
371371728.53338265
12128238.813106034
163255480.28351736
170922669.17100987
99090101.82660893
25524535.91607073
25597183.353639692
98825130.23747876
87108760.20830224
157150274.93351132
437.2031775964072
254908846.49119413
254908846.49119413
7746.465638452271
147451479.08201203
7647.317954920559
57785484.140113264
176866799.61653632
4332843.554239675
244128552.2339202
4498271.494062819
9133.497184972033
525953663.5950525
333858666.92439437
398629833.5489937
124524612.6624276
13066.453889062443
50106187.76637074
8400.962892979354
33359844.47413076
92831864.75450386
4078070.5513962917
489920539.7772213
576503618.4587125
27980.4755841015
576503618.4587125
254908846.49119413
19350.735210492356
238754830.2516922
238754830.2516922
312368688.1736777
385105.1212655374
110467.24641502582
1691.1183772617637
338681478.1971479
374950887.38517195
497673.17236174777
2947.2475180914817
450933840.34916043
49156.24510858308
765370429.786259
66761.00971715432
61775.212533789265
210094725.42861122
0.0
0.0
318837.61603076337
10138.484350749906
965202804.8521161
193131.34913713264
201236.2430787623
191371.2935677333
959129855.9088404
100026.90069246932
66761.00971715432
237799.42186408365
103196.45285546193
6058.381778250701
5104.49058715594
2713.405296666727
56866.79803314046
57295.691656378294
6309.687141814661
66761.00971715432
941813.4628060907
30496.72869785909
355423145.13954675
6882.8295748834535
5104.49058715594
0.0
355423145.13954675
33993.38995774844
126138.46692638636
175974.93781104375
127842.47367242422
5104.49058715594
76250.40360293404
355423145.13954675
987008730.4860535
193131.34913713264
27638.859103285264
609372596.8245575
73832.04846439513
609372596.8245575
290816.5022054268
609372596.8245575
5104.49058715594
401752.9209604159
329916817.8101851
58148.482478395155
219663.7125088988
26438.69414334922
222703.990815403
31599.551785688658
31599.551785688658
12641.89892469693
10921.633288408699
7996.388873331484
93314.79892878317
66683.62703443806
218548.59016302807
1691.1183772617637
320306.770403055
1347568339.0663133
27638.859103285264
170182.09729462277
6058.381778250701
1009787494.8645
22754.64549596546
27638.859103285264
7269.765207365093
98884.97406801098
1850.3495137406217
66761.00971715432
0.0
1721634851.455005
110467.24641502582
1691.1183772617637
338681478.1971479
667.6423002717328
497673.17236174777
2947.2475180914817
378115020.8315958
49156.24510858308
765370429.786259
66761.00971715432
61775.212533789265
210094725.42861122
0.0
0.0
318837.61603076337
10138.484350749906
7623.931326219054
6716.804626012156
56457764.72363108
7731.058395606313
965202804.8521161
965202804.8521161
965202804.8521161
193131.34913713264
201236.2430787623
191371.2935677333
4073.583064075662
100026.90069246932
2894.874483278421
7093.590625470813
968616877.3269751
810250829.9842048
237799.42186408365
103196.45285546193
6058.381778250701
5104.49058715594
2713.405296666727
56866.79803314046
5033.23164808789
6309.687141814661
66761.00971715432
3156.8073186669017
30496.72869785909
19519708.919101313
355423145.13954675
355423145.13954675
6882.8295748834535
5104.49058715594
0.0
355423145.13954675
33993.38995774844
126138.46692638636
175974.93781104375
127842.47367242422
5104.49058715594
76250.40360293404
333392439.0813842
328834099.7218497
1317.2136409628833
147151017.3367728
326659940.5567101
20204.126484658227
193131.34913713264
27638.859103285264
609372596.8245575
73832.04846439513
609372596.8245575
290816.5022054268
8553.243388458686
609372596.8245575
4837.670536955699
342.93452888778626
914.207341246912
1086.4549417798814
329916817.8101851
58148.482478395155
219663.7125088988
26438.69414334922
222703.990815403
31599.551785688658
478.99779502146936
9.199692452014066
10921.633288408699
7996.388873331484
93314.79892878317
66683.62703443806
218548.59016302807
320306.770403055
1691.1183772617637
8.077436768811909
4649557.905161985
402893814.98917663
343685612.08527267
665094102.8585521
1347568339.0663133
55.27767032379512
170182.09729462277
6058.381778250701
2865.1323457583844
665207619.3824304
82366387.63076948
830339793.683778
22754.64549596546
27638.859103285264
7269.765207365093
3165.979620654991
1850.3495137406217
0.0
0.0
348073.8741839736
480506.6994623035
22513931.997477587
1254590.6848157775
1055218.4323777494
18128391.903261796
24.110974563967744
8266794.884648668
10352568.353535283
16502986.87062574
9962568.757701047
20939031.348061446
32439465.609124497
1264.2091796189666
8935923.08376987
0.0
4394490.896928971
889522.5259746594
5943449.671879836
14487943.447667828
0.0
0.0
6549.62627784277
26001787.503385328
427.8223558489498
317.5686305063224
290.24005325486564
1262.8045731199554
2180376.718901367
18006787.19563472
1847531.8012053838
5112747.866077338
25561050.958293404
2038385.7057620694
21468861.911796305
5451068.823103081
28012704.324022043
272.3868608771813
835.202522038104
36270671.24305543
36270671.24305543
36270671.24305543
8709783.784512965
1544008.297899368
16703053.949352385
176.02372426863255
487.9539509180624
37524344.82991356
37524344.82991356
80571.58156952559
8974250.954847954
295.48917867051995
29100491.180594373
2952337.2427749876
9913880.446028149
41696190.26465457
1467.5177068051526
29715574.321151458
1334645.378079991
14234104.904316617
14438150.954849241
13986815.131179588
3753967.404540986
46.98714943361018
205.03207208321157
14438150.954849241
9298795.738941392
14438150.954849241
4233625.998234486
2542033.170476878
14300801.763762405
14438150.954849241
12259068.012861636
14438150.954849241
0.018100079140209085
12338260.100040512
14438150.954849241
14438150.954849241
3184.9101865162806
14438150.954849241
12130162.423353635
14438150.954849241
14431564.832249029
14434101.979281114
14438150.954849241
14438150.954849241
3179737.869490654
12307203.323291713
14333670.08166801
14419069.209241373
11450011.969657185
14438150.954849241
771353.367005447
627799.2683200592
4867290.87332919
115.80662808755238
14438150.954849241
12387591.380970431
14438150.954849241
13965524.877957843
47.5574878020227
7971510.616823278
13880165.994288877
14438150.954849241
14120676.82573608
14438150.954849241
6479899.073671312
14438150.954849241
14438150.954849241
122.77828365928374
766.9590372381427
14438150.954849241
904507.5350914547
215966.25007241024
12868694.976464853
12977523.064571101
25670750.631607704
189.08321495851627
25673265.86565394
25673265.86565394
25673265.86565394
15355274.298191244
14643716.30214059
25668456.039460406
130.36799973158628
369.5944656413152
25684670.93484673
23924540.534671407
25687186.168892965
2667012.2557809567
128899.2631074326
50.81363700717038
46.946838224237794
13396261.393599758
36.272558596979025
13396261.393599758
10209184.372699207
9299860.807883965
6190042.6306398185
13396261.393599758
3097879.0735628027
799680.7754655426
10257899.651592335
9621218.422338454
5450300.01626013
3285456.9145174394
9621218.422338454
5298176.319979614
2583937.723060872
923138.4147359879
923138.4147359879
588.6108118070638
50.115101574118995
5689537.849413354
3652293.884887466
3652293.884887466
10774505.842589324
10092564.940801295
0.3490343710257169
281296.5919874414
1764851.689104276
7512029.339493197
16085376.45362635
261.59266517999765
360.42624030039326
22.8266383444978
15023958.156080253
20669262.86181913
15053585.600511113
11848684.608771387
17248386.899224073
12408635.771891935
28012704.324022043
4655806.864647642
142.6577472981064
17636160.674138755
40584528.93661509
42107615.70612679
239.76827187090254
485.3277374091232
33939762.887462124
42107615.70612679
30894124.4046175
9137077.699251333
42107615.70612679
3481059.7713838075
19425297.55558623
19818652.273825992
22778644.29941087
331.51895808340754
123.80532275640535
67.04014892137562
28706011.60258047
3573785.600099138
31068581.744054593
384.8699108469446
38246741.52641879
1096376.2718859983
876.6440099888374
0.0
12326699.13680488
21692909.4759293
29104466.47320218
20710364.112270817
34986285.774989255
67149426.94166788
7352862.550299416
56067854.1710541
1039.828969011666
14439.72924202439
87.38600787103567
80354357.23254557
9666599.20904042
49424312.26179512
33404276.130920824
91148558.75384405
59707386.660039306
41390100.43282292
27469853.81039794
32579993.68806078
73633355.98831168
17020782.60702335
16511035.160532864
22432322.708865583
47038884.31072443
24929226.973211132
18635524.250930186
17457043.068233505
44479930.2977995
26243181.429305602
18481859.680036575
37487917.505826846
16349516.383415803
0.0
9077755.659330731
7029650.060945213
13276321.196413008
43089714.53096698
84584672.03912088
24929226.973211132
22432322.708865583
17020782.60702335
26221975.74815089
486553.71313226665
487866.14575519034
488381.42570774874
11381641.62076951
5838264.1506657535
4458650.285515561
13276321.196413008
15616885.345028233
39339771.71118116
54393406.3221314
24710114.010760594
22432322.708865583
17020782.60702335
478080.0838141979
27483832.227584727
32303194.03095124
54393406.3221314
160859259.93520895
15616885.345028233
83885472.7263082
24929226.973211132
24182158.139468163
27483832.227584727
32304947.617461756
22902145.299420528
94375453.78147888
9706990.2532636
37468408.023384124
50460903.55249268
24565595.6253788
25408403.47297692
27483832.227584727
10325594.97241967
32271649.64371326
50460903.55249268
15616885.345028233
24891278.129541006
11335915.427209537
3435412.3590317657
3477770.3600002504
21434375.759921454
12420615.117660683
4458650.285515561
9706990.2532636
13276321.196413008
2839891.2192993714
43089714.53096698
84592501.84644014
24929226.973211132
22432322.708865583
23344497.538678724
486553.71313226665
454007.6532279972
24182158.139468163
27483832.227584727
482424.433914877
485262.76328536536
32304947.617461756
488458.99269718304
460167366.4489319
148164320.2315533
264858418.68245405
185783.6406783823
82683987.4297108
49629657.75582753
67021259.27395648
135944904.30949047
52542047.010842845
133890750.81919473
55707247.62531338
112832485.93644941
49117804.442469455
27273338.21902018
21197690.11720757
40061094.150439754
40061094.150439754
129854126.8606961
129854126.8606961
75161874.48136471
75161874.48136471
67021259.27395648
62655529.676793195
1469547.2954468809
17555668.175430767
34203448.49226466
269816853.04922706
269819262.13281
185783.6406783823
269817049.0618526
47461455.34742987
13450145.281433506
40061094.150439754
47099498.633458875
160187779.50118986
1438550.5583217505
96359842.04581185
146757851.2109802
146757915.108479
146757852.05243024
160187779.50118986
447034456.0045292
245438246.7063158
185783.6406783823
61575801.222917765
82726366.77621962
66712972.31136249
224880340.69010493
224880212.8321799
276677060.98184323
29293819.84724246
149111328.52112427
30691575.548664663
137481862.6969416
34103938.91051525
62564631.86505307
62564622.51542704
13450145.281433506
29293819.84724246
40061094.150439754
40061094.150439754
129854126.8606961
129854126.8606961
129854126.8606961
205214757.2517932
205215094.35800803
245438246.7063158
75161874.48136471
59406013.35806543
61575801.222917765
82726366.77621962
82726366.77621962
82726366.77621962
1460163.2241586251
96359842.04581185
1469780.6863452836
269944719.2954424
269947614.2838385
185783.6406783823
269945605.0109404
810031153.5765266
3968874.0008043656
6639632386.392213
11739320.26641733
3674565127.6208477
3295651.2057709
178414.0974345894
1319431121.5695736
1132065.368470131
564331.9772533891
278645.37310220394
0.0
243218.68833924763
1415299701.824287
288977.27331222384
12988632900.051077
1744581.5619568888
21496639.939435873
1979871.9131196348
2531764882.7675786
2734329960.4099703
57888.09906670448
66381942.07254282
0.0
1295961.8114941071
5961644285.782204
3968874.0008043656
3742904.28279576
18887008.138694413
1910755.2715806114
508104.43834033376
9369291703.024826
0.0
0.0
1295961.8114941071
1132065.368470131
5538892752.903427
2354573.6030091466
802951829.3183856
608278.5556163681
2354573.6030091466
875645.7129844222
6707280992.476016
51621.67939460713
5638282.004497154
1147643426.2300832
1687414.1647026548
15083093.304287938
97695.31747965275
11739320.26641733
2798512.3004214237
564331.9772533891
13003367604.332092
243218.68833924763
47301.31552450276
3968874.0008043656
6208075296.108983
11739320.26641733
3674565127.6208477
3295651.2057709
130.7248179495357
457463018.5833857
1132065.3684701307
564331.9772533891
278645.37310220394
0.0
530.2932242372813
1415299701.824287
288977.2733122238
14104.983796711134
5886436493.010169
1744581.5619568885
21496639.939435873
32389.527979017676
343501656.13750637
2734329960.4099703
57888.09906670449
20765512.243931886
0.0
1295961.8114941071
5961644285.782203
3968874.0008043656
3645351.9487318513
17676697.161064774
1910755.2715806114
508104.4383403338
9369291703.024826
0.0
0.0
1295961.8114941071
2856.37273420789
5538892752.903427
1487.7234086356111
802951829.3183857
656.0117026158862
2354573.6030091466
8535.576451657604
5298861508.952673
51621.67939460713
5638282.004497152
8537.037988743541
1687414.164702655
15083093.304287938
93003.24631706653
11739320.26641733
2798512.3004214237
9738.90691910845
1036010492.3518677
243218.68833924763
47301.31552450276
148164320.2315533
224981643.88457978
185783.6406783823
82683987.4297108
49629657.75582753
67021259.27395648
135944904.30949047
52542047.010842845
405.44039742453486
101496.40757013853
1931.9644996258048
10654175.146349983
27273338.21902018
21197690.11720757
40061094.150439754
40061094.150439754
9555.252704268925
129854126.8606961
54777724.6563975
598.6727419088135
1373.7381517472863
21005330.343124997
62655529.676793195
1469547.2954468809
17555668.175430767
3961.294142645492
30477386.87254049
408.6971629894925
163423394.73708284
185783.6406783823
19412153.75902336
157217430.10416073
253246349.86167598
157989922.787705
300210774.84419155
17393306.891046703
13450145.281433506
7891823.909324549
10857.051167693427
47099498.633458875
160187779.50118986
521999.11470956734
96359842.04581185
3163.4331312517074
146757851.2109802
79131850.94327226
4564.726018481801
146757915.108479
146757915.108479
4052076.757212823
49247466.29957619
71514114.69417621
25002611.55862342
4518756.381037503
139253048.02835667
160187779.50118986
245438246.7063158
88337.41673261458
61575801.222917765
2123.085909815119
66712972.31136249
224880340.69010493
224880212.8321799
275382194.2399935
555.9151436645082
89416424.50990503
178168031.8942588
29154462.616158757
1625.8912407271291
3937.4860975698275
30691575.548664663
137481862.6969416
405.31485354836644
62564631.86505307
4201865.093381237
13450145.281433506
479.3970236284832
3243542.716076182
650.4681841126503
21380852.409676734
5994.207277054602
115081341.90871945
4066.9360074480014
3788268.39619884
0.0
205215094.35800803
150353932.8213654
75161874.48136471
247.36385781219784
679045.9126773129
2823.3043452621855
53084161.55193966
82726366.77621962
0.0
1460163.2241586251
1469780.6863452836
52789364.82792061
7152892.231072998
62152147.53688021
185783.6406783823
262301070.73768723
25801540.64831296
10722.84231031394
269945605.0109404
25739812.666613027
6542069.54365325
25653699.20465559
5534.724632837119
654151288.7087015
126166799.77325523
1312606.1705712497
11118.766447423919
2213809411.0021105
1520113308.2889225
1156476447.2868845
1216997286.0969613
19367.707632727208
2179549105.362412
1089893.7390179392
1343496278.2985451
59013.99559582487
1238046314.7543392
438011335.8448759
0.0
1290538.7587741292
374375.045140428
92149.20158735826
186644.8081459815
2217698799.1584663
641616.2269130364
0.0
80439.96094005577
497747358.68589056
22410035.31527249
95818.46397278941
576890.3526514104
7109534.134437153
654682.9767917031
836742599.3290144
41222.99574262413
903686648.867643
17073.67934580545
19146.03846699421
2004471591.9979184
1318158584.721211
814087.9792824474
428560.6607373467
22018886.011158243
1521508.4513156817
0.0
1312606.1705712497
1237784.904862318
1125300.6230379918
6246643.138789291
632016.4840786781
486070.72049330303
428560.6607373467
0.0
2004471591.9979184
5461957712.536113
1343496278.2985451
168031.22883606434
0.0
0.0
177679.07212098455
428560.6607373467
3277990111.095426
374375.045140428
1301446827.807598
2545861.2472522
32312.47332536388
1859613762.1627588
778698.7225149339
370462.8616575303
1405866.5034548617
1089893.7390179392
265329109.55462712
168031.22883606434
201173.31254034233
38214.345462372556
778698.7225149339
80439.96094005577
289577.7395915707
2217698799.1584663
177679.07212098455
631246.0935711989
17073.67934580545
11733.044488345382
1864475.9255167022
1343496278.2985451
722397387.3512938
400223955.31969655
20916746.65671131
144347.14328885314
558049.1114926881
5001245.2674725205
201173.31254034233
925583.8043247644
80439.96094005577
45096.40002928553
32312.47332536388
15643.941330416821
186644.8081459815
11118.766447423919
2028188.3040695845
10980711969.463703
1312606.1705712497
11118.766447423919
2069984103.3634753
1520113308.2889225
1156476447.2868845
1216997286.0969613
19367.707632727208
1952420909.6341827
1089893.7390179392
1343496278.2985451
43.53315906960036
1238046314.7543392
151338843.38186753
0.0
1290538.7587741292
374375.045140428
92149.20158735826
186644.8081459815
332352297.22713333
641616.2269130364
0.0
176.35080010727665
497747358.68589056
22410035.31527249
95818.46397278941
576890.3526514104
39098.80810382534
4671.620367110485
2021085828.7835698
7109534.134437153
10771.400629945489
113602591.72606947
836742599.3290144
41222.99574262413
903686648.867643
17073.67934580545
19146.03846699421
2004471591.9979184
114958.47825675932
80704991.09028634
814087.9792824474
428560.6607373467
6888613.794966168
1521508.4513156817
0.0
1312606.1705712497
1205970.1947353852
1125300.6230379918
5851924.823884536
632016.4840786781
486070.72049330303
428560.6607373467
0.0
1802443887.156919
2004471591.9979184
7781.591540747986
693541234.9724467
2004471591.9979184
5461957712.536113
1343496278.2985451
168031.22883606434
0.0
0.0
177679.07212098455
428560.6607373467
3277858841.045135
949.7461913587025
4242.806663200184
1355.5187276766692
29341.257135078882
1859613762.1627588
1859613762.1627588
494.7381170842477
370462.8616575303
1405866.5034548617
1089893.7390179392
265329109.55462712
168031.22883606434
218.35307210871193
38214.345462372556
778698.7225149339
30.712068759083447
2840.337451424548
1754623548.5784535
177679.07212098455
11701.646825983473
17073.67934580545
11733.044488345382
1864475.9255167022
1343496278.2985451
722397387.3512938
2827.497083145144
20916746.65671131
144347.14328885314
558049.1114926881
5001245.2674725205
1762.4053410085
925583.8043247644
80439.96094005577
45096.40002928553
30782.2497242061
15643.941330416821
3238.802817334201
2028188.3040695845
11118.766447423919
20823144.881613094
342856812.12386703
2030362401.7471824
3633778231.8931785
1918843.5555658694
9666599.20904042
49424312.26179512
4235317.179082167
77130638.46717164
59707386.660039306
41390100.43282292
27469853.81039794
32579993.68806078
59674144.70294448
17020782.60702335
16511035.160532864
22432322.708865583
47038884.31072443
24929226.973211132
4703.052426235113
17457043.068233505
134.95226717615566
26243181.429305602
33746.741361714165
642.1990244763936
3538865.707382
0.0
9077755.659330731
7029650.060945213
13276321.196413008
13276321.196413008
43089714.53096698
1563.412356577149
7832476.839744689
3176.6581605951405
43089714.53096698
32795048.3232514
39222634.554289244
199.05764414817997
18211001.50998598
456.6954178293632
6979354.004968146
17020782.60702335
26221975.74815089
486553.71313226665
487866.14575519034
488381.42570774874
322852.2082751081
5838264.1506657535
1317.123404180476
53324901.26635633
6448968.489880518
1095.0658407031049
135.89109498345013
59810168.83128038
20237915.25271662
10750565.0625393
52341355.93457915
106351036.90658401
65103171.685215205
3092.152398254637
114559466.81768474
5792386.360289336
4458650.285515561
13276321.196413008
2620909.121778395
3609.9506066479285
13276321.196413008
11888000.926549219
15616885.345028233
15616885.345028233
38318260.20408563
39339771.71118116
10536285.366925646
54393406.3221314
53620456.76816016
54393406.3221314
456.6954178293632
2960.3219018566983
3405946.4039285094
24710114.010760594
22432322.708865583
22432322.708865583
13954202.482732885
27483832.227584727
173567.95440523702
32303194.03095124
1346014.3015709266
16629690.857065646
25155914.320380025
51520102.209688105
52946013.121684656
54393406.3221314
1051.836007297587
188.2265249152735
171.7074599317563
54393406.3221314
26656707.55556567
8307727.404798089
1502478.627673826
47478196.56584786
53152794.609611936
44970772.834723495
54393406.3221314
0.06730724290550265
26708466.66751943
17140558.152799323
1516.363313569368
54393406.3221314
54393406.3221314
47283791.73343228
54393406.3221314
160859259.93520895
15616885.345028233
83885472.7263082
657295.1490540125
24929226.973211132
24182158.139468163
706.7775712661236
32304947.617461756
22902145.299420528
865381.8057252071
43778834.588518605
93943960.05534776
184.84081719058625
47424403.23543745
29698281.90925588
94368044.24152821
61343747.044588126
94375453.78147888
9660795.707194617
9037106.448938519
540.4580513264668
1309.0182597796634
168.37456482684263
134.88371478262732
2508864.7653763695
27483832.227584727
10325594.97241967
31153941.18501045
516502.35639669874
50460903.55249268
50460903.55249268
50460903.55249268
15616885.345028233
11964249.217193417
134.74910029681632
3435412.3590317657
3477770.3600002504
21434375.759921454
1397350.4826426364
12420615.117660683
4458650.285515561
4458650.285515561
159.39867552825754
1078997.2467509562
9006219.994190188
1211.4860956218388
216.46182129885
13276321.196413008
2839891.2192993714
77.1129967892527
1994.2477567962242
7102373.066392983
38226075.26021469
1353.2094193833555
1258712.2302296131
0.0
50808843.41309409
75481185.22634564
84592501.84644014
3873.5357254577275
84592501.84644014
84592501.84644014
24929226.973211132
24929226.973211132
24929226.973211132
950.9482196199424
22432322.708865583
23344497.538678724
82.248051959916
225988.9967834735
3048.7087502237373
454007.6532279972
1002.9329165986551
938.2137783574964
17658833.491239734
27483832.227584727
27483832.227584727
7070092.751400746
0.0
32304947.617461756
482424.433914877
485262.76328536536
488458.99269718304
8552556.834542703
36393589.24604314
120586247.80700657
2175226.7308197008
906888.1745444045
8572970.913408685
1317.123404180476
75900367.65128721
20832615.257654797
45046065.225010924
52921028.843987145
49111811.79303657
106357888.72111915
8528710.10487157
17313157.646023724
17746576.33627241
2378728.77621056
53634.54368045651
1839.6015839227346
3564.7387862012524
1808.2446942215358
243147734.24187297
41955199.65098188
267686045.54194984
348646.45557193935
13429108.363121115
14601712.41746016
24482168.783609625
17366424.28862735
5173690.884169652
12138753.07808719
10739213.892376307
7290.677755319892
18034207.84780552
13171370.951898092
5555216.778071693
6389878.978863727
7084772.37263257
13429115.926273953
10238967.301339101
10238954.550410055
7700644.190043551
12537861.579965208
6736698.8654278945
2434156.4511638824
5947199.549826865
1557862.6465784512
841126.7886761501
0.0
17734036.335113235
9087478.701974886
5337258.158144314
11437688.570727604
13639197.921227723
13639242.37760598
7290.677755319892
13639203.9656069
9626665.71782315
9626674.901803946
9626665.377004575
12105205.606975773
30920077.723290347
13122962.14105318
13122977.090092374
7290.677755319892
13122981.257396163
20740128.349918798
9154596.13936309
11330142.877467927
8020947.394226079
2678430.111264009
4657434.167877018
4657431.749455413
13639826.840353277
13639873.686688535
7290.677755319892
13639836.277084542
40927119.108991876
3538390.8501571985
56220.99985511699
77504.90185934145
307641491.10729647
17110.898622227684
3646.556868256779
0.0
26903.90985053681
167297.07331420569
249262569.56544578
11990.121705362766
64501599.11251474
4648.198131434497
75375.7736219735
63846.5464400356
22585.187315529172
214790923.33905572
188001.33091195623
3622.248127812327
0.0
0.0
73175.51337453732
97301164.55982256
0.0
7196.733986313995
21750.61332690439
11197.473260718703
275205945.3539504
44261.59766039228
35687.24063710323
21841.857499211048
275207884.0431554
83626.60090480285
83745.35443820314
73861.71021408541
5474.798607416659
152818.1257979876
4781.04032007251
33137.7239141663
75727.84831229756
0.0
24961.454583659877
72347.64680619731
189286.07451315783
37114.405880710474
158807524.24783233
83745.35443820314
77504.90185934145
72347.64680619731
2350.4666408839425
20427.29561077231
158807439.14756557
0.0
376178.67729608796
39363.17430834617
420384.28181222564
1150.6595735508058
172827455.7986286
10115.828967919524
6742.6876342927235
37362.35203570842
9659.112307852078
242366902.8328173
242366835.75303343
0.0
0.0
115788.99882774854
24961.454583659877
308473975.2433566
111283.49113931901
148908080.2951879
21841.857499211048
25452.922403342815
160907888.05250278
15559.693657538615
46266.00051078043
46266.00051078043
46266.00051078043
8701.638790600302
56220.99985511699
1955.1837227109359
37369.52162381468
25805.12870619928
4781.04032007251
105315.8165165076
3259.0583644440158
73175.51337453732
17110.898622227684
167297.07331420569
11990.121705362766
8701.638790600302
7852.683914026298
56220.99985511699
2773.0161838497033
1055.8181702098896
11197.473260718703
275279109.0618877
12822.532771086842
376178.67729608796
4781.04032007251
63846.5464400356
268474.4843099457
32644.86008241667
25348.76511272247
21618.553819133813
962.4895462220801
73175.51337453732
642103122.4933485
264.8158871669498
56220.99985511699
77504.90185934145
265548317.34964007
17110.898622227684
654.4773104850681
0.0
26903.90985053681
167297.07331420569
249262569.56544578
11990.121705362766
64501599.11251474
4648.198131434497
75375.7736219735
63846.5464400356
22585.187315529172
661.097801540033
444.63705324520646
16.897933135790264
0.0
0.0
205.65138842827182
11282021.536400076
0.0
7196.733986313995
21750.61332690439
11197.473260718703
120402802.93484977
44261.59766039228
803.0441628605038
21841.857499211048
79805978.66702726
451.3130079825074
252577164.33509925
184339545.89132842
83626.60090480285
83745.35443820314
73861.71021408541
5474.798607416659
12.659204845727906
46.11882598965346
33137.7239141663
75727.84831229756
0.0
24961.454583659877
72347.64680619731
189286.07451315783
2845.2687645200763
8476458.763185732
158807524.24783233
83745.35443820314
77504.90185934145
71867.82878970634
10.984961386889585
20427.29561077231
27521656.793310996
125588397.13830924
0.0
370225.67762472125
39363.17430834617
420384.28181222564
1150.6595735508058
688108.1912261687
172827455.7986286
10115.828967919524
6742.6876342927235
37362.35203570842
9659.112307852078
54466942.18759176
242366902.8328173
242366835.75303343
0.0
0.0
0.0
24961.454583659877
308473975.2433566
111283.49113931901
148908080.2951879
238.68493074906186
25452.922403342815
160907888.05250278
239.1758317574792
125.67274441653947
46266.00051078043
46266.00051078043
68.29534477905129
56220.99985511699
1932.1054406783226
37369.52162381468
12.55435375134669
4781.04032007251
105315.8165165076
3259.0583644440158
73175.51337453732
866.7129539755176
167297.07331420569
70.31104663818776
8299.598983439306
7852.683914026298
56220.99985511699
29.356832888721055
1055.8181702098896
852.8281899664962
41036774.51655795
27521656.793310996
478.26406075504366
273.1570875578857
275279109.0618877
12822.532771086842
376178.67729608796
4781.04032007251
14.345769360396854
268474.4843099457
32644.86008241667
25348.76511272247
21618.553819133813
962.4895462220801
73175.51337453732
6787891.788594408
187753791.92290115
33.58086317735139
2096431.0049968276
14601712.41746016
19886333.151279587
3588213.532322121
2361.505161618578
290101.1455288193
10739213.892376307
7290.677755319892
18034207.84780552
13113409.096912384
5555216.778071693
6389878.978863727
7084772.37263257
12192558.742927833
10238967.301339101
10238954.550410055
7700644.190043551
49.35028204480254
49.42396580014835
2434156.4511638824
46.110959631105544
8256.664493889413
182.76033292737972
0.0
35.84533814813463
147.72597459983538
675947.731106544
11437688.570727604
7979595.155720961
3033502.1258065742
8554797.176572228
13309641.326544236
13639197.921227723
13639197.921227723
6271812.223393976
248.2307422596458
33.69005944739365
1472897.5497885994
12844234.057676887
13309656.83610224
11293911.056082811
752.6243495469354
13639242.37760598
13639242.37760598
7290.677755319892
1337528.2818837569
326.5406448582811
10606319.42272615
1764520.369436303
13496855.943721939
12811146.255966732
4678229.303426544
49.35028204480254
22357381.93431936
1.4969084029316548
107.98817343085521
30920077.723290347
30920077.723290347
260.77071215800134
9626665.71782315
5249573.366536351
313.6086962716107
548230.1856766586
1721294.3455043982
8935740.699772129
894.9773386912165
9626674.901803946
9626674.901803946
9626674.901803946
278079.33053119504
3941664.2176223737
6027478.526648214
9604195.172793554
1809208.680886537
49.42396580014835
8755028.5488051
5703306.631140367
1748930.9866760029
45258.72296209818
12105205.606975773
372493.8289071433
11871285.541944373
12105205.606975773
12105205.606975773
6527197.211598412
12105205.606975773
236.74187190256185
3480760.8209788143
10759061.915365603
13122977.090092374
8660051.690199133
13122977.090092374
6347.47547603258
13122981.257396163
13122981.257396163
20642463.25637074
45.82565266851432
0.0
6059056.260512334
20740128.349918798
20740128.349918798
20740128.349918798
16116857.09267737
9154596.13936309
9018709.808641534
9154596.13936309
11330142.877467927
4461315.258720519
124.32235073484611
11330142.877467927
310.64723229939113
162.78663232916898
31.637608542029742
4657434.167877018
334891.27758020425
8940974.320170205
1511461.147705743
13309641.326544236
4226912.667566256
570089.9872846572
86.82166294509257
5.320453132703555
292474.74196433835
265634.062762031
200.0148542603614
546.786203317086
4119890.6725241304
5823361.543523797
10459499.290587625
12644781.649309047
13309656.83610224
7290.677755319892
81286.29760363759
13586453.901662681
3023295.0606516353
9730710.825998189
1809208.680886537
112.1657232727295
62.21003745556631
35.70192827017703
20.39090023006555
0.0
7154483.714515244
477746.67598377727
13639836.277084542
840.4071204701731
13639836.277084542
13639836.277084542
1794141.0650295934
2.861616380485158
539281.2375365766
6881885.154696148
12469335.541410642
14951658.313272718
39.518048294752695
17041294.513610274
12019204.68679413
8082438.360651999
22357381.93431936
2002447.4454524824
498678.5055337429
0.0
13384718.880023977
38052135.6547682
369.40277232807443
403.7270776174824
37825906.40572028
8488383.756720165
40331466.76447674
1178792.4402542154
12672234.317446008
18686.58080928903
1323.9265886848696
9324.760974501309
25758.49699341241
13784.54090471312
200.28014170971966
104581639.00495513
72087687.93170738
25167.107246859377
5686.681555812062
77443446.39411269
1211.941295947828
62482.08486814272
0.0
8941.270388314788
49192050.20636262
83121165.3496415
3984.9811285221294
23049069.95526263
0.0
347.348092597843
86450395.13371788
1544.9803451013197
6151.6299421278945
38086.04281573047
25049.45181450321
21218.386177704142
138585251.96395415
7506.1186874851
59953686.61006955
8295.319583815728
91333437.88041867
83564559.39142478
50638261.273521766
62482.08486814272
7804.991058212278
2089.2851799379278
1204.0032261810195
46492473.72837039
27159328.524207942
4823.777193015485
22010626.122501336
10758696.101708243
0.0
921.6611863160299
40533.93877717207
0.0
0.0
24320.98940449908
0.0
94365129.8908673
0.0
32379581.167506706
0.0
27831.896240275466
2256.692231274335
0.0
39804.0527999741
2391.9235389266028
24043.374986853953
24546.413400678583
25049.45181450321
1819.545623336888
50784.134810963595
15752.014762048859
1323.9265886848696
14710.76845788567
14710.76845788567
12416.486992435037
1588.9897342675754
1588.9897342675754
11861.385247591776
921.6611863160299
9208.941211814668
36618.95202967108
7258.674043154881
7228.962455675171
3721.6348171139466
27794.893537372627
8295.319583815728
24320.98940449908
11011.938319807372
25167.107246859377
29657.017710062453
27831.896240275466
4261.523948116623
0.0
0.0
12905.357794568861
25758.49699341241
24043.374986853953
24043.374986853953
15752.014762048859
21977.623247018797
125029.69074435876
81756.144409713
1211.941295947828
13084.59298972016
889.2954312624173
62931.071616540285
781.2745334436856
16109.371574428476
139713.49305213176
781.2745334436856
649.8537323723965
649.8537323723965
649.8537323723965
6788.848936133632
350.9510249505459
7185.136730843644
7228.962455675171
9595.672599637019
382.4405697829823
749.1501893126554
24320.98940449908
8295.319583815728
8295.319583815728
12332.831782802321
114349.9457928679
3846.664581968786
0.0
58625461.16974073
157103865.66799358
3362.114816764969
0.0
0.0
2240.990169088309
24043.374986853953
3424.3984453521957
12416.486992435037
38482.59807506727
9208.941211814668
36987.4712692268
7228.962455675171
8295.319583815728
3210.361139530926
104738459.29316501
58233.268860044
79556.30033878642
649.8537323723965
7258.674043154881
36987.4712692268
8459.336321769228
51195.26239933626
54484147.88056171
21604.21869898551
1083.5153798544018
5171.065731682081
39998611.17590724
15376.541157695561
0.0
7323.0000439014375
23149161.437349252
27412.062478460914
3362.114816764969
27831.896240275466
3984.9811285221294
3984.9811285221294
3984.9811285221294
21604.21869898551
15376.541157695561
4261.523948116623
4261.523948116623
15376.541157695561
2892.157316486412
2892.157316486412
2892.157316486412
2610.037320055154
3424.3984453521957
3424.3984453521957
18686.58080928903
18686.58080928903
1544.9803451013197
125029.69074435876
125029.69074435876
1588.9897342675754
1588.9897342675754
1588.9897342675754
34995.427668851094
1211.941295947828
21218.386177704142
21218.386177704142
1373.595679536955
1083.5153798544018
1083.5153798544018
983.0140835773198
89212.74063706896
921.6611863160299
11861.385247591776
889.2954312624173
781.2745334436856
10848.975907995225
649.8537323723965
36618.95202967108
12419.596557278557
12419.596557278557
8424.845385580913
8424.845385580913
350.9510249505459
7185.136730843644
350.9510249505459
319.9220254196738
8576.43443325781
236.67481628480334
27794.893537372627
3721.6348171139466
24320.98940449908
24320.98940449908
8295.319583815728
5805.813676601573
200.28014170971966
40891.3145420063
5686.681555812062
25167.107246859377
25167.107246859377
0.0
216463622.4846591
88.23021300017524
12672234.317446008
18686.58080928903
0.535240353073506
9324.760974501309
25758.49699341241
13784.54090471312
200.28014170971966
90552751.15543148
72087687.93170738
25167.107246859377
5686.681555812062
100.87891176323447
218.07517009319372
62482.08486814272
0.0
8941.270388314788
49192050.20636262
83121165.3496415
3984.9811285221294
23049069.95526263
0.0
347.348092597843
67518022.60682496
1544.9803451013197
6151.6299421278945
2552.959553831121
25049.45181450321
21218.386177704142
138585251.96395415
7506.1186874851
59924002.54547004
8295.319583815728
48663157.90925105
220.0134549117255
9052587.842574917
148.13540447701047
7804.991058212278
2089.2851799379278
5.632022760790711
31915318.004789002
27159328.524207942
4823.777193015485
2410464.714084202
9124779.989562528
0.0
921.6611863160299
1991.5034011670919
0.0
0.0
68.54000208477947
0.0
94365129.8908673
0.0
3752135.111549787
0.0
27831.896240275466
2256.692231274335
0.0
39804.0527999741
2391.9235389266028
24043.374986853953
24546.413400678583
25049.45181450321
1819.545623336888
4.216948603526106
15752.014762048859
1323.9265886848696
14710.76845788567
14710.76845788567
12416.486992435037
106.7727165559219
15.368151691981861
267.5945975204122
921.6611863160299
9208.941211814668
7174.600361126988
7258.674043154881
7228.962455675171
3721.6348171139466
27794.893537372627
972.809875798007
24320.98940449908
11011.938319807372
25167.107246859377
27673402.16518006
28590894.440938372
1294.4058546054719
710.9706155858861
1172.2973717757213
1205.0772157188471
150.19704180157035
60288640.53796085
42862789.156559214
2118206.785589343
8535880.728424123
52736862.11460969
113108006.38103873
73196835.99774468
153648972.3852693
1145.7250034339975
157103865.66799358
157103865.66799358
122758437.19041626
29657.017710062453
27831.896240275466
4261.523948116623
0.0
0.0
12905.357794568861
25758.49699341241
23886.892097389315
24043.374986853953
15752.014762048859
21977.623247018797
123088.24094976766
81756.144409713
1211.941295947828
13084.59298972016
889.2954312624173
62931.071616540285
3.660701952780002
16109.371574428476
139713.49305213176
781.2745334436856
649.8537323723965
649.8537323723965
649.8537323723965
6788.848936133632
350.9510249505459
7185.136730843644
1465.9569311588725
9595.672599637019
382.4405697829823
749.1501893126554
24320.98940449908
8295.319583815728
8295.319583815728
948.1337718544611
695.1391488682112
3846.664581968786
0.0
51613039.16030286
228899.57240611623
4831247.133035055
56448978.76688482
58625461.16974073
2818891.0188431256
9154588.856078021
199.15026016618606
30998864.57643244
47151621.35638304
56865888.21889388
58625461.16974073
3188.0123953271404
58625461.16974073
58625461.16974073
58625461.16974073
157103865.66799358
3362.114816764969
0.0
0.0
2240.990169088309
24043.374986853953
3424.3984453521957
12416.486992435037
0.0
9208.941211814668
36987.4712692268
7228.962455675171
8295.319583815728
3210.361139530926
18207117.027034484
1492.8147091872904
104728500.8437323
104738459.29316501
104738459.29316501
104738459.29316501
104738459.29316501
58233.268860044
566.7344312529233
635.2395965583377
79.53476637557053
36987.4712692268
8459.336321769228
89.25416974380465
196.71141456920225
189.62115823182413
54484147.88056171
54484147.88056171
54475579.31374221
1623.6114883607406
21604.21869898551
1083.5153798544018
79.71564302955771
39998611.17590724
41.87729183809519
0.0
7323.0000439014375
23149161.437349252
27412.062478460914
3362.114816764969
27831.896240275466
3984.9811285221294
154.74130992323393
23.432607127935185
21604.21869898551
15376.541157695561
4261.523948116623
4261.523948116623
15376.541157695561
2892.157316486412
22.756324119927157
2760.678291634234
2610.037320055154
3424.3984453521957
16.493958145167205
18686.58080928903
18686.58080928903
1544.9803451013197
125029.69074435876
125029.69074435876
1588.9897342675754
1588.9897342675754
3.3079834613911716
34995.427668851094
1211.941295947828
4.780345882078413
21218.386177704142
1373.595679536955
1083.5153798544018
1083.5153798544018
983.0140835773198
89212.74063706896
9.783024216562035
11861.385247591776
889.2954312624173
781.2745334436856
10848.975907995225
642.3272199609745
36618.95202967108
1014.9533426567112
12419.596557278557
8424.845385580913
8424.845385580913
1.1212356689747323
7185.136730843644
350.9510249505459
319.9220254196738
4.183498782366221
236.67481628480334
27794.893537372627
284.18908493985543
24320.98940449908
24320.98940449908
0.0
5805.813676601573
40891.3145420063
200.28014170971966
288.8415213012358
24461.275030572942
25167.107246859377
0.0
1.409771226349444
13749346.890156124
1070188.3540432134
9154588.856078021
500.0572899968822
159.1663565083822
90.90672276815292
62621470.123743124
6008377.210825388
51962018.10673899
113108006.38103873
14480647.845499037
2259154.8286115723
51073583.65214942
208240424.16210103
63405713.881452836
128341753.53663509
58860.4590909191
216463622.4846591
765819.9571590945
765819.9571590945
11.192725148485238
1249170.0
171915.36101312353
700256.7785212899
1.2866187737373285
4600111.504984236
2759928.7577788825
7335792.445282472
4892788.736148467
378749.98494283145
1021262.0582171663
286851.8399820422
7085623.323679562
2168923.0
5567594.3900523875
5774161.273291725
6.59349000433453
1195619.6804706638
786.8567545255829
2958643.0
96666.21568847029
3578752.5574968676
3592439.2096707956
6036713.333913614
7894544.182886412
2167001.3673754507
1316955.5158068226
3667447.0
4764202.507332894
2561976.944293982
3355511.1049685646
5822484.809220039
2918384.7895836546
346.90249509331625
6276945.66006138
3740421.562012536
3740421.562012536
10219920.0
3241634.387320475
5391332.065765334
370.6725117338496
2697677.2379950434
3407231.2810288942
171915.36101312353
16.444450286779134
836324.157564847
16.46900311204216
0.0
4.327264567614619
890205.2080629305
2410513.0
810715.8900555695
258694.87555697182
1518381.0563824086
15.367827233762284
1125023.9722948181
729524.7368193713
309910.89608884486
139710.81990781263
4528483.84633562
42.19145973346566
300782.7039265853
2751.2574888796025
60.89921039338863
406.3784138564691
5654858.609884273
260.0047018050294
0.0
0.0
3615118.8829624504
11.946455805876786
0.0
5337500.0
0.0
49.22245864258371
225191.2579430854
0.0
3950510.0
5152225.2180234045
4454101.8081301525
2512121.4539493932
578028.7391353153
2164709.224116974
8695916.170438763
21944.789396678272
2040.819333540676
445623.59697938507
1561669.8203810796
1843860.1403976495
2492091.598384601
4888522.822550321
6902866.013426292
2709248.0879697884
8017411.44545077
108.80953823343626
129.155837674492
1040.9885819534131
93.46395072646015
82.71025999876815
96.4904227024212
16.444450286779134
53.14002704086334
87.62094054303351
86.81560681569458
381.2296861786063
251.95304817181017
11.226167000187308
818075.4009310957
5443224.656295181
1886059.928134231
4941007.677442916
510678.9904445965
490729.1234493815
4514449.194041044
1396232.125258752
7857647.655528608
3203690.454843035
1153180.9880297016
1896293.7838086379
209950.1348848926
556678.2107324427
587971.6648602291
378749.98494283145
4051934.2431007996
4561997.563038238
6767744.076706551
7139874.141891805
3612925.6245152703
1486330.5511085277
8784157.141336711
879894.1017972605
0.4987204005651761
155191.4309240199
7628070.428574357
140.73823403288745
12606879.932089815
5695040.0728303585
2704543.6819334133
12060003.271277716
12606879.932089815
12606879.932089815
12606879.932089815
74.0252711730972
245.93761953138878
464.48533116321227
35.98254462480521
250.781026406521
31.3162694383308
12566627.111726826
12606879.932089815
12606879.932089815
11817787.525571523
12606879.932089815
9003036.904069614
4801622.80209699
12606879.932089815
12606879.932089815
4885544.0091050835
8162881.36657616
3420540.7263701987
4294544.319563101
92646.68277800943
785808.3364423371
15079.158831743509
1373803.6826154303
2298479.086105392
519601.8703968627
4197617.111619002
4268830.180838233
4286530.72669682
4294544.319563101
4294544.319563101
182648.84934467234
602778.7813455793
1066387.2021829372
4051690.9612018573
574594.9579870555
3475611.0544178314
1133290.0165399804
4294544.319563101
86.89374882269534
12.987835001846395
16.46900311204216
14.185010582235925
61.897394229191804
298.22342941303623
4294544.319563101
3118532.7780836043
4294544.319563101
2644300.432542001
4174823.066569126
3906949.8892133217
3715437.3372934503
2109687.8578580585
4294544.319563101
1278094.7622932056
582701.7299315544
767417.6420205698
4294544.319563101
4286355.815645146
124122.01101575364
4217019.847673339
4274207.3654094
4286281.272412685
4294544.319563101
4283396.871942211
4162275.625864035
3376752.218889401
3139683.178345839
4294544.319563101
0.005265675918214585
503317.37157590926
210508.96973885666
187104.93682904667
1801247.8943738402
4034268.9347640923
4294544.319563101
1841428.351510699
4294544.319563101
1499999.277453313
4294544.319563101
4294544.319563101
4294544.319563101
104.4843561980415
37.435840296152335
931.8428716668511
35.98254462480521
212.71498264009705
4294544.319563101
4294544.319563101
4294544.319563101
3347846.4505656636
4294544.319563101
4290668.3504434675
4294544.319563101
2180337.1382892705
4294327.401220246
4294544.319563101
4294544.319563101
4294544.319563101
273062.9355397058
12606879.932089815
0.0
58821.40802386762
115391.18644697072
1179722.4343339219
4190807.801235957
7384541.1013965765
46.12814868020133
78.90088287794597
15.26997690676737
111.57734549667647
3917801.0205163434
0.0
4136995.6936810315
5566246.38700709
2018640.4962931413
7416525.323906586
0.9449350242317242
56.35304909627569
7417087.7025847165
3585767.7200109838
6927494.964398541
4193550.1066965917
7417087.7025847165
4256736.159623414
7417087.7025847165
7264873.068857059
7417087.7025847165
7417087.7025847165
7417087.7025847165
7417087.7025847165
5817258.226349181
7417087.7025847165
7417087.7025847165
2682314.559377414
1.2488075294886585
893506.5065881144
108818.13850095795
311.4573929756035
805147.7377800796
300039.5139677957
35107.5047451906
3981750.925734908
17.04134567843975
14.172840979729227
3981750.925734908
3936791.0096703097
3488795.7224860135
1486330.5511085277
3981750.925734908
10.552414540102033
56.35304909627569
1821018.0119442518
41.42434520382286
3173134.5892071202
3979363.8685800894
3981750.925734908
107.23289232659131
103.5104508935258
3981750.925734908
3981750.925734908
3981750.925734908
2868831.1224541888
16.93287673855332
54.25345637224661
2710260.9441665984
1444641.699655263
2710260.9441665984
1486249.7751362284
908137.9920823718
2710257.918090927
2710260.9441665984
2710260.9441665984
10.5418831882656
469.0124761045599
768578.1628510455
768578.1628510455
274582.45987302175
161.20914474704423
274582.45987302175
274582.45987302175
15.244041355812818
794419.095348233
1692322.543094966
1692322.543094966
1692322.543094966
111590.98462622045
1692322.543094966
1086355.230393075
1086355.230393075
0.0
27091.451353532695
3553774.97719403
17570.41722419698
1004025.490244983
679396.8023113668
15.923372747695417
597763.0170247537
2947887.1515303524
3039869.7009387487
9242542.2171642
0.1053704322616842
97464.25745337307
0.9535403182275006
179698.7399831273
1027666.4738598391
1037260.4075612903
98371.17333801855
2304339.094173785
481218.10030604515
4272143.00565367
2308762.2098234775
4373735.005663214
361423.1360667165
2491881.825982699
4856541.3095281515
5216066.4411657415
602778.7813455793
5878802.868946821
88501.99445047542
5812851.356663598
6908467.808997866
1127088.958480083
8451833.033597162
938.688741905357
73.14687909905548
100.08268186750587
108.80953823343626
37.375747084170605
37.375747084170605
264.65118034273473
20.73173320526082
11.896559862577577
13.168163456971339
7.482224659611081
66.64103044785737
6.794634827650411
18.333085235914556
182.2130852860794
11.226167000187308
0.0
0.0
4141984.3524979255
6901516.922853516
6270243.114405228
6269911.11288792
1416026.7227340776
3151293.058012858
4197394.695445111
3721322.9533465034
4750467.257675369
1829418.638383313
2152813.4820609624
572704.5566299335
2769634.5882054656
503572.7187664503
159218.07987852185
4051934.2431007996
5397616.127655385
6767744.076706551
6123248.284986116
4734450.329898892
3388768.445344309
8786384.572999692
667230.1742578745
1354467.5632147558
1454033.2511208854
0.0
1065106.257190171
166169.35717164722
0.0
62558.925424417765
189962.8544114844
3947111.422839831
5973391.68143866
41.14609460189989
0.0
10090927.77315937
3589911.4920257456
12992777.596195022
18632277.057669982
20274340.21606864
20041515.123223823
16108700.081526833
22522113.93030951
4671386.51360598
2120751.125118898
8609016.32650294
4810859.492840781
5622626.812745883
16846904.94607873
16791962.730497293
20216824.940513074
24108237.78732209
304.21713128161633
4245.058852111211
123.10151255978981
28.92669143410202
112.6664017278287
23.925772582124644
134.51777771630074
280.02992222163215
65.35338347569667
26.42773790179164
141.91945843224227
17274129.161876023
2841356.1679715575
9635195.179168358
17670932.286135256
9466127.76849932
2690954.5308324844
21846283.675713636
21277588.486772988
18495823.725478668
12994180.515920693
28642285.100244634
1.7728056837835513
36038865.0
782444.8575220911
1067606.3044079393
129236.21211656304
226603.6258613356
1236207.8407867623
3476826.8034168407
8337229.108672717
2029297.964176267
2154738.804735804
1957057.2981167983
3340710.59517693
40239.129477354574
37536.7052582763
2934739.753206578
39540.05600897136
37036.9470870042
2342719.939894096
40365.98746654275
40347.91628571331
39870.56578939823
1146022.1369459964
39884.537763552005
3481980.54376133
40396.827405275486
37606.204009316185
347637.26105816587
529450.5803287461
15971873.850069933
367045.12659330125
610665.924219324
782444.8575220911
1067606.3044079393
226603.6258613356
1236207.8407867623
3476826.8034168407
8399468.558585344
1957057.2981167983
2870992.106306762
3340710.59517693
37536.7052582763
40228.776997682864
2342719.939894096
38262.095450362816
3481980.54376133
347637.26105816587
13949932.646151667
225323.0536047978
782444.8575220911
1067606.3044079393
1236207.8407867623
3476826.8034168407
8643466.655597689
2029297.964176267
2154738.804735804
1957057.2981167983
3340710.59517693
40239.129477354574
37536.7052582763
2934739.753206578
2342719.939894096
40219.25410785622
38262.095450362816
39884.537763552005
3481980.54376133
1080557.7945375533
529450.5803287461
29921806.4962216
2359217.955553688
3218770.2383578713
3218770.2383578713
389658.4656307916
683165.6925212002
3725351.6332105906
3725351.6332105906
10469700.228008294
10469700.228008294
10469700.228008294
10469700.228008294
17607543.128146395
17607541.77073893
17607570.492450323
22909155.12549283
6112305.230605597
6112305.230605597
14644.876547417436
6112305.230605597
7048026.679728156
7048026.679728156
118960.26831625147
7048026.679728156
3284030.962080286
121445.18057301622
119954.64228335202
8359896.478537795
1591343.837053373
22515802.67365408
22516008.448546242
22515839.729523245
45206636.43050978
1839533.8650070631
3218770.2383578713
6272752.447020398
7048026.679728156
115115.39928451605
1045728.3954068874
22515802.67365408
22516008.448546242
22515839.729523245
37649640.90858914
679032.8658014992
2359217.955553688
3218770.2383578713
3725351.6332105906
3725351.6332105906
3725351.6332105906
10469700.228008294
10469700.228008294
10469700.228008294
17607543.128146395
17607541.77073893
22909155.12549283
6474565.641629075
5874270.140357559
112933.0978961562
7048026.679728156
121003.71786076372
8359896.478537795
8359894.091895037
22515802.67365408
22516008.448546242
22515839.729523245
67528735.71601526
434019.812725807
141157875.8526565
23196891.521605313
203961802.30474
203961802.30474
502068425.0651392
3613.1771787565126
502068425.0651392
502068425.0651392
321301.3978823962
10617.725406601741
87937.37274416767
0.0
259558.25338366773
679320170.0026672
299647762.74819463
299647762.74819463
15663.822498717003
311312.7417105014
132733.6137806545
150540.42436382364
2547.911406417423
34961.03053390821
470253.6091365634
425919.58906505303
43108.91006244788
0.0
44804.012714257944
992738141.6522886
29848.48926439051
1917623890.29122
992732404.0022031
26155.570512991246
141157875.8526565
46420.92605979212
60969.87670755257
203961802.30474
203961802.30474
21234.05333740338
639076297.2326468
11488.635496527171
5083578.038999501
200712793.26797673
179568.8841817229
136706.62659906596
1404838.3642896488
29848.48926439051
608589.2941007037
24358.942933011625
280344.6411071984
2523174470.9819984
7351.1020157601415
68204997.37669028
23196891.521605313
203961802.30474
4861.583107130855
8712370.198694106
3613.1771787565126
497906990.90445685
21115273.62429842
321301.3978823962
10617.725406601741
2668.9987771770234
0.0
259558.25338366773
679320170.0026672
299261609.24555993
299647762.74819463
15663.822498717003
311312.7417105014
132733.61378065453
150540.42436382364
2547.9114064174237
34961.03053390821
470253.6091365634
425919.58906505303
43108.91006244788
0.0
44804.012714257944
394393123.8806971
13155.654262756982
2529.620877896367
169511309.75702408
27529.57375991427
11162.216540309515
308714279.09977025
635083213.8270489
26155.570512991246
141157875.8526565
46420.92605979212
60969.876707552576
203961802.30474
179156153.92439568
617.6900960331503
639076297.2326468
11488.635496527171
5083578.038999501
200712793.26797673
179568.8841817229
136706.626599066
1404838.3642896488
29848.489264390508
608589.2941007037
24358.94293301162
280344.6411071984
451893508.36186373
1504600.6122734218
1004.7888375810027
3218770.2383578713
3218770.2383578713
475976.11672611395
389658.4656307916
683165.6925212002
92832.76251454075
3725351.6332105906
179.09775889113365
257186.19587127792
10433713.36266055
10469700.228008294
2421.858622851224
6434.296718226223
1085535.5468936271
110.54041714168748
10469700.228008294
35.7267317723231
983.3721441916786
108.20426318139597
1840794.4029094176
6497178.700120894
1388.1832871545353
381.3936862678488
22909155.12549283
5239115.353376813
6108965.888069754
6112305.230605597
14644.876547417436
6050816.815957076
7048026.679728156
7048026.679728156
7048026.679728156
7048026.679728156
7048026.679728156
7048026.679728156
118960.26831625147
3284030.962080286
3284030.962080286
121445.18057301622
36.507704468473435
8359896.478537795
1591343.837053373
15545811.645068554
5036535.652019752
9868031.894975627
20079288.963184785
640.5145959086201
16189540.160204997
10638164.217634263
22516008.448546242
12588795.589300469
387.47570932263704
93.18969152475027
7680960.185587523
22515839.729523245
411.20925479905986
1388.1832871545353
4805901.366224619
15865527.5047383
1839533.8650070631
3218770.2383578713
6163030.3772754185
5061373.04833953
115115.39928451605
1045728.3954068874
0.0
0.0003396463927384238
18417979.160371095
53.827088775196344
10321491.3338237
277.4031206255534
5164710.563714356
385.5805127088678
2359217.955553688
2359217.955553688
1657422.3193694276
3139666.185369762
3725351.6332105906
31.713984079885268
3482871.9021235034
1291.7772434158383
1.4894357609762803
10469700.228008294
17607543.128146395
17607541.77073893
2059508.7408476025
2360411.6572673745
231.99077454150574
43.343694607306375
112933.0978961562
7048026.679728156
42.23577962245953
8359896.478537795
8359894.091895037
9435650.238497064
0.007557534759117504
16567174.03387788
9672488.030865194
322.8736481959652
22516008.448546242
22516008.448546242
21471590.41112579
8564389.85713863
12895829.5249096
15793381.504697403
15945671.196623063
32289777.81251508
143699.37360834586
46702198.77834321
12803.650133802976
3804.804919809399
7674824.049869633
64401.2926976619
3152.854934547163
67493986.05665328
15370.669211641049
8600.253990527088
6149.9603650112185
83190.10945111529
1305.9221860755829
1196.4052503249193
28293.099527108323
28293.099527108323
106385.57231356105
34837.74073399128
1471.4005248890041
107331.62055544507
166213770.56946394
0.0
70795.07419793423
85939.93200540522
3515.6865321586456
26457.714276063358
1464.9907947912195
29116.634259368475
227839860.54617214
18998.39075607808
70532.51013727565
99156120.87919554
3152.854934547163
32661.824592760368
57881505.19060213
28901633.169221662
194833.1330606683
1806901.776228587
83376.44168560999
38220155.836222835
148847.80878517093
103093.63810670981
43944.097446337895
49838.59576826884
843.39340062444
11593.625374971065
7030.559454193946
70144242.74042769
155702.8180572603
3316.1826571349457
116189.89783332653
15370.669211641049
9883.411661322541
13541.51670238843
56610.17686698921
5322.056563806396
3804.804919809399
362958.143412513
2471.610655560733
141034.59924055837
1196.4052503249193
14274.259497011044
1471.4005248890041
843.39340062444
154893.61626358394
14835.020616067155
12280.067412301583
0.0
638622623.5231676
98323.73816846331
83190.10945111529
2922.166739597547
82022.48885682506
166213770.56946394
9156.463744302173
1686592.7845015354
70144242.74042769
59456.76572734142
155702.8180572603
52201.72216784835
0.0
451778538.1924663
8660.33674952607
46702198.77834321
15370.669211641049
20186.7175612359
63288070.54419566
67493986.05665328
7030.559454193946
85939.93200540522
11040.478108328385
13541.51670238843
13541.51670238843
48930.82590759849
3804.804919809399
48175.504136898206
898.301118356966
227839860.54617214
99156120.87919554
3804.804919809399
62207.95344613764
1686592.7845015354
11040.478108328385
1718074.5364760933
0.0
1791813.1534108778
70144242.74042769
26660553.375067912
0.0
59456.76572734142
9883.411661322541
201490.6889189124
8065.415638949255
85939.93200540522
3466.3755150022703
45267.1021409497
37155.99032398741
32980.751940065165
92825.33850022954
194833.1330606683
843.39340062444
465078.81650281214
838931288.0916848
28901633.169221662
2445.339848965595
22609480.200138893
12803.650133802976
0.0
7674824.049869633
64401.2926976619
3152.854934547163
1612.0377655376703
67493986.05665328
34105.66070127294
15370.669211641049
26.349776453444328
3.75357431930409
83190.10945111529
1305.9221860755829
1196.4052503249193
28293.099527108323
502.6009518859582
106385.57231356105
34837.74073399128
1471.4005248890041
107331.62055544507
7017159.274693944
25588704.584031552
2886536.225493122
164856603.4365106
0.0
70795.07419793423
85939.93200540522
3515.6865321586456
99.40740936047656
1464.9907947912195
888.2640965507499
26553551.435936164
227839860.54617214
208475479.02373582
227839860.54617214
18998.39075607808
70532.51013727565
7162877.5800989
99030184.766352
362.90784137268355
99156120.87919554
99156120.87919554
99156120.87919554
99156120.87919554
3152.854934547163
32661.824592760368
57881505.19060213
123.95954346430477
35336586.92901697
1806901.776228587
83376.44168560999
148847.80878517093
103093.63810670981
43944.097446337895
49838.59576826884
843.39340062444
11593.625374971065
7030.559454193946
42905754.73353732
155702.8180572603
3316.1826571349457
116189.89783332653
194.3112715636879
9127.144522338149
13541.51670238843
56610.17686698921
5322.056563806396
35.99507742740664
362958.143412513
2349.2494500980442
141034.59924055837
74.57238835644374
14274.259497011044
1471.4005248890041
154893.61626358394
843.39340062444
14835.020616067155
12280.067412301583
0.0
1806868.296721601
182539800.9066485
139382316.74802953
3701.245913845456
4358.282207012543
838.789402094189
1826.845778308155
1846.1157426799055
61621868.811110154
157572270.56886458
288396827.7781919
105203206.33414161
509098562.0002739
638622623.5231676
98323.73816846331
83190.10945111529
2922.166739597547
82022.48885682506
166213770.56946394
9156.463744302173
1686592.7845015354
37593401.84826213
44974127.76800565
59456.76572734142
155702.8180572603
52201.72216784835
0.0
4487.700371665304
248631792.7456717
8660.33674952607
46702198.77834321
15370.669211641049
20186.7175612359
63288070.54419566
67493986.05665328
59338952.54465834
205.54921818140107
104.81333627926728
11040.478108328385
13541.51670238843
13541.51670238843
48930.82590759849
3804.804919809399
1266.6973401653997
898.301118356966
9094.386211560268
227839860.54617214
91009259.40948497
27667392.991295062
99156120.87919554
3804.804919809399
62207.95344613764
1686592.7845015354
11040.478108328385
438.06986712426095
0.0
70144242.74042769
1791813.1534108778
26660553.375067912
0.0
59456.76572734142
9883.411661322541
201490.6889189124
8065.415638949255
85939.93200540522
3466.3755150022703
45267.1021409497
37155.99032398741
1592.3908267824258
92825.33850022954
194833.1330606683
843.39340062444
465078.81650281214
146160863.85901573
603.913393323272
3106.4371217013168
58938380.70117177
151414502.90670264
9452599.906022282
191736252.19539064
153293.4858739377
1957057.2981167983
499964.8743567454
334.3559397429449
782444.8575220911
158369.64000957456
746889.6274128164
0.0
1067606.3044079393
1067606.3044079393
129236.21211656304
226603.6258613356
30891.25235926064
59.596999130748046
1236207.8407867623
969264.5201321605
902590.7603159324
1236207.8407867623
1236207.8407867623
1236207.8407867623
1236207.8407867623
1180.8543405384812
45.502625035833645
822323.6706021287
3476826.8034168407
159.695378526135
805.9034749206147
8.446579329982601
36.818758109150764
2141.1421120900536
257.7165167929292
361537.94370454754
705047.119145608
3476826.8034168407
2838875.1453570174
3465891.4247223595
3210513.8663861984
85523.31748467831
2551680.0452030418
3465090.4190401696
2460183.2856339216
42.78433896443121
3476826.8034168407
3476826.8034168407
3476826.8034168407
612547.1536288973
1433419.2049825585
55.65327207150304
461.9351948907245
11.89792878397949
327.2292695645487
126.87165993854863
83.35280531988214
11.142599905497962
6462668.399295949
8337229.108672717
3939581.618809235
8337229.108672717
1848841.9613895032
7197874.386851144
36.041318231195035
2251864.5431810925
3780404.7526274
8337229.108672717
8337229.108672717
13.504375698396936
1650128.2535664183
1740548.2284968572
372136.124134652
2009244.7680433504
2028208.9055103534
18.790390211733534
40.988584196575786
2029297.964176267
764290.525048354
1044915.3820775469
2029297.964176267
2029297.964176267
235.37442406843672
89.85763364873544
2029297.964176267
2029297.964176267
2029297.964176267
2154738.804735804
2154738.804735804
2128127.2270437567
2154738.804735804
13.314977808382757
2468355.395470687
40239.129477354574
37536.7052582763
1645648.189943252
1078780.7917778252
96.85371498061396
1286311.1650697328
1267136.3880431969
2342719.939894096
2342719.939894096
185.28522437260708
2342719.939894096
2342719.939894096
2342719.939894096
2342719.939894096
2342719.939894096
39540.05600897136
37036.9470870042
2342719.939894096
1146022.1369459964
1146022.1369459964
40365.98746654275
40347.91628571331
12.150847036484851
670617.9379312632
1587153.4863349232
3481980.54376133
3481980.54376133
3481980.54376133
3481980.54376133
39884.537763552005
51.54164757578793
37606.204009316185
529450.5803287461
529450.5803287461
347637.26105816587
3706355.143908833
81938.62987432255
104991.45039187206
5750283.034535942
48904.99792116413
6603137.253370666
6743831.237483634
7155665.531068404
5823051.292531081
4765579.792373868
8859970.541549308
136.83497634223244
128.84545502298337
134.53809528327926
461.9351948907245
31.01002491142934
52.11738684957425
93.47045508396639
67.53844642437916
17.53912695790431
1276.9075340288553
75.32890806856442
213.22814895386603
7637082.855981544
6790825.894614955
934241.6100484736
4844184.577535365
1917389.5933337936
5585767.939710736
3870468.413772686
6640500.599404997
1790923.399774809
7178880.286802125
1644705.820768204
3636487.7558213915
4742940.740380365
5368607.847324307
7230397.268843041
6358624.48089426
4659775.086580133
3935711.62270189
10075628.440620275
0.006644200503185008
1709059.6164358389
6012879.137894851
15971873.850069933
1016.4130093582879
309.20193201061085
179.91129139050142
15971873.850069933
4636596.714507085
4523710.67142992
13205175.842054615
14518023.172518563
15971873.850069933
15971873.850069933
367045.12659330125
610665.924219324
782444.8575220911
123.747730280864
1067606.3044079393
1067606.3044079393
226603.6258613356
226603.6258613356
1236207.8407867623
322405.41287622845
2353150.3422654383
3476826.8034168407
4238976.171053787
1175836.2293634764
14.20714051130434
6253513.690370373
1957057.2981167983
2870992.106306762
414777.4806545317
2589548.1097327303
37536.7052582763
1684135.249487615
66.3144958951488
38262.095450362816
1389827.202047882
3481980.54376133
1372050.2522964713
347637.26105816587
4816272.811073774
7166124.372220074
156.89129518274575
17.911630959581395
5693299.564297691
0.0
8580106.851650747
4316622.169611774
10441757.858635554
0.00011294581756901414
92.28550316533524
13949932.646151667
1771621.6945006533
0.0
6424242.013429656
10871260.783005042
1957057.2981167983
1720542.0748294534
128.27901120448726
782444.8575220911
46.97155998373918
782444.8575220911
1067606.3044079393
550956.952472061
1067606.3044079393
1041513.3040691018
1236207.8407867623
1156445.221758134
10.563086843408144
3476826.8034168407
0.4955355764302258
3476826.8034168407
429.782166079747
20.46787110701911
684819.1999138023
8643466.655597689
785456.235507006
3349863.2870157217
7864890.728631492
8642593.944764452
920624.8125842912
8643466.655597689
3718694.738621943
385.5674443759489
45.502625035833645
285.33330231831
4464625.434336387
8643466.655597689
8643466.655597689
1952766.647823896
764290.525048354
2029297.964176267
2029297.964176267
2154738.804735804
2154738.804735804
77.15504916864546
14.423151611881657
2154738.804735804
3.988751345098278
818575.7297160949
1319794.3593520888
318.9887840742385
37536.7052582763
314170.1959015275
409026.67226826114
26.36446421982639
2342719.939894096
2342719.939894096
2342719.939894096
468.98142002729344
14.05976423499104
17.63965307448391
3395187.2262501195
3481980.54376133
0.006644200503185008
3394997.370883054
39884.537763552005
30569.244029567657
1080557.7945375533
4491238.355952887
5410146.010164912
127730.02006276906
2345225.6803556443
107.44020835332178
805.9034749206147
17.85911045452627
108.42334693379084
2947998.319286765
5656461.5416517155
1914296.0124320048
4601248.29316974
1146457.7308393074
473780.0186543115
287708.58609235956
5443517.732463932
3441174.80324796
10863968.95042164
0.002513026377226073
3488961.0092775635
11996189.773332387
6571866.43123166
5359.26770084161
19152116.468368925
17273757.203237932
7401893.857096787
3548380.1459722854
400319.56595918606
18347629.292968
29921806.4962216
1346165.7264996432
1346168.5132967024
724.2542636943508
1346166.026881244
2977681.763741064
1346165.7264996432
1346168.5132967024
1346166.026881244
2925698.1787111433
1346165.7264996432
1346168.5132967024
1346166.026881244
4039085.5425568754
10485.201483628294
7512.667427845238
9641.38587625865
23392315.29164762
244.32204001753982
9803.027060257406
85.36347737563214
984.2224544318464
0.0
23392474.86930597
642.2867244159617
1981.182108118209
2894.054542882136
3231.510613211555
52.196534501046536
1016.3908146397162
23392331.35497415
0.0
691.4417887479727
900.8873147906984
5793.119397089663
7207.7828416252
46768668.98952484
23392315.29164762
481.00371730990275
23392315.29164762
4059.7816822498526
597.0734277685465
3140.154618505693
29919.814968795592
23392474.86930597
691.4417887479727
23392331.35497415
1053.2525731332373
13353.9818918304
551.3279582974347
299.1756029274287
6440.1564856062005
1363.961657556812
55027413.08261064
10485.201483628294
7512.667427845238
710.1947963102699
4954666.46030451
15543729.340844566
276547.50630277616
244.32204001753982
9803.027060257406
85.36347737563214
984.2224544318464
0.0
21640161.24045166
19129125.49196921
23392474.86930597
642.2867244159617
316.8931342427123
2894.054542882136
3231.510613211555
52.196534501046536
1016.3908146397162
14381800.283535711
416.7888064875116
103.89064033439885
199.6635094420709
1800786.6721725848
9201884.64180937
21640142.967201907
0.0
680.0360397369955
900.8873147906984
5793.119397089663
7207.7828416252
458.4283099720218
18824970.148990862
46768668.98952484
20582922.094236396
72.1656508084304
23392315.29164762
4059.7816822498526
597.0734277685465
3140.154618505693
29919.814968795592
20745745.350277927
21640161.24045166
691.4417887479727
21640142.967201907
1053.2525731332373
13353.9818918304
551.3279582974347
299.1756029274287
6440.1564856062005
1363.961657556812
16291270.499347853
17609030.543059893
11236540.048670162
504268.1459079431
602160.3651432062
129399.76091777244
1102411.1065876388
1183359.0443065122
1183951.0676734555
39.442689374082065
49.468269483153726
4.770478594498617
110.44345845979913
112.8487876128171
1118598.0974025757
642600.8320195875
518273.7471908456
977214.464302835
1013363.3938647482
1320139.2984675013
494427.4543799446
396861.6098321129
24300.399988034882
1346165.7264996432
15.637464443564493
1346165.7264996432
174797.02534358765
1346165.7264996432
1080176.677490892
988096.1216093758
10426.135630383094
206741.3657907409
1006441.0610691084
195.72691818226198
78.70855777251855
729302.9917093964
1184088.8827145197
1264924.2044530117
1211000.2334632988
843710.2855039939
1320139.7375200714
3.8653882293818658
496335.5253539324
1245507.966191071
1346168.5132967024
1328051.5989011046
1346168.5132967024
1346168.5132967024
1344748.67833209
1326218.223896949
567984.9939336753
724.2542636943508
1023093.7966984769
773100.6796913105
1076364.7603002456
36.414249753736755
272.00123960013116
10.466222666145708
20.11463921483675
155.90818197871903
726.3837160860978
1227646.2374704985
1222689.432156202
250753.44057905718
519051.2786114903
850553.0480128695
1320139.8376479622
3.6357983463825785
1323547.9858072384
1346166.026881244
1346166.026881244
1346166.026881244
1346166.026881244
56862.90085113825
46.18330152926579
155.90818197871903
38.18143876076109
15.853678471653836
0.03640479530699106
2031796.9865495518
577318.498726271
685625.8557933432
584904.052075834
320888.10230988654
484299.6438748522
1626708.7489680373
2949887.8940552883
2771148.5036893594
1938372.9210051901
2941961.8512560977
2977681.763741064
93262.79703842987
783678.5650148987
1313092.9944789922
768198.9729804687
276643.61171101936
0.0
3.2152860452767095e-05
727919.4882877709
1311219.8893742508
6.045371407222359
117414.66115868354
1283887.8550211166
1161845.6961414532
818379.8433838706
1114532.1520267823
132708.92646917442
108115.21308560365
473642.9371475262
1037187.551082254
980995.9997279419
2250444.861234165
1481745.147713196
2505514.4508631756
264904.870604424
28.688330562415864
133394.03058008483
258.5390863160131
765886.6326726204
1320139.2984675013
0.0007066256256733743
137.00962009072353
65.40672572470174
1215048.737861881
784133.9619535055
1346165.7264996432
1346165.7264996432
36.26224574584267
4.867971462412276
1298902.509120169
1320139.7375200714
0.1574080531897334
1346168.5132967024
1346168.5132967024
1339972.3314022752
1346168.5132967024
419504.5007377409
1320139.8376479622
1.2201462257093425
859728.0645758327
4.377271713595201
391275.8149245888
192155.83068465517
1362177.7170988282
1514515.11530488
265100.07259939297
22.22860436099699
4.867971462412276
1.3941180742547608
40.19012841781404
1620099.4905846044
1140266.7089448066
760495.5007277468
469143.9699436671
1443283.2618201517
152597.092691601
330572.6432222493
3942761.8411696977
2550821.84917422
3815089.139530386
2461952.264811494
2599.1654344433127
296.16985277660433
296.16985277660433
2440.17912301442
350.2539425121492
350.2539425121492
350.2539425121492
1350.0442575563034
422.18646167900306
0.0
1209.410944340189
3486.624681249701
3486.624681249701
229.94842237129532
1131.811541031583
2261.244413582535
2261.244413582535
197.1322021024378
2106.278678618167
1368.2809018064381
2106.278678618167
299.55869321890424
299.55869321890424
159.95395936136
2192.4886868619337
118.59876049684532
1380.1258649895763
1647.165024278335
136.46357711898798
1292.8848276601163
1292.8848276601163
1926.3793998147985
3653.2517370373275
139.3091731899728
1321.3098809688854
1859.5740102977593
121.00650503697082
3379.6919989711637
121.00650503697082
121.00650503697082
3379.6919989711637
818.773395706416
99.5247985859173
99.5247985859173
99.5247985859173
2498.7276426846656
1158.5012239595744
1044.2798753324405
81.25112728162165
7793.476797659509
1925.8795600343708
1300.8393302571626
78.55225760946915
1548.9528928046013
68.86838528242323
950.3860333520685
57.127286505330005
594.9894070789157
57.127286505330005
3205.987358516255
3260.0842363298475
740.3490019193447
685.9547084522046
30.9625942158631
631.5604149850645
635.1090363933037
635.1090363933037
28.39029546361159
642.7250401837973
28.39029546361159
642.7250401837973
642.7250401837973
844.4061002357851
2396.8350409094005
784.3063419924201
784.3063419924201
33.599409979334865
33.599409979334865
658.8179909686038
658.8179909686038
658.8179909686038
327.3041905106488
2448.151837388359
20.94889147469559
65.05218635481286
65.05218635481286
726.0951544274789
65.05218635481286
726.0951544274789
30.04690494872319
962.2856835835131
962.2856835835131
30.04690494872319
1074.442333989219
17.352180811017032
453.5581514266543
453.5581514266543
4516.039897359922
17.352180811017032
3598.7536899980405
4516.039897359922
9947.761259515179
337.9946905810491
337.9946905810491
282.2186473947996
0.0
2403.141689347062
16275668.393725514
1350.0442575563034
198.5564484162579
3486.624681249701
1170.6112426858858
210.5577517479108
2106.278678618167
299.55869321890424
2192.4886868619337
2192.4886868619337
2192.4886868619337
136.46357711898798
136.46357711898798
1873.6295219020571
1859.5740102977593
78.55225760946915
1548.9528928046013
68.86838528242323
806.830584995586
57.127286505330005
740.3490019193447
2141.7081049033445
0.0
14147090.37238646
0.0
0.0
350.2539425121492
374.00208673506154
1350.0442575563034
198.5564484162579
254.6703647653771
254.6703647653771
229.94842237129532
299.55869321890424
299.55869321890424
2192.4886868619337
4440.348213282013
159.95395936136
4440.348213282013
1380.1258649895763
183.3392216547592
1926.3793998147985
1926.3793998147985
1085.6681849541985
99.5247985859173
99.5247985859173
1158.5012239595744
90.20979093994825
90.20979093994825
1044.2798753324405
1925.8795600343708
1415.119431907458
64.97706459519576
7246.543995414218
57.127286505330005
594.9894070789157
1090.3861474374908
3260.0842363298475
844.4061002357851
754.3772584462556
754.3772584462556
658.8179909686038
20.94889147469559
539.7481302866191
2141.7081049033445
726.0951544274789
726.0951544274789
5486.938411394809
453.5581514266543
4516.039897359922
17.352180811017032
9947.761259515179
0.0
19026421.83271583
2599.1654344433127
296.16985277660433
296.16985277660433
2440.17912301442
350.2539425121492
23.650322724278073
350.2539425121492
1350.0442575563034
422.18646167900306
0.0
1209.410944340189
3486.624681249701
3486.624681249701
226.22866925573103
1131.811541031583
2261.244413582535
2261.244413582535
3.3682006499434847
10.58613307786519
1368.2809018064381
2106.278678618167
299.55869321890424
299.55869321890424
159.95395936136
2192.4886868619337
118.59876049684532
1380.1258649895763
1647.165024278335
72.5113599577387
1292.8848276601163
1292.8848276601163
1926.3793998147985
237.29000967891108
0.5441606916596463
1321.3098809688854
1859.5740102977593
121.00650503697082
3379.6919989711637
121.00650503697082
3379.6919989711637
121.00650503697082
818.773395706416
5.688245529658247
99.5247985859173
0.0
2498.7276426846656
1158.5012239595744
1044.2798753324405
81.25112728162165
7793.476797659509
38.439643269225506
1300.8393302571626
78.55225760946915
1548.9528928046013
68.86838528242323
950.3860333520685
56.52544430991838
10.627749851725884
57.127286505330005
236.67079562810832
3260.0842363298475
740.3490019193447
685.9547084522046
30.9625942158631
631.5604149850645
176.25821013375986
635.1090363933037
7.724597941541387
37.53649770515778
28.39029546361159
642.7250401837973
58.49854003761489
844.4061002357851
2396.8350409094005
784.3063419924201
784.3063419924201
0.4234544908560793
33.599409979334865
11.584974002848414
105.61385270091992
658.8179909686038
327.3041905106488
2448.151837388359
7.925761675649944
65.05218635481286
65.05218635481286
726.0951544274789
65.05218635481286
726.0951544274789
30.04690494872319
962.2856835835131
962.2856835835131
30.04690494872319
1074.442333989219
113.46894024051763
17.352180811017032
3598.7536899980405
4516.039897359922
453.5581514266543
17.352180811017032
10.152177229800849
75.1611186152187
337.9946905810491
337.9946905810491
282.2186473947996
0.0
2403.141689347062
0.14533266639041026
122481.95925559048
1808061.817588418
1770772.1617920317
671347.8592839277
7350976.489216864
6427158.75859107
6446642.480604765
1634892.8500315174
10305741.313557783
129.67055781258674
152.6382202943657
138.70744768071577
20.565837178468822
34.591411788797444
21.78381197836288
66.47993170584289
146.25498580037552
75.33854676073688
19.547957863510806
9.780798239757642
120.85159610173855
85.19537183713967
0.0
6101886.2316996
658070.3700121351
3761574.916340141
824704.1607735524
4178976.4642537623
5020371.523247583
10898293.240361812
6.5844821962156646
92036.68204568248
8529774.897502402
6848860.379771314
7848428.077338963
110.518593507224
1308.5438633572141
37.37481957805816
15795191.73261436
14117929.541089296
16275668.393725514
16162764.511113888
15283456.29514055
16275668.393725514
1350.0442575563034
198.5564484162579
3486.624681249701
1170.6112426858858
210.5577517479108
2106.278678618167
2.412450673029054
2192.4886868619337
2192.4886868619337
2192.4886868619337
0.0
136.18033292547779
1873.6295219020571
1859.5740102977593
78.55225760946915
1548.9528928046013
68.86838528242323
806.830584995586
57.127286505330005
740.3490019193447
2141.7081049033445
0.0
2539725.8144085323
63370.98229523526
1550340.0980368485
73.29363329104872
51.55067570175774
174.8894867827539
10907991.255724788
1459103.5503698227
12060682.565896787
14147090.37238646
14147090.37238646
1501524.990347872
11527303.703642251
14147090.37238646
0.0
0.0
350.2539425121492
1350.0442575563034
374.00208673506154
198.5564484162579
254.6703647653771
254.6703647653771
229.94842237129532
299.55869321890424
299.55869321890424
2192.4886868619337
4419.879539486165
24.051057199722624
4440.348213282013
1380.1258649895763
183.3392216547592
1926.3793998147985
13.359956164573264
1085.6681849541985
99.5247985859173
99.5247985859173
416.88439782732326
90.20979093994825
90.20979093994825
1044.2798753324405
1925.8795600343708
1415.119431907458
0.5329664871120566
7246.543995414218
57.127286505330005
594.9894070789157
149.35108426369266
3260.0842363298475
844.4061002357851
172.76504628266966
754.3772584462556
28.22842422591554
20.94889147469559
539.7481302866191
2141.7081049033445
133.5216442713326
0.0
5486.938411394809
453.5581514266543
4516.039897359922
17.352180811017032
9947.761259515179
0.0
992180.1381061187
5095356.516656489
5746610.852218503
5982084.438861256
31.242266096806095
19.24113672667386
20.216947100350446
120.5774757997019
153.8935807867287
3407575.5790692964
6236392.627180217
10196002.367888104
9007285.598164812
3856883.2280503875
4891274.238104135
891981.2699928349
311877.33181269123
7469452.168328793
10907991.255724788
14288829.818004647
7193195.394250288
5944.787482208159
311.53324683358517
14146805.951958211
15684191.07871129
18553139.54520868
11722548.248091131
1.3990268271837047
384475.5057212257
414461.94838309183
582122.3312291333
494163.1790875028
0.01465485453326844
18950.714947427256
274.0056069253504
7684.038664929585
111979.44927903471
14888.365374803945
320486.05567617144
241088.18857144073
202842.52731169786
63306.248723360644
178558.67567249044
3474.72115170237
490703.45100205706
68900.75307974186
232814.7472611854
582873.8264720932
98958.61429271939
625868.4154977517
255386.9607427264
646805.4404530318
365416.9540943593
47073.67945955542
674885.5549501362
4586.211601425479
737610.0910177196
752153.6029596805
330164.67206213856
605379.3331172493
793329.7702211835
794201.2382832192
488946.2007670063
577454.8949616485
143533.7257827515
697646.1553759589
206738.13323366133
375191.2813866524
608331.4085567264
950955.8310478001
970677.7437194404
157617.27440913263
985969.810487826
995423.1572993487
649298.626621047
980897.0528806234
7.596884244596047
17.9629140036315
13.145076172686762
12.411462917434521
15.391521880028705
5.10901415265809
9.548666693440188
12.134614510602743
90.6499295648538
2.073789463104707
2.0015943520589516
15.13316326427331
51.959563624534596
3.4880809693770507
4.899073565136093
2.511059122139849
5.241403375236778
16.486304073229416
11.499181626165704
6.703611464153483
51.959563624534596
16.486304073229416
17.860922162136813
7.596884244596047
237.42471513374605
1.9728424964536466
1.9711499556655399
122.26574989746425
1.5899830855522026
0.8582165465229519
1.0913314315758271
12.186266205469916
36.80752243996326
8.608651297590077
8.965229631922025
35.04017901195762
3.648405887039081
65.22996502976011
53.02118891223912
12.724043886057542
9.920189464016435
5.284096261049315
242.08276079931753
3.8498103181239673
26.336123669059024
26.232344866931303
37.609147162784055
0.012134115575991726
1.1490996921204488
5.946551280961411
0.0
0.0
541339.224837978
1025954.5286160219
470201.43405536836
859159.6094505001
851383.8915149944
847533.9041276193
150652.0211033737
839197.1692023446
305241.69490304746
459518.88588272134
421451.05035025306
127698.3592301997
1003404.0272058307
457610.0592931131
757011.4322514359
747582.4110703198
723089.8507274957
138925.69609558213
703400.2478462245
373314.0629663527
67701.36105658991
628047.7986269424
97001.47400925368
294174.8989150359
544885.3422501843
180175.123753713
985212.3448205714
671381.7659339663
301878.4659173163
435359.44441242976
192422.02202262916
1017352.9131121127
379304.49212891894
656274.7318056511
69929.27072799958
201861.13873324543
66969.29730880148
201447.30119401313
105678.4850243798
71954.60807688635
78266.93346813953
177756.6288674145
795565.8486644706
106731.97090190586
374596.12698684173
490571.74770312035
1006215.3046124058
52676.31359839396
241273.53644730998
520040.5148058393
599937.3242760426
610389.287631569
633543.299673599
690376.5146637888
753364.0076109711
844297.0830135985
891090.8927285547
806314.0999772013
782652.0056120679
758113.3219624233
681888.8969646929
618677.0975494606
607052.8793700932
551429.0740760991
493820.041163289
438022.3630941883
369657.6378821094
195532.98492671878
120393.00468901015
1038517.0197533332
0.6215715808590565
69930.14278397393
1.2881692426295075
1.3962065158800787
0.0006967098382635124
179211.7273370849
136553.2258091116
179717.66328181498
7.48364028262741
194917.4445802364
226120.47920951198
1.2116546152573608
181090.29706472467
106935.24166517972
8097.849857597922
161421.4943761271
612185.9120898908
1087438.8886119002
994544.5143381634
5.473231437950271
103.33288124501694
651761.317363417
1190124.744459216
523455.4321590894
394881.17743030674
979314.766313006
227781.24093763586
1130677.7185330512
618724.6797918734
826114.3358921956
1174514.0566988727
311546.0367965816
563758.6844250573
1190744.9849527602
812980.9234375387
1010903.9619478742
1199337.6749415789
1199337.6749415789
707847.217750739
1199337.6749415789
1199337.6749415789
1199337.6749415789
1107869.9636901084
759660.5601961171
9.63649747092509
107.99656938951077
33.23069608946682
4.772575540361661
538.348932537073
125.58506795395647
125.58506795395647
19.79509681854276
4.8521004907749115
25.05411368055206
8.420979191451567
5.21205530152758
19.115797067001058
3.3385104513863286
1199337.6749415789
1199164.9776679275
1199337.6749415789
1193190.8518631775
1041478.7711782719
1164007.1889365828
1155841.9070037059
1117738.971365567
434453.0646453184
1199337.6749415789
513149.30595399387
1109756.689896998
1156862.8688164363
1199337.6749415789
709016.9945649174
1081931.2677099237
1198167.1934807086
1029993.1016288574
889178.2230381139
1187470.7335470202
210835.176505017
402141.72942970594
363489.0389863604
660974.1788875391
806540.6269033641
953851.9885455661
1101808.2868735655
1167194.3444899817
1187262.430818461
1196948.6362944203
1199337.6749415789
58249.92413310068
1199337.6749415789
384809.5674401388
1199337.6749415789
1199337.6749415789
133554.9322695266
356800.0442058556
157511.89744022625
334161.0485936688
87015.78526303063
44218.506396507924
238607.87661656743
6390.115520706375
31078.477562444816
40294.770547804714
476810.0688124854
507953.8426459839
402929.3517054724
644334.7985580646
793333.5071483644
157133.2078054427
797216.3063749343
768928.6315091146
919361.8200388685
156331.05191086154
510071.63290097006
1076319.2991872593
21.054710284447584
13.91943747962601
7.3906820866386775
5.1981957825746266
7.651986256285844
2.386256305527757
16.541788176700617
2.01474262787817
1.598052777715819
290169.34223319736
639882.2313089801
516740.7263765121
505166.13383684395
115484.72157127781
394347.9308582842
334780.21262831084
402491.8766847898
93419.47349592725
974575.1514563999
39127.035726102185
789593.7773685772
709267.5387114746
778888.3022397949
0.0
963737.0026286533
929673.1858976042
692064.0625499354
607052.8793700932
580906.8833412288
534556.7221076364
405628.5359594244
369657.6378821094
1107444.064053682
1.0714610886343234e-05
44226.61366382133
0.0
88282.27069267858
141445.26728215071
27123.813450612677
36031.24575262306
24847.38740471898
168940.43574715385
243989.9144302484
18.72092441538387
9.560597066606865
44461.48518954331
217105.1490532006
1271071.3250584211
298942.1787466075
539485.2155949123
1077602.3129633425
570480.9088373872
1271071.3250584211
206180.64395575132
15.190679338323642
5.2764667171149044
0.0
1271071.3250584211
994667.0712409173
86.16122645586752
1271071.3250584211
1271071.3250584211
1176889.6449759426
130409.08867557487
914963.9676343132
1208060.7921764553
1271071.3250584211
1271071.3250584211
1271071.3250584211
2.0847544294616864
130391.64032063211
277702.13305256056
146286.35214528034
463887.81250894786
87556.93014554506
118853.75633305861
64033.40667897059
1595417.0666223625
447092.2685280243
792084.5431505064
2866.721757993125
55253.53670172211
84864.0824104539
505185.1162029092
582873.8264720932
88194.09700813796
88349.97569901157
608546.0232136779
52857.930298529354
14367.374856086748
263796.53315040865
93217.661548506
376800.54804302356
384664.3638360663
7.07792436782357
12.08512883087049
12.08512883087049
7.407522209985393
3.9922897505963024
90.6499295648538
2.287083972796267
1.6787698158609816
1.6223502173744446
1.6223502173744446
36.80752243996326
0.46466195566805546
2.965537311745418
13.3937274676505
2.038608567646624
11.508301337552357
15.518108186186273
0.0
190048.64259335023
387768.0713806866
639533.3680217759
1111027.4561725133
958820.0669638066
600077.8106991305
270100.0092563126
495501.5544650741
517559.29421613086
405865.2841973593
493219.55085570057
449203.2928938221
609924.5585586956
254947.98907909731
529810.4351989465
1151646.322577571
156359.36377258235
78266.93346813953
128956.27799582643
809304.6922496458
59868.41864269557
27589.17970106972
19603.888107121584
37977.42414896385
852347.2929782391
958303.1232154989
515422.48148618365
323540.0198519865
1222004.930860348
0.37329712581410274
20346.772253597457
50857.044124354674
0.00023547399921643823
0.0006967098382635124
116849.2397528748
110170.85387597466
0.4066346192913609
165106.71614993515
88064.19017315263
236279.93372726103
794577.3580302587
1342289.8007819955
2332598.7217303636
2386980.3625670373
767075.6137850534
428899.0643935708
954929.4574248168
0.05245795217672299
282101.1773383032
348723.6467085137
1655265.6728576375
1132617.442334328
2189783.518114307
2114243.8126842524
2323215.2841053507
692681.0512361603
772016.3599145687
520013.19499290286
41.00559531121885
574.9635653969414
45.66004293381664
198.19096631871818
65.17575492028412
3.1264116264217483
4.8521004907749115
27.82413004047445
4.993363047603431
21.79896905065732
2.6082328084418074
50.07894625142841
1.4589507559193298
1829865.1991983354
1386949.4744250674
1958498.9628730407
1806129.7978497876
787392.923472157
337339.0746359517
37570.162663645744
667134.6159140737
1309941.629997943
2108877.120346163
2304099.0043320525
2426890.2353985156
1065657.3699518694
2470409.0
1789857.9844098855
1789859.821361786
181944.9582131014
181944.9582131014
110058.8518088698
362177.1713096086
362177.1713096086
325300.02647267166
325300.02647267166
325300.02647267166
440028.4573596001
440028.4573596001
440028.4573596001
440028.4573596001
54335.59460497054
90045.65718515658
540065.6953877432
540065.6953877432
540065.6953877432
540065.6953877432
1788093.3708502967
1788093.3708502967
2464.171926313502
1788093.3708502967
1788093.3708502967
3941146.590889426
3941145.748307322
3941153.3348692763
6424069.2606890295
1081601.8261450701
1081601.8261450701
2464.171926313502
1081601.8261450701
1081601.8261450701
1848498.883277367
1848497.029260794
1928992.8920857834
2320363.192032271
2140597.0501067466
2140596.0455589104
2134994.0392218553
2134994.3744695396
3447028.848139728
2190338.0034913667
18346.85408582161
1435802.63778862
1435802.63778862
1435802.63778862
19361.474391719523
1435802.63778862
1182964.7301706525
1182961.8701710533
1182962.8558287679
19761.83888890631
19690.168929727686
19773.78388210275
19522.770764162196
18734.304776604575
2542928.488185876
2542928.4781916495
2542927.1569904857
19648.31073501988
3499570.6134197777
19776.77600751661
3189614.906941599
416658.9099368415
416658.9099368415
202056.20740929432
202056.20740929432
966068.9900634803
966068.9900634803
4365684.195519138
4365701.863327379
2464.171926313502
4365685.709165445
13099634.50681533
378.66015803290196
5333015.480816639
167566.4114249766
8740.255927810582
44049.33061673496
11735770.547401462
2693.2162785708883
11735770.547401462
4441.374274145075
1049.2779788172736
15003.248572369708
16043168.627160471
4768.0546838291375
4768.0546838291375
2176.5476871384835
8761.122695928636
6210.506564706894
28963.690170403435
1935089.3252765203
1157.8137588960449
18276691.839997455
8995.522994003833
18276691.839997455
18276691.839997455
18404.559883615293
2176.5476871384835
49735849.720650755
378.66015803290196
6814.8048375140515
49735849.720650755
2291.5183229949225
44621.63983344976
82011.19954082719
49735849.720650755
22204.712219870224
32798.39600994092
378.66015803290196
49735849.720650755
378.66015803290196
78192486.43491521
4002.7649320135106
1097.9877543216498
8641.176321536335
82880.51187986022
8146.761475241324
8584.88434100236
413.1530595244876
8995.522994003833
0.0
30922.940491973968
26413.128989022334
14961.126833953369
1274.1838872007468
8740.255927810582
456.01016681030023
95499634.15632546
0.0
28966154.849641096
42720.27872290979
28966154.849641096
2302.1247660594668
1901.128015411627
38158.27989330517
25535.692001702217
21137242.500501726
22804978.97500271
22804974.75255235
24220069.790563107
82011.19954082719
30121.627953665888
31014519.368791886
544748.6342395684
33062.71939226864
13328.995053548368
15003.248572369708
247.70856682554293
6210.506564706894
205594.9960043912
922.4503569724175
13065.923945032962
3811.195180157761
573611.2130749255
32232209.270664886
91041.12344060036
2645.872969700069
33785938.26857893
28941.484725800252
33785931.33534111
56592.34356566086
136966.20439651582
27674329.014028054
47839.67677435683
430.84162623474566
1647.7173154067796
0.0
19259.798089686818
1427.0922913357715
46076.70031495714
772.7232325301585
9991.648989723684
104116625.93232928
4002.7649320135106
18404.559883615293
22491.53997892884
18016.75194293281
14130.877974337913
14130.877974337913
44098.98060145991
10242.592718274342
4441.374274145075
139350.67084520118
0.0
104117717.63792837
70553.15259032225
3097.926006380951
30922.940491973968
28941.484725800252
22204.712219870224
8995.522994003833
4441.374274145075
28963.690170403435
4599.099338490318
3825.3767482057992
104116869.69885734
0.0
18404.559883615293
0.0
3097.926006380951
61328.01037712997
2498.1333835831224
149102.70353186288
1901.128015411627
15420.981604842658
167566.4114249766
378.66015803290196
33104.20482276432
65276.975260874635
28963.690170403435
9991.648989723684
13328.995053548368
253504615.27019638
378.66015803290196
21137242.500501726
5333015.480816639
167566.4114249766
8740.255927810582
2066.3564166731658
7138392.566217171
2693.2162785708883
11735770.547401462
4441.374274145075
24.828079161195006
1197.3810571795345
3094314.7098483457
31.438077552583643
4768.0546838291375
2176.5476871384835
8761.122695928636
6210.506564706894
28963.690170403435
1935089.3252765203
1157.8137588960449
18276691.839997455
18276691.839997455
38.373309108141406
716.8904385625104
18276691.839997455
16918316.010813933
18276691.839997455
18404.559883615293
205.91108019628277
1083422.9191841627
378.66015803290196
382.3213696697762
49507921.707145646
183.54451984111518
40956.3003064076
82011.19954082719
4105116.936405948
22204.712219870224
32798.39600994092
5.368263772125237
44222682.20133841
34.763309669366045
78192486.43491521
0.0
1097.9877543216498
8641.176321536335
3415.512049534519
8146.761475241324
8584.88434100236
413.1530595244876
906.9886554397385
0.0
30922.940491973968
26413.128989022334
14961.126833953369
1274.1838872007468
100.74852195795644
456.01016681030023
95499634.15632546
0.0
28945004.640995443
42720.27872290979
28966154.849641096
2302.1247660594668
19.73538546550933
38158.27989330517
25535.692001702217
290.0611570265669
101.05849451690628
24220069.790563107
82011.19954082719
30121.627953665888
4406414.314625315
544748.6342395684
33062.71939226864
13328.995053548368
15003.248572369708
247.70856682554293
6210.506564706894
205594.9960043912
922.4503569724175
13065.923945032962
32232209.270664886
3811.195180157761
205618.9155995988
224.84709702029454
2645.872969700069
15206860.49639425
28941.484725800252
33785931.33534111
33785931.33534111
56538.98994513395
27674329.014028054
136966.20439651582
47839.67677435683
30.54225137369636
1647.7173154067796
0.0
203.10378594645857
8.034642590623378
840.9831947511072
762.1397459915747
9991.648989723684
1292.394905936157
83050778.05645052
82107800.83171186
22491.53997892884
4002.7649320135106
18404.559883615293
18016.75194293281
14130.877974337913
14130.877974337913
44098.98060145991
10242.592718274342
4441.374274145075
139350.67084520118
0.0
10006605.467237214
166.96990566991434
90777443.98678192
62437194.06438294
104117717.63792837
70553.15259032225
3097.926006380951
30922.940491973968
28721.444624404237
22204.712219870224
8995.522994003833
360.1809379762008
56.77887292511446
4599.099338490318
3825.3767482057992
10442872.040238768
54026909.25701379
1636.301137324988
373.0186197767694
77770586.64379819
68332304.0815756
30639368.258342315
91191646.48845625
0.0
50.75862627966746
0.0
2970.915513360243
61328.01037712997
2498.1333835831224
146372.7129807002
1901.128015411627
15420.981604842658
167566.4114249766
378.66015803290196
3007.3178273721483
65276.975260874635
28963.690170403435
9991.648989723684
13328.995053548368
1645.9836507114167
3785.264474499022
64676400.44143726
105095498.73470837
12830215.346781079
61004073.336415544
691552.962527147
1714623.9144915144
2320363.192032271
1977136.485094545
181944.9582131014
181944.9582131014
115.43071116917406
362177.1713096086
362177.1713096086
268990.5522949725
318.73264522276423
325300.02647267166
325300.02647267166
15.521047241446313
324568.57592157053
440028.4573596001
109502.10096475999
179220.85467105723
86.39217918079137
351.5099088457449
24.989559174131337
440028.4573596001
440028.4573596001
143096.12250866555
323695.0004603907
440028.4573596001
440028.4573596001
440028.4573596001
435841.6879156233
54335.59460497054
90045.65718515658
540065.6953877432
29447.811174764283
540065.6953877432
540065.6953877432
56.812237865090665
16.705240264573543
540065.6953877432
11.983888485326421
526669.1466998262
540065.6953877432
490086.232827234
70978.4107867655
391.3038324658219
218.53761018043608
0.4498601506576004
1786122.3160614248
289.7398539761759
1788093.3708502967
119.3544982371205
233289.34863052116
1552374.8655834533
768.2463979947445
2049.537095671001
388173.78771780024
42.98349674115033
56.39669627440928
1788093.3708502967
1723990.476444913
1123095.617352988
143.66409075110394
51.49332310073086
1788093.3708502967
1788093.3708502967
13.082546654247041
311.9389796478781
3728719.171468487
345.31392291514805
42.47954680201744
3941146.590889426
583924.9476169446
102930.03046753826
3879751.3169600107
3941145.748307322
0.0
1697831.3254550372
414.97940869077854
440.3505638398653
0.0
1586755.7115295727
3177762.415088252
3941153.3348692763
564363.6128941253
748754.5872292075
6424069.2606890295
110.35771645692509
4402777.506558254
47.461997617591
6424069.2606890295
119.84928288603345
6424069.2606890295
6052429.393875587
6424069.2606890295
1009734.6411930147
1081418.9253274149
989996.6563883751
1081601.8261450701
1081601.8261450701
1992.2250437868308
2464.171926313502
1078234.0131115657
19.382740090881132
41.555407207771125
1848498.883277367
570730.2297714702
1848497.029260794
64.74417064909044
13.749207713307925
19.108706317434606
8.008698289092628
2134994.0392218553
2088333.4879985768
2134994.3744695396
559220.1802768871
284900.4934345873
33776.19562114003
2190338.0034913667
18346.85408582161
1243029.5989455166
100.86999573201022
1435802.63778862
1435802.63778862
1435802.63778862
76.03028639967643
1204472.9290458602
1435802.63778862
1435802.63778862
1435802.63778862
1435802.63778862
1318284.9635845518
1435802.63778862
1435802.63778862
1435802.63778862
1435802.63778862
1382233.0090371547
10183.207489913504
19361.474391719523
1182964.7301706525
1182961.8701710533
1182961.8701710533
28.30030349671907
1182962.8558287679
19761.83888890631
13.689590580337413
19773.78388210275
11.054191856885712
18734.304776604575
1031810.4321983753
2542928.488185876
2542928.488185876
1367340.7553749692
2542927.1569904857
2542927.1569904857
3499570.6134197777
0.0
19648.31073501988
19634.70375512212
3189614.906941599
3189614.906941599
19776.77600751661
416658.9099368415
416658.9099368415
330.4420373106061
202056.20740929432
966068.9900634803
128.2515962654638
3618715.2228608266
4066674.796255763
102.41989969751022
102.41989969751022
1199091.5747893024
1506902.7154108454
0.0
2844006.3374946993
3988681.6563008656
2324287.6958964136
4188136.0068322625
9.391407972809908e-05
0.00207290408162186
1522128.5602925315
213939.8604262068
1855211.051431398
118.27082847160307
48.74489560220482
19.54623778804178
126.3136071008597
3745418.0622043665
2379021.2177887624
4102765.522803329
1664852.522157995
790766.1040841632
102.41989969751022
17.074682508677657
218.53761018043608
13.23205539782601
1516045.8460757746
3653614.5969570857
1716603.2842626702
4179924.067791141
3972882.9709675685
2569153.42426407
4188138.69536619
125675.93674941783
3510648.029701318
2388176.548075494
4365701.863327379
4365701.863327379
4365701.863327379
4365701.863327379
4309433.118751255
4365701.863327379
2464.171926313502
2464.171926313502
4333605.1689736275
105546.52964375721
509422.74537727586
1447301.2150408665
2063134.5578574822
1773994.8123779017
701046.7810847488
3215548.551592513
4143190.5545767928
3310.779151309727
106.69194437931503
29.561033897117262
10.403150415137318
3880012.927566951
3344390.9879157054
666255.2411136512
3610372.0961381225
2433427.5107752224
4188136.5896152556
2504418.98361387
323.4709517175788
4365685.709165445
4284177.983437259
2998000.2032059813
4365685.709165445
4620088.367689535
683591.7048084558
211807.26086976953
3932238.4600257827
7221802.571334344
130.44115203122962
299.9751902657915
440.3505638398653
17.998412133945493
4716130.360826345
6882217.110626036
3749655.509235837
1016770.7740715037
146300.09742618472
1854324.7695714945
5062150.062189045
4275920.577606971
2325062.333547327
7428945.1432040585
11.99750918964306
759361.4920886848
82.34935151011521
7772823.5183390165
5493747.127612646
514.6288070389354
152.79755441459938
12622870.780961933
11902386.75816015
5597994.539626237
3222796.6728082043
8928729.297211263
9998.775640969192
125.72026398411052
631.1239528186399
8476.709988981462
55626.82218834387
1768507.6971058375
2901.32304567078
0.0
894.0951713668427
10978.351173060959
14622.212791064389
3890309.6495603803
1328.8599167616348
1582.8954587153864
1582.8954587153864
722.5483304146703
423.17444383189354
348.3778862217938
256.54301253671986
2908.475279189275
27234.09935269763
1474.4771166964194
4979.755082290681
2061.6265018860377
5318693.615530765
9615.563595824462
641483.4932701107
421.6616003575451
8476.709988981462
306.26565751566767
6392.489200094449
519.7258253274719
8455.829807884777
384.52029419034005
2986.240107521527
307.829505035522
6061680.196046612
1582.8954587153864
0.0
6109.822726081994
27512.12379988243
887.7256059949221
9998.775640969192
722.5483304146703
7371.997309025805
8768.096080552172
631.1239528186399
8476.709988981462
14817.121977560533
14817.121977560533
137.17421549396107
125.72026398411052
2908.475279189275
2908.475279189275
27234.09935269763
10887.997614970722
125.72026398411052
3561.9487918202394
307.829505035522
142.97605560259984
2262.26338629507
1902.6483123611788
10942.345223020542
16507050.561157087
1328.8599167616348
0.0
27512.12379988243
1143.8702008991943
947.0132557177561
10265.421864407286
1371.2456882923918
1371.2456882923918
7371.997309025805
8768.096080552172
8455.829807884777
4966.302464403002
4966.302464403002
423.17444383189354
364.521068931265
2704.4262226581213
2704.4262226581213
2901.32304567078
4940.871458241401
2850.0291584403335
2850.0291584403335
137.17421549396107
2868.683323260854
125.72026398411052
151.39074335366624
151.39074335366624
2986.240107521527
93.53022370902362
33230165.83583076
1930.118511984346
2044.0088241599785
0.0
6711.06613614389
14179.395737846658
631.1239528186399
7118.704798600993
14622.212791064389
9615.563595824462
9610529.865296325
742.9523968574913
8476.709988981462
423.17444383189354
6400.335866074974
12666.664590160042
307.829505035522
3316.6771666715676
24878.64875109043
8801100.180739943
7040346.139201065
30224.862580910143
2061.6265018860377
10003578.63443233
11102.91153000691
9998.775640969192
27234.09935269763
20242.345563187275
11411309.919551624
7118.704798600993
1474.4771166964194
193981.4167573137
9194.7322495154
181011.81504885264
10270626.444113154
68267.26438460583
1143.8702008991943
5835.129165559593
15296.26113505293
10978.351173060959
306.26565751566767
4337.2987994436335
12666.664590160042
4424.245866709302
4979.755082290681
82.20244467767576
2061.6265018860377
1266.380330834745
190602.39245985154
10708466.24897441
30224.862580910143
879.2454881278278
184446.4825377346
0.0
9607.171002221006
722.5483304146703
4691.3631363139675
6759.520332337982
192323.23497718773
18806.5096631785
13177770.512012025
14640.741208429605
194709.57542671193
45513.796344520204
189101.19417450894
9899053.933108583
15880.868643658794
348.3778862217938
142.97605560259984
284180.94837335736
546.9937714375376
4385645.030786747
11846.037813156237
0.0
1328.8599167616348
0.0
1582.8954587153864
8606.36712804445
6109.822726081994
6109.822726081994
6109.822726081994
0.0
0.0
15880.868643658794
5329.692756305775
1028.5027734249056
1028.5027734249056
10265.421864407286
9607.171002221006
9607.171002221006
6392.489200094449
1371.2456882923918
20356.959218032778
16514.350225370916
7371.997309025805
7371.997309025805
7470.967028906102
5835.129165559593
829.3134489324789
8768.096080552172
473.8193605297892
49500.91426754892
631.1239528186399
5981.089404211725
15296.26113505293
546.9937714375376
423.17444383189354
423.17444383189354
5120.280321720155
384.52029419034005
4691.3631363139675
4691.3631363139675
36222.28910822215
6400.335866074974
55626.82218834387
256.54301253671986
256.54301253671986
2704.4262226581213
14640.741208429605
125.72026398411052
3817.8342574841067
125.72026398411052
3400.2871703416426
3400.2871703416426
3400.2871703416426
2986.240107521527
1474.4771166964194
10990.350313479677
1474.4771166964194
21675.064712738942
9615.563595824462
9615.563595824462
3316.6771666715676
3316.6771666715676
4424.245866709302
4424.245866709302
142.97605560259984
82.20244467767576
16116.03007278026
20242.345563187275
82.20244467767576
46250.639472120754
1526.790793804503
1269.980925950339
0.0
0.0
1269.980925950339
0.0
86138979.02424191
9998.775640969192
125.72026398411052
7040346.139201065
7040346.139201065
631.1239528186399
8476.709988981462
55626.82218834387
1768507.6971058375
2901.32304567078
0.0
894.0951713668427
10978.351173060959
688.408682148275
282182.68261552777
2371006.714667129
3890309.6495603803
1328.8599167616348
1582.8954587153864
10.477305516368318
722.5483304146703
0.0
8.274047033445314
256.54301253671986
27234.09935269763
2908.475279189275
1474.4771166964194
398.9823072875706
2061.6265018860377
1027895.7666965353
5318693.615530765
5318693.615530765
5318693.615530765
9615.563595824462
641483.4932701107
9.749650663133108
5281.044837467358
306.26565751566767
6392.489200094449
2.643267326499313
8455.829807884777
384.52029419034005
12.787091341838403
307.829505035522
238.4106794241189
6061680.196046612
5615058.83825933
6061680.196046612
4806.437059943664
6061680.196046612
1582.8954587153864
0.0
27512.12379988243
6109.822726081994
9.334352277013695
9998.775640969192
68.61114977382358
7371.997309025805
37.3198837706753
1.4772922123061576
8476.709988981462
13614.462057155992
14817.121977560533
137.17421549396107
27234.09935269763
125.72026398411052
2908.475279189275
165.5804089822151
10887.997614970722
1.7888516487018684
3561.9487918202394
307.829505035522
142.97605560259984
127.41034874905856
67.74081885124589
10942.345223020542
1366788.6635238107
3062471.4584869468
360027.66682567593
14689129.484289888
16432716.474237936
16507050.561157087
0.0
0.0
1137.5817111414694
1143.8702008991943
947.0132557177561
10265.421864407286
1371.2456882923918
1371.2456882923918
7371.997309025805
8768.096080552172
8455.829807884777
4966.302464403002
4966.302464403002
423.17444383189354
364.521068931265
30.59154404215059
2704.4262226581213
33.56927545406251
424.73963623614367
2850.0291584403335
2850.0291584403335
137.17421549396107
2868.683323260854
11.583906779223655
151.39074335366624
151.39074335366624
302.2238034505295
93.53022370902362
5228644.551595621
33230165.83583076
29072430.578892723
1191.2829398776735
33230165.83583076
33230165.83583076
1930.118511984346
2044.0088241599785
0.0
10.528519714312207
14179.395737846658
6.576070176979686
7118.704798600993
14622.212791064389
9615.563595824462
1400682.222396741
9603632.154814638
70.41691606590722
9610529.865296325
9610529.865296325
9170442.574473927
3312001.4762763497
9610529.865296325
9610529.865296325
9610529.865296325
9610529.865296325
742.9523968574913
8476.709988981462
423.17444383189354
6400.335866074974
12666.664590160042
307.829505035522
3316.6771666715676
24878.64875109043
8801100.180739943
30224.862580910143
80.00720425928881
33.6082378050204
96.39506477823532
84.12313685021662
9998.775640969192
27234.09935269763
30.489510359181608
11411309.919551624
11411309.919551624
1464171.5032731465
7118.704798600993
10.261309997349922
8845540.12853241
24116.60456356955
193981.4167573137
9194.7322495154
181011.81504885264
181011.81504885264
68267.26438460583
1143.8702008991943
5601.028724301898
15296.26113505293
10978.351173060959
306.26565751566767
4337.2987994436335
383.5143944274441
4424.245866709302
4979.755082290681
82.20244467767576
2061.6265018860377
10471872.849106211
1267.295289456103
10708466.24897441
1266.380330834745
68356.67005181973
74.91091831453818
879.2454881278278
69.69487280789029
0.0
9607.171002221006
722.5483304146703
3.7911013346352838
281.2439518063222
6348556.383542957
5559837.7830303125
5081717.7727852315
13177770.512012025
5766425.180227675
192323.23497718773
18789.10946473554
13177770.512012025
14640.741208429605
9733597.605886314
194011.9397793668
45513.796344520204
189101.19417450894
15880.868643658794
348.3778862217938
10.176143081174123
165.70936999414928
284180.94837335736
546.9937714375376
4385645.030786747
7470.967028906102
11846.037813156237
0.0
1328.8599167616348
0.0
66.30393976788585
33.800171564993605
6109.822726081994
6109.822726081994
16.91275799212339
0.0
0.0
15880.868643658794
5329.692756305775
987.0808837560697
1028.5027734249056
10265.421864407286
9535.409397443524
9607.171002221006
67.67165024622997
1371.2456882923918
20356.959218032778
61.75549598548518
7371.997309025805
7371.997309025805
5835.129165559593
829.3134489324789
8768.096080552172
2.6779417419618436
48610.58336088289
631.1239528186399
5981.089404211725
280.1808495489468
546.9937714375376
15.303668273392796
407.43328792412
5120.280321720155
384.52029419034005
4691.3631363139675
4691.3631363139675
36222.28910822215
6400.335866074974
55626.82218834387
249.84110511386424
253.09142360665132
2704.4262226581213
14640.741208429605
22.48705348882395
3817.8342574841067
125.72026398411052
3400.2871703416426
501.55035258296635
3400.2871703416426
2986.240107521527
1474.4771166964194
1001.7483234984446
120.01691906480718
21675.064712738942
18.921141344646646
9615.563595824462
3316.6771666715676
3316.6771666715676
4424.245866709302
4424.245866709302
142.97605560259984
16116.03007278026
82.20244467767576
20242.345563187275
82.20244467767576
46250.639472120754
1526.790793804503
1269.980925950339
0.0
0.0
1269.980925950339
0.0
383645.4243790325
21540285.09321271
3332769.299762039
26669468.498149566
3470778.3110361565
22432691.02138657
547.3919854112863
1258.835976352057
429.80172566723706
543.7290499010878
124.05190220858567
75.41829101343335
270.17949115122815
295.12284772861153
441.4145191769073
639.8388570754381
171.22744722253017
55.52788335964707
33076941.153069895
21244112.67698765
11121666.246438643
22422747.866001487
36931537.13675202
4266844.9646467315
28149074.61181627
1207707.577444289
13124543.574538235
39931142.93679658
33912917.40629913
19678039.0844035
40460074.144517705
26144656.635564175
21836975.889742225
26664465.88994201
21757.073249816145
76254098.36283578
41236169.15140636
65246478.54293758
86138979.02424191
773352.7482589318
231550.98301576465
773352.7482589318
773352.7482589318
658945.5060373214
747914.6228778118
16429.857074681917
60536.424003688386
60536.424003688386
60536.424003688386
38.4583708066453
120557.83134488923
120557.83134488923
22013.716757438022
89543.8806974343
5.171561315703635
106.20065723943632
108169.64768545104
107927.18429896391
108169.64768545104
14.256068857270751
108169.64768545104
108169.64768545104
108169.64768545104
146319.19565481148
36488.19094690931
47676.75932874357
127895.99013861934
125579.93288415289
59694.22617110501
39.3056881173398
8.327665823537084
28.78764531254691
117.12193245690874
0.0
146319.19565481148
107780.884376902
146319.19565481148
146319.19565481148
146319.19565481148
146319.19565481148
146319.19565481148
146319.19565481148
146319.19565481148
144938.1526352923
18068.565982641896
20.85143660698612
3577.648868487246
29939.372252913905
29939.372252913905
29939.372252913905
9811.912735945327
18.929648691300418
5.566130492220117
5.759681597866511
179642.07789308508
163236.24724105536
152036.95131618698
179642.07789308508
179642.07789308508
175234.55656248497
179642.07789308508
179642.07789308508
179642.07789308508
179642.07789308508
358.5146204949833
13.845401812696862
3.993894261427547
179642.07789308508
113011.41985864076
77751.73290951074
218115.10481109415
526058.8633724444
595113.3931052891
517007.35587550816
46.55400241988766
50.72365147936321
255.97714451824936
3.0062655048179403
14.32536698725027
682.9033408380924
75.87904230531645
72.82362257574057
463008.89525655133
129363.38962386797
435085.3241451222
176137.24082080004
163241.12070788027
595113.3931052891
552342.6327485923
594514.4459523319
571035.3108780474
595113.3931052891
155036.9172927914
23644.69712342931
18.789589766019763
595113.3931052891
573946.1643189808
502423.87164219667
0.1498826797402602
594470.5736653034
374043.47460704023
478505.41027981247
595113.3931052891
130.37375183461745
47.873416384120745
13.489157899193618
17.156540438746422
96.53557080145649
7.226597363512063
595113.3931052891
595113.3931052891
595113.3931052891
595113.3931052891
595113.3931052891
188000.5096825981
2729215.801886258
138.26975869695363
478533.5257104869
1346415.6064771113
194561.85033096166
249482.53800362657
430875.0293270766
34289.69471696177
553056.0205278558
2643900.686011622
1064008.861385376
2720494.1094436483
15.351716880298277
146.72334320466402
4.3598932280763325
103.93703046655399
36.76654439425173
27.703399036747264
4.512579202132686
3.305826830056072
0.0
2059010.7931439457
1648451.8972318538
2720632.2519905358
631466.2332299018
1093158.5494611112
2024361.8514390173
2078110.7323835925
2576902.536217888
2728726.8054942028
256136.81677086288
524482.9572561178
15.812831666081195
2729215.801886258
2379789.458521842
2729215.801886258
1022234.2540551503
2178015.46630459
117.05875441529363
115.05107053487318
13.845401812696862
80.73071822310318
14.157535115479787
39.93147462146597
0.0
2729215.801886258
618842.3205814755
1147973.495050281
1796361.2606515242
2605772.1252250867
2729215.801886258
2729215.801886258
2729215.801886258
2729215.801886258
4.014808595895031
60453.87169594527
331705.4421171035
354184.05459014
336162.5076135892
134492.95141421162
358877.29169952474
359915.9860567564
6.458264528611672
6.885576180902955
2.385434233530051
11.29449638792777
359975.63543933164
359975.63543933164
355841.64547715377
192120.03368371402
329712.272025665
356644.3176055642
359975.63543933164
243556.72246775302
359975.63543933164
359975.63543933164
13.845401812696862
71.51000952887885
24.724032246476828
359975.63543933164
359975.63543933164
359975.63543933164
359975.63543933164
642723.6350753454
642723.6350753454
642723.6350753454
21.56856426305359
4.581190278310851
190130.76412891102
642723.6350753454
642723.6350753454
642723.6350753454
642723.6350753454
642723.6350753454
641087.9141766265
642723.6350753454
642723.6350753454
773352.7482589318
1198061.3612119937
50.72365147936321
2.6684716318893096
6.3656679869023485
561917.5831874476
117730.54988096707
1415674.4704483505
14.523195981666627
1001823.7643532103
1415674.4704483505
1.0958359542730516
4.001280108947471
186303.73878453585
94906.04501503472
1190219.1104619184
11257.045243031644
261954.89340710288
973954.0689180148
1215085.8338927934
2626.0415124456717
451658.17098655534
9.195339238999129
103.49364955675198
6556.9145926183555
6106.786582191379
6106.786582191379
6106.786582191379
1215085.8338927934
128115.23796288851
439047.06659916876
160929.46856207994
478103.30742289557
392882.7498375441
414092.03285830084
295466.09874124906
475267.99114930595
27.669915053317702
33.61780869653036
8.374080119718423
25.328673314475548
354121.1905989553
401272.9783353656
330757.8284037128
229876.03918544063
478103.30742289557
478103.30742289557
478103.30742289557
478103.30742289557
478103.30742289557
94.55739759149861
56.45944267373123
62.740282229318694
142.84405931510898
478103.30742289557
478103.30742289557
478103.30742289557
478103.30742289557
460354.290320107
478103.30742289557
478103.30742289557
21.515456229410383
3391.634371138941
6444.527917755257
6000.330418746106
478103.30742289557
424505.74933471374
9.43123017150605
424505.74933471374
424505.74933471374
424505.74933471374
6577.787876827008
6574.807815191983
4.561638297308675
6581.763789017317
3.683223503961716
5.730595065360496
6235.77158641441
185856.18141933077
504198.2075489564
476632.9051390894
441447.4060793066
0.970546612920711
1224588.8588281893
1236134.2514498788
1236134.2514498788
349695.9067663318
1236134.2514498788
0.0019966467609518323
0.0
1236134.2514498788
1194265.143305603
63.22239665297151
1236134.2514498788
1236134.2514498788
381655.2254748676
6489.498726047673
6489.498726047673
6540.000113240208
6535.562473430721
1236134.2514498788
1173430.5858010978
1217755.0582135546
1217755.0582135546
6575.730840006613
16.720572383947985
6582.759639572598
6385.010426187607
6124.511150116072
8419.773322213565
138806.9681714133
138806.9681714133
138806.9681714133
67278.18097402755
110.09590218450974
67278.18097402755
13.884438317783863
13518.175732623697
42.73300529313432
321902.7296794493
1716253.7881276053
227725.68904583695
4769160.084558903
1171322.1013779768
3528136.981467092
70573.47482161113
22568.588520123423
35159.63508967117
169700.5441246119
40453.77987432713
539536.8916554464
918614.4518763593
611593.2845997822
1426541.025674202
1455519.6420614892
1718411.4105541368
40570.57305547297
1826448.2995277296
264619.65615817276
744908.2819346837
657527.1147601542
13470.041863686587
2105678.555097807
2152421.111675023
233543.89381324436
2292668.4128404465
2296315.72683094
1974994.3108367969
1684606.0121938882
2908975.567113543
3104452.3941589342
3299052.8604409196
3304308.713623519
1103.1406011077904
43.462557991522694
99.95073563765824
34.125969916481836
34.125969916481836
34.125969916481836
35.54146725254037
255.97714451824936
42.73300529313432
146.72334320466402
9.849638170438931
14.359967210314045
4.920742501395559
31.922882491890007
21.452071121314287
5.570909886534046
356.1535129061518
5.997011057826654
25.036551453992992
3.466806259589256
32.94644143283208
47.40100600536728
5.689227419139693
13.595344931946764
72.82362257574057
4.408876846912286
2717865.753748034
2462526.140146601
543300.9088445654
2168034.0778841823
1777351.8381157215
369716.04517402156
342618.60756442754
1065603.441229475
1940492.6320025749
1804091.5931290027
1809116.0516334174
734503.4630232448
1538646.4685476026
528261.6280846657
1461483.2122681679
1890676.7603963485
3072543.082028173
1344477.7433581448
1229367.3911794515
536575.3595944877
1900952.526240605
356947.68167193927
568846.6078030361
2300787.4754653005
221951.45893658474
364146.55772519845
632062.5227431466
338784.64000063436
165465.19679350534
2280777.972489805
80346.87547119554
48746.705848079524
0.0
643472.6324530294
1410916.4098616075
1756413.0309762838
1943806.2768935666
2078110.7323835925
2501345.566019244
2876644.8404651624
3041156.4827004676
2443507.0510680894
2357379.180912272
2267444.4717067145
1769307.1920514198
1561558.389605422
1506889.540416055
1372585.0849260287
1283913.5170737293
1189276.2238167138
1084494.1726541845
949350.2512903782
774511.6660997284
3450695.8173096217
3.128525208995603e-05
6.640265660255714
0.0006905265615044314
3.997286815425568
0.0019966467609518323
253001.32156500497
513589.0083079843
550047.6986918015
8.78456031075138
41873.64463043471
71282.07610366812
27.43619102870991
8597321.082372118
1193988.1443546412
2218487.3384861154
1012728.8959091817
695882.9160644058
3311953.9537832867
397747.0514152949
578631.1916398876
2315721.8957408844
1980940.0420399597
9728235.809484567
39.39837581899202
308.34891009987354
1638.5460324667729
94.6220436343237
171.43438503877644
50.904783485664666
16.240738584330067
107.77350405868746
6.514356046565169
42.088450792371454
54.580584280256126
0.0
8771049.036653062
5410576.240632763
9433442.903692795
6567794.133903763
8070074.532295105
5295535.437309874
2283085.939107616
1087241.0960536478
4138886.4860650795
1275590.3086644686
3464301.967734919
2247691.264578864
983787.1793540779
802944.6639350307
110433.76245316955
1866518.9456432438
2675875.5901580076
4965551.669915206
6449281.00249224
6839698.593309272
7852704.627486127
12552310.461747667
7039469.321597857
13777147.779101651
0.0
246.47453397821968
947.611240092332
947.611240092332
305.81901090506676
0.0
0.0
180.60599910934664
149.20132371277543
2423.040382397314
927.040275038041
112.78767391983172
3065.0566865772907
1173.1277416156188
97.56659679429198
1173.1277416156188
76.03439122261933
2076.550706660718
2373.7503412425476
85.52920408693201
78.64238984288342
1826.4028328406173
71.22185551402188
4760.222659158773
40.37036543324238
2227.7280268649856
764.7737479141537
446.6255449673838
1918.967094646284
20.66897980991972
533.1783170443748
230.94406619283757
503.8099603651105
5177227.086794603
210.75250231215867
210.75250231215867
210.75250231215867
0.0
261.5395585896597
947.611240092332
140.46377062901502
842.2473863283004
139.4507083915092
1463.9039709786794
1463.9039709786794
1358.9491712741317
909.8868130685473
1341.5374741952533
750.3349312153147
97.21646306338273
2076.550706660718
927.3144657000242
1294.8004658231
78.64238984288342
739.8594482643912
739.8594482643912
57.86771100746045
739.8594482643912
56.56720664108955
4209.50187362961
56.56720664108955
8106.594078526345
1068.4510707330498
439.43180303324704
2315.15213233959
2315.15213233959
446.6255449673838
446.6255449673838
20.66897980991972
533.1783170443748
230.94406619283757
1520.8897450129793
730.8479383325154
19.73583399819707
3846.890351313381
349.68929522708663
6733.917607455469
0.0
199.21406472382245
1674.1078729826102
5177242.555016737
208.81258067478348
472.5601481100946
210.4650247425676
2791.826344441535
246.47453397821968
246.47453397821968
1700.4333086128106
246.47453397821968
4111.542935397076
0.0
180.60599910934664
163.85683183610283
163.85683183610283
1582.2836294153483
1463.9039709786794
1522.581629341784
1173.1277416156188
2488.2886252397134
57.86771100746045
4760.222659158773
56.56720664108955
994.26220757138
49.3373767760467
4602.198494739974
414.7104916359914
414.7104916359914
2315.15213233959
4660.2758042232745
444.7793501809586
22.23375252062356
4660.2758042232745
20.66897980991972
461.51692469571014
461.51692469571014
4660.2758042232745
461.51692469571014
461.51692469571014
461.51692469571014
461.51692469571014
1737.1151659086238
230.94406619283757
1520.8897450129793
1520.8897450129793
662.3286214436987
730.8479383325154
11.522487113859873
316.9395843671405
237.84527654120768
199.21406472382245
5177229.027255156
292.8900303377279
1700.4333086128106
210.75250231215867
0.0
246.47453397821968
11304.902607870636
1324.0222743525717
261.5395585896597
0.0
947.611240092332
0.0
0.0
163.85683183610283
1582.2836294153483
207.36233138816635
1493.2428001602318
1522.581629341784
112.78767391983172
3065.0566865772907
3065.0566865772907
1173.1277416156188
128.53799431801784
1341.5374741952533
7802.696204597085
750.3349312153147
97.21646306338273
97.21646306338273
1501.9325861803707
2373.7503412425476
1294.8004658231
74.60720352864503
78.64238984288342
838.8877429879009
5310.943444687939
57.86771100746045
56.56720664108955
8535.940224084672
49.3373767760467
3712.153587783649
659.9505070804657
34.100896316890385
439.43180303324704
521.3667121625758
444.7793501809586
446.6255449673838
450.8195607742428
1671.2407343992056
522.7251510715045
1671.2407343992056
20.66897980991972
20.66897980991972
548.0032618284832
533.1783170443748
23.65536653489838
1737.1151659086238
377.12628039963715
3608.373656039563
1520.8897450129793
1520.8897450129793
503.8099603651105
662.3286214436987
3239.577947206068
730.8479383325154
316.9395843671405
316.9395843671405
3217.693488505079
349.68929522708663
199.21406472382245
1540.5093680126618
1540.5093680126618
12130956.407787975
0.0
246.47453397821968
947.611240092332
947.611240092332
305.81901090506676
0.0
0.0
4.78766742397636
2423.040382397314
149.20132371277543
33.27432572846637
33.93718233039733
3065.0566865772907
1173.1277416156188
97.56659679429198
1173.1277416156188
1.555890191641882
2076.550706660718
121.9309629797018
85.52920408693201
9.347180411760464
1826.4028328406173
71.22185551402188
4760.222659158773
40.31830981030694
302.56576374608704
764.7737479141537
446.6255449673838
1918.967094646284
5.897969084778962
0.9170395760568407
230.94406619283757
503.8099603651105
1692815.5881295295
4078395.330031819
119.58484414260394
22.631167963162603
4073407.4226211444
3164088.837693983
4832496.854322321
1199874.5732989528
0.0029462254679214223
22.21175616820112
82393.46542394141
2789765.0258892844
196.42179719400636
5177227.086794603
5177227.086794603
20.743830366546348
4989709.093067801
5177227.086794603
1358.9491712741317
1283.9200319489719
0.0
210.75250231215867
210.75250231215867
0.0
261.5335802508383
947.611240092332
140.46377062901502
842.2473863283004
139.4507083915092
1463.9039709786794
1463.9039709786794
909.8868130685473
4.317930156643136
750.3349312153147
97.21646306338273
2076.550706660718
927.3144657000242
1294.8004658231
78.64238984288342
739.8594482643912
739.8594482643912
57.86771100746045
55.65226923379609
4209.50187362961
4.459399390318989
56.56720664108955
8106.594078526345
1063.927575213046
439.43180303324704
2315.15213233959
2315.15213233959
446.6255449673838
446.6255449673838
20.66897980991972
533.1783170443748
230.94406619283757
1520.8897450129793
199.0558239670075
4.942970292105019
20.2856035342131
68.12529899589937
6733.917607455469
0.0
199.21406472382245
1674.1078729826102
5177242.555016737
922926.9252894927
2555851.194042161
1505335.3508721236
242968.95272123368
15.449666394018067
4937074.959170628
5033544.756534598
5041145.815968289
4319599.888494088
4696448.78029606
5177242.555016737
5177242.555016737
5177242.555016737
208.81258067478348
472.5601481100946
34.47270510174571
2791.826344441535
246.47453397821968
246.47453397821968
1700.4333086128106
5.712723159573274
438.775253836309
0.0
179.534436942396
163.85683183610283
163.85683183610283
1582.2836294153483
1462.82168826332
1522.581629341784
1173.1277416156188
2468.246999245061
2.255429431923117
31.266943209606954
56.56720664108955
994.26220757138
0.8342747621836557
41.73014246566361
414.7104916359914
414.7104916359914
2315.15213233959
4660.2758042232745
444.7793501809586
22.23375252062356
4660.2758042232745
20.66897980991972
4660.2758042232745
6.687116383738833
461.51692469571014
149.06359496197598
461.51692469571014
461.51692469571014
461.51692469571014
1737.1151659086238
60.56989007540328
9.361885270987248
1520.8897450129793
662.3286214436987
730.8479383325154
11.522487113859873
316.9395843671405
237.84527654120768
199.21406472382245
1341963.9180416083
810360.2604893033
3953500.4321430614
82.21345041443189
123.79433233732004
34.51528112917041
66.33361905796289
16.372273912388998
9.35090680145982
4722865.996284316
765287.064513356
3448550.629389751
2383072.9071761617
4411666.170239806
2994493.1970407967
5041145.305322291
2.914878282666885
5177229.027255156
4609752.377873187
5177229.027255156
0.0014325302560103555
1700.4333086128106
210.75250231215867
0.0
246.47453397821968
11304.902607870636
12.372980665215236
261.5395585896597
0.0
8.247905256421419
0.0
0.0
163.23212179282686
1582.2836294153483
207.36233138816635
1493.2428001602318
1522.581629341784
112.78767391983172
0.5397379948599381
3065.0566865772907
1173.1277416156188
128.53799431801784
1341.5374741952533
7789.268554055789
7802.696204597085
750.3349312153147
97.21646306338273
3.3579530448315165
1501.9325861803707
0.0
0.9025223666834273
34.881120903344055
78.64238984288342
838.8877429879009
5310.943444687939
57.86771100746045
56.56720664108955
8535.940224084672
8535.940224084672
49.3373767760467
158.17607625367538
659.9505070804657
1.9895913134467444
16.79964377573629
521.3667121625758
444.7793501809586
446.6255449673838
450.8195607742428
1664.5429353037416
522.7251510715045
1671.2407343992056
0.9336138502135175
20.66897980991972
548.0032618284832
533.1783170443748
23.65536653489838
426.7190262791813
3608.373656039563
39.759534443654715
1520.8897450129793
14.204083655177927
1520.8897450129793
503.8099603651105
662.3286214436987
3232.2604465614945
730.8479383325154
316.9395843671405
18.60553618612459
3213.248360195668
349.68929522708663
1.0973087945076558
34.12942430056324
1540.5093680126618
371860.3242793511
20053.989111544328
5147749.053591363
4265806.537964581
152.30228580096434
350.249184782737
5531878.444224857
3783069.429573918
8227067.355340919
1187175.2941098746
5237720.30858701
221794.1435294916
331586.4319044442
6354538.007603978
5649739.340714808
6586744.1341829365
11546223.188844394
11848855.082855502
11740065.303920116
11118267.279011577
12130956.407787975
367507.2096705566
70963.47101797748
223140.06166161195
40560.539719844826
247060.09000931148
72550.5336637596
130694.70416595694
323124.15069235367
405404.30479771114
424417.50208888133
424540.49044804
445399.92930238554
448053.20872741565
17.85569893388049
18.147255266279355
16.415912631191464
16.415912631191464
3.106675253781093
22.394277385448117
2.237892859039404
49.99773531595308
17.183189082495684
51.08662742434455
410020.803156689
408984.80973290117
300065.13362919807
277095.06505524047
356952.3879713569
346879.83252956223
196425.44087865122
223712.66048436865
442249.81386470393
320319.4696881258
85244.78011084218
127310.21228878864
0.0
371304.07421960856
380603.36886884895
441731.5611968404
376710.5597675789
301624.5502635315
153793.83542721454
448933.2663286565
1.3951034968405339e-05
0.0003971972769325952
0.00030428232722210923
211415.73610961175
224293.44883324354
173722.09399853242
2.8468644459439383
182431.62757020385
16665.946990015284
10541.405550962138
32750.954810279163
313031.67774901196
26.499550372751305
451263.08118094836
289207.71347671933
431757.932264957
252250.40912328116
451263.08118094836
451263.08118094836
451263.08118094836
451263.08118094836
451263.08118094836
17.344319025088897
53.749122604852445
60.85263926421266
4.923444714815087
7.58731216495149
3.5199959249600785
29.756560205820833
7.450574553133996
20.205200737682013
3.8340220816181114
451263.08118094836
430476.4465141417
307601.67120640964
448787.1435859302
451263.08118094836
451263.08118094836
451263.08118094836
75855.23828059406
451263.08118094836
0.31718951124834815
451263.08118094836
451263.1829220748
398982.2887028902
374636.77536616963
19232.527265098583
4719.909869590564
231241.7935205175
93591.78198341704
197256.30764488975
391927.0754471782
126291.4551938648
308915.44392618624
187280.91160416507
408087.95870690903
415558.5313431873
31139.745250764845
15443.429395049965
117243.52962887408
439594.3834738511
362179.2645030989
386923.1788456525
14.186956442716092
16.415912631191464
2.203729873163052
3.1113137581594605
14.153606610924756
56.340183593736704
11.337725627021493
88.60554337897663
2.7367386327815284
36.35048536407776
2.1208404419778755
214138.6269373034
422761.3974518733
85631.29697970976
445928.3688255939
291579.4557935929
283656.6397706757
422636.55475648865
237032.06942802557
50802.70016863256
407409.0355828889
412528.8152575535
448747.3650494805
443297.6046613817
440814.2693985477
440314.96928948036
439598.2922400604
427472.3493389955
421197.8436241294
326343.48657245905
448933.11652073805
0.8379276828736799
1.6917206247580412
2542.854355590686
213605.35967195933
19239.08390432647
92081.9242386736
438527.386654667
366823.64353361196
0.06986223031352853
421318.9799447686
436461.80333814956
318010.78013099177
451263.1829220748
451226.8236303127
451263.1829220748
450140.15407829284
51.39518207633751
45.16360912860909
0.0
451263.1829220748
187940.17708536435
451263.1829220748
451263.1829220748
451263.1829220748
424152.9368517369
451263.1829220748
451263.1829220748
451186.26653618587
449469.44312752807
234795.06763512915
451263.1829220748
450926.7871581062
451263.1829220748
451263.1829220748
451263.1829220748
239.75929252234482
246.73941396400318
21.35242138057653
246.73941396400318
246.73941396400318
246.73941396400318
6075.916141492256
182041.58704444527
451000.56547629985
66.51310670026872
15545.311791824592
178042.30597221595
75435.15389348978
56502.37318190988
343100.0477689835
216327.07189909474
295705.4559287524
386534.12287760037
389011.2453636633
403365.2680146035
243487.17171272443
304218.22084095917
105183.74877702782
401922.12739143707
391114.7959134384
447898.4814902899
20.556229847156118
530.6533344553931
11.680676958403868
15.755632165940765
123.13491602663471
5.97495714621185
7.061002741534406
4.738057264027598
9.105893834403624
70.5796081078066
3.1113137581594605
2.677524245544321
4.21349203703024
2.2474906418677274
1.2836381581275182
11.505040703978743
4.8143126284131155
1.7540762175422657
329.08521129382575
0.0
437918.56009906286
434517.10908314254
433469.5956838929
432488.2620190753
316816.0818696186
399451.0825926868
406922.8903768763
271501.9177320788
126699.83736063552
338552.5902975686
373398.14569801255
327222.848333746
282006.6341175383
240130.0508720398
283106.27810533
447206.42574456445
224006.6400999136
99199.80197805652
40230.18146376879
111079.23884900604
423933.31185641984
270929.706990262
347950.03563632345
402562.3114211538
443586.1590934127
447461.5679557633
403892.613183614
448933.3800038378
0.3816951086424839
58396.253492848344
0.5398290797823981
47833.39468722204
202044.94491069159
227665.83296248666
1.5934992391340943
449080.2802840262
451263.1269064543
344811.6220459379
404115.74916757725
451263.1269064543
50.344068681589725
2.049117186995132
451263.1269064543
451263.1269064543
450395.66982358193
432703.9736882958
370554.4770443474
398432.9725103148
451263.1269064543
451263.1269064543
451263.1269064543
451263.1269064543
47002.62562893017
169789.4636568566
267106.640947518
221811.43053512665
682095.194561875
101790.29167262877
10.847939375659903
82673.31467188522
25741.825778548362
0.1788171764423726
33948.57346432882
425341.9156589891
439629.03789148905
2566.481087128801
597050.0802541956
338623.52966412425
655904.2482551209
120010.75887069335
673992.5772158387
533808.9131514052
752132.7669667207
836196.3012165552
974514.7503303025
976448.6672139047
20.907172937884482
48.08017318384447
9.640838714819266
135.65852720984927
3.106675253781093
70.5796081078066
2.6654951531290134
2.203729873163052
0.6846383147101605
2.8847944780618455
2.4877211968834976
17.672089362565973
10.684213859852036
6.337815134562373
16.620825490091153
7.590408601132138
0.019064608326713944
843075.0247424926
836938.6548096167
696331.9367951632
656542.6351566688
512134.9869400679
941205.3095313577
573412.889501139
275112.8522688423
350677.13348856
440938.5191996644
217303.32025541778
518162.51558045065
162968.52703823216
916038.2286537007
23449.05261942402
0.0
336226.9240438555
541440.8247049636
763206.8643629265
785311.2063288381
636619.9597395721
624258.8929716379
610307.8335227263
344157.38742938585
256167.53468560695
997484.4934852426
64963.145245401065
68002.61498328998
1.8416933242998277
0.0009199267354144995
116566.77803734147
116566.77803734147
236628.8664562294
9979.29583654966
146989.85793289045
0.0827167882806221
83947.1512452711
29295.326999402456
41611.17267687076
254009.46359372538
0.0
139416.36013818276
55069.65055266171
230782.13180048313
687495.588006352
0.9717189391422493
8.658099997232071
12.642388068489025
7.286432514451351
2.425688390725454
65021.731274563295
1169433.3863404144
744675.6727534577
1272950.8550074466
1343852.5011856873
700437.403655086
139235.19352123153
1131760.2605584753
1132679.078574973
300194.73590638826
985624.1942712133
1323611.5727932544
1323614.2442363657
841994.0415249014
1305617.024988381
75.94496086226745
23.89944596602151
23.4096906811934
22.926017264010824
19.709043834257855
6.471918757905427
8.025814837722006
18.723255900737428
1347419.4248813835
1337921.8729136954
1288104.9699108165
1317455.850905481
1345710.4392799789
1345628.1327868942
1329084.7422286686
827358.7495060806
470889.0811515351
1121141.4631171376
114.93265917918393
1215835.8425678383
397656.4157723721
214783.6419201568
942384.3280160514
1019653.9198509806
1034981.2505090529
1354036.8012048192
1348696.2888710718
1289272.3226397964
1181417.005037758
1354046.0
452.71034231606484
427.8421617610864
0.00047748953697392414
0.0
0.0
0.0
602.0875654748096
70.19776598673808
566.3607868417464
0.0
70.19776598673808
0.0
70.19776598673808
70.19776598673808
566.3607868417464
70.19776598673808
0.0
82.09455183797903
82.09455183797903
11.952844045511855
11.30309342682181
82.09455183797903
82.09455183797903
3765.652317358707
0.0
82.09455183797903
566.3607868417464
82.09455183797903
1.904190304236477
440.99252455080216
5.211511799297909
440.99252455080216
4.124078023730173
87.10928911928349
315.6242622598578
315.6242622598578
315.6242622598578
87.1112388329266
315.6242622598578
87.1112388329266
87.1112388329266
0.0
97.3479832882803
97.3479832882803
0.0
146.24171374645184
1369.387980929682
315.6242622598578
101.85575502810165
101.85575502810165
2.7491694388388828
0.0
0.0
0.0
46.78542730790144
0.0
46.78542730790144
0.0
280.525766767381
46.78542730790144
0.0
60.15636531288817
280.525766767381
1.595810210035795
60.15636531288817
59.805469550740625
807.0353559888547
807.0353559888547
271.7161005687951
807.0353559888547
49.69589238531518
49.69589238531518
54.578079031061776
54.37434255329397
54.578079031061776
262.906434370209
527.0135579942909
527.0135579942909
46.448002891512054
527.0135579942909
527.0135579942909
1.6199983356713685
487.22421713115494
487.5771816316453
4.771432183470561
487.5771816316453
487.5771816316453
308.74730519378915
11.09090223923876
487.5771816316453
487.5771816316453
69.0647577377719
69.0647577377719
1.1279903282903263
69.0647577377719
69.0647577377719
497.3484871762651
507.1197927208851
507.1197927208851
507.1197927208851
37.5668322951928
37.5668322951928
507.1197927208851
507.1197927208851
507.1197927208851
507.1197927208851
507.1197927208851
0.17988925362827007
1019.7307673168086
11.311894677972074
1020.8518673936645
1020.8518673936645
320.21083144440706
29.482209683469637
320.21083144440706
320.21083144440706
0.4504791674976411
8.18397266515517
0.04145582304300502
390.74962952194267
390.74962952194267
32.498025239666596
390.74962952194267
0.0
390.74962952194267
32.48251152879893
390.74962952194267
390.74962952194267
32.498025239666596
24.829075142019036
301.90991416672335
303.06135365263395
42.812549045574684
303.06135365263395
303.06135365263395
42.812549045574684
303.06135365263395
1.4392403369850382
446.8234202055126
446.8234202055126
6.159161877151361
38.96039206338775
94.52085655427669
439.75363150140646
1.6324425559305122
6.303510161485318
249.90887065273895
2598.921466597099
0.5186216566133858
249.90887065273895
2594.542311410743
2598.921466597099
249.90887065273895
32.37997691611468
32.37997691611468
0.2686802576208443
1694.7777175059123
691.5950719963827
32.37997691611468
7.47330918237879
691.5950719963827
1.1192714513938524
500.2294029486179
0.0
308.8637339008531
308.8637339008531
24.849619372566444
40.64067260936229
0.30082540082073117
431.25577476891976
392.63093138500307
24.849619372566444
431.25577476891976
11.626241758517342
431.25577476891976
28.4877395053214
790.6339684147252
28.4877395053214
790.6339684147252
191.22192627255063
28.4877395053214
28.4877395053214
191.22192627255063
1.8191015629773546
2.917212793260797
26.19852528470106
3.1156541625361673
26.19852528470106
26.121101302205727
26.19852528470106
822.2789140625434
132.6522553032763
26.19852528470106
828.8583805604683
26.19852528470106
0.0
608.3751722105551
608.3751722105551
23.726411847302955
167.2075361970116
279.4290671216189
279.4290671216189
23.726411847302955
23.726411847302955
1768.8145595299873
19.274710616275467
0.751783888908958
246.43257702271012
246.43257702271012
246.43257702271012
19.274710616275467
0.7339183223864398
18.549923417558816
19.274710616275467
19.274710616275467
1768.8145595299873
444.6340547535985
17.513909849574492
18.842034191706006
307.2114532009709
10.42143457123968
1585.5333074281502
1585.5333074281502
18.842034191706006
18.842034191706006
1402.2520553263134
1.4864216993209023
18.842034191706006
331.16303737083626
18.842034191706006
18.842034191706006
0.27808190988540665
2700.1528369429902
331.16303737083626
331.16303737083626
45.60353513017916
355.8582324672403
2843.0625601509523
2843.0625601509523
354.3829863840957
16.433720810178265
355.8582324672403
355.8582324672403
1236.4349786887944
16.433720810178265
52.71867164035112
16.433720810178265
219.80704001937548
219.80704001937548
0.25777059549156006
1688.0715017422374
23.04791289061609
13.907808843125395
186.74774370551174
13.413594925743485
349.8973858490783
13.429581845863217
186.74774370551174
741.9811609336828
4.966400058407699
13.446558728785185
13.446558728785185
13.446558728785185
13.446558728785185
138.12726217805476
138.12726217805476
138.12726217805476
138.12726217805476
0.6631738027993054
5.599628994060067
741.9811609336828
100.84796951971825
146.3589869379034
771.1338277379475
70.60277966929074
771.1338277379475
254.72513305693337
771.1338277379475
173.65469417654964
173.65469417654964
771.1338277379475
173.65469417654964
0.08661352030082864
160.90004737047784
771.1338277379475
1552.3853157001568
148.145400564406
148.145400564406
7.405854850111897
148.145400564406
148.145400564406
148.75988425018394
148.75988425018394
7.405854850111897
148.75988425018394
74.58896499995744
148.75988425018394
148.75988425018394
148.75988425018394
3.362842731405388
639.1392773963962
55.99222433618776
1552.3853157001568
18.153220015641814
6.884734128160942
150.15606038176062
27.54341581093807
1552.3853157001568
150.15606038176062
554.4554951266896
174.1063359389856
198.0566114962106
556.6398461087074
198.0566114962106
0.3111932358933254
6.884734128160942
1.965912898914671
6.884734128160942
182.52353750764814
182.52353750764814
182.52353750764814
177.58959495167238
0.3056674677788461
177.58959495167238
0.19839193236722666
7.879059829930403
77.14942723595374
1552.3853157001568
177.58959495167238
177.58959495167238
7.879059829930403
5.415833747259333
2.228958592033589
153.71844825900516
49.685750846145496
153.71844825900516
153.71844825900516
153.71844825900516
153.71844825900516
13.66575468597797
5.0195650023790135
76.92228928717138
76.92228928717138
578.5997674807146
3.1319043699482534
578.5997674807146
142.2278227388209
1.6792475388887962
20.189119659660417
1201.950412483765
13.252630693217998
125.60946884285173
3.1205004392532247
14.354893590985482
506.5792819382435
4.734555975058298
506.5792819382435
14.354893590985482
14.354893590985482
506.5792819382435
167.8014025661488
61.95923835177782
14.354893590985482
506.5792819382435
506.5792819382435
167.8014025661488
167.8014025661488
167.8014025661488
0.0
506.5792819382435
506.5792819382435
6.572507163135075
220.59439165733994
220.59439165733994
220.59439165733994
220.59439165733994
220.59439165733994
1076.6782679828966
66.34916019607508
6.572507163135075
243.40953031142976
243.40953031142976
1.6475750440871066
117.88940351247957
1281.2940887434274
6.761156039835344
1281.2940887434274
105.56297243109059
48.98854039486177
3.837339761649723
6.201712204100381
851.5155092673729
1071.7592021412981
105.56297243109059
13.922250543525932
105.56297243109059
3.837339761649723
1071.7592021412981
1070.3095139303703
4.00246398223578
3.837339761649723
27.30994787000552
22.707751852946082
2242.7131843979296
116.47166809031815
79.2203620750517
90.65391539010358
79.2203620750517
511.50393799430907
513.0960207869001
66.35388389987206
0.3657630958049048
11.37556748810343
0.0
0.0
66.35388389987206
66.35388389987206
513.0960207869001
0.0
0.0
513.0960207869001
0.0
11.79349681980256
557.5917931308549
557.5917931308549
123899.04396033614
296688.78665029514
4091979.901684047
979289.3842238832
1517806.0573435277
800633.705772226
0.048323631484809615
21071.07831517368
26187.169075998892
471295.1717685479
47381.47172131751
655466.0826082872
588788.078518624
6681.918614921182
1509531.9772036786
1902699.6336527327
294364.64380825224
1976313.3336759
309005.6593679966
1182740.5359475398
522875.636334564
1466868.7914640394
2393236.6534219948
80953.47731586783
270007.4841965595
2036547.2686663899
494168.4561319512
2199573.2735917727
638924.1845874236
2054865.7331369154
515493.6287510358
3192307.181652951
3185422.290915278
3261731.798857343
41.611597532775
50.75275429260839
116.71598179225813
27.3983649628918
39.85009272822758
12.42544985284469
41.24699458926079
7.541542143958223
24.370395268362866
6.838214433630602
17.14078408712831
11.501768166357998
8.077998355327573
5.713505877152785
22.104815116090396
56.771096025316155
25.05033631246424
6.49976592006719
5.455847170755332
2.9135065947653063
40.18358803576467
29.327032989970604
3.1160679750255325
6.722207234544273
38.616664336612246
51.17016614721909
55.681500933357206
16.27115341953953
15.87576140799022
5.148400224426594
0.0
1834525.5489003996
2880377.289301616
2864061.886699562
2027245.396815489
1250095.8680389852
2905754.51573503
2060186.8472891438
3192416.127814041
2871967.228561923
2348610.2625772944
2030688.1749249103
288542.8878495338
1820413.017439949
1327665.332381224
1626366.1821103396
3155914.7466621147
1469235.2836397337
1250737.1162614191
978702.017971462
285563.70804475824
114998.4472833415
244889.48529532025
265703.6009563625
507261.9209233438
395610.7138336334
1413991.3850957083
2508701.4311652416
133994.73237819131
93504.92623676654
1615810.4123751335
2051975.1115421567
2535022.7632734645
3295853.373373408
2760380.4673381443
1869898.184161311
1490760.2711331085
406789.4593072913
3351133.7981729214
2.0884880631863605
0.971306163955767
0.0009818702601785767
473741.64229980344
73909.38099835363
3116.8168655014947
660869.3052084898
110480.98408437276
7.400826723988846
27452.818960376553
1149872.4602704516
65.45558059986504
1602670.768888287
4134519.2078046547
2360649.4470918183
4224637.870787281
4417293.091162232
2079583.4805018057
2466414.3265487207
3457020.2330045667
2663081.188588804
3955330.8437019936
4297022.386478294
2527243.88974021
2271320.992252395
4430956.252357417
4261177.362949785
2465803.5314340238
32.73371370722512
1915.6808168241348
110.57480012575407
47.53853961583986
419.2493391662706
94.21799711068878
6.9142063940545295
11.30498926431913
4417771.361194663
4256549.696028186
3877933.014537181
4146973.7150385776
4362973.839445416
4053677.1536132465
4361569.834171463
4001649.080029062
3854095.904651136
4354572.67117827
4328875.674396402
4298768.132220824
2578663.4605140127
4395733.676644971
1523007.8356653748
444782.0761638098
135553.5401025861
3660858.1359098163
4230919.342242436
4428546.762279704
4373188.0937910825
4325239.43991156
4118543.31947369
3326751.9388486333
4454988.0
