9238111.927692791
27784818.43255626
27784818.43255626
32912278.935953543
35628960.82313711
35628960.82313711
26998033.088994667
18899573.543822102
54458019.96757206
55698919.560167335
55698919.560167335
40109229.629834585
26998033.088994667
40109229.629834585
5863265.608007287
23039753.829266902
96175021.06773868
38122531.00199406
24195693.52089532
32912278.935953543
24195693.52089532
38122531.00199406
24195693.52089532
27274913.22482108
17310903.12871059
38909855.739584245
2337261.359753757
54458019.9675722
23039753.829266902
14622922.6601103
32912278.935953543
15044196.545698904
9548284.421850288
21490628.621664654
9238111.927692791
5863265.608007287
13196639.115977006
2894439.2926644636
1552153.308942128
985124.145053299
6121272.626614058
4347959.901912624
2759572.9470930835
96175021.06773868
61040578.18194015
139612320.05856952
380747765.51558346
4156266110.620567
5019929297.068557
3460370411.0805793
6608964990.836109
118328756.60233302
730922349.3562775
305256439.85633165
5963085757.81963
145490950.94188493
1303925689.0475764
49603752.2961314
49756819.16569743
5963085757.81963
49374893.46487822
996188749.007423
140692269.60770208
529155158.1766651
1180091059.1138217
757122491.1976987
656045235.9179877
540536344.2025324
402102133.5703261
5509276592.487629
351763939.7967497
2522718912.7213454
664996293.0820625
1328870422.2770827
920323168.6827042
608710450.2088374
6419354820.470058
6967870456.531982
345615135.80945784
425616443.14617085
3556921932.5419946
215196702.0062812
1083189838.8665557
574212896.7955608
95561314.07234514
279010155.21067715
4204525197.1839595
1965620190.9561365
321687836.6760708
165906511.09275565
111360756.48825745
138064786.16608965
40464134.19573205
31330151.59817936
156074926.5620392
1323872469.5491676
2772053222.9881563
1557238503.6827514
1284332141.361689
972445763.5355952
88902477.12265024
610157843.4872878
13640696663.676369
47986271.956994124
629665839.1978736
150311911.1357364
117514206.5624386
44912535.12512347
2280980080.3027987
1765013558.3560085
98524588.72876954
1175346268.3658023
15954379859.55546
2478564443.613556
1239012518377.1497
3294597135.807064
1518531931877.348
205144896885.92273
1471801187799.5002
19350747041.346157
399133679717.1529
16731704432.632114
1471801187799.5002
22053371.234696362
723279449.3839476
298368627.6031305
893487550.3457938
167223438433.12143
178612541799.90375
509797065.65466666
4280750498.8323402
1310605364927.0566
1978875253.3505414
198065284619.45654
188314172739.42853
696276363.8116531
3051752353.342448
2866582301.747749
1475902943969.196
1632332906501.8286
119934703157.8707
2315320935.5596194
167029554259.64246
97119835.47982496
5135242907.024333
1222646432114.262
31675675.444825143
184436022.23907617
1317757077.4191272
2468394992.8432593
418985140043.4704
400615031027.70276
5402523663.240006
7324700875.101809
16722245358.614902
3087708679999.167
19402575.26485289
186544226.12209702
19482873330.071384
632371844.6272103
467471949.91371304
510062144.7421114
327818453.74606425
7841134622.118548
3477139994145.869
564419285.6147504
1081156097589.0508
3294597135.807064
1511567973409.072
205144896885.92172
1471796311871.5503
15451123566.96565
328451077955.1904
16052320677.252007
1471801187799.5002
22053371.234696306
602004617.4105177
518589264.6294744
298368627.6031305
834983791.8950012
165045154435.12292
57914591425.96734
509797065.65466666
4280750498.832361
903516257805.202
896889553.5168759
193964083389.64572
364746274.04214895
332883382.08584756
3051752353.342456
2030484543.4677362
903516257805.202
528422101.69715554
1290619748912.2866
119934703157.8695
1425612968.6225798
22377674682.39672
51925513.909967646
1106919138.1858392
1065263711813.542
31675675.444825143
124085944.25413658
1312486374.5285118
259953307.5299819
333731967355.15753
400615031027.70276
9827065.786447516
4653210671.675447
4140206818.0716257
381250898864.9402
1507698978445.6396
19402575.26485289
172708563.38988355
14507521109.419205
632371844.6272103
3031666.5627201307
480706118.55783767
327818453.74606425
4423063381.037148
777387874.3758255
380747765.5155825
781175354.1752455
4505353172.872443
3460370411.0805793
6573757685.50702
103135137.03521141
730922349.3562775
2248215.5768453307
5963085757.81963
145490950.94188672
1303925689.0475733
4494417.0980863
1247285037.1783173
49603752.2961314
49756819.16569743
3867342720.1078577
98309005.52539054
5963085757.81963
49374893.464878336
943420472.1419259
692925890.9608909
16606575.687512586
2808318.660844586
6153433974.171303
529155158.1766677
529155158.1766677
1174697340.3642967
757122491.1976987
308254191.8565201
656045235.9179877
540536344.2025324
366250740.6902559
402102133.57032907
4219817281.8996625
4219817281.8996625
7023107.711707383
4944539117.451422
4944539117.451422
466907.0970889169
3573026045.295058
351763939.7967497
351763939.79675055
1627822622.094673
2521608136.375015
143968142.17746645
655287782.0064563
1178514979.2151046
1355257.118692575
4994641.266881464
209652279.63239443
4219817281.8996625
3470540.1742489333
5685138724.168842
5685138724.168842
6419354820.470058
345615135.80945784
425616443.14617085
854798389.080623
3192313788.920442
3192313788.920442
187428199.1559863
730662416.6862735
46848684.498111546
45734676.18257096
279010155.2106758
1152738127.6913097
3762142841.286811
232882374.23643592
160508496.85682
124600177.94100083
111360756.48825745
104130512.87204279
40464134.19573205
31330151.59817936
99887657.88046794
1139794838.080554
1143830236.2361224
47711841.454668656
1250262073.5394495
1250262073.5394495
20812292.883637074
1284332141.361686
1749097.1912206106
210547361.43091083
610157843.4872878
88902477.12265024
590807799.9876808
1619049646.409989
154125374.3775856
9377525049.59856
9377525049.59856
6776393197.975662
1164605996.5790389
9827065.78644754
39979974.64876601
2476282.6390125523
132059511.45120686
79545203.57577252
38428521.50098663
1653069958.6084883
528884054.0313007
3031666.5627201307
2280980080.302793
1386739269.3992856
371417.14213254413
877933181.2557647
1171713720.7449799
10782103150.559135
3047287.486710782
7109348.744663246
1815426.7840631134
3032218952.906702
3032218952.906702
13021434.87289361
1895240.473294432
4143375544.08511
4564283.630056185
3689692168.455755
7953099.234805851
8104211.869351272
3601919585.4466653
2425400.1158466265
1673474819.3828924
29054904.898818955
2909813.265962899
3601919585.4466653
3304905.168437846
3836797.473423476
8862802.96830294
1673474819.3828924
11850411.258731976
8330906.30063314
10966557.898273403
8001240.317477832
2419596.643904064
2419596.643904064
2419596.643904064
4904357.882686884
3405583.0702497736
2419596.643904064
5954670.560957321
20508459.020201582
2419596.643904064
3327802427.4767103
1366285.511515017
1366285.511515017
1366285.511515017
1546118238.9425666
2547097.6201239773
2547097.6201239773
5122522.548713559
15764607.60941795
2547097.6201239773
2547097.6201239773
4035937538.396042
4368385077.539247
3269694.186631174
1724551.316474023
2148509562.5075045
973810.8554162924
998211250.0753669
8645923.585144255
2605698680.706182
2713092.016448317
10041940.628859414
2331621932.4805036
146147.6032413483
2122401.160543748
15979355.40952823
23790623.411193907
25260768.703267854
7173823.6361642135
4835848.899820439
12174843.208762892
5282442.524443707
23642929.36607827
10637940.049823422
22389074.025549557
4835848.899820439
22218837.221099183
8183834850.928582
2942757.516262564
2892698.911878037
2933265.799561046
3802261884.0111675
8709859.783900443
7754957.362950823
5119092.726816285
5306701.4475138895
5119092.726816285
5119092.726816285
5119092.726816285
9925302659.250998
5052807.655511499
1381833.4471045467
2943902951.1044817
1788371.1077699552
13021434.872893643
1895240.473294432
4129255053.0438385
4470092.502593179
3689692168.455755
7953099.234805832
8104211.869351272
3601068014.63299
60167.29366457008
1228225820.7937758
29054904.89881888
2430591.594954637
4896328.820324943
807995.0854921198
2443072262.540023
6147079.624126342
3601919585.4466653
3226219570.667317
3601919585.4466653
3304905.168437846
3836797.473423476
8862802.96830294
41815941.985320695
9863410.74953341
154108.43981755184
2957957.3024556087
2126680091.5587926
1105851011.5022833
10966557.89827343
8001240.317477851
2419596.6439040694
1938753.3088226938
2316554.4289729134
4904357.882686872
9460.701136807986
2419596.6439040694
5954670.560957321
28491.234020308777
2419596.6439040694
599186798.0738565
2769777234.209321
3230877301.109859
1366285.511515017
1366285.511515017
1366285.511515017
1134754058.4863575
462583.35947652865
2547097.620123984
5122522.548713547
2956596.647424473
2547097.620123984
2547097.620123984
165270528.5344096
2779584501.2655663
2991316.4621662064
3719487770.9420705
3719487770.9420705
2965416.8621312925
3269694.186631174
1724551.3164740275
2148509562.5075045
973810.8554162924
998211250.0753669
4610604.33388596
12044354.295577606
2131463739.162156
2266268.67388881
4813814.728636846
67402634.58553219
6004384.469079
2295630877.881391
146147.60324134864
1196004.4837917371
15979355.40952823
23790623.41119385
25198645.8556664
41173.47148346846
327507.4300918407
12174843.208762862
5282442.524443694
23642929.36607827
10637940.049823422
22389074.02554967
7291110.234779666
4835848.899820439
2192587.1972679985
1005710418.1018257
5653011366.2220745
4870025657.007296
6127493807.542844
8183834850.928582
154108.43981755184
2892698.911878037
2828101.617932229
1924520.347219632
2846872715.9481897
246474606.9396518
1804244513.2915163
8709859.783900443
7754957.362950823
5119092.726816285
35760.43847605895
5119092.726816285
1136174.9158507842
49115.14264301796
3029613.204671774
5482655.245634145
27784818.432556327
13120640.470764987
11291976.003314637
35628960.82313711
20382.52862134625
26998033.0889948
18899573.543822102
53860625.250730164
45808002.83436614
46536256.23652444
40109229.629834585
53627.40314428811
40109229.629834585
5482655.245634145
23039753.829266902
52310120.18000831
38122531.00199406
17712274.55557404
43081.86430506464
24195693.52089538
1462310.5519451026
38122531.00199406
16331.070888442504
57210.97441924937
9727.549177464996
66790.08288660806
8866819.264592016
38122531.00199406
21232915.89853117
37740152.04639745
38122531.00199406
35214445.47399825
38122531.00199406
21232915.89853117
38122531.00199406
29960.248330078983
154108.43981755184
38122531.00199406
38122531.00199406
38122531.00199406
22625044.62068515
21098112.530970644
24195693.5208952
154108.43981755184
38931.96691666119
24195693.52089538
24195693.52089532
1462310.5519451026
44787460.021262586
34402.46066780687
44787460.021262586
7688947.742442224
31094677.770213388
31094677.770213388
154108.43981755184
21232915.89853117
8866819.264592016
27274913.22482108
27274913.22482108
27274913.22482108
27274913.22482108
22626.734010899578
14245.61701015437
27274913.22482108
27274913.22482108
27274913.22482108
25194312.111996356
14311304.304911219
27274913.22482108
27274913.22482108
27001338.712353576
27274913.22482108
1190.3739538830955
12665343.560528038
27274913.22482108
27274913.22482108
9460.701136807986
27274913.22482108
27001338.712353576
27274913.22482108
27274913.22482108
27274913.22482108
27274913.22482108
27274913.22482108
17310903.12871059
17310903.12871059
14311304.304911219
17310903.12871059
17310903.128710635
17310903.12871059
7688947.742442224
7688947.742442224
17310903.128710635
7669.803452501244
17310903.128710635
1462310.5519451026
1462310.5519451026
28993257.33422186
36473.93247238358
32043362.639699444
32043362.639699444
14311304.304911219
32043362.639699444
32043362.639699444
3725763.5146597745
2890149.2953202147
28993257.33422193
15672.576176238543
52929.97025315615
38909855.739584245
797981.1600319948
12665225.240517056
23039753.829266902
23039753.829266902
23039753.829266902
42739.31665340467
23039753.829266902
23039753.829266902
23039753.829266902
13700130.89297169
14622922.660110373
14622922.6601103
13224.847636173352
210540.23491722424
27067774.00152283
8411554.50920063
27498096.156730883
6396104.1026650015
8684864.178991336
154108.43981755147
52313.9606606114
15044196.54569894
5298525.092003892
15044196.545698866
6985903.723058909
8654287.787944496
6001361.89066808
8928463.278342983
8928463.278342983
7179973.2759215105
13896586.219076522
9238111.927692791
4844104.100325023
4844104.100325023
5863265.608007229
4844104.100325023
582225.7413592347
1552153.3089421205
1552153.3089421205
4990.675521744377
20676.72040215898
5034267.738837691
1820305.494651406
2580436.9280879432
41335185.69246202
34548631.86731664
34374.791184820235
11815619.297441874
23309505.873915214
56630003.722559854
56630003.722559854
33302.39001254159
154108.43981755184
66971.0822370372
56630003.722559854
56630003.722559854
56630003.722559854
56630003.722559854
56630003.722559854
56061989.97557813
56630003.722559854
5676339.645643201
5877.440514373578
42269602.42554142
67708857.40835306
89750542.0695598
167334.2354988958
41173.47148346856
89392493.29412805
89392493.29412805
96175021.06773868
54001747.00184991
96175021.06773868
18133729.20420216
35942057.836782806
35942057.836782806
35942057.836782806
13032.219266111213
24899.11914104588
154108.43981755184
35942057.836782806
7688947.742442224
32891234.73465336
15697.407556663593
18133729.20420216
60197744.98391243
8923.888502216934
154108.43981755184
66530578.140140675
66530578.140140675
66530578.140140675
25966783.024789967
41335185.69246202
34548631.86731664
25823125.82409453
126802187.19490583
35760.43847605891
20012.907734759563
14373.517513484387
139612320.0585702
10885418.733804008
41166715.43035262
203853742.71426088
315241953.8263512
315241953.8263512
203853742.71426088
24853301.06714787
167221786.79346344
337304846.40096474
13932685.1193163
13717879.219068835
17822543.956872057
34136303.311720036
29038576.6673803
13717879.219068835
203853742.71426088
865131427.793007
337304846.40096474
865131427.793007
49296528.6797337
16087307.88686101
33859147.28756473
24322861.92484206
5016733.554445576
19486707.421272304
49296528.6797337
56483341.39930887
28347789.80369725
29489919.448148716
13681809.23477591
26618725.972516023
1240846.5584629588
1244528.1015953037
1245066.199354215
9123608.484601887
7540743.46152024
2648301.741729585
18003709.05615237
17880847.608445346
45544911.23828066
40411226.506275535
25607319.701186076
21098677.679956395
8046442.823523369
1133948.4084644164
19796952.7969049
23126764.374025743
239972068.41478586
337304846.40096474
11544306.763912633
34136303.311720036
16909177.460618913
10560185.151415879
15629819.96510295
20463132.899900507
10678018.521660756
203853742.71426088
10704037.783518208
25406888.319310777
22289876.019107208
14124391.429506307
10504479.49811322
10919530.574767407
4023977.1149052284
13361748.374924205
133109745.64641254
4278759.640985192
6467300.368892893
28180933.142490618
1884673.8674526555
2299711.0356723005
37914248.889841676
6363376.696613614
6185519.41773654
30696515.861555338
39519276.056053504
8662636.817018976
107236542.35113245
144821758.10260516
63339077.88479596
68794133.9076221
41616064.09777801
2230970.3705126317
2112147.7100464213
44795802.566763595
58546809.0568352
2218583.6769723943
2230658.0655137743
80764863.0987352
2238695.213193432
865131427.793007
141460814.8706382
1014780479.0663966
30505780.31708373
86033541.48349784
13717879.2190688
17822543.956872057
34136303.311720036
697000103.4431331
782900295.2668542
782900295.2668542
181163400.4484041
48648768.99263162
24322861.924842
5016733.554445588
19486707.421272352
72501747.94099729
49296528.679733574
181163400.4484041
28347789.80369725
109234867.27052242
29489919.448148716
26618725.972516023
1245066.199354218
7540743.461520221
9123608.484601865
328216199.37016225
328216199.37016225
51472010.95568977
328216199.37016225
8046442.823523369
8570041.678788697
18003709.05615237
66611006.218997665
161644906.02510175
4055630.142378711
76393742.74093069
234823557.65763494
234823557.65763494
234823557.65763494
939294230.6305444
1162391518.2441106
119948055.19556835
5707923.320217317
9877044.732192434
15629819.96510295
30082457.261648446
198360922.98988706
198360922.98988706
697000103.4431331
42816151.13407304
89159504.07642862
4023977.1149051986
129523116.19993806
97540306.83435205
36892653.05665225
36892653.05665225
6185519.41773654
110577931.0676744
39519276.0560536
39519276.0560536
107236542.35113218
107236542.35113218
394091372.86064583
134730780.33331746
134730780.33331746
463431003.69957775
63339077.88479596
32738929.41096728
38013041.31187511
58546809.0568352
58546809.0568352
202668825.04295418
7964363.957226635
259465546.806436
7986063.16044574
782900295.2668542
782900295.2668542
73441220.9980821
782900295.2668542
2692927842.7291718
36307410.988629945
134014660211.46204
10430939155.323904
11023852349.854654
10669021.131103076
94108775.96730989
2711272669.9194355
428870.1079290241
16211802.562799944
33161163.420019995
7263723.8065329045
41621906.79146307
1136344271.1271274
1205350.5996598238
39798414696.431946
649982591.2574563
8310458.746091832
12345207.631063202
4017046652.3400326
14392070257.116434
14972645.03583714
1121420821.0347755
39006505.51300918
60698987.25579347
36769632940.06686
162437042.8834229
100428456.40890767
640669549.0111445
279520124.0346335
41635771.30064006
23739362448.12642
119609862.43330649
119609862.43330649
122023121.26833493
19731903.099542614
28579934784.36082
15117843.076089611
688993540.8096539
15463361.011996733
43572958.31693986
31400982.115245674
75394951881.90353
7481148.687155484
16450801.914163781
1370984862.8594203
14142413.558681242
10189993.737964528
94108775.96730989
27908262941.945095
73441220.99808228
101131265.00651208
90425020736.26384
376435103.86923957
376435103.86923957
36307410.988629945
116810783038.5604
10430939155.323853
11023852349.854654
10669021.131103076
19278301.373914834
442824539.8524924
428870.10792902304
16211802.562799904
33161163.420020077
7263723.8065329045
4825310.06880839
1051646046.6787834
1205350.5996598238
652146062.8030611
13355582578.004835
598424518.7730325
8310458.746091832
951969.979913757
2254570637.753406
12362072171.86568
14972645.03583714
842222060.9135858
378340.64537876606
60698987.25579347
36769632940.06686
87745318.80973017
71960654.64885937
136014465.69752362
279520124.0346349
41635771.30064006
20691866934.753994
5456085.735559462
92526507.41642426
57864251.488921046
1898056.6194301539
25297693266.645622
6991175.782275022
107756288.42359364
6573615.718936573
36170646.522038326
6867121.087004354
7069649882.628256
7481148.687155503
16450801.914163781
1634384.4279026515
14142413.558681242
10189993.737964528
9986774.220152894
25332405731.189068
51202997.36318672
111098.16759515008
10029980968.458544
112895268.98756531
371510705.7850797
141460814.8706389
845420092.0301546
30505780.31708373
86033541.48349784
13717879.219068835
17822543.956872102
34136303.311720036
599031000.1596558
2237056.5888010096
159675.76809898153
2109894.1917912303
16512144.991758466
23910439.2293206
5016733.554445588
19486707.421272304
72501747.94099711
602060.7235419452
181163400.4484041
28347789.803697392
4825310.06880839
4825310.06880839
28059195.04391689
24524057.266277254
1245066.199354218
7540743.461520202
20150.944742002575
45053503.20812004
1896935.1060894884
143571216.962769
42488591.930650964
9394254.995359397
305719910.2693993
328216199.37016225
1162376495.575574
1004259664.1955729
8046442.823523369
8570041.678788656
18003709.056152325
951969.979913757
66611006.2189975
154335405.42252794
4055630.142378711
70708081.19783989
81180.19223924016
219500945.2136941
151550001.99186417
250907.15286934268
219500945.2136941
234823557.65763494
151550001.99186417
107690884.92967428
107690884.92967428
158268445.33489865
123312312.42666008
838813093.7322389
939294230.6305444
101277045.87530264
5707923.320217317
9877044.732192408
54003.34591485989
30082457.261648227
198360922.98988706
182358915.87271202
599031000.1596558
1541872.0824860905
172870008.17181647
696991095.4614338
42816151.13407283
1898056.6194301539
826555.6527106924
3792479.0074697724
121071525.85755555
16711206.470662417
31997110.28317752
1585313.4118426973
5397572.293161903
669203.1961639149
7052842.839663091
1421350.7997444894
78099932.1113137
1613180.5550098848
58420683.33411614
1547565.5862237331
72510947.32905768
655905.3835580972
134730780.33331746
303683763.3498783
49671255.92584187
59050.19672942691
14041883.72777291
127887.369841771
41103760.85683846
148770865.12804425
393864.25013089774
5864628.570040145
7986063.160445721
29530399.23673247
8766835.372551546
130803042.48052613
73302937.99034882
150043416.7764947
130803042.48052613
111098.1675951498
426107665.935469
2203239910.3792825
1347016954.4866295
47868285.18658591
8948226.355204038
2203239910.3792825
423396446.9651777
10125827.797345655
29902465.60832662
33503665052.86551
33503665052.86551
23739362448.126186
2755963087.4636774
40224299.58198277
37748452853.75876
10669021.131103076
4969949427.205353
94108775.96730989
39798414696.431946
677818167.4798572
1666593824.331032
1042104.1826271695
428870.10792902514
8290290.855004999
16211802.562799985
8826989553.257101
17307499.950874083
7263723.8065329045
10533988.258024855
1136344271.1271331
335393168.213756
1205350.5996598238
180005804.09158432
2614037.087307077
12345207.631063234
4017046652.3400526
4877881.5144780455
3598017564.2791176
12649265.463225951
3743161.258959276
5054722517.962596
4460818098.314991
16075304.792416729
10880129.7977088
301407130.60756564
111886283.63677399
39006505.51300918
162437042.88342372
100428456.40890718
59848683.70443599
185767400.03656414
74187741.44182107
39006505.51300918
60698987.25579347
39006505.51300918
36769632940.06649
39798414696.431946
2894003993.2920814
41635771.300640166
29902465.60832662
29902465.60832662
29902465.60832662
30505780.31708373
23739362448.126186
4932975.774885666
3904394304.0411577
2706168.553554268
60774631.50050615
28579934784.360962
3779460.769022403
617426.7282300985
4958216.866938877
639327.0205117246
688993540.8096555
27493081.10980637
15463361.011996733
3554971.989497363
43572958.31693986
31400982.115245674
31400982.115245674
18848737970.47579
11369235.525413694
7875628.283702312
7481148.687155503
7481148.687155503
16450801.914163781
10569171986.139505
8716923075.714945
1370984862.859427
575609766.6235634
6494334.900773664
3535603.3896703105
2749552.8598051993
101131265.00651182
73441220.99808228
94108775.96730989
94108775.96730989
94108775.96730989
94108775.96730989
101131265.00651208
94108775.96730989
304012543.29926556
90425020736.2634
10125827.797345655
10746514.957257638
29202695759.640244
29202695759.640244
20691866934.753994
2755963087.4636908
40224299.58198277
37630505301.75975
10669021.13110305
4969949427.205353
19278301.373914834
39789005500.1457
147608179.950831
1090261289.349773
1042104.1826271721
428870.1079290241
8290290.855004999
16211802.562799985
7438958074.155785
17307499.950874083
7263723.806532923
1319016.4335940748
1051646046.6787834
318086023.07593584
1205350.5996598238
175560442.12018195
23087925.54361082
652146062.8030628
13355582578.004835
2614037.0873070643
951969.979913757
2254570637.753406
3972683396.4882154
4877881.5144780455
3090518042.96642
12649265.463225951
3743161.258959285
4907499349.07562
16774178.672228944
1624586812.6407752
10911641.470889542
10880129.7977088
210555515.22839645
111886283.63677399
378340.64537876606
87745318.8097306
71960654.64885937
59848683.70443584
38328885.18080239
74187741.44182107
32454358.516086064
60698987.25579347
24950187.837407257
23672517649.79625
23672517649.79625
17181454.23709818
32049401229.62981
36769632940.06667
39798414696.431946
2894003993.2920814
41635771.300640166
1818695.2451864851
23131626.854106065
23131626.854106065
14466062.872230297
20691866934.753994
632685.5398100521
314550062.5046816
2706168.5535542616
17688767.460769534
25297693266.6455
25297693266.6455
2330391.9274250045
617426.7282301
4958216.866938901
639327.0205117263
107756288.42359364
27493081.10980637
6573615.71893659
3311432.4442787906
36170646.522038415
6746907.203338087
6867121.087004354
1767412470.657064
11369235.525413694
244317.1452354492
7481148.687155503
7481148.687155503
16450801.914163781
7975538676.369811
8716923075.714945
1634384.4279026515
427959341.08953977
6494334.900773664
3535603.3896703105
2749552.8598051923
352693.3123040467
51202997.36318672
28223817.246891327
65873541.869771734
9986774.22015292
92877676.44626993
111098.16759515008
88765971.11919376
65873541.869771734
9457819737.136688
10029980968.458494
36041415651.57949
60783028653.71955
25236782.526834786
10885418.733804008
41166715.430352725
58724770.688643746
282360050.3927052
282360050.3927052
185417555.73442712
24853301.06714787
167221786.79346427
335444583.7649468
13888160.255036207
13717879.2190688
17822543.956872057
34136303.31172012
29038576.6673803
280054.4015722661
185417555.73442712
2237056.5888010096
337304846.4009664
159675.7680989823
703298.0639304093
6798026.159205439
33859147.28756473
23910439.22932072
5016733.554445576
19486707.421272304
19486707.421272304
49296528.679733574
133203.0161095468
49296528.679733574
602060.7235419452
49296528.679733574
56483341.399309285
56483341.39930887
1319016.4335940748
28347789.80369732
1319016.4335940748
29489919.448148645
13681809.234775877
26618725.972516086
1240846.5584629588
1244528.1015953037
1245066.199354218
1359412.5305285342
7540743.461520202
20427.14103120001
337304846.4009664
9394254.995359443
208387.4550158913
1896935.1060894884
306799567.7896778
211823575.81359363
45053503.20812026
211823575.81359363
306799567.7896778
143571216.96276936
1896935.1060894884
337304846.4009664
8046442.823523349
2648301.741729585
7052842.839663074
18003709.056152325
951969.979913757
18003709.056152325
17880847.608445346
17880847.608445346
17880847.608445346
45544911.23828066
45544911.23828055
40411226.506275535
40411226.506275535
40411226.506275535
40411226.506275535
125068.20678848433
404726.590826449
17442742.641922995
25607319.701186076
10666410.29149172
21098677.679956395
19796952.79690485
19796952.79690485
1133948.4084644164
23126764.3740258
151550001.99186382
107690884.92967428
107690884.92967428
179247670.85040903
179247670.85040903
179247670.85040903
81180.19223924016
167936.7328906931
226791.07531370787
219500945.21369463
219500945.21369463
158268445.33489865
37164274.519325234
219500945.21369463
219500945.21369463
151550001.99186382
219500945.21369463
17434.0
151550001.99186456
239972068.41478586
250907.15286934332
239972068.41478586
239972068.41478586
151550001.99186417
239972068.41478586
337304846.4009664
11544306.763912633
34136303.31172012
16909177.460618872
16909177.460618913
10560185.151415879
54003.34591485976
20463132.899900507
10678018.521660756
61578733.924797244
185417555.73442712
185417555.73442712
513957.36082869745
185417555.73442712
61578733.924797244
185417555.73442712
203853742.71426138
203853742.71426138
10704037.783518208
25406888.31931084
632685.5398100521
275518.5509035645
1319016.4335940748
5086912.818528574
10919530.574767353
10919530.574767381
4023977.1149052284
13361748.374924205
40208874.75903322
121071525.85755555
121071525.85755555
31593970.570967957
4278759.640985192
6467300.368892893
5570402.156887452
1884673.8674526508
2299711.035672295
34485348.48101845
1585313.4118426973
6363376.6966136
5498581.654739324
5397572.29316189
223067.73205463856
7052842.839663074
34144786.53103926
133674.2942753018
1421350.7997444859
34144786.53103926
7766113.485649775
1394694.207215326
1613180.5550098848
78099932.1113137
17493394.925856877
386891.39655593236
72510947.32905732
655905.3835580972
83904498.19656943
83904498.19656943
94665027.73507288
244317.1452354498
144263833.94823024
144821758.10260516
49671255.92584174
49671255.92584174
49671255.92584174
1138045.9684776757
68794133.9076221
17954949.165404152
65857.66613682362
14242654.319488678
50733.50673864357
1891015.1974178548
159039.35603754187
127887.369841771
41103760.85683835
41103760.85683835
58365863.1707838
33022772.695025496
131288.08337696578
80764863.0987354
2218583.6769724
1642564.439704234
2238695.213193432
674614671.1435678
120657776.50221683
150043416.7764947
372166033.44795555
76604730.54943854
130803042.4805255
2237056.5888010096
455742580.81396616
130803042.4805255
455742580.81396616
455742580.81396616
314658276.1313067
455742580.81396616
15956095.062195364
38113010.816409685
29530399.2367324
8766835.372551546
154368.1145638563
2237056.5888010096
111098.1675951498
352693.3123040467
674614671.1435678
130803042.4805255
426107665.93546796
2358673.1028217953
10240681.412313351
21286722.964211967
27296338.84007004
27296338.84007004
14479489.478962794
9096779.973309217
17651396.86328062
47561.40856849118
29206732.378109246
9955227.40814718
4825435.773189291
4825435.773189291
4825435.773189291
9955227.40814718
5882505.871121165
5882505.871121165
4825435.773189291
9733437.87017208
9733437.87017208
17651396.86328062
21526750.99999998
21526750.99999998
9733437.87017208
29206732.378109246
65626020.45420437
29206732.378109246
17651396.86328062
21526750.99999998
9733437.87017208
9733437.87017208
80249.75324215706
9733437.87017208
4323018.000000002
4323018.000000002
4323018.000000002
14280057.495951569
29206732.378109246
5882505.871121165
5882505.871121165
47561.40856849118
5882505.871121165
17651396.86328062
3841081.600184373
11525777.822330909
7077574.748041498
2453913.7677157694
1094072.587160009
1094072.587160009
21526750.99999998
21526750.99999998
103248.00000000004
21526750.99999998
65626020.45420437
51925374.54578576
354830.62951210566
553201.1539338882
686952106.3893296
454115.3488712167
129747.13270387474
41709.72568991707
266536.9630617193
15554456.764483394
773986343.2824645
43414.28914130562
115168107.11150368
36629.19182219988
504903.5225867438
337913.112790032
32436.783175968685
227601861.5405936
703498.4787436237
81258.19871249924
49801.05866277204
816018330.0403308
2179214.2210466126
486746898.0587046
49801.05866277204
49801.05866277204
56341.98555425524
265163.2137273878
227601861.5405936
99051.18931365017
93156.58911934863
158388.0594615158
227601861.5405936
365669.0312178563
1093780.7488441223
1271509.110914826
199204.23465108866
2294813.4417767352
372596.7924952998
1932969.5420903962
921951.5028459042
41411.06778666017
109280.65822300957
628244.0057320198
246987.47281788956
142182.848342856
166204815.17478254
191152.5315551356
615439.4657126829
201222.9771635132
41411.06778666017
232072.5757201508
166204815.17478254
165644.27114664108
2915252.3970571123
458098.0305873484
5407661.729428371
165644.27114664108
664819260.6991317
69052.76417289439
58970.237479935
176515.7047111269
29515.461450157065
135762269.0801508
135762269.0801508
118061.84580062855
118061.84580062855
1330121.1811554895
185085.53339160085
486746898.0587046
46434.201207729275
91674642.0316942
226982.02533114093
233695.59010251838
366698568.1267759
33212.809141284095
19187.144185808767
1280518.2991507773
247163.9741649254
81563.10859696321
275436.5502706568
81258.19871249924
489849.64308970806
274403.0136040781
103248.00000000004
150519.57357433593
81258.19871249924
449644.7031490529
81258.19871249924
35680974.0324211
81258.19871249924
92138.13676214659
87438.30512996014
88004.25476077842
81258.19871249924
81258.19871249924
165051.896329609
517128714.9602349
391543.49782367697
5729529.618507672
325032.794849997
1581420.535965697
867845.4350506092
325032.794849997
648105.6697797214
966463.5632244282
325032.794849997
345181.08638799994
1854055619.4989219
57850.003161772045
354830.62951210566
553201.1539338868
554191247.9867016
454115.3488712167
14135.77015942181
41709.72568991718
266536.9630617193
15554456.764483433
773986343.2824664
43414.28914130562
115168107.11150396
36629.19182219988
504903.5225867451
337913.1127900312
32436.783175968685
304191.8475014224
12209.88714116555
20200.10888584514
20200.10888584514
464434597.30381227
19796.16002871812
61105845.803369254
49801.058662772164
49801.058662772164
56341.98555425538
265163.2137273878
184604541.8650207
94280.70078865923
1995.418753044087
158388.0594615158
153183738.07031915
947439.9473032561
184604541.8650207
78739517.33188678
365669.0312178572
1093780.7488441223
1271509.110914826
199204.23465108866
33204.00000000009
19796.16002871812
1932969.5420903962
921951.5028459042
3065.558187345334
109280.65822300984
628244.0057320198
246987.47281788895
9707.999175937326
44895914.343399756
166204815.17478293
191152.5315551356
615439.4657126829
201222.9771635137
7534.268245821906
232072.57572015026
44895914.343399756
151985603.5543785
165644.27114664108
2368606.5124951135
458098.0305873484
5407661.729428371
165644.27114664108
261670112.06048945
415778634.41528374
69052.76417289439
58970.237479935
176515.7047111269
29515.461450157138
28985885.84703103
110114791.31345722
110114791.31345722
24688.523102850886
118061.84580062855
1330121.1811554895
185085.53339160085
481285286.9863622
46434.201207729275
83831661.46640435
16602.000000000004
233695.59010251838
62128619.65537066
24909.6068559631
14390.358139356558
989669.0306832244
207702.03915341324
1609.1239852789477
275436.5502706561
56801.13027022524
489849.64308970806
714.8461212450974
103248.0000000003
150519.57357433593
59225.384436224296
449644.7031490529
12263.724026575308
35680974.0324211
20200.10888584514
40682.10255796635
87438.30512996014
88004.25476077864
5388.805062349159
81258.19871249924
4144.748967066655
4387143.1069856165
74635619.54188685
48682.33360829373
127550.73796214593
66040759.4882788
320552.40533676057
5729529.618507672
310068.5173715074
7584.341764451297
867845.4350506092
325032.79484999774
648105.6697797214
966463.5632244307
325032.79484999774
345181.08638799994
74605464.91348714
37168670.70613337
4231.084967239488
7731349.529679796
21286722.964211915
18444211.259228043
8674745.951300407
12318.401113780947
210569.0000000006
17651396.86328058
47561.40856849118
29206732.378109176
7515841.9289647
4825435.773189291
3643032.0496729105
3643032.0496729105
7515841.9289647
5882505.871121165
3140319.4128903477
3643032.0496729105
13187.455857746028
12209.887141165564
11927097.427765828
5534.000000000008
8999.999999999998
5534.000000000008
19678703.373532988
19796.16002871812
16602.000000000025
2857567.0570871844
21526750.99999998
7348398.731478846
1266135.0191508008
7348398.731478846
7348398.731478846
9733437.87017208
9733437.87017208
7348398.731478846
1995.4187530440845
5534.000000000008
3495942.97179372
7348398.731478846
7348398.731478846
5196102.573891316
5534.000000000008
3253415.1773224385
9733437.87017208
80249.75324215706
340627.7093132621
3167.6363427641154
7348398.731478846
3253415.1773224385
9733437.87017208
29204828.0557941
16477844.196183491
19796.16002871812
19735069.429267164
16602.000000000025
19796.16002871812
29206732.378109176
24730674.96362961
1875.0000000000014
4323018.000000002
4323018.000000002
10838.99999999998
2628720.2406889927
4323018.000000002
4323018.000000002
10091.0
4323018.000000002
4323018.000000002
4323018.000000002
4323018.000000002
3717571.81606704
3717571.81606704
4323018.000000002
2628720.2406889927
10376.0
4323018.000000002
4323018.000000002
4323018.000000002
9200881.835118389
13217253.517185962
3283162.1590259545
13217253.517185962
13217253.517185962
14280057.495951533
13099052.97679449
13190692.737515243
2882.421204473771
2085295.5560773017
4441082.303893045
4441082.303893045
1313653.8831770062
5882505.871121165
47561.40856849118
4441082.303893045
5882505.871121165
11927097.427765828
29585.98098762322
2984762.545792158
6162505.378495752
7683176.285077939
17422623.80209275
17651396.86328058
17650245.965997588
2899879.7274700888
2899879.7274700888
2899879.7274700888
7787999.787353557
4301180.184635491
16602.000000000025
4300881.847396049
22098.576492615983
40392.8483517178
585683.0916656903
825985.8149677872
91472.67568671929
12543789.273658577
10396794.999999998
10396794.999999998
1949617.0000000016
210569.00000000012
1609.1239852789477
454.99999999999983
198135.00000000044
4716783.215818172
3509.311043495579
15541.000000000024
4716783.215818172
10396794.999999998
10396794.999999998
10396794.999999998
10396794.999999998
103248.00000000004
5503449.989263105
13771863.893243216
340627.7093132621
10396794.999999998
4716783.215818172
5286.541402467203
5534.000000000008
2655.1082840441777
6433.054639904737
5534.000000000008
10396794.999999998
1266135.0191508008
13771863.893243216
5760.999999999993
21526750.99999998
14312953.000000002
57990291.77076123
7760.064110559912
29315919.63780989
13620878.235047458
29315919.63780989
29315919.63780989
11636.225032200091
29315919.63780989
29315919.63780989
28165191.41448568
29315919.63780989
1689339.0000000012
5274493.218799981
16602.000000000025
1508478.0395620563
65285011.59737074
30313.69055938748
19796.16002871812
57990291.77076123
13992121.335871955
57990291.77076123
51925374.54578576
115168107.11150368
354830.62951210566
31446.44607361157
50125.166342788296
154283.09178480573
176184.69179624165
29515.4614501571
191603022.19646928
191603022.19646928
176436.17972510084
120582.65293055814
191603022.19646928
32436.783175968685
486867.75602943095
41709.72568991707
70434.2735699118
135762269.0801508
215878401.32142532
43414.28914130562
115168107.11150368
29515.4614501571
32436.783175968685
215878401.32142532
36629.19182219988
83989.66147121921
230442.6288610768
504903.5225867438
337913.112790032
233148127.30560726
32436.783175968685
115168107.11150368
176893.602338103
227601861.5405936
227601861.5405936
135762269.0801508
703498.4787436237
230536.05863703022
136195.77265466063
81258.19871249924
517128714.9602349
227601861.5405936
81258.19871249924
517128714.9602349
227601861.5405936
49801.05866277204
81258.19871249924
172548.9999999999
227601861.5405936
484167.8246819852
638931.2184421726
43898.61521016017
517128714.9602349
135762269.0801508
135762269.0801508
227601861.5405936
345372.1333198582
146812.60114355356
49801.05866277204
1560462.2183024066
49801.05866277204
142793.75990664627
372018.30768719246
181303.01496296472
49801.05866277204
712583.3645251357
174365.12515127804
49801.05866277204
99051.18931365017
180521.366475129
283570.8832222959
57152.67240613783
94299.6258385798
93156.58911934863
49801.05866277204
332811.3810120522
344692.9628885195
158388.0594615158
56341.98555425524
265163.2137273878
365669.0312178554
175636.71011102328
691476.1750212903
579584.6445240772
266452.9219295827
289322.63706317643
191152.5315551356
41411.06778666017
41411.06778666017
41411.06778666017
187288.22196712418
615439.4657126829
201222.9771635132
628244.0057320183
41411.06778666017
100459.07933879967
900020.8909579755
1079903.8433897214
41411.06778666017
121584.29868187474
41411.06778666017
246987.47281788956
41411.06778666017
472335.4579960112
1762705.3978200655
41411.06778666017
41411.06778666017
41411.06778666017
41411.06778666017
232072.5757201508
41411.06778666017
99023.93051353491
62793.473958493036
41411.06778666017
41411.06778666017
41411.06778666017
401007.9991439083
109280.65822300957
127085.05593811651
142182.848342856
821456.196529505
41411.06778666017
41411.06778666017
166204815.17478254
227601861.5405936
69052.76417289456
29515.4614501571
29515.4614501571
58970.237479935
65108.45638663281
29515.4614501571
176515.7047111269
410931.05060342577
29515.4614501571
217986.7773767643
74648.88643939269
46271.38334790021
29515.4614501571
135762269.0801508
364910.52655822324
812083.068530553
46434.201207729275
56745.50633278517
46434.201207729275
58423.897525629596
292880.68147626275
91674642.0316942
132084.67870220056
8303.202285321024
8303.202285321024
51925374.54578576
4796.786046452186
2205.0693184969955
2848.729671610463
23821156.619971104
67603.83315023025
384625.59470217297
698898.977718524
789660.9999999979
135692.27454427863
81258.19871249924
1093478.3108082176
1280518.2991507773
97885.87445591924
136947.54895944658
247163.9741649254
172548.9999999999
81563.10859696321
92138.13676214659
87438.30512996014
139424.1971682103
98643.7118928522
275436.5502706568
88004.25476077842
81258.19871249924
650766.832327831
1768721.2831602385
81258.19871249924
103248.00000000004
81258.19871249924
150519.57357433593
81258.19871249924
477495.0000000007
95316.2428865092
274057.6352247822
94268.77984783721
81258.19871249924
81258.19871249924
231533.33528889532
81258.19871249924
690210.3162457072
81258.19871249924
81258.19871249924
81258.19871249924
81258.19871249924
1195844.9714912884
89403.45623072966
489849.64308970806
223837.65551175651
172156.30411634658
81258.19871249924
269175.8108095891
81258.19871249924
81258.19871249924
274403.0136040781
81258.19871249924
620325.7786872968
165051.896329609
86295.27159699998
449644.7031490529
81258.19871249924
81258.19871249924
81258.19871249924
459782.4683478035
81258.19871249924
425931.0891094942
391977.9220313299
81258.19871249924
517128714.9602349
57850.00316177197
25599188.951632384
354830.62951210566
13079.543111286412
50125.16634278836
154283.09178480573
176184.69179624165
29515.461450157138
155406409.65374458
155406409.65374458
176436.17972510084
120582.65293055814
70277.28257388347
4711.923386473932
486867.75602943095
41709.72568991718
70434.2735699118
110114791.31345667
215878401.32142532
43414.28914130562
115168107.11150339
29515.461450157138
32436.783175968685
212825184.2932781
36629.19182219988
83989.66147121921
2914.6781262457566
504903.5225867451
337913.112790032
233148127.30560726
32436.783175968685
105315205.52608477
176893.602338103
127938176.02058029
304191.8475014224
33072231.540250115
12209.88714116555
230536.05863703022
136195.77265466063
20200.10888584514
104245636.09026517
227032101.76408318
81258.19871249924
66052246.69063629
24868488.304495685
20200.10888584514
81258.19871249924
1919.083114406461
127672760.89219478
10803.354413175855
5533.9999999999945
7449.125744478867
202691003.38824606
76313862.11413665
20368615.26778983
126832091.48316559
345372.13331985736
146812.60114355356
49801.058662772164
1560462.2183024066
49801.058662772164
142793.75990664627
372018.30768719246
181303.01496296472
49801.058662772164
11068.000000000016
174365.12515127804
49801.058662772164
94280.70078865923
180521.366475129
283570.8832222959
4867.787998670445
5534.000000000008
2430.000000000001
49801.058662772164
332811.38101205137
8401.000000000004
158388.0594615158
56341.985554255305
265163.2137273878
365669.0312178563
5534.000000000008
691476.1750212903
579584.6445240772
266452.9219295827
153183738.0703188
153183738.0703188
257734.95541202335
947439.9473032561
39981.22109583863
191390.66505014585
947439.9473032561
184604541.8650198
184604541.8650198
37696294.75769572
126832091.48316559
184604541.8650198
184604541.8650198
78739517.33188678
107705383.79363304
163351.3594188919
227601861.5405936
174932704.21552873
48594072.72644019
289322.63706317643
191152.5315551356
24580.996279603078
41411.06778666027
3065.558187345334
187288.22196712418
615439.4657126829
201222.9771635132
628244.0057320183
41411.06778666027
100459.07933879967
731195.2339943114
1079903.8433897214
41411.06778666027
121584.29868187474
41411.06778666027
246987.47281788956
7534.268245821888
314313.9682769453
1762705.397820061
41411.06778666027
41411.06778666027
41411.06778666027
41411.06778666027
232072.5757201508
41411.06778666027
99023.93051353491
1807.1679501363449
41411.06778666027
41411.06778666027
41411.06778666027
391152.2908708212
109280.65822300957
127085.05593811651
9707.999175937337
5966.000000000003
41411.06778666027
41411.06778666027
6361367.909934691
72747197.90361588
37696294.75769572
124780535.73358005
124780535.73358005
44895914.343399756
44895914.343399756
132865.54988335684
151985603.55437776
151985603.55437776
151985603.55437776
151985603.55437776
164132.1888523373
166204815.17478213
107945199.77866843
109020200.96815033
227601861.5405936
69052.76417289456
8229.507700950286
29515.461450157138
58970.237479935
65108.45638663281
29515.461450157138
176515.7047111269
410931.0506034268
29515.461450157138
217986.7773767643
74648.88643939269
46271.38334790021
29515.461450157138
28985885.84703103
732160.6857913235
110114791.31345667
133842152.62015204
135762269.08015049
104345635.3997844
135762269.08015049
364910.5265582241
21206.56461463965
46434.201207729275
5534.000000000008
46434.201207729275
58423.897525629596
292880.68147626275
947439.9473032561
299373.01284518006
83831661.46640393
83831661.46640393
20709539.88512358
69460.36545729816
132084.67870220056
8303.202285321024
8303.202285321024
51925374.54578576
4796.786046452192
2205.069318497001
2848.729671610463
19320991.817724347
67603.83315023025
384625.594702172
698898.977718524
789660.9999999979
4475.999999999997
20200.10888584514
1091147.9502093275
989669.030683222
80138.10133419014
136947.54895944626
207702.03915341324
172548.9999999999
1935.0000000000011
40682.10255796635
87438.30512996014
139424.1971682103
5534.000000000002
275436.5502706568
88004.25476077864
39046.017718005925
434869.3172398832
1768721.2831602385
77517.12934287667
103248.00000000004
9142.93678201922
150519.57357433593
81258.19871249924
2528.1139214837626
95316.2428865092
274057.6352247822
94268.77984783721
59225.384436224296
81258.19871249924
231533.33528889474
5388.805062349159
690210.3162457088
24123.727006141882
81258.19871249924
81258.19871249924
56801.13027022524
1195844.9714912884
7035.0810940599595
489849.64308970806
223837.65551175651
172156.30411634658
20200.10888584514
269175.8108095884
81258.19871249924
81258.19871249924
714.8461212450965
81258.19871249924
620325.7786872968
4144.74896706665
86295.27159699998
449644.7031490529
20200.10888584514
81258.19871249924
269517.619990471
81258.19871249924
12263.724026575308
188180.47033100924
391977.9220313299
4221.863095838145
122169.54857807279
4387143.106985627
50029515.88045764
74635619.54188685
111341.975851904
48682.33360829373
127550.73796214593
285868345.6847324
202691003.38824606
223709376.46108356
315562701.3041168
24868488.304495685
24868488.304495685
66040759.4882788
66040759.4882788
10261527.386083858
173373959.23294395
124402.87269886959
517128714.9602349
6121429.000000018
6121429.000000003
4662.000000000002
6121429.000000003
2728942.9999999986
10396794.999999998
18670.999999999978
8505335.99999999
5209031.8418383645
8505335.99999999
8505335.99999999
4086823.999999985
10069136.000000017
4086823.999999985
10069135.999999993
6121429.000000003
10069135.999999993
9430477.000000007
3168.9999999999986
4086823.999999985
4809.999999999992
6121429.000000003
210569.0000000006
7451972.999999992
7061846.951363
10497110.99999999
10396794.999999998
6121429.000000003
6121429.000000003
6121429.000000003
10497110.99999999
6121429.000000003
10396794.999999998
10497110.99999999
5792852.510557733
2466.999999999999
10396794.999999998
7451972.999999992
5209031.8418383645
10609122.000000006
6121429.000000003
5792852.510557733
10760.000000000016
10396794.999999998
10609121.99999998
2728942.9999999986
17020.0
1686366.9999999965
15335.000000000011
2728942.9999999916
7515.000000000004
7061846.951363
36244344.000000015
7061846.951363
10396794.999999998
5742906.0000000205
5534.000000000002
12670688.000000015
10396794.999999998
7451972.999999992
4086823.999999985
9694744.999999989
5534.000000000008
1949617.0000000016
8999.999999999998
5534.000000000008
6984.000000000004
10396794.999999998
1951.0000000000005
12670688.000000015
5534.000000000008
4086823.999999985
5534.000000000002
6457.999999999997
12371391.999999959
7061846.951363
5534.000000000008
1378081.0000000002
12371391.999999959
28420861.00000001
12670688.000000047
12670688.000000015
12670688.000000015
12670688.000000015
12670688.000000015
12670688.000000015
198134.99999999997
198134.99999999997
375734.9999999996
9430477.000000007
10396794.999999998
10396794.999999998
10396794.999999998
10396794.999999998
10396794.999999998
10396794.999999998
3221.9999999999995
2185.0000000000005
8400.999999999995
11604.000000000015
2430.000000000001
12767.999999999978
5534.000000000008
5534.000000000008
1678.9999999999975
8094.000000000004
11820.999999999996
4994.0
5534.000000000008
1686366.9999999965
10396794.999999998
10396794.999999998
10396794.999999998
8212386.999999978
8212386.999999978
10396794.999999998
10396794.999999998
10396794.999999998
10396794.999999998
1686366.9999999965
10396794.999999998
1686366.9999999965
10396794.999999998
4086823.999999985
4086823.999999985
10396794.999999998
10396794.999999998
10396794.999999998
10396794.999999998
10396794.999999998
8212386.999999978
10396794.999999998
1949617.0000000016
5534.000000000008
1378081.0000000002
9694744.999999989
9124.000000000004
12670687.999999983
5742906.0000000205
9430477.000000007
9430477.000000007
12670688.000000015
12670688.000000015
12670688.000000015
3229.9999999999973
5534.000000000008
5534.000000000008
5534.000000000008
5534.000000000008
11426.000000000013
12670688.000000015
12670688.000000015
12670688.000000015
12670688.000000015
12670688.000000015
12670688.000000015
12371391.999999959
4086823.999999985
12670688.000000015
12670688.000000015
8212386.999999978
198134.99999999997
198134.99999999997
4323018.000000002
2671273.9999999995
4323018.000000012
4323018.000000012
4323018.000000012
1686366.9999999965
4323018.000000002
4323018.000000002
4323018.000000002
4323018.000000002
4323018.000000002
4323017.999999991
4323017.999999991
4323018.000000002
4323018.000000002
4323018.000000002
4323018.000000002
4323018.000000002
4323018.000000002
1874.999999999999
5992.999999999997
10375.999999999987
2712.999999999997
2983.0000000000014
10090.999999999989
4323018.000000002
4323018.000000002
4323018.000000002
4323018.000000002
4323018.000000002
4323018.000000002
4323018.000000002
4323018.000000002
4323018.000000002
4323018.000000002
4323018.000000002
4086823.999999985
4086823.999999985
4086823.999999985
1362920.0000000028
4323018.000000002
4323018.000000002
4323018.000000002
4323018.000000002
4323018.000000002
4323018.000000002
4323018.000000002
4323018.000000002
4323018.000000002
105.00000000000004
1949617.0000000016
1949617.0000000016
1949617.0000000016
1378081.0000000002
4323018.000000002
702207.0000000008
4323018.000000002
4323018.000000002
4323018.000000002
4323018.000000002
4323018.000000002
4323018.000000002
10838.999999999995
2081.0000000000005
2226.0000000000014
3340.000000000002
11828.999999999996
4323018.000000002
4323018.000000002
4323018.000000002
4323018.000000002
4323018.000000002
4323018.000000002
4323017.999999991
4323017.999999991
4323018.000000002
4323018.000000002
4323018.000000002
4323018.000000002
316117.99999999895
12670688.000000015
1362920.0000000028
6280638.8257806795
1428345.9999999986
6280638.8257806795
7061846.951363
7061846.951363
3350.999999999999
3386.0000000000045
12203.000000000002
45702.99999999995
7061846.951363
1362920.0000000028
7061846.951363
7061846.951363
6280638.8257806795
7061846.951363
5534.000000000008
9132.0
7451972.999999992
1428345.9999999986
2671273.9999999995
5209031.8418383645
5209031.8418383645
7451972.999999992
7451972.999999992
7451972.999999992
7451972.999999992
7451972.999999992
7451972.999999992
7451972.999999992
7451972.999999992
7451972.999999992
7451972.999999992
4008037.0000000126
5534.000000000008
4008037.000000003
4008036.999999993
5675.999999999996
2315806.0563743208
1686366.9999999965
4008036.999999993
4008037.000000003
5534.000000000008
10358.000000000004
4008037.000000003
4008037.000000003
4008037.000000003
4008036.999999993
4008037.000000003
839583.0000000002
13207.999999999985
4008037.000000003
5534.000000000008
4008037.000000003
4008036.999999993
4008037.000000003
2991.9999999999977
8727.000000000004
4008037.000000003
4008036.999999993
4008037.0000000126
4008036.999999993
5534.000000000008
21628.00000000002
2728942.9999999986
2518310.086120443
2728942.9999999986
2518310.086120443
2518310.086120443
2728942.9999999986
2728942.9999999986
2728942.9999999986
342651.0492386743
6956.125244443292
343685.0637084025
773673.9999999993
276403.00000000006
1125.5080945802804
276403.00000000006
276403.00000000006
4286.75936920932
1427330.119477968
1313415.2916252345
1313415.2916252345
1313415.2916252345
121883.55622164036
1703542.9999999986
1093557.9999999998
669296.7512845101
2050.9999999999977
5742906.0000000205
16446769.000000037
16446769.000000037
9694744.999999989
1428345.9999999986
1869.9999999999977
28420861.00000001
20487529.0
16344461.999999985
21419885.000000004
9469.00000000001
198134.99999999997
3411.000000000001
10396794.999999998
375734.9999999996
375734.9999999996
2671273.9999999995
5742906.0000000205
5742906.0000000205
10396794.999999998
10396794.999999998
10396794.999999998
10396794.999999998
10396794.999999998
10396794.999999998
10396794.999999998
8212386.999999978
10396794.999999998
8212386.999999978
10396794.999999998
10396794.999999998
10396794.999999998
10396794.999999998
10919.000000000016
3838.9999999999995
2201.0000000000014
5534.000000000002
5144.0
5428.000000000002
2772.0000000000005
5534.000000000002
2928.0000000000005
4059.0000000000023
4639.000000000001
4836.0
7715.999999999999
5534.000000000002
15541.000000000004
5534.000000000002
5534.000000000002
5534.000000000002
10396794.999999998
10396794.999999998
10396794.999999998
10396794.999999998
8212386.999999978
10396794.999999998
10396794.999999998
10396794.999999998
10396794.999999998
10396794.999999998
10396794.999999998
10396794.999999998
10396794.999999998
10396794.999999998
1686366.9999999965
10396794.999999998
10396794.999999998
10396794.999999998
10396794.999999998
10396794.999999998
10396794.999999998
10396794.999999998
563112.9999999997
889397.0000000007
1949617.0000000016
5534.000000000008
1949617.0000000016
1949617.0000000016
5534.000000000008
210569.0000000006
210568.9999999996
5742906.0000000205
9430477.000000007
1564.999999999999
5534.000000000008
21419885.000000004
12371391.999999959
21419885.000000004
21419885.000000004
21419885.000000004
16344461.999999985
21419885.000000004
21419885.000000004
702207.0000000008
5742906.0000000205
9430477.000000007
9430477.000000007
9430477.000000007
16096867.000000019
28659619.00000002
28659619.00000002
28659619.00000002
7915.999999999986
2885.0000000000014
9915.0
1934.9999999999989
3226.0
4570.0
5534.000000000002
5761.0
30342.999999999996
5534.000000000002
4475.999999999997
28420861.00000001
8212386.999999978
28420861.00000001
28420861.00000001
36244344.000000015
12371391.999999959
35835104.99999999
28420861.00000001
20487529.0
16344461.999999985
9694744.999999989
454.99999999999983
36244344.000000015
3535337.655367624
4482188.499298779
536850.7746125335
992866.7989689779
4507123.123655565
11480245.629404077
10453376.71539582
6601673.560251189
5457701.857948994
2206972.1356988917
4441230.607543756
258233.39803753165
242878.29500203993
2694950.126936819
255056.63035223557
240491.23799890743
5120978.086889269
259040.19964696906
258975.02005797822
256737.0941457387
1740391.3484235366
256307.3979989427
6248464.890739542
259177.1000331096
243341.7857367165
1472488.9533111635
1473495.5600815334
62074790.8238554
371409.6360054532
572471.504259602
1602318.5703001574
2031459.1046510423
449996.31291428575
2094038.158367336
5333795.362551341
6634572.590443996
1607074.8345960726
1777208.621480932
3126654.078081064
111648.95861815895
118569.70650494756
2835115.185751044
113798.13770290244
3977119.004730682
684127.762080541
39397767.531991325
611812.8365603314
4039489.657812673
5147772.805635911
5366085.427961505
13790083.834415473
14932644.368911477
7979110.686645917
7521930.30670658
3533844.016786602
7027805.43690667
287055.86740868626
269986.9194937377
4340618.034750591
6762210.00121113
287097.6391866505
275287.41254089004
284914.89875045663
8636379.851405894
2327139.1869183425
1841629.781117799
89174138.61208905
3535337.655367624
4482188.4992987905
16676316.515403382
536850.7746125335
992866.7989689779
4507123.123655565
4507123.123655565
11480245.629404077
11480245.629404077
11480245.629404077
42189590.05648625
10453376.715395872
10453376.715395872
10453376.715395872
41813506.86158338
6601673.560251189
6601673.560251189
1581141.5889266978
6601673.560251189
5120978.086889256
5120978.086889256
912224.3572534912
19693196.310154386
1740391.3484235452
259040.19964696906
256737.09414573805
6248464.890739557
1473495.5600815334
60742999.4599034
60742999.4599034
60742999.4599034
242971997.83961537
572471.5042596034
7558195.069787588
3126654.078081064
2835115.185751044
113798.13770290244
2290479.4844286256
38552503.20066263
38552503.20066263
38552503.20066263
129969505.55071254
2011566.8690874155
4039489.6578126634
19152672.55484699
5366085.427961505
5366085.427961505
19990123.378983054
13790083.83441544
13790083.83441544
50678182.5580821
14407084.368017439
14407084.368017439
54241055.799572386
28319223.450394064
9893141.62194779
968017.9738152445
24659869.339132912
287097.6391866505
8636379.851405894
8636379.851405894
83717399.82319453
83717399.82319453
83717399.82319453
315186615.0853899
2555942.119708441
776516690.0714194
107189631.38487424
828025706.1219102
828025706.1219102
1846667134.4715297
2279022.520411807
1846667134.4715297
1846667134.4715297
27395189.206551578
697144.1446939432
1159387.2319191552
2788576.57877578
12134609.503602007
5096460132.820878
1026615450.4011402
1026615450.4011402
1581141.5889266978
3270625.2003735094
1906651.591273857
2342855.213537383
330684.3460210739
549128.3381642863
833939.616962683
39522962.8824541
16280063.67019515
7026725.477580082
18362771.32713515
9264364752.636784
28040867.61702199
37057459010.54695
4198881445.6367564
2488583.710569512
887250793.1173112
7489528.845690575
6306780.575187957
953238921.8860829
3812955687.5443316
2399115.9239597726
1545238577.9545023
2935521.00315067
259086292.99676263
470707926.81740093
34519182.266838014
7398147.251027724
55869563.60468112
8587476.246961279
125440353.2976232
32737502.90406693
116343988.47380546
42733777124.120224
162331.66272157873
418394255.3106136
105738129.6194302
815269134.1731809
4058055.0850728983
45910889.19801113
2265873.574972299
1244058994.5059962
612070416.5199269
25491631.78381316
667455.1975809903
38626.259953560024
176650.51293878915
12134609.503602007
5096460132.820878
1007855307.0559524
1026615450.4011326
1377277.093552272
3270625.2003735015
1906651.591273857
2342855.213537383
330684.3460210739
549128.3381642863
274445.67608919874
39522962.8824541
14340455.485883005
671772.1067733575
18362771.327135105
8078509506.068036
6215371.967047291
7471404.132445433
8078509506.068036
7446234.817491593
1948155.341139654
36952137844.77434
4197888740.273862
2488583.710569518
863507952.3434731
7489528.845690575
6066387.0501243
919046955.3292474
3676187821.3169894
40979.43859008317
1544873250.5111868
2727239.0385631127
171024464.24325576
411554374.3311352
34519182.266838014
7398147.251027724
53435505.52617067
3998660.116369031
84260383.53411771
22414426.277299657
65872379.323095575
37154077365.403305
2640707.5523392092
162331.66272157873
4482188.499298779
4482188.499298779
3824502.4651758536
536850.7746125335
992866.7989689779
3254079.1702956497
4507123.123655555
73150.1261653046
585188.4669181376
9707230.519327562
10456667.881221049
40107.36909845869
31726.020409121425
5686620.633260131
28756.31827964075
38427969.70611881
5810.597903830554
33792.12810700142
16239.278309087485
8526306.413361806
9655966.030802526
38626.25995355998
47684.281183635365
41813506.861583486
5402851.461667986
6601673.560251205
6601673.560251205
1377277.093552272
6523508.124471377
5120978.086889269
5120978.086889269
5120978.086889269
5120978.086889269
5120978.086889269
12037554.823142685
912224.3572534912
1740391.3484235452
1740391.3484235494
259040.19964696906
47207.86311622236
6248464.890739573
466966.28829927463
56779421.66263827
37817083.61819649
56779421.66263827
56779421.66263827
181362.76440879458
37817083.61819649
38808998.499520384
60742999.4599034
56779421.66263827
46937.14424632153
47222.102748606994
56779421.66263827
60742999.4599034
22418.32475900017
32651.0236899243
27875644.82391132
242971997.839616
287685.92665687826
7558195.069787569
2880612.8340578815
2835115.185751051
113798.13770290244
2290479.4844286256
3988216.873274809
110232.16033128861
38552503.20066263
110232.16033128835
38552503.20066263
31155.629025908045
5888566.219127875
8860.736844080802
3985360.3822762785
4039489.6578126536
15378906.371934546
19152672.554846946
5188742.183062268
110192.80506602969
19329471.70029525
8521.678238469238
8654.329841183548
16332825.557663448
14407084.368017439
12280931.497006226
10697460.416179746
40390007.642122425
16141.244204743854
440928.6413251534
778114.0135271929
24659869.339132972
10201.280694862267
7017358.217127896
7017358.217127896
38808998.499520384
115398.24140774399
37817083.61819649
37817083.61819649
110232.16033128835
63547353.76276306
83717399.82319453
83717399.82319453
8268183.325094861
106623262.66557972
247948397.68878743
145567633.48997337
145567633.48997337
2555942.1197084347
776516690.0714213
3150197.2539132065
1214489.0481970576
107189631.38487424
908479.8385829282
908479.8385829282
828025706.1219102
3426650.396412146
2279022.520411807
2279022.520411807
2518579.293630077
2279022.520411807
2279022.520411807
3691583.77942431
6974917.161224956
8094612.626331635
6253126.6702409955
2279022.520411807
8696151.636319121
1846667134.4715343
697144.1446939432
1927556.0412864238
3543669.649181358
697144.1446939432
1067625.700847356
697144.1446939432
1159387.2319191552
1274115033.2052164
1716765.2632366938
4387337.933007244
1026615450.4011352
1412526.398865614
2310602.986712113
845860881.5883602
134309342.22037703
845491.9983898858
68219755.83312333
242878.29500203935
186594690.4613845
330684.3460210739
3270625.2003735094
1906651.591273857
2342855.2135373773
330684.3460210739
137282.08454107158
220095.85264422113
388118737.3672811
833939.616962683
147623.8688964799
25675664.274272796
10599324.064411199
7010216.9042554805
7026725.477580082
23870726.99130677
7026725.477580082
7026725.477580082
26061554.926893044
7026725.477580082
39522962.8824541
7026725.477580082
16280063.67019515
7026725.477580082
7026725.477580082
32461649.587229323
18362771.32713515
7026725.477580082
7026725.477580082
9264364752.636738
94147.96184796903
37251.4816566551
168246.05452180168
1505950.455075053
836963631.5315467
758654.8793798789
29860978.255634066
180322441.55008894
5649921.051045852
25315994.567423686
23059161.31327997
4231240.010157885
4198881445.636746
2488583.710569512
887250793.1173134
1872382.2114226485
1576695.1437969892
1061414555.0541685
953238921.8860853
2399115.9239597726
2399115.9239597726
859394.5939034168
1288109.291800005
2284856.666527612
3861627.378396505
733880.2507876656
841835.2836591849
733880.2507876656
1545238577.9545023
1183647609.8456151
1786162.1351103703
4224295.0061510485
72209124.31329067
882862.3674037127
73488595.81343701
159585.12871151575
75539709.28764012
470707926.81740326
146354606.09037608
7398147.251027724
34519182.266838014
8587476.246961279
36845266.90760051
8184375.726016752
12789164.993481673
7398147.251027724
7398147.251027724
7398147.251027724
11221739.124826442
34111289.10414742
35363851.53978609
7398147.251027724
55869563.60468084
10683444281.030056
124298500.34619091
162331.66272157914
418394255.3106136
3150197.2539132065
330198.3936800106
105738129.6194302
758860.8814437801
908479.8385829282
4058055.0850728983
815269134.1731809
1857812.359559925
3426650.396412146
514202.91583784716
704587.7374459658
370288.7321778723
2181966.869019312
2265873.5749723045
3691583.779424319
5176.748496884892
7532157.669993527
4471738.653220993
2279022.5204118127
4924121.776107318
612070416.5199254
1373187181.780242
45910889.19801113
1244058994.5060055
58883.50431292972
1927556.0412864285
3543669.649181358
667455.1975809903
22547.853665988776
697144.144693945
38626.259953560024
301587322.1362541
1237005329.942884
1270853856.576895
1274115033.2052164
1470529.5302587855
4082483.324211908
309801012.02452546
1007855307.0559524
14467494.057899464
948370193.047319
1026615450.4011377
1026615450.4011377
1026615450.4011377
1382867.5194621882
2310602.986712113
845860881.5883622
404330.9289342667
118195615.15809157
64142167.994314276
242878.29500203935
323410.6119855282
3270625.2003735094
1906651.5912738524
2342855.213537383
330684.3460210739
137282.08454107158
216502.9808396479
129065242.60989437
274445.67608919874
147623.8688964799
25675664.274272796
65247.47277864475
1861558.7043729029
6044453.99062984
23870726.99130671
7026725.477580082
814937.0196911128
26061554.926892918
2345661.9228047593
39522962.8824541
119751.31281761873
14340455.485883005
7026725.477580082
9313970.188055266
6044453.99062984
18362771.32713515
6044453.99062984
671772.1067733575
1062563983.7929643
5910489442.167325
8078509506.068036
649385.1137132188
6215371.967047291
7471404.132445433
47595956.25506065
16474967.32567838
8078509506.068036
4712063877.820123
8078509506.068036
9238034461.19363
9262174458.699453
9264364752.636784
94147.96184796903
37251.4816566551
168246.05452180127
1505950.455075053
711762719.5674157
758654.8793798789
23240904.25768388
166092384.95325813
117964302.25103793
5283916.741730194
25315994.567423686
23059161.31327997
2623954.8373283707
3342675.0001639444
4197888740.2738414
2488583.710569518
863507952.3434731
1872382.2114226439
1516596.7625310712
1026107779.6816152
919046955.3292519
919046955.3292519
40979.43859008312
254814.8509760912
859394.5939034168
1288109.291800005
2284856.666527612
3214134.612138702
681809.7596407782
28421.332832926706
733880.2507876675
2111900.4333410687
1544873250.5111945
1139432106.6551757
763392707.4297805
1183647609.845618
1528871.442937793
1337201.2792942754
45175283.25021891
882862.3674037127
3444014.2214071285
126630.01953199928
411554374.3311352
75066828.76380582
128570647.13150793
5654426.631221058
34519182.266838014
3998660.116369031
25650908.514015403
5603606.5693249
12789164.993481642
6362967.320718677
7398147.251027724
6362967.320718677
132672.07489144025
19313346.60728166
25428508.603350345
2250080.8543070112
53435505.52617067
5910489442.167325
2059063.2063439942
2711635.1181884524
9288519341.350826
9288519341.350826
1394115096.1582327
10632215668.589994
4735443.78972252
2206972.135698897
2640707.5523392158
162331.66272157873
3535337.655367624
1045692.2806399575
4471165.623616183
71395.67796447805
4482188.499298779
4482188.499298779
536850.7746125348
992866.7989689779
3254079.1702956497
73150.12616530477
4507123.123655565
4507123.123655565
3073511.5260166163
4507123.123655565
4507123.123655565
4507123.123655565
4507123.123655565
21290.68354938377
55043.038585799324
5065787.317714779
11480245.629404077
32369.61000691852
40107.36909845869
146243.8904922806
9585.439426546905
31726.020409121502
5176.7484968848985
5686620.633260145
10456667.881221049
6251961.085347929
11480245.629404077
11480245.629404077
11344316.702550638
585188.466918139
5065787.317714779
9707230.519327562
5347185.013128644
123944.65833588775
10456667.881221049
10456667.881221049
11480245.629404077
8526306.413361764
4988964.696897713
22547.85366598872
38626.259953560024
5810.597903830554
33792.12810700142
15894.760394545143
15605.379328936528
33987.73900789172
10453376.715395845
10453376.715395845
5484947.063067499
10453376.715395845
1999008.5616950248
10453376.715395845
16239.278309087485
9655966.030802501
9655966.030802501
10453376.715395845
10453376.715395845
3043.3000180724866
4236317.189036714
5402851.461667986
3161349.5807050406
6523508.12447136
6601673.560251189
66255.33439012108
19706.082639631855
6601673.560251189
6013068.89314076
3823954.5852920376
6601673.560251189
6601673.560251189
55105.18405740059
156183.89907413648
6601673.560251189
6601673.560251189
6601673.560251189
5457701.857948994
5457701.857948994
5457701.857948994
5457701.857948994
979521.5093241988
2411919.055864029
258233.3980375323
242878.29500203993
5120978.086889256
5120978.086889256
18172.498368267894
5120978.086889256
4730336.598188326
5120978.086889256
3275085.8896096093
5345.637847815722
5120978.086889256
5120978.086889256
5120978.086889256
5120978.086889256
5120978.086889256
255056.63035223557
240491.23799890743
5120978.086889256
1740391.3484235366
1740391.3484235366
259040.19964696906
258975.02005797887
47207.86311622242
2819092.9426380256
3259624.0109647694
6248464.890739542
6248464.890739542
6248464.890739542
5592233.930132888
256307.3979989427
8153.08604149374
125724.6229534476
1473495.5600815262
466966.28829927347
1455054.3225821378
7373679.0622653235
10885914.042500636
8268183.3250947995
46366903.22837977
10885914.042500636
46366903.22837977
46366903.22837977
56779421.66263841
56779421.66263841
56779421.66263841
56779421.66263841
7472.7749196667155
46937.14424632153
110232.16033128835
10883.674563308114
47222.102748606994
110232.16033128861
110232.16033128835
110232.16033128835
39736.67852249353
10546.321064712562
156183.89907413608
181362.76440879458
56779421.66263841
56779421.66263841
8165566.413504155
56779421.66263841
38808998.49952048
56779421.66263841
56779421.66263841
37817083.61819649
37817083.61819649
37817083.61819649
8165566.413504155
56779421.66263841
56779421.66263841
56779421.66263841
56779421.66263841
53244245.66887763
38808998.49952048
38808998.49952048
56779421.66263841
20300.308569083354
6222060.157631295
62074790.8238554
62074790.8238554
29430.05190277448
110232.16033128835
65247.47277864483
62074790.8238554
38808998.49952048
62074790.8238554
62074790.8238554
62074790.8238554
62074790.8238554
62074790.8238554
371409.6360054532
287685.92665687896
1602318.5703001535
14862.706684853858
2031459.1046510374
2031459.1046510374
449996.31291428464
449996.31291428464
2094038.158367336
5189006.209357619
5333795.362551341
5333795.362551341
6634572.590444013
6634572.590443963
4224.784018148146
5484947.063067499
1607074.8345960726
1725006.6394704771
1903517.6712368885
3126654.078081041
111648.95861815895
2835115.185751044
8840.836506564767
113798.13770290244
3977119.004730682
3977119.004730682
3977119.004730682
684127.762080541
29428250.18538793
36036890.750276364
39333.803782497336
110232.16033128835
36036890.750276364
3988216.873274819
36036890.750276364
24880944.634056423
36036890.750276364
110232.16033128861
10385.209675302669
8793481.944212953
39397767.53199113
5136.413242721026
39397767.53199113
39397767.53199113
2439649.5622051973
1957324.1867055004
2496.3509824355338
3985360.3822762785
33170.92733102284
4039489.6578126634
1045692.2806399575
4133476.1911246045
5052738.440380234
5147772.805635911
5188742.183062281
5188742.183062281
110192.80506602969
5444275.185887797
8654.329841183548
11520895.04819786
8521.678238469229
51223.929798483805
3565820.138726578
6203893.298959903
11111948.867548514
12280931.497006316
12280931.497006316
12280931.497006316
2721408.5871930383
5785201.361853788
8526306.413361764
28421.332832926742
18480.610325419442
42521.93154126471
14889968.340560963
14889968.340560963
14932644.36891155
7600054.655950868
6013068.89314076
7600054.655950868
7979110.686645917
3139584.250711863
4451579.5824244255
5401.888558643173
110232.16033128808
1143941.089584596
979521.5093241988
1268576.4162053082
657668.850493373
5122.306218882269
217021.38928177714
2444031.204907165
2444031.204907165
7608.163114221646
6016274.242765191
6762210.00121113
6762210.00121113
39333.803782497234
10201.280694862267
12770.366363411515
5592233.930132888
7017358.217127947
119176.28121426198
2819092.9426380256
284285.62408237497
177783.24187951116
1979529.1719032726
28786068.45357675
49288059.91096589
49288059.91096589
49288059.91096589
110232.16033128835
132672.07489144025
19568.252349149643
20746.39486754263
66706118.6890454
66706118.6890454
66706118.6890454
66706118.6890454
37817083.61819649
11842830.662458759
11842830.662458759
38808998.49952048
38808998.49952048
66706118.6890454
115398.24140774428
8268183.32509482
38808998.49952048
87701077.50469773
20332.595112282088
63547353.76276337
89174138.61208948
37817083.61819639
37817083.61819639
9894337.201775193
88919287.69797601
89174138.61208948
1274246.0000000012
1274246.0000000012
13174.900379129984
1274246.0000000012
4100660.908492193
1143296.3862336813
1143296.3862336813
1143296.3862336813
3430643.111609688
1901965.0000000014
1901965.0000000014
1901965.0000000014
6023891.641701857
119934.33638717029
133233.15484452984
43340.97012484878
42993041.665412776
7712.594097808328
138189.82735193922
7712.594097808328
28232.758824892564
7712.594097808328
42993041.665412776
13174.900379129984
14085.524262847775
61607.406545983475
81341.19641211414
7712.594097808328
40412.33756569383
42993041.665412776
30850.37639123339
31025.497151720232
30850.37639123339
197620.63301095547
318441.06016575923
171972166.66165155
24626110.318643
8119.010299093776
59253999.48506835
93649.97203915735
37406.87366663716
8119.010299093776
268150.60397284344
59253999.48506835
13015.841424971337
59253999.48506835
60452.3781231357
366705.08971320896
42720.162494490025
32476.041196375183
308223.9397546094
46723.6718734732
223084658.23607254
39469.836144694586
133233.15484452984
1469.0000000000043
12573114.078809563
39314886.14986725
642060.2162320889
7384.141510181663
138189.82735193853
7668.095863113049
27150.321973433787
1378.7563236482388
39314886.14986725
20227389.902385037
42993041.66541289
11476.194560365919
892.0
61607.40654598332
81341.19641211434
7712.594097808347
40412.33756569388
39314886.14986725
27869.894725312475
19822.189384626516
24657.57141325965
6885543.214766364
39314886.14986725
39314886.14986725
2109.0405401509033
24655.734268612825
30850.37639123339
197620.63301095547
296314.15170702094
24399.39160470837
171115182.2380539
171972166.6616511
24564463.33993856
437.32596538508875
59188615.46952872
93649.97203915758
37406.873666637206
8119.010299093796
263157.28314380813
46188273.58512904
46188273.58512904
9636.975090742888
46188273.58512904
60452.378123135546
336218.8722597014
39860.73824840589
30171.791403869003
245775.53207844633
44942.72071278578
74922016.88046469
171683027.7718558
171683027.7718558
493889.9999999999
809459.9999999994
41377.947510059304
1274246.0000000012
1274246.0000000012
1274246.0000000012
479.73325921807816
268.0000000000003
179.9999999999999
793.0000000000005
1469.0000000000025
1274246.0000000012
1274246.0000000012
1070560.000000001
1274246.0000000012
1117389.9999999993
1274246.0000000012
194256.99999999983
200367.99999999994
30002.000000000076
1274246.0000000012
384.16663051337497
1274246.0000000012
130632.99999999975
1274246.0000000012
1274246.0000000012
1070560.000000001
493889.9999999999
809459.9999999994
1274246.0000000012
2377.000000000001
1469.0000000000025
1274246.0000000012
1070560.000000001
1274246.0000000012
1274246.0000000012
1117389.9999999993
1274246.0000000012
17723.378458973355
200367.99999999994
809459.9999999994
1274246.0000000012
1274246.0000000012
1274246.0000000012
1274246.0000000012
1274246.0000000012
1070560.000000001
1070560.000000001
11476.194560365904
809459.9999999994
1117389.9999999993
1274246.0000000012
853.0000000000003
854.0
360.9999999999999
1040.0
892.0
581.0000000000001
1274246.0000000012
1274246.0000000012
229476.263800855
1070560.000000001
1274246.0000000012
1274246.0000000012
239.86662960903936
717308.0000000003
1274246.0000000012
1274246.0000000012
271256.25186527957
1274246.0000000012
67546.20926274543
712.1699235435321
1392.0000000000005
1565.9999999999984
472.04978550996066
867.0000000000007
3652370.9493423314
3652370.9493423314
675553.4852430247
326803.3982381453
326803.3982381453
1666407.5426629614
1781510.2514888872
1781510.2514888872
1490899.4036802168
4090058.241566904
3220755.914818744
4100660.908492193
378254.7150903767
863148.0291305771
863148.0291305771
863148.0291305771
863148.0291305771
116395.99999999965
288.9999999999999
221042.0
1143296.3862336813
288.9999999999999
351089.0
863148.0291305771
1143296.3862336813
863148.0291305771
863148.0291305771
104018.99999999983
200367.99999999994
200367.99999999994
1143296.3862336813
2227103.563927816
1054613.2302990202
2311474.193683537
2318094.9898181297
379544.73477444006
1079.9999999999993
1781510.2514888872
529709.2614255473
1117389.9999999993
1307689.9999999988
8581.000000000004
226.00000000000003
288.9999999999999
1070560.000000001
1070560.000000001
271256.25186527957
1901965.0000000014
288.9999999999999
277.9999999999999
1307689.9999999988
1307689.9999999988
125.0
1625929.9999999995
1901965.0000000014
1901965.0000000014
1901965.0000000014
634273.9999999994
1307689.9999999988
255.6247249387275
221042.0
756.9999999999994
1685234.059662931
640570.3698673557
2441870.006463799
2441870.006463799
3882473.6101433854
844.2748367682166
1025.7984417884168
325.330601081423
1025.7984417884168
4001854.3915422205
4001854.3915422205
3220755.914818744
3220755.914818744
3403118.650161157
296153.3870412422
486077.1106974697
1781510.2514888872
3403118.650161157
6008316.27029309
6023813.789337917
66597.76926842732
7712.594097808338
46966.811351531964
93542.63010572031
115461.20308051033
14221.580149711914
15078.347417416362
36410.47218968212
14943.618746024738
7712.594097808338
51851.912012069246
363402.6581851648
119934.33638717029
7756.374287930058
41269.00274615427
44216.56186264335
90189.73084112396
7712.594097808338
51884.19084668368
7712.594097808338
19083.29362842853
7712.594097808338
7712.594097808338
11923.341897619233
105984.7563768054
7712.594097808338
36762.69111238611
26205.713891016905
12989.142234959172
13767.202382104762
53571.88168340478
57711.14752766068
45388.45392636983
7712.594097808338
92563.19561593386
9110.636959337064
7712.594097808338
7712.594097808338
35228.54109366531
27806.45413974895
139903.20429008274
34635.21207268761
7712.594097808338
10030.438639406208
7712.594097808338
133233.15484452984
13206.000000000005
91802.84428990571
7712.594097808338
68516.43856809918
19999.63392706782
7712.594097808338
9789.800147253578
89431.34321378024
7712.594097808338
44401.119325677224
7712.594097808338
12758.55893538952
7712.594097808338
43340.97012484873
138189.82735193887
25140.856097203967
84685.43493235242
7712.594097808338
20454.64964928687
12202.79978955615
8264.329133063595
7712.594097808338
11219.823949449281
7712.594097808338
17032.505667235684
62871.88463431559
30231.07669941023
95862.55861054457
42402.99999999994
46983.453728303764
7712.594097808338
7712.594097808338
23666.711742110412
14085.524262847792
34672.35439282961
28232.758824892528
78248.420676807
7712.594097808338
8163.103364556506
7712.594097808338
33180.325109035606
7712.594097808338
26988.934440738507
7712.594097808338
39551.10779097419
61607.406545983475
7712.594097808338
81341.19641211414
7712.594097808338
9467.322976616335
23522.288025863283
58933.65094280949
7712.594097808338
57600.02611477905
91546.06891606281
207059.771411484
40412.33756569383
7712.594097808338
7712.594097808338
7712.594097808338
119174.40773270791
42993041.665412776
7925.188253986281
4355.108360139371
168839.19347529436
135980.66846592285
9720.521560515603
12521.231300960062
5847.108367271983
16379.65725521109
36680.350203380505
12434.338375763271
4355.108360139371
4355.108360139371
33682.70568554494
5553.763816561479
4355.108360139371
26174.314059238633
4355.108360139371
4355.108360139371
4355.108360139371
14929.35914483667
73840.05802292276
4355.108360139371
24626110.318643
8119.010299093786
8119.010299093786
15113.094530783943
8119.010299093786
93649.97203915735
37406.87366663716
23869.999999999993
9793.140659031622
13015.841424971337
15796.453813687065
31898.97612234466
23505.161135376184
74783.43416493508
8119.010299093786
111903.27787732163
8119.010299093786
10680.040623622506
21467.268137460243
8119.010299093786
63269.97483608205
8119.010299093786
8119.010299093786
12366.968008886059
8119.010299093786
8119.010299093786
8119.010299093786
106872.96446377608
122003.14143496487
19367.107233613726
99714.51810843758
8119.010299093786
52999.92132857344
9556.441876752304
87852.67148564156
8119.010299093786
14972.5071567609
23359.315914640953
21788.76160316556
8119.010299093786
17335.544071538516
90369.223676357
35005.26083630728
8119.010299093786
203047.29382225894
11680.9179683683
100619.98783626691
8119.010299093786
268150.6039728421
8119.010299093786
59253999.48506835
66597.76926842732
7712.594097808347
46966.811351531906
93542.63010572031
115177.25373569367
641.0000000000002
15078.347417416362
33037.95615574634
12800.254714804501
703.0135133836337
36852.56517541998
363402.6581851648
39469.83614469463
6163.933567153198
41269.00274615432
35669.96672174733
90189.73084112396
1214.4834292817666
1384.000000000001
6442.394984142147
19083.29362842853
7712.594097808347
7712.594097808347
11728.70379605765
105984.7563768054
6442.394984142147
36762.69111238611
26205.713891016938
718.0
13488.48146566521
53571.88168340472
57711.14752766061
323.9999999999999
974.2114760153463
92335.55846987946
4072.215756166933
7712.594097808347
7542.947850967251
35228.54109366531
139903.20429008274
27806.454139748916
34635.21207268761
1014.6689115174478
10030.438639406208
1014.6689115174478
133233.15484452984
13206.000000000022
91802.84428990594
7384.141510181663
68516.43856809918
292.00000000000045
6179.880173170363
9789.800147253578
83217.19751409169
7712.594097808347
44401.119325677166
6442.394984142147
237.9999999999996
6179.880173170363
1469.0000000000025
138189.82735193887
25140.856097203938
84685.43493235242
7384.141510181663
20454.649649286843
167.52313273097545
6274.98398320985
760.1874768765928
288.9999999999999
7668.095863113049
17032.505667235684
235.00000000000023
30231.076699410194
89201.53927499839
42402.99999999989
33598.82778299432
1014.6689115174478
7712.594097808347
823.0000000000011
892.0
34672.35439282961
27150.32197343372
78248.42067680719
729.2009325282022
7991.702321403258
6708.581338824869
33180.325109035606
7712.594097808347
26988.934440738507
7712.594097808347
37684.998275492835
61607.4065459834
7712.594097808347
81341.19641211434
2445.0024539865
7712.594097808347
32620.06640436686
25588.59704656815
23522.288025863283
7712.594097808347
43776.95469668868
503.9999999999998
40412.33756569388
7712.594097808347
7712.594097808347
1378.756323648237
67138.95658398127
15958.800944414084
5558349.528360364
12573114.078809563
12573114.078809563
6885543.214766414
32277613.41441746
39314886.14986725
39314886.14986725
6885543.214766414
39314886.14986725
40371.21484424264
8133.130534902801
27869.894725312475
7387.087653466691
19822.189384626516
47590.726638705666
24657.57141325965
46637.45168853036
47590.726638705666
35777.83162797882
13845.511583181036
4882.0495695967675
75133.79709558122
29909.44078380606
35615367.145735204
6885543.214766414
25792713.37110113
25792713.37110113
39314886.14986725
27917946.28955203
39314886.14986725
139301.83457155127
642060.2162320889
20227389.902385086
42778795.55951316
42778795.55951316
19110.20591202514
12087.405180600175
81010.00509196364
42993041.66541267
42993041.66541267
35615367.145735204
42993041.66541267
42945600.855867945
42993041.66541267
7925.188253986281
4355.108360139371
168839.19347529436
135980.66846592285
9720.521560515603
12521.231300960062
288.9999999999999
16379.65725521109
36680.350203380505
12434.338375763256
3407.126030535288
4355.108360139371
33682.70568554494
5553.763816561486
4355.108360139371
24701.36671849856
4355.108360139371
4355.108360139371
4355.108360139371
14929.35914483667
73840.05802292276
4355.108360139371
1161732.2597078884
1005533.1441379734
19973877.992556382
47590.726638705666
19514.171681859865
27954.337767151603
19973877.992556382
2081400.294571497
11653527.986372523
24626110.318643
13842679.56036402
13723003.211252695
24564463.33993862
13813962.122872004
6442.394984142147
7542.947850967251
15113.094530783925
93649.97203915758
2484.0735809219123
37406.873666637206
23869.999999999993
9793.140659031622
9636.975090742888
15796.453813687065
31898.9761223447
23505.161135376184
37098.18481206125
437.32596538508875
102600.14094568983
8119.010299093796
9965.184562101484
21467.268137460243
766.8937344899878
52661.27362973026
7542.947850967251
7159.389819133165
742.2675571514961
7668.095863113049
8119.010299093796
8119.010299093796
91171.73007943247
33709.24739592987
860.9999999999998
39570.58027371977
8119.010299093796
34811.6171250416
667.999999999999
46849.11957713068
8119.010299093796
1923.9999999999975
23062.78285175036
454.65794993718043
8119.010299093796
16977.798021198774
72059.76294461603
288.9999999999999
1014.6689115174478
203047.29382225894
11235.680178196444
85184.9812924733
6179.880173170363
263157.28314380685
483.6806797878122
4541452.733275792
1005533.1441379734
20227389.902385086
34311132.14347819
47590.726638705666
16471.219455412313
47590.726638705666
21443.241614915492
113169.7123615677
46188273.58512904
46188273.58512904
46188273.58512904
46188273.58512904
46188273.58512904
46188273.58512904
25792713.37110113
8256726.7255951045
46188273.58512904
46188273.58512904
20227389.902385086
58958720.57115827
20214.665963107083
18676.25773542439
42507172.5022795
59253999.4850682
59188615.46952887
7549419.569242519
218.99999999999991
717307.9999999986
597474.9999999983
1274246.0000000012
1070559.9999999984
666.9999999999991
21366.00000000004
21366.00000000004
409250.9999999998
221042.0
221042.0
493889.9999999999
493889.9999999999
493889.9999999999
409250.9999999998
493889.9999999999
493889.9999999999
809459.9999999974
809459.9999999974
809459.9999999974
809459.9999999974
375285.99999999866
1274245.9999999981
1274245.9999999981
1274245.9999999981
1274245.9999999981
163304.99999999997
1274245.9999999981
409250.9999999998
1274245.9999999981
1274245.9999999981
1117389.9999999965
1274245.9999999981
1274245.9999999981
1274245.9999999981
1274245.9999999981
1274245.9999999981
1274245.9999999981
1274245.9999999981
375285.99999999866
1274245.9999999981
1274245.9999999981
1274245.9999999981
1274245.9999999981
1274245.9999999981
1274245.9999999981
1274245.9999999981
1274245.9999999981
1274245.9999999981
292.00000000000006
194.00000000000003
479.9999999999998
1158.9999999999986
274.9999999999996
823.0000000000002
346.0000000000002
853.0000000000003
853.999999999999
158.00000000000003
1383.999999999999
288.9999999999999
464.0000000000002
360.9999999999999
288.9999999999999
288.9999999999999
237.9999999999999
288.9999999999999
288.9999999999999
1039.9999999999986
891.9999999999989
267.9999999999996
1646.0000000000005
288.9999999999999
601.9999999999991
312.00000000000006
1087.9999999999998
270.00000000000017
180.0
332.99999999999983
400.00000000000017
135.0
792.9999999999995
252.00000000000006
2871.9999999999964
323.9999999999999
288.9999999999999
2377.000000000001
1033.9999999999995
522.0000000000001
282.0
181.00000000000003
581.0000000000001
395.0000000000001
234.9999999999998
1469.0000000000007
1469.0000000000007
288.9999999999999
288.9999999999999
301.99999999999994
726.0
288.9999999999999
1274245.9999999981
1274245.9999999981
1274245.9999999981
1274245.9999999981
1274245.9999999981
1274245.9999999981
375285.99999999866
1274245.9999999981
1274245.9999999981
1274245.9999999981
1274245.9999999981
409250.9999999998
1274245.9999999981
1274245.9999999981
1274245.9999999981
1274245.9999999981
1274245.9999999981
375285.99999999866
1274245.9999999981
1274245.9999999981
409250.9999999998
1274245.9999999981
375285.99999999866
1274245.9999999981
1274245.9999999981
1117389.9999999965
1274245.9999999981
1274245.9999999981
1274245.9999999981
1274245.9999999981
1274245.9999999981
1274245.9999999981
1070559.9999999984
1070559.9999999984
1070559.9999999984
1070559.9999999984
1070559.9999999984
1070559.9999999984
1070559.9999999984
1070559.9999999984
1070559.9999999984
1070559.9999999984
1070559.9999999984
351088.9999999991
351088.9999999991
351088.9999999991
351088.9999999991
351088.9999999991
375285.99999999866
1274245.9999999981
1274245.9999999981
1274245.9999999981
1274245.9999999981
1274245.9999999981
1274245.9999999981
1274245.9999999981
1274245.9999999981
1274245.9999999981
1274245.9999999981
1274245.9999999981
1274245.9999999981
1274245.9999999981
1274245.9999999981
1274245.9999999981
1117389.9999999965
1117389.9999999965
1117389.9999999965
409250.9999999998
409250.9999999998
1274245.9999999981
18305.00000000002
194256.99999999983
18305.00000000002
179077.0000000001
52.000000000000014
194256.99999999983
200367.99999999994
200367.99999999994
832.0000000000002
159503.99999999985
159503.99999999985
272.99999999999966
159503.99999999985
159503.99999999985
30002.00000000004
649787.9999999979
717307.9999999986
717307.9999999986
717307.9999999986
139.0000000000001
4195.0
421168.0000000005
717307.9999999986
717307.9999999986
221042.0
221042.0
493889.9999999999
493889.9999999999
809459.9999999974
809459.9999999974
1274246.0000000012
649787.9999999979
1274246.0000000012
1274246.0000000012
1274246.0000000012
1274246.0000000012
1274246.0000000012
1274246.0000000012
1274246.0000000012
1274246.0000000012
1274246.0000000012
1274246.0000000012
1274246.0000000012
1274246.0000000012
324.99999999999943
555.0000000000002
288.9999999999999
1383.999999999999
718.0
203.00000000000003
330.00000000000006
165.99999999999997
288.9999999999999
341.00000000000017
2871.9999999999964
414.0000000000002
641.0000000000002
1869.0000000000005
1274246.0000000012
1274246.0000000012
1274246.0000000012
1274246.0000000012
1274246.0000000012
1274246.0000000012
1274246.0000000012
1274246.0000000012
1117389.9999999965
1274246.0000000012
1117389.9999999965
1274246.0000000012
1274246.0000000012
1274246.0000000012
1274246.0000000012
1274246.0000000012
1274246.0000000012
1070559.9999999984
1070559.9999999984
1070559.9999999984
1070559.9999999984
1070559.9999999984
1070559.9999999984
1274246.0000000012
1274246.0000000012
1274246.0000000012
1274246.0000000012
1274246.0000000012
1274246.0000000012
1274246.0000000012
1274246.0000000012
130633.00000000007
1274246.0000000012
409250.9999999998
310341.0000000002
1274246.0000000012
310341.0000000002
634273.9999999978
634273.9999999978
717307.9999999986
597474.9999999983
717307.9999999986
33485.99999999998
21366.00000000004
409250.9999999998
409250.9999999998
809459.9999999974
1220675.6491320634
1220675.6491320634
1220675.6491320634
1220675.6491320634
1220675.6491320634
1220675.6491320634
1220675.6491320634
1220675.6491320634
1220675.6491320634
1220675.6491320634
1220675.6491320634
288.9999999999999
208.99999999999983
288.9999999999999
500.99999999999983
270.00000000000017
288.9999999999999
1073.9999999999986
288.9999999999999
199.99999999999983
1117389.9999999965
1220675.6491320634
1220675.6491320634
1220675.6491320634
1220675.6491320634
1220675.6491320634
1070559.9999999984
1070559.9999999984
1070559.9999999984
351088.9999999991
351088.9999999991
351088.9999999991
351088.9999999991
351088.9999999991
116395.99999999993
1220675.6491320634
1220675.6491320634
1220675.6491320634
1220675.6491320634
1220675.6491320634
1117389.9999999965
1117389.9999999965
1117389.9999999965
1220675.6491320634
288.9999999999999
104019.00000000007
27484.99999999996
130633.00000000007
200367.99999999994
200367.99999999994
200367.99999999994
200367.99999999994
200367.99999999994
310341.0000000002
761.9999999999998
359.9999999999998
717307.9999999986
717307.9999999986
717307.9999999986
221042.0
493889.9999999999
809459.9999999974
1334882.9999999995
1334882.9999999995
1334882.9999999995
317.00000000000006
205.00000000000006
261.00000000000006
1334882.9999999995
1334882.9999999995
179077.0000000001
1070559.9999999984
1070559.9999999984
1070559.9999999984
1070559.9999999984
1334882.9999999995
1334882.9999999995
1117389.9999999965
310341.0000000002
1334882.9999999995
288.9999999999999
634273.9999999978
597474.9999999983
634273.9999999978
634273.9999999978
634273.9999999978
717307.9999999986
221042.0
717307.9999999986
21366.00000000004
21366.00000000004
21366.00000000004
375285.99999999866
375285.99999999866
809459.9999999974
809459.9999999974
1307689.9999999956
1307689.9999999956
1307689.9999999956
1307689.9999999956
1307689.9999999956
1307689.9999999956
409250.9999999998
1307689.9999999956
1307689.9999999956
306.99999999999983
288.9999999999999
286.99999999999994
371.9999999999999
288.9999999999999
1923.9999999999975
860.9999999999987
520.0
277.9999999999999
288.9999999999999
220.9999999999999
130.00000000000006
145.00000000000009
288.9999999999999
288.9999999999999
633.0000000000001
4515.000000000002
288.9999999999999
409250.9999999998
1307689.9999999956
1307689.9999999956
1307689.9999999956
1307689.9999999956
1307689.9999999956
1307689.9999999956
1307689.9999999956
1307689.9999999956
1307689.9999999956
1307689.9999999956
1307689.9999999956
1070559.9999999984
1070559.9999999984
1070559.9999999984
1070559.9999999984
1070559.9999999984
1070559.9999999984
1070559.9999999984
351088.9999999991
351088.9999999991
351088.9999999991
351088.9999999991
351088.9999999991
1307689.9999999956
1307689.9999999956
1117389.9999999965
1117389.9999999965
1307689.9999999956
179077.0000000001
194256.99999999983
104019.00000000007
8581.000000000004
8601.000000000015
200367.99999999994
200367.99999999994
290.9999999999995
200367.99999999994
200367.99999999994
159503.99999999985
489934.99999999977
717307.9999999986
597474.9999999983
717307.9999999986
52475.99999999992
221042.0
221042.0
124.99999999999991
493889.9999999999
809459.9999999974
809459.9999999974
1117389.9999999965
1392017.0000000002
2479032.0000000005
2479032.0000000005
2479032.0000000005
1625929.9999999995
409250.9999999998
667.9999999999999
241.99999999999986
226.00000000000003
580.0
288.9999999999999
265.0000000000001
328.0
1039.0
249.99999999999983
288.9999999999999
634.0000000000001
1073.9999999999986
757.0000000000005
1625929.9999999995
1625929.9999999995
2609129.0000000005
2609129.0000000005
1070559.9999999984
1070559.9999999984
351088.9999999991
2584550.9999999967
2584550.9999999967
2584550.9999999967
310341.0000000002
2584550.9999999967
409250.9999999998
2609129.0000000005
632408.6271920687
632408.6271920687
61127.999999999985
187434.4388225957
118692.67120336747
121862.99999999993
121862.99999999993
109034.00000000009
109034.00000000009
392772.7234716174
147487.00000000012
147487.00000000012
147487.00000000012
548736.3805185985
18214.000000000004
30180.00000000001
180111.99999999953
180111.99999999953
180111.99999999953
670966.0422613057
598457.0000000003
598457.0000000003
59558.01580076857
598457.0000000003
2199313.1777394875
2668954.293393758
2668954.293393758
2668954.293393758
8008622.936345844
368217.9999999999
368217.9999999999
30002.91355962245
368217.9999999999
1418884.6691452197
660922.9999999993
660922.9999999993
2303935.408559359
1897623.08041459
673528.3707017251
673528.3707017251
1257789.6634473489
1257789.6634473489
3774198.4464538884
772238.8890005127
22021.683147916898
486553.9999999999
486553.9999999999
486553.9999999999
23183.236897434002
1684281.8436820873
474442.9999999995
474442.9999999995
474442.9999999995
6616.000000000012
6592.000000000001
6619.999999999996
6535.999999999991
6272.000000000005
1401902.0000000007
1401902.0000000007
1401902.0000000007
23486.15725582766
4322392.662378589
23618.991934987673
2351473.7090979684
140064.99999999988
140064.99999999988
68025.00000000003
227749.6625110117
328856.99999999965
328856.99999999965
8927314.000000006
8927314.000000006
156014.9999999995
8927314.000000006
29938052.146570895
997.3287374105245
4094209.5317054777
133363.6519698279
1711.277410258315
60565.15461880716
23948694.308363907
53687.64768547792
23948694.308363907
83123.6358083546
20785.81503563982
58086.780518462256
30162208.043085847
20785.81503563982
133307.13014379994
83143.26014255927
240338.52421477786
112303.70448550799
18824.562336989467
3538673.640081437
15548.508993494617
30066489.98732555
65364.34697906783
30066489.98732555
112005828.54826441
111918.98873812199
39005.16076424202
72173591.01229706
39005.16076424202
39005.16076424202
72173591.01229706
76346.93211828031
306811.4494441176
236390.15940812748
72173591.01229706
1034427.8020979433
795424.872812795
156020.64305696846
274955908.85539484
11931.527308788403
63699617.68947622
73408.555991064
11931.527308788403
24272.468679205882
436743.1207671577
54109.45351338554
37683.30024396152
11931.527308788403
21894.60597529392
47726.10923515373
247802.2920642076
308878.6503898149
154770.14885208284
47726.10923515373
62243.00183532752
47726.10923515373
254798470.7579049
19252.834542232038
40322990.92051744
36176.128488027054
40322990.92051744
30002.91355962245
136827.59598050045
79658.16980699459
134375.6131260431
37051845.753756516
10319726.045442486
10319726.045442486
20741573.89165342
14955.394924083432
61560.37686352255
74364525.7332679
5889790.731334736
108208.17010652895
49331.77367597973
65756.8205095794
5659.617648903071
32868.503636573936
370555.8309284399
22638.470595612285
22638.470595612285
7832.639401887468
6162178.8604241405
124694401.00699526
133543.07316339383
1974.3262141804212
30451981.256436788
18650.305507946166
30451981.256436788
25565.99916592969
29008.712949327233
49902864.62062808
26626.527020024965
4084.3873842870785
781.6681230683411
120205.49984505685
578750.1443973893
120205.49984505685
322356.27598047553
120205.49984505685
257988.9999999998
370148895.2568964
247814.87330061503
889058.1151780803
2087093.9409600792
120205.49984505685
120205.49984505685
120205.49984505685
1321356.2877770723
608631.8940246216
350595.51823718485
2034993.6542825287
120205.49984505685
370148895.2568964
53294595.085905984
156014.99999999988
1433683.903076961
530533.0965057701
130184.96102084906
574848.1556445997
243864.16858981128
132254.80399970352
421945.9999999996
120205.49984505685
370148895.2568964
480821.9993802274
551540.6592446308
480821.9993802274
480821.9993802274
3328274.5251066065
567080.0562178143
6430235.698845185
480821.9993802274
1248347.2701350788
9323634.828459952
480821.9993802274
3379030.019481853
4880192.572947504
2961087.4433102077
624059.9999999995
4328656.191999979
1480595581.0275855
997.328737410527
23334827.99813724
935143.1140313057
133363.6519698279
1711.2774102583128
10710.000000000015
13987874.087493006
53687.64768547798
23624394.545228653
83123.6358083546
4781.342593874656
5715.000000000003
11056681.611556033
9358.348384868525
133307.13014379962
83143.26014255948
240338.52421477728
112303.70448550799
18824.562336989467
3487397.903051642
15548.508993494617
29214168.186383743
29214168.186383743
7374.999999999996
255409.86403426158
29214168.186383743
108830698.70954767
84430694.67170708
111918.98873812199
2591.621114283497
3329076.514734674
39005.160764242115
17494.93166605687
41881091.485702835
2887.364961209197
306811.4494441161
236390.15940812748
24365024.875793017
1034427.8020979433
795424.872812795
16689.718032369517
30506942.22387455
5604.775239595219
63629328.14228833
1557.9200193449678
11931.527308788432
24272.46867920585
2609.9999999999995
54109.45351338554
37683.30024396147
11931.527308788432
5116.999999999991
9021.177085059338
247802.292064207
308878.6503898149
154770.14885208284
47726.10923515373
6381.0000000000155
47726.10923515373
254798470.7579049
19252.834542232085
36911166.32918224
36176.128488027054
40322990.92051754
30002.913559622488
7781.12709967493
79658.16980699459
134375.61312604276
40005.1198711919
16132.325281725281
15672203.306791374
14955.394924083414
57321.003631969186
8985786.079125797
4572769.033213769
108208.17010652895
49331.77367597961
65756.82050957956
5659.617648903071
32868.503636573936
370555.83092844085
22638.47059561234
22638.47059561234
124694401.00699617
7832.639401887487
4114674.0296104797
1132.198142408349
1974.3262141804262
5000397.698596499
18650.305507946166
22985285.27701504
30451981.256436866
21481.565589673843
36750927.959381126
29008.712949327164
26626.527020024965
3272.493252846839
781.668123068343
3522.022714293594
9344.057966504106
13760.531086515508
2867.000000000005
17385.70086080368
257988.9999999998
690832.6936473117
316395311.6819232
369740453.2727294
1592638.482970943
247814.87330061503
889058.1151780803
103450.00873180474
79530.0621443688
120205.49984505685
1321356.2877770658
442117.75721226423
321137.8835193312
2026036.884511133
17494.93166605687
212124855.4469872
690832.6936473117
316395311.6819232
77622682.61176269
370148895.2568973
53294595.08590585
101242.66787108929
774448.0502402942
380146.3280685818
90764.56144501161
422836.85383983015
1715.4917662291505
4543.999999999997
421946.00000000064
103450.00873180474
34952033.75746094
316395311.6819232
209737.57717681423
248882.06961531087
316395311.6819232
50340068.87049319
316395311.6819232
316395311.6819232
24918.7429458229
255057.39677570644
413800.03492722
160668.38163276552
2561890.636868391
416115.6108508609
1587519.2554279983
192243.6451489679
1248347.2701350788
9323634.828459952
480821.99938022863
17016.000000000022
4880192.572947504
2102511.391267904
301380.32623705466
4328656.191999979
136630.86035906922
443542.64272558835
1265581246.7276897
1265581246.7276897
648110196.9470481
1473217367.5921257
434743.45833006577
434743.45833006577
1123962.8658394841
1058584.3829812626
61128.000000000065
187434.4388225957
1073.6708858631205
76611.76736373763
121862.99999999993
109033.99999999981
10710.000000000002
109033.99999999981
109033.99999999981
6701.999999999998
392772.7234716174
147487.00000000012
143728.93954941744
147487.00000000012
1441.0000000000025
5715.000000000003
2126.9999999999973
147487.00000000012
147487.00000000012
400842.2592766387
548736.3805185971
548736.3805185971
548736.3805185971
548736.3805185971
548736.3805185971
18213.999999999978
30179.999999999975
180111.99999999997
180111.99999999997
180111.99999999997
180111.99999999997
7217.000000000003
7374.999999999996
180111.99999999997
4969.9999999999945
670966.0422613057
670966.0422613057
598456.9999999974
115135.00000000036
1168.0000000000002
10710.000000000002
621.0000000000003
598457.0000000003
2126.9999999999973
598457.0000000003
1888.9999999999945
598456.999999999
598457.0000000003
5184.999999999998
3832.9999999999995
598456.999999999
3633.000000000001
6381.0
1795370.9999999988
904539.8194313267
2199313.1777394875
15258.200344603869
4811.999999999992
2199313.1777394875
2199313.1777394875
944.0000000000008
4469.999999999999
1424795.6845751603
2126.9999999999973
2303.9999999999995
2668954.293393758
2014965.3807368502
1007482.6903684251
2014965.3807368502
2014965.3807368502
956.6106836116766
2014965.3807368502
1304.9999999999998
5116.999999999991
2126.9999999999973
2014965.3807368502
2014965.3807368502
2668954.293393758
2034448.4837950603
5411448.553555665
5411448.553555665
6908.514746311244
5411448.553555665
6381.0
3526327.770267951
13373.99999999999
8008622.936345824
8008100.762239756
8008622.936345824
368217.9999999999
368217.9999999999
368217.9999999999
368217.9999999999
368217.9999999999
30002.91355962245
30002.91355962245
368217.9999999999
7781.12709967494
7781.12709967494
660922.9999999993
526006.1223065745
660922.9999999993
3785.457310054459
8508.000000000011
6201.347495438677
1174.9356416905193
874861.9533220673
874861.9533220673
874861.9533220673
606616.9620731077
482784.7208833942
334426.1849489592
772238.8890005127
22021.683147916898
486553.9999999999
1199.0663034211257
486553.9999999999
486553.9999999999
486553.9999999999
1930.000000000003
486553.9999999999
486553.9999999999
486553.9999999999
486553.9999999999
486553.9999999999
1510921.9526631075
1647913.1939588594
1510921.9526631075
1684281.843682083
1684281.843682083
1684281.843682083
23183.236897434002
23183.236897434002
474442.9999999995
342833.3966807286
474442.9999999995
426.77921844098285
342833.3966807286
6616.000000000004
1366.6191861670907
6619.999999999988
6536.000000000015
6271.999999999996
460943.78604934824
1207878.4277898162
1401902.0000000007
1207878.4277898162
1207878.4277898162
1401902.0000000007
3185302.862941146
3737.3598303277904
23486.15725582766
19734.000000000033
1394133.6873986335
2351473.7090979624
23618.991934987644
140064.99999999988
140064.99999999988
2127.0
227749.6625110117
325472.1620292588
407.13652829314225
6285995.000000004
6285995.000000004
1388.0000000000014
2127.0
1165999.811073738
5837584.000000003
639670.9999999991
6285995.000000004
6285995.000000004
6285995.000000004
6285995.000000004
2127.0
25523.40541542211
803707.9999999992
115135.00000000036
6285995.000000004
4099.000000000006
7057.000000000003
2127.0
2867.0000000000014
5837584.000000003
5837584.000000003
8927314.000000006
4426280.999999995
6285995.000000004
2127.0
2127.0
10710.000000000002
2127.0
1817405.5918566973
5837584.000000003
5837584.000000003
6285995.000000004
6285995.000000004
6285995.000000004
6285995.000000004
115135.00000000036
2704705.0000000033
4426280.999999995
8927314.000000006
8927314.000000006
8927314.000000006
8927314.000000006
8927314.000000006
8927314.000000006
132363.6217373774
156014.99999999988
2856039.0773797194
6285995.000000004
140114.0000000002
2704705.0000000033
2704705.0000000033
6285995.000000004
1817405.5918566973
6285995.000000004
6285995.000000004
3942.999999999999
5346.000000000008
2397.9999999999964
4543.999999999997
6285995.000000004
6285995.000000004
5837584.000000003
1903256.000000001
6285995.000000004
6285995.000000004
1216722.9999999974
1902.9999999999977
8927314.000000006
8927314.000000006
8927314.000000006
6285995.000000004
29937665.229230963
28198111.027548634
19828951.603893753
13662449.162707025
20648871.780291516
3588.5944323648523
16883.99999999999
5551.22256804751
18215.999999999978
20648871.780291516
20648871.780291516
20648871.780291516
18066494.099704754
1973287.4308377886
3432578.2680824487
20648871.780291516
19135799.93247262
5391250.433658127
20648871.780291516
2141147.9999999916
1448000.9999999993
5856.000000000001
19135799.93247262
29860644.3329561
8508.000000000011
8508.000000000011
29938052.146570895
28198111.027548634
29937665.229230963
5391250.433658127
29654157.86918219
4448.842935779056
997.3287374105257
387.99946370678936
1227.4596774964282
43482.11066065799
4094209.5317054777
1711.277410258317
17766.48082930332
53687.64768547792
63134.930363468404
60565.154618807086
23948694.308363907
75825.74272633264
33326.78253595003
20785.81503563982
20785.81503563982
20785.81503563982
20785.81503563982
20785.81503563982
71829.37113047832
161909.65433968717
83123.6358083546
58086.780518462256
28075.926121376997
30162208.043085847
18824.56233698949
3538673.640081437
2328.120059850124
25327.542794357323
5049.034160419344
15548.508993494617
15548.508993494617
90492.84073339734
15548.508993494617
65364.34697906791
15548.508993494617
30066489.98732555
65449.83258754197
39005.16076424202
111918.98873812199
526142.4251711698
39005.16076424202
144802.25098388494
39005.16076424202
313782.74758979346
39005.16076424202
39005.16076424202
44231.01137487696
306811.4494441176
343948.31305735407
39005.16076424202
39005.16076424202
71956.87109774405
181384.56680489713
236390.15940812748
239308.92810340298
39005.16076424202
151192.6291854201
39005.16076424202
39005.16076424202
39005.16076424202
136504.49322275075
276633.40115575324
72173591.01229706
73408.55599106418
11931.527308788418
436743.1207671577
14567.288222946214
30126.03609976456
69109.94942645467
23158.554646880846
46701.39069236376
40896.46874007229
90201.8230039936
115520.00186241708
92405.66107445527
41227.163620288105
11931.527308788418
11931.527308788418
19831.964752616343
54109.45351338561
15560.75045883188
14182.630148030514
11931.527308788418
37683.30024396157
11931.527308788418
24272.468679205882
11931.527308788418
11931.527308788418
11931.527308788418
21894.605975293947
11931.527308788418
63699617.68947622
32741.60752746821
86872.89096441079
19252.834542232064
197749.7696382982
36176.128488027054
34629.367093964785
126963.01244063147
76957.40012634473
119597.92305888914
40322990.92051744
23696.088010471263
134375.6131260431
23696.088010471263
124407.64355135086
79658.16980699459
24398.346234939767
49313.07396624142
158039.23412874417
33257533.070865724
10334411.319722593
168642.81457919115
1597.9838360734288
10319726.045442486
13186.958333722523
19107.0012106564
14955.394924083432
24677.78951567171
20741573.89165342
19809.962296375234
9108.945121211955
1742258.3335020794
6142.0
1642703.4404624929
13703225.12761578
111724.19578154094
18752.593876881267
35047.15410868918
5659.617648903071
108208.17010652923
5659.617648903071
5659.617648903071
47065.56333580407
49331.77367597973
65756.8205095794
5659.617648903071
32868.503636573936
1958.159850471867
1722936.4281607436
31173600.25174889
133543.07316339415
1974.3262141804237
1674324.549341367
2594.557244529092
18650.305507946166
4042.5739816040045
48135.417871336
18737.287168360275
1730508.5998758688
7160.521863224623
30451981.256436788
40002.81963257711
1748352.9872341156
8131.87493209565
1696444.2849141501
13918786.460718134
26626.527020024965
2623.8077184030763
4084.3873842870785
1693920.4169198289
781.6681230683421
8970898.48241373
674271.9999999997
120205.49984505685
247814.87330061503
120205.49984505685
200485.32886722632
1365132.7679079373
889058.1151780803
209594.61602340822
137885.1648111574
120205.49984505685
120205.49984505685
2715919.1224101447
2105247.513574202
120205.49984505685
156015.0000000003
1433683.903076961
530533.0965057701
534015.3014212225
578750.1443973893
120205.49984505685
1014554.6996229393
1590071.822997514
130184.96102084906
856198.5554992474
2087093.9409600792
595659.741664651
141770.01405445358
250811.53446163528
120205.49984505685
1984265.8830408214
120205.49984505685
120205.49984505685
322356.27598047553
120205.49984505685
120205.49984505685
120205.49984505685
331325.21254501585
120205.49984505685
120205.49984505685
120205.49984505685
684405.9252353531
425170.96813208086
2849005.0223549413
120205.49984505685
120205.49984505685
221382.5467194737
1321356.287777069
120205.49984505685
120205.49984505685
120205.49984505685
435526.2884472288
199364.24647865008
608631.8940246216
574848.1556445997
350595.51823718485
1037893.14206373
243864.16858981128
1508837.5302394237
132254.80399970352
868171.2838489874
257988.9999999998
156014.99999999988
881841.1644003696
1294845.7915412155
120205.49984505685
120205.49984505685
671740.7047603993
936099.9029366466
120205.49984505685
2034993.6542825287
421945.9999999996
120205.49984505685
120205.49984505685
120205.49984505685
120205.49984505685
120205.49984505685
370148895.2568964
4448.842935779056
997.328737410527
6585509.808118474
7894164.564635162
387.99946370678936
1227.4596774964295
43482.110660657934
935143.1140313102
1711.277410258315
17766.48082930332
53687.64768547798
63134.930363468404
10710.000000000015
17050879.17136967
13987874.087493042
23624394.54522871
75825.74272633245
33326.782535949984
9358.348384868514
20785.81503563982
9358.348384868514
4781.342593874656
20785.81503563982
161909.65433968717
71829.37113047815
83123.6358083546
5715.000000000003
28075.926121376997
11056681.611556033
29414902.23856818
29414902.23856818
30162208.043085773
18824.56233698949
3487397.90305165
2233.003298524891
25327.542794357356
5049.03416041935
15548.508993494617
6081.379530994589
90492.84073339734
15548.508993494617
7374.999999999996
15548.508993494617
255409.86403426158
29214168.186383817
29214168.186383817
29214168.186383817
110640.20577529681
21355588.411746703
65449.83258754197
39005.160764242115
526142.4251711698
111918.98873812199
13573.375446070873
144802.25098388494
2591.6211142834904
313782.74758979346
8883.607150251526
20288.265573971574
14548.884611218751
306811.44944411685
343948.31305735407
39005.160764242115
236390.15940812748
39005.160764242115
71956.87109774405
1223.8954203689148
239308.92810340357
5563.239344123173
151192.6291854201
14205.870096052538
39005.160764242115
17494.93166605687
2887.3649612092004
276633.40115575324
24365024.875793196
47156371.913267724
3329076.514734674
7626735.555968599
41881091.485702835
47625991.27570654
1557.9200193449678
3007.059028353117
2610.0000000000027
14567.288222946214
30126.03609976456
69109.94942645449
23158.554646880846
46701.39069236382
40896.46874007234
90201.8230039936
115520.00186241708
92405.66107445527
41227.163620288105
11931.527308788432
11931.527308788432
1463.0000000000002
54109.45351338561
2127.0000000000027
3665.999999999997
11931.527308788432
37683.30024396157
11931.527308788432
24272.468679205882
5604.775239595233
11931.527308788432
11931.527308788432
5116.999999999997
11931.527308788432
19612585.451049905
58249966.04663429
63382185.04203821
142807.14851155048
63629328.14228849
63699617.689476065
32741.60752746821
86872.89096441079
19252.834542232085
9650.305791437804
36176.128488027054
2127.0
126963.01244063147
76957.40012634473
119597.92305888914
13545190.74552677
36911166.32918215
407329.7387051133
33437836.639787994
36911166.32918215
36911166.32918215
26215530.48635738
40322990.92051744
40322990.92051744
40322990.92051744
40322990.92051744
23696.088010471292
134375.6131260431
23696.088010471292
124407.64355135147
79658.16980699459
24398.346234939767
49313.07396624142
158039.23412874417
33257533.070865642
168642.8145791916
1174.9356416905177
16132.325281725261
40005.1198711919
3660.832677220362
19107.001210656374
14955.394924083432
24677.78951567171
15672203.306791296
15672203.306791296
2995262.026375277
19809.962296375255
961.9972505821131
7166043.561744974
1244908.7977824188
1638121.1769556697
6142.000000000008
1275376.964301463
1275376.964301463
111724.19578154094
18752.593876881267
35047.15410868918
5659.617648903071
108208.17010652895
5659.617648903071
5659.617648903071
1250.9999999999993
49331.77367597967
65756.82050957956
5659.617648903071
32868.503636573936
28535927.46232159
96648.79872949945
31173600.25174889
1958.159850471867
1150456.9951958356
1132.198142408349
1974.3262141804262
78129.72639531926
2594.5572445290954
18650.305507946166
4042.5739816040095
3638.6798605351705
2061.4216672151215
8632721.135324663
22985285.27701493
5000397.698596499
22985285.27701493
15378195.67812605
1723482.1244404207
7160.521863224623
30451981.256436713
40002.81963257711
10511422.507476738
1422032.0111908487
8131.87493209564
949333.515952263
26626.527020024998
2623.8077184030763
3272.493252846843
2193.071616667677
1693920.4169198289
781.668123068343
6908284.352767296
1592638.482970943
674271.9999999997
98951.27608836237
247814.87330061503
8306.247648607645
2989.9999999999945
29514.000000000036
889058.1151780803
196016.98688826695
85019.13225856872
3522.022714293594
103450.00873180474
2715919.122410138
2105247.513574197
40167.09540819134
101242.66787108929
774448.050240296
380146.3280685809
520172.74239266926
9344.057966504106
103450.00873180474
781783.4218036133
5438.498320350709
90764.5614450114
624270.2127528291
595659.7416646496
104028.90271271522
250811.53446163528
13760.531086515508
490071.48604871734
48060.911287241855
103450.00873180474
2867.000000000005
120205.49984505685
13760.531086515508
40066.172632635265
331325.21254501666
103450.00873180474
79530.0621443688
120205.49984505685
684405.9252353531
339208.8045348841
2849005.0223549413
48060.911287241855
17385.70086080368
26565.29871711933
1321356.287777069
5148.988929877394
103450.00873180474
120205.49984505685
432241.66019459156
11344.000000000002
442117.75721226423
422836.85383983015
321137.88351933047
4254.0000000000055
1715.4917662291484
1508837.53023942
4543.999999999997
616442.4552838008
257988.9999999998
75345.08155926366
345828.48630643485
1294845.7915412155
120205.49984505685
305363.1593103531
103450.00873180474
797022.5958327651
48060.911287241855
2026036.884511123
421946.00000000064
103450.00873180474
40066.172632635265
17494.93166605687
103450.00873180474
79530.0621443688
36036694.920581356
212124855.44698668
212124855.44698668
212124855.44698668
34952033.75746094
316395311.68192166
45543.6201196898
147847.5475751963
690832.6936473117
209737.57717681423
248882.06961531023
76309.39547657284
690832.6936473117
515991.97003926197
132364.10221808605
145983.86040929306
132582.82101388552
690832.6936473117
316395311.68192166
316395311.68192166
316395311.68192166
316395311.68192166
316395311.68192166
162027549.23676202
50340068.87049319
50340068.87049319
316395311.68192166
316395311.68192166
316395311.68192166
156694631.36117053
316395311.68192166
77622682.61176288
368304341.89802957
368304341.89802957
155924.36204775693
370148895.2568954
369740453.27273035
369740453.27273035
370148895.2568954
776104.5302019562
776104.5302019562
776104.5302019562
776104.5302019562
776104.5302019562
776104.5302019562
16603.0
61128.000000000065
61128.000000000065
61128.000000000065
558.8306119023107
121862.99999999993
121862.99999999993
109033.99999999981
109033.99999999981
2233.9999999999995
10710.000000000002
109033.99999999981
109033.99999999981
109033.99999999981
1668.999999999998
109033.99999999981
109033.99999999981
109033.99999999981
146852.99999999983
146852.99999999983
146852.99999999983
147487.00000000012
147487.00000000012
147487.00000000012
1275.9999999999998
2127.0
1441.000000000001
5715.000000000003
2127.0
147487.00000000012
147487.00000000012
147487.00000000012
147487.00000000012
147487.00000000012
147487.00000000012
147487.00000000012
147487.00000000012
147487.00000000012
147487.00000000012
18213.999999999978
1955.5261595763934
30179.999999999975
30179.999999999975
30179.999999999975
30179.999999999975
180111.99999999997
7217.000000000011
7374.999999999987
4940.999999999994
180111.99999999997
180111.99999999997
180111.99999999997
180111.99999999997
180111.99999999997
180111.99999999997
180111.99999999997
180111.99999999997
180111.99999999997
180111.99999999997
2391.0000000000005
2127.0
4970.0
180111.99999999997
598457.0000000003
598457.0000000003
598457.0000000003
598456.999999999
598457.0000000003
598457.0000000003
1888.9999999999993
1241.0
5184.999999999998
4317.999999999998
1211.0000000000005
3832.9999999999995
1247.0000000000005
10709.999999999989
598456.999999999
598457.0000000003
598457.0000000003
598456.999999999
598456.999999999
598457.0000000003
598457.0000000003
598457.0000000003
598456.999999999
598457.0000000003
598457.0000000003
115135.00000000007
2127.0
598457.0000000003
295342.0000000001
598457.0000000003
621.0000000000003
598457.0000000003
598457.0000000003
598457.0000000003
598457.0000000003
1167.9999999999989
4719.000000000002
8340.999999999998
1603.9999999999973
2127.0
4480.000000000003
598457.0000000003
598457.0000000003
598457.0000000003
598456.999999999
598457.0000000003
1216723.0000000005
3036718.9999999977
1304.9999999999998
2363392.0990969758
3024737.7757164356
3024737.7757164356
3036718.9999999977
3036718.9999999977
2433915.0000000056
1674110.5056512803
3036718.9999999977
3036718.9999999977
3036718.9999999977
1463.0000000000002
5116.999999999997
943.9999999999984
4469.999999999994
2857.9999999999995
1279.9999999999995
1227.9999999999993
2127.0
2127.0
3036718.9999999977
3036718.9999999977
3036718.9999999977
3036718.9999999977
1903255.9999999963
1903255.9999999963
3036718.9999999977
3036718.9999999977
3036718.9999999977
803707.9999999992
882915.0000000006
2127.0
2819466.000000001
2363392.0990969758
2363392.0990969758
3024737.7757164356
3036718.9999999977
3666.0000000000014
2127.0
1974.9999999999998
6239.999999999999
2303.999999999997
4458.000000000003
995.0000000000001
3036718.9999999977
3036718.99999999
3036718.99999999
3036718.9999999977
3036718.9999999977
3036718.9999999977
3036718.9999999977
3036718.9999999977
3036718.9999999977
1114.9999999999995
368217.9999999999
368217.9999999999
368217.9999999999
368217.9999999999
368217.99999999895
368217.9999999999
368217.9999999999
2127.0
2127.0
6072.000000000001
2393.0000000000014
368217.9999999999
368217.9999999999
368217.9999999999
368217.9999999999
368217.9999999999
368217.9999999999
368217.9999999999
368217.9999999999
368217.9999999999
368217.9999999999
2127.0
2265.999999999996
14865.000000000007
368217.9999999999
368217.9999999999
368217.9999999999
368217.9999999999
660922.9999999977
660922.9999999993
660922.9999999993
1968.9999999999989
2127.0
660922.9999999993
295342.0000000001
660922.9999999993
660922.9999999993
660922.9999999993
660922.9999999993
660922.9999999993
660922.9999999993
660922.9999999993
802140.0000000003
866256.2534985263
3016.621118650948
2882.4391172427586
11028.527253912562
243162.9581992284
1082174.05423513
1509954.82110393
4786.000000000003
1509954.82110393
1509954.82110393
374257.615402627
374257.615402627
432771.45967026474
488732.20500167436
1533908.9999999949
656665.9925010336
852404.0489535442
985279.7961101143
985279.7961101143
248769.2965570704
280227.6199625584
1155.9999999999995
1731.9999999999995
6595.00000000001
6142.000000000008
6142.000000000008
6142.000000000008
1298988.9999999993
486553.9999999987
486553.9999999999
486553.9999999987
486553.9999999999
486553.9999999999
486553.9999999999
486553.9999999999
486553.9999999999
2863.0
1613.0
943.9999999999997
1930.0000000000007
486553.9999999999
486553.9999999999
486553.9999999999
486553.9999999987
486553.9999999999
486553.9999999999
486553.9999999999
486553.9999999999
486553.9999999999
2127.0
853.0000000000003
1251.0000000000007
5448.000000000003
486553.9999999999
486553.9999999999
486553.9999999999
486553.9999999999
486553.9999999999
486553.9999999999
486553.9999999999
1788.0000000000005
6482.000000000004
6482.000000000004
6034.000000000002
486553.9999999999
474442.9999999983
1331.9557637274559
474442.9999999983
474442.9999999983
474442.9999999983
6616.000000000004
6613.00000000001
1932.691387676779
6619.999999999996
6536.000000000006
1673.6558786082658
6271.999999999996
1401902.0000000042
1401902.0000000042
1401901.9999999972
1401901.9999999972
3277.000000000002
1401901.9999999972
1401901.9999999972
1401901.9999999972
1401901.9999999972
1401901.9999999972
28002.00000000004
2061.4216672151215
1401901.9999999972
1401901.9999999972
2061.4216672151215
1401901.9999999972
1401901.9999999972
1401901.9999999972
6527.000000000008
6527.000000000008
6578.000000000011
6578.000000000011
1401901.9999999972
999852.3422422584
999852.3422422584
1325361.000000005
6619.999999999996
1800.0000000000005
6620.999999999999
6422.000000000011
6160.0
54187.308003472055
140064.99999999988
140064.99999999988
140064.99999999988
68024.99999999985
2127.0000000000027
68024.99999999985
419.75053431200797
13697.999999999982
949.5931118791963
328856.99999999965
14779356.000000013
9754720.0
3963336.0000000023
2819466.000000001
3963336.0000000023
7581230.000000002
2433915.0000000056
6662742.000000004
140113.99999999988
1216723.0000000005
2704705.00000001
2704705.00000001
4426280.999999995
4426280.999999995
7581230.000000002
7581230.000000002
7581230.000000002
7581230.000000002
7581230.000000002
7581230.000000002
6662742.000000004
2433915.0000000056
7581230.000000002
7581230.000000002
2433915.0000000056
8301049.0000000065
8301049.0000000065
8301049.0000000065
8301049.0000000065
8301049.0000000065
8301049.0000000065
8301049.0000000065
8301049.0000000065
3942.999999999994
1422.9999999999982
5627.999999999996
2127.0
1387.9999999999998
2127.0
5346.000000000002
11343.999999999987
2127.0
2344.000000000001
2397.9999999999995
2127.0
2488.0000000000014
2127.0
2127.0
2029.0000000000005
1610.0
6072.000000000001
14865.000000000007
4543.999999999997
3328.000000000001
5448.000000000003
2127.0
2606.0
10709.999999999989
2127.0
8301049.0000000065
8301049.0000000065
2433915.0000000056
8301049.0000000065
8301049.0000000065
2069516.9999999925
2069516.9999999925
8301049.0000000065
8301049.0000000065
8301049.0000000065
8301049.0000000065
8301049.0000000065
8301049.0000000065
6662742.000000004
8301049.0000000065
8301049.0000000065
8301049.0000000065
8301049.0000000065
8301049.0000000065
2069516.9999999925
5837584.000000003
5837584.000000003
5837584.000000003
5837584.000000003
5837584.000000003
5837584.000000003
5837584.000000003
5837584.000000003
1903255.9999999963
1903255.9999999963
1903255.9999999963
639671.0000000022
639671.0000000022
2069516.9999999925
8301049.0000000065
8301049.0000000065
8301049.0000000065
8301049.0000000065
8301049.0000000065
8301049.0000000065
8301049.0000000065
8301049.0000000065
8301049.0000000065
8301049.0000000065
8301049.0000000065
6662742.000000004
6662742.000000004
6662742.000000004
6662742.000000004
6662742.000000004
6662742.000000004
6662742.000000004
2433915.0000000056
8301049.0000000065
2127.0
14757.0
28111.999999999993
713715.9999999999
758.0000000000003
482667.0000000004
769576.9999999974
803707.9999999992
3185.000000000002
115135.00000000007
115135.00000000007
1952.0000000000005
3963336.0000000023
1216723.0000000005
2704705.00000001
4426280.999999995
6662742.000000004
6662742.000000004
2069516.9999999925
13510210.000000015
13510210.000000015
13510210.000000015
13510210.000000015
4098.999999999996
2721.0
1580.0000000000005
2127.0
2127.0
2127.0
7057.000000000003
1903.0
2127.0
2867.0000000000014
2989.999999999998
1255.000000000001
14835720.000000011
9754720.0
14835720.000000011
9754720.0
14835720.000000011
14835720.000000011
14779356.000000013
2433915.0000000056
12709858.000000002
6662742.000000004
14835720.000000011
5837583.999999989
5837583.999999989
1903255.9999999963
1903255.9999999963
14779356.000000013
14779356.000000013
14779356.000000013
14779356.000000013
14779356.000000013
14779356.000000013
14779356.000000013
6662742.000000004
14835720.000000011
132.0
132.0
6780.0000000000055
643.0
151.9999999999999
132.0
132.0
133.99999999999997
132.0
3829.999999999998
1257.0
132.0
323.9999999999995
800.9999999999993
159.00000000000003
2044.0
132.0
478.00000000000034
514.0000000000009
132.0
132.0
4407.999999999995
132.0
72496.00000000001
132.0
1027.0000000000011
1985.999999999997
156.00000000000003
1502.9999999999975
132.0
792.9999999999995
1367.9999999999995
471.0000000000003
4523930.000000002
1133.999999999998
410.9999999999996
132.0
132.0
132.0
2411.999999999999
807.0000000000005
166.99999999999997
332.99999999999983
1286.0
5617.000000000003
14364.000000000025
330.99999999999994
2012.9999999999993
1614.000000000001
251.0
330.99999999999994
132.0
4273.000000000007
132.0
132.0
132.0
132.0
304.99999999999994
132.0
1396.9999999999989
134.99999999999991
10798.999999999995
835.0000000000005
631.9999999999989
5391.9999999999945
4626.000000000007
1175.999999999998
300.0000000000001
132.0
1395.0000000000007
608.0000000000007
1557.9999999999998
669.0
132.0
5916.000000000008
132.0
10307.000000000016
132.0
132.0
3797.0
4523930.000000002
250.0
250.0
320.4729501637258
81759.86179048974
564.0
132.0
991.9999999999998
132.0
13752.999999999995
132.0
171.00000000000014
153.99999999999986
244.00000000000006
5449.000000000003
1063.0000000000018
3894.000000000001
156.00000000000003
4675.999999999998
132.0
72496.00000000001
132.0
132.0
132.0
851.0000000000003
1284.9999999999986
777.9999999999994
132.0
1428.9999999999998
503.99999999999915
132.0
2776.9999999999973
132.0
1055.9999999999993
132.0
2822.0000000000005
265.99999999999955
1246.0000000000005
306.99999999999983
420.00000000000017
2217.0000000000023
398.0000000000002
160.99999999999997
5761.999999999991
1594.0000000000002
2283.0
132.0
976.0000000000015
940.9999999999997
132.0
4523930.000000002
2203.281333794984
6419.725666405715
1309.5146997041693
528.0000000000003
1075.999999999998
15256.827854942145
16186.784467365396
771.9999999999997
528.0000000000003
700.0000000000009
528.0000000000003
528.0000000000003
532.0000000000005
3775.662053135966
528.0000000000003
7755.140306405569
6253.6601204304
528.0000000000003
19357.908541286735
10253.678421918381
16114.336377420479
739.9999999999994
5030.305622565409
31218.38935641811
2106.0399474896462
528.0000000000003
1224.8723645124758
111693.08841986497
18556.847238403425
6362.684024843602
528.0000000000003
528.0000000000003
2045.8828426504085
2121.5109937657608
528.0000000000003
528.0000000000003
90295.20081563391
528.0000000000003
1451.805555050802
528.0000000000003
528.0000000000003
716.0
1630.087009912596
2736.868558560223
1761.8759392536592
3355.024603798327
11052.155989097919
748.0000000000003
9434.054587932502
528.0000000000003
528.0000000000003
1596.9299136790446
1952.1188889675266
528.0000000000003
10781.042885143494
1260.3764860907227
20771.986440291756
7844.651448755034
600.0000000000002
963.9999999999997
14674.415662239673
2677.256495893171
10235.905817469835
832.0000000000002
528.0000000000003
8947.383125265264
2052.474871964716
528.0000000000003
4704.68144977217
4768.006151786191
16219594.070239816
132.00000000000009
132.00000000000009
6780.0000000000055
643.0
151.99999999999997
92.26050075736646
132.00000000000009
32.0
3830.000000000003
132.00000000000009
336.3449404694904
92.2605007573664
323.9999999999995
800.9999999999993
159.00000000000003
2043.9999999999975
92.2605007573664
478.00000000000034
128.00000000000009
132.00000000000009
130.47605144240077
4407.99999999999
132.00000000000009
72496.00000000001
132.00000000000009
256.0000000000006
1985.9999999999945
156.00000000000014
1502.9999999999957
92.2605007573664
47.920643732010994
1367.999999999998
471.0000000000003
895811.9999999952
2886675.0
1750.9999999999998
3060.0000000000014
2886675.0
2886675.0
2886675.0
475877.9999999994
3589.9999999999895
4463.999999999993
85218.0000000002
645460.9999999997
1014.9999999999985
645460.9999999997
2446921.0000000023
973.0000000000017
4499966.000000006
4499966.000000006
14364.000000000044
14364.000000000044
52.11466009434232
410.9999999999996
132.00000000000009
132.00000000000009
132.00000000000009
2412.000000000002
807.0000000000015
166.99999999999997
332.99999999999983
1286.0
5616.999999999995
330.99999999999994
2012.9999999999968
1614.000000000001
251.00000000000014
330.99999999999994
132.00000000000009
4273.000000000007
132.00000000000009
132.00000000000009
132.00000000000009
132.00000000000009
64.00000000000009
1396.999999999997
65.23802572120039
135.0
10798.999999999982
835.0000000000005
631.9999999999982
5391.9999999999945
4626.000000000007
1175.9999999999964
300.0000000000001
132.00000000000009
1394.9999999999989
608.0000000000014
1557.9999999999998
128.0
92.2605007573664
255.9999999999997
132.00000000000009
10307.000000000016
132.00000000000009
132.00000000000009
3797.0000000000045
645460.9999999997
2446921.0000000023
2446921.0000000023
475877.9999999994
475877.9999999994
1750.9999999999998
2886675.0
2886675.0
2886675.0
895811.9999999952
1440873.9999999988
4523930.000000002
4523930.000000002
4523930.000000002
250.0
250.0
179.72801681033923
81759.86179048974
564.0
132.00000000000009
991.9999999999998
92.2605007573664
111.02465655606811
92.2605007573664
171.00000000000026
153.99999999999986
244.00000000000006
5449.000000000003
1063.0000000000018
3894.0000000000055
156.00000000000014
4675.999999999998
130.4760514424007
169.78493324682472
132.00000000000009
132.00000000000009
132.00000000000017
89.70481488466292
1284.999999999997
777.9999999999994
132.00000000000009
1428.9999999999998
503.99999999999915
132.00000000000009
2776.9999999999973
132.00000000000009
2822.000000000004
255.99999999999952
132.00000000000009
255.9999999999997
1245.9999999999989
306.99999999999983
420.00000000000017
2217.000000000005
64.00000000000009
127.99999999999984
5761.999999999991
1593.9999999999984
2283.0000000000027
132.00000000000009
976.0000000000027
941.0000000000009
132.00000000000009
37154.99999999999
475877.9999999994
2886675.0
1750.9999999999998
1768.0000000000002
916.0000000000009
2058.000000000001
462.9999999999998
1259.0
2886675.0
580759.9999999993
2886675.0
1904887.9999999998
616457.0000000007
2886675.0
2886675.0
175527.99999999994
645460.9999999997
1904887.9999999998
4523930.000000002
1772.9999999999989
6419.725666405715
1309.5146997041693
395.9999999999997
1075.9999999999968
15256.827854942145
510.49588400752447
771.9999999999997
305.55850503626897
525.0000000000007
528.0000000000003
528.0000000000003
532.0000000000005
3775.6620531359613
528.0000000000003
7755.140306405569
5822.999999999985
528.0000000000003
320.95981312489147
10253.678421918381
16114.336377420479
739.9999999999994
5030.305622565404
31218.389356418073
31218.389356418073
2106.0399474896462
528.0000000000003
174.00000000000017
111693.08841986497
18556.84723840345
192.00000000000023
347.7024590076979
528.0000000000003
2045.882842650411
2121.5109937657585
396.0000000000007
396.0000000000007
90295.20081563391
90295.20081563391
528.0000000000003
135.00000000000017
528.0000000000003
337.2165476366781
174.00000000000017
1630.087009912596
2736.8685585602198
1449.0000000000005
3355.024603798323
11052.155989097919
748.0000000000003
9434.054587932515
195.71407716360116
528.0000000000003
1596.9299136790446
1544.9999999999993
528.0000000000003
267.93251021975914
20771.98644029173
767.999999999999
7844.651448755034
174.00000000000017
600.0000000000002
963.9999999999997
14674.415662239673
2228.9999999999986
9371.999999999989
832.0000000000013
396.0000000000007
8015.999999999988
2052.474871964716
391.4281543272018
335.9999999999999
4768.006151786185
1636223.9999999988
3222216.568886985
5187399.264063063
8670320.495102786
1877.9999999999995
5451.000000000001
10294105.78589649
10294105.78589649
10294105.78589649
6831950.728682136
10092638.26011054
752721.0000000014
1417619.9999999956
1427633.9999999965
310529.53312085924
15743680.261305775
15743680.261305775
16219594.070239816
6751227.737142293
6751227.737142293
16219594.070239816
262144.0
16384.0
131072.0
65536.0
262144.0
8192.0
262144.0
262144.0
262144.0
262144.0
262144.0
262144.0
262144.0
128.0
64.00000000000004
64.00000000000004
64.0
256.0
64.0
64.00000000000004
256.0
128.0
256.00000000000034
262144.0
262144.0
262144.0
262144.0
262144.0
262144.0
32768.0
262144.0
262144.0
262144.0
262144.0
262144.0
32767.99999999996
262144.0
262144.0
262144.0
262144.0
262144.0
65536.0
262144.0
64.0
1024.0
2048.0
65536.0
65536.0
65536.0
1024.0
32768.0
8192.000000000011
8192.000000000011
8192.000000000011
262144.0
127.99999999999991
262144.0
65535.99999999992
131072.0
262144.0
262144.0
262144.0
459924.99999999965
459924.99999999965
459924.99999999965
255.99999999999983
64.0
64.0
32.0
256.0
64.0
64.0
63.99999999999996
128.0
128.0
459924.99999999965
262144.0
262144.0
459924.99999999965
65535.99999999992
459924.99999999965
459924.99999999965
32767.99999999996
459924.99999999965
32.0
459924.99999999965
262144.0
262144.0
262144.0
4096.0000000000055
131072.0
262144.0
262144.0
262144.0
262144.0
262144.0
262144.0
65536.0
262144.0
262144.0
65536.0
65536.0
262144.0
262144.0
262144.0
262144.0
64.00000000000004
64.0
64.00000000000004
256.0
32.0
256.0
64.00000000000004
512.0
64.0
256.00000000000034
64.0
65536.0
262144.0
65536.0
262144.0
262144.0
262144.0
262144.0
262144.0
65536.0
262144.0
262144.0
262144.0
262144.0
262144.0
262144.0
262144.0
262144.0
262144.0
262144.0
262144.0
65536.0
4096.0000000000055
65536.0
65536.0
8192.000000000011
262144.0
32767.99999999996
32767.99999999996
15.999999999999995
131072.0
262144.0
262144.0
459924.99999999965
459924.99999999965
459924.99999999965
459924.99999999965
64.0
64.0
32.0
459924.99999999965
32768.0
459924.99999999965
459924.99999999965
459924.99999999965
459924.99999999965
459924.99999999965
459924.99999999965
459924.99999999965
262144.0
262144.0
65536.0
459924.99999999965
459924.99999999965
459924.99999999965
459924.99999999965
250.0
250.0
128.0
250.0
250.0
250.0
131072.0
262144.0
262144.0
64.0
262144.0
8192.0
8192.0
32767.99999999996
131072.0
131072.0
131072.0
262144.0
262144.0
262144.0
262144.0
262144.0
65536.0
262144.0
262144.0
262144.0
64.00000000000004
256.0
64.0
256.0
256.0
64.0
127.99999999999991
64.0
256.0
255.9999999999997
255.99999999999983
255.99999999999983
64.0
64.0
127.99999999999991
64.0
64.0
127.99999999999991
128.0
64.0
262144.0
262144.0
262144.0
262144.0
262144.0
262144.0
262144.0
262144.0
32768.0
262144.0
262144.0
262144.0
262144.0
262144.0
262144.0
262144.0
262144.0
262144.0
32768.0
65536.0
65536.0
262144.0
262144.0
262144.0
262144.0
262144.0
262144.0
262144.0
65536.0
32767.99999999996
64.00000000000004
65536.0
65536.0
65536.0
64.00000000000004
262144.0
262144.0
65535.99999999992
65535.99999999992
262144.0
128.0
127.99999999999991
459924.99999999965
459924.99999999965
459924.99999999965
262144.0
262144.0
459924.99999999965
459924.99999999965
262144.0
65535.99999999992
459924.99999999965
405467.99999999977
405467.99999999977
405467.99999999977
405467.99999999977
1379854.999999997
989524.9999999984
726.0
121824.00000000013
10618.000000000018
200.99999999999994
629900.0000000003
267565.0000000001
267565.0000000001
267565.0000000001
439282.9999999995
439282.9999999995
439282.9999999995
629900.0000000003
629900.0000000003
629900.0000000003
629900.0000000003
629900.0000000003
629900.0000000003
629900.0000000003
114.00000000000004
383.9999999999995
197.99999999999986
302.9999999999998
174.00000000000006
251.9999999999999
174.00000000000006
174.00000000000006
71.99999999999999
573.0000000000003
171.00000000000014
174.00000000000006
285.00000000000017
335.9999999999999
233.9999999999999
80.99999999999997
174.00000000000006
629900.0000000003
629900.0000000003
629900.0000000003
629900.0000000003
629900.0000000003
629900.0000000003
629900.0000000003
629900.0000000003
581579.9999999995
581579.9999999995
581579.9999999995
581579.9999999995
581579.9999999995
191455.00000000012
64788.99999999991
64788.99999999991
94612.0000000001
629900.0000000003
629900.0000000003
629900.0000000003
629900.0000000003
626561.0000000002
626561.0000000002
192209.0000000002
192209.0000000002
629900.0000000003
113058.00000000012
58223.99999999989
106871.99999999991
2858.999999999998
75045.00000000009
75045.00000000009
113058.00000000012
111146.99999999994
111146.99999999994
174.00000000000006
111146.99999999994
111146.99999999994
83549.99999999991
83549.99999999991
174.00000000000006
83549.99999999991
83549.99999999991
394790.99999999994
425718.00000000047
425.9999999999998
174.00000000000006
218.99999999999991
174.00000000000006
297.0000000000001
425718.00000000047
425718.00000000047
192209.0000000002
425718.00000000047
425718.00000000047
28140.999999999953
94612.0000000001
267565.0000000001
267565.0000000001
439282.9999999995
626561.0000000002
1344486.9999999972
1344486.9999999972
1344486.9999999972
1344486.9999999972
174.00000000000006
135.00000000000009
531.9999999999998
174.00000000000006
1178.9999999999998
174.00000000000006
156.00000000000014
441.0000000000002
1380034.9999999981
1380034.9999999981
1380034.9999999981
989524.9999999984
1380034.9999999981
1380034.9999999981
1380034.9999999981
1379854.999999997
192209.0000000002
1285242.9999999974
106871.99999999991
581579.9999999995
581579.9999999995
191455.00000000012
1379854.999999997
1379854.999999997
1379854.999999997
989524.9999999984
989524.9999999984
626561.0000000002
626561.0000000002
1380034.9999999981
14364.000000000025
14364.000000000025
590.9999999999997
132.00000000000009
132.00000000000009
132.00000000000009
1756.9999999999995
132.00000000000009
2033.9999999999973
132.00000000000009
1133.999999999998
52.11466009434232
333.99999999999994
411.0000000000001
2750.000000000002
132.00000000000009
132.00000000000009
3641.999999999998
564.0
256.0
128.0
268.9999999999995
132.00000000000009
4599.999999999999
132.00000000000009
132.00000000000009
991.9999999999998
287.99999999999994
116.47317287684751
4910.000000000002
397.98695065136667
4910.000000000002
214.43135388539972
132.00000000000009
826.0000000000015
6779.999999999997
2412.000000000002
132.00000000000009
293.99999999999983
193.00000000000003
273.9999999999998
132.00000000000009
133.0000000000001
285.00000000000017
130.4760514424007
111.02465655606811
13752.999999999995
643.0
152.00000000000006
1206.999999999999
175.00000000000014
132.00000000000009
132.00000000000009
92.2605007573664
132.00000000000009
116.47317287684751
563.0
132.00000000000009
1284.9999999999986
807.0000000000015
132.00000000000009
507.9999999999999
166.99999999999997
64.0
166.00000000000009
171.00000000000014
19527.999999999967
19527.999999999967
14119.999999999998
3830.000000000003
132.00000000000009
385.99999999999983
153.99999999999997
133.0000000000001
244.00000000000006
966.0000000000016
1052.9999999999986
1052.9999999999986
332.99999999999983
2620.000000000002
5449.000000000003
132.00000000000009
1063.0000000000005
1286.0
256.0
5616.999999999995
1075.0000000000005
132.00000000000009
610.8172636614831
541.0000000000002
380.0000000000002
132.00000000000009
283.99999999999983
102.00000000000003
132.00000000000009
652.0000000000007
2269.0000000000014
773.9999999999999
483.00000000000017
1940.9999999999977
132.00000000000009
219.0000000000003
2267.0000000000005
1039.9999999999986
3248.999999999998
535.9999999999992
3894.0000000000055
177.82153879663232
2048.999999999999
92.2605007573664
323.9999999999999
3129.0
729.9999999999999
132.00000000000009
836.0000000000003
132.00000000000009
132.00000000000009
222.48540483348185
143.99999999999997
801.0000000000003
556.0000000000005
159.00000000000003
156.00000000000014
132.00000000000009
2236.999999999999
132.00000000000009
4889.000000000004
2043.9999999999975
132.00000000000009
128.0
1055.0
259.00000000000017
270.99999999999983
330.99999999999994
1338.0
184.99999999999997
769.0000000000001
2012.9999999999968
420.9999999999998
1468.9999999999989
132.00000000000009
132.00000000000009
64.0
2024.0000000000002
357.928122742814
163.49013430450563
1614.000000000001
2385.999999999999
116.47317287684751
1514.000000000001
9637.999999999985
9637.999999999985
561.0000000000002
132.00000000000009
251.00000000000014
92.2605007573664
12644.999999999996
330.99999999999994
147.0
128.0
477.9999999999998
102.00000000000003
34710.00000000006
5733.0000000000055
132.00000000000009
2711.0000000000036
132.00000000000009
128.00000000000009
64.00000000000004
160.00000000000003
2212.0000000000036
132.00000000000009
183.00000000000014
130.4760514424007
4273.000000000002
132.00000000000009
132.00000000000009
793.0000000000005
4702.000000000003
195.00000000000009
596.9999999999995
132.00000000000009
777.0000000000005
116.47317287684751
116.47317287684751
132.00000000000009
130.4760514424007
179.0
132.00000000000009
132.00000000000009
4675.999999999998
53.60880065962433
132.00000000000009
5870.999999999999
132.00000000000009
116.47317287684751
4407.999999999995
1115.9999999999995
132.00000000000009
146.3533429548929
253.0000000000002
543.0000000000007
132.00000000000009
132.00000000000009
565.9999999999993
132.00000000000009
130.4760514424007
132.00000000000009
2682.0000000000005
132.00000000000009
132.00000000000009
184.64341611013631
128.0
132.00000000000009
132.00000000000009
1819.999999999997
2926.0000000000005
128.0
132.00000000000009
132.00000000000009
169.78493324682472
72496.00000000001
72496.00000000001
132.00000000000009
132.00000000000009
1396.9999999999989
92.2605007573664
132.00000000000009
132.00000000000009
173.99999999999994
135.00000000000009
132.00000000000009
10798.999999999982
894.9999999999997
3663.999999999999
102.00000000000003
1445.9999999999975
29439.999999999975
29439.999999999975
835.0000000000005
132.00000000000009
2590.0000000000036
2861.000000000002
4151.000000000004
132.00000000000009
127.99999999999991
132.00000000000009
1056.9999999999982
132.00000000000009
256.0
2637.000000000004
789.5106927380333
136.02816303483175
1923.9999999999998
132.00000000000009
256.0
132.00000000000009
132.00000000000009
5857.000000000009
64.00000000000004
132.00000000000009
132.00000000000009
132.00000000000009
132.00000000000009
1284.9999999999986
1190.999999999998
328.0
778.0000000000005
130.4760514424007
102.00000000000003
1026.9999999999998
256.00000000000034
631.9999999999989
132.00000000000009
160.99999999999997
5392.000000000001
1985.999999999997
4626.000000000002
683.9999999999998
528.9999999999994
2215.0000000000014
432.9999999999999
116.47317287684751
2408.999999999999
6789.999999999992
1428.9999999999998
132.00000000000009
763.0000000000001
132.00000000000009
412.9999999999997
503.9999999999998
1175.999999999998
455.9999999999999
132.00000000000009
156.00000000000014
32.0
142.99999999999997
483.00000000000017
300.0000000000001
130.4760514424007
1502.9999999999975
32.00000000000002
2777.0000000000005
101.99999999999997
132.00000000000009
332.00000000000017
64.00000000000004
9942.0
1021.0000000000001
3426.000000000002
186.99999999999997
659.9999999999993
2840.000000000001
132.00000000000009
65.23802572120039
132.00000000000009
116.47317287684751
132.00000000000009
1016.9999999999986
422.0000000000001
1135.999999999998
1002.9999999999994
47.920643732010994
514.9999999999999
116.47317287684751
132.00000000000009
265.99999999999955
2822.000000000004
1394.9999999999989
478.9999999999993
132.00000000000009
255.99999999999983
255.9999999999997
132.00000000000009
256.0
1245.9999999999989
306.99999999999983
778.0000000000005
420.00000000000017
86.04191449618092
132.00000000000009
608.0000000000007
1367.999999999998
2168.0000000000014
130.4760514424007
2217.0000000000023
148.44279349820897
64.00000000000004
64.00000000000004
6524.999999999996
256.0
318.99999999999955
127.99999999999991
141.00000000000009
2299.9999999999995
101.99999999999997
2299.9999999999995
132.00000000000009
132.00000000000009
149.99999999999994
737.9999999999999
102.00000000000003
132.00000000000009
2867.0000000000014
1557.9999999999998
471.0000000000003
575.9999999999999
241.00000000000006
116.47317287684751
5761.999999999998
5761.999999999998
132.00000000000009
556.0000000000005
916.0000000000009
1593.9999999999984
2372.9999999999995
4400.000000000005
742.9999999999995
128.00000000000009
132.00000000000009
3124.0000000000005
2283.0000000000027
116.47317287684751
132.00000000000009
7703.999999999996
255.9999999999997
5916.000000000001
208.00000000000006
166.99999999999997
132.00000000000009
132.00000000000009
1279.9999999999995
1507.9999999999993
487.99999999999955
128.0
976.0000000000015
132.00000000000009
2671.9999999999995
2671.9999999999995
2671.9999999999995
132.00000000000009
127.99999999999991
132.00000000000009
10307.000000000004
545.0
941.0000000000009
64.0
132.00000000000009
1389.9999999999986
961.9999999999999
132.00000000000009
130.4760514424007
256.0
132.00000000000009
132.00000000000009
132.00000000000009
132.00000000000009
1181.9999999999993
92.2605007573664
132.00000000000009
1378.0
132.00000000000009
179.72801681033923
3797.0000000000045
3797.0000000000045
545408.0000000002
545408.0000000002
645460.9999999997
2446921.0000000023
49700.000000000044
64469.0
983.0
49700.000000000044
1440873.9999999988
37155.000000000044
394466.0000000002
895811.9999999974
895811.9999999974
895811.9999999974
895811.9999999974
1440873.9999999988
580759.9999999993
2446921.0000000023
2446921.0000000023
2446921.0000000023
475877.9999999994
2446921.0000000023
2446921.0000000023
475877.9999999994
475877.9999999994
2886675.0
580759.9999999993
2886675.0
580759.9999999993
2886675.0
2886675.0
2886675.0
2886675.0
2886675.0
2955.999999999996
625.9999999999999
1817.0000000000005
1750.9999999999998
1750.9999999999998
1750.9999999999998
1768.0000000000002
3060.0000000000014
1750.9999999999998
531.9999999999998
1140.9999999999993
916.0000000000009
1750.9999999999998
869.0000000000001
2058.000000000001
3499.999999999999
1750.9999999999998
2377.000000000001
462.9999999999998
744.9999999999999
271.99999999999994
4798.999999999994
1258.9999999999984
1750.9999999999998
1599.0000000000005
8136.0
2220.000000000001
599.0
574.9999999999999
1750.9999999999998
1949.9999999999989
2886675.0
2886675.0
2886675.0
2886675.0
2886675.0
2886675.0
2886675.0
2886675.0
2886675.0
2886675.0
2886675.0
580759.9999999993
2886675.0
2886675.0
2886675.0
2886675.0
2886675.0
1904887.9999999998
1904887.9999999998
1904887.9999999998
580759.9999999993
1855907.999999999
1855907.999999999
1904887.9999999998
1904887.9999999998
616457.0000000007
616457.0000000007
616457.0000000007
616457.0000000007
2886675.0
2886675.0
2886675.0
2886675.0
2886675.0
2886675.0
1855907.999999999
475877.9999999994
2886675.0
18745.0
175527.99999999994
3589.999999999994
250906.99999999956
250906.99999999956
208284.99999999983
250906.99999999956
472540.0000000003
4463.999999999998
85217.99999999999
645460.9999999997
1014.9999999999985
645460.9999999997
645460.9999999997
475877.9999999994
645460.9999999997
645460.9999999997
85731.00000000009
895811.9999999974
1440873.9999999988
1440873.9999999988
1440873.9999999988
2446921.0000000023
4378209.999999993
4378209.999999993
4378209.999999993
4378209.999999993
4378209.999999993
791.9999999999994
870.0
1750.9999999999998
721.9999999999998
961.9999999999999
1523.0
973.0000000000005
4296.999999999998
4523929.999999991
4523929.999999991
2993111.999999996
4523929.999999991
4523929.999999991
4523929.999999991
4523929.999999991
4523929.999999991
4523929.999999991
2993111.999999996
4523929.999999991
1904887.9999999998
1904887.9999999998
1904887.9999999998
1904887.9999999998
1855907.999999999
1904887.9999999998
4499965.999999994
4499965.999999994
4499965.999999994
1855907.999999999
1855907.999999999
1855907.999999999
475877.9999999994
4523929.999999991
