480506.6994623035
22651474.627859447
15819473.99326394
10225076.325420322
18128391.903261796
19332701.898816522
8266794.884648668
10333295.368416188
21255049.474216856
34936488.06747936
35182504.91953012
32439617.166981198
10391132.873178931
32439617.166981198
0.0
4394490.896928971
11072884.866884025
5943449.671879836
14917983.184237393
0.0
0.0
36597287.62658281
37774407.31812267
14427667.550348181
14425216.671731858
14438150.954849241
1055781.3539372862
43679860.41869425
25650669.8865214
25649489.955901258
25687186.168892965
13391831.331195572
13389380.452579249
13396261.393599758
9621218.422338454
9621218.422338454
9621218.422338454
2583937.723060872
923138.4147359879
923138.4147359879
5689537.849413354
3652293.884887466
3652293.884887466
42461081.54816516
38508746.33113648
80969827.87930164
115501206.5574831
176972111.80485845
323683658.95961064
151448888.04432338
452365124.19029623
73402235.00788641
255823946.0960039
122185014.72232264
241693490.45146385
0.0
426074742.5587752
4390975.83866883
4402826.714859399
1078783611.4166706
73402235.00788641
577191316.4796667
41458096.62908274
171046403.24269456
364398763.4790606
400316947.749125
251815535.0194505
147777108.52300227
238978100.56769365
400316947.749125
400309408.58821326
400309408.58821326
157525505.88707218
364398763.4790606
400349195.80617285
147777108.52300227
400349195.80617285
1131647802.8030064
171046403.24269456
255823946.0960039
661710941.9925518
178705036.08599383
341613099.3992397
249176966.21640623
110943090.1044461
238978100.56769365
371358101.1945615
371350562.03364974
238978100.56769365
178215958.76153788
171046403.24269456
255123169.48258245
25522966.149823464
25597183.353639692
98834166.08820346
157525505.88707218
426074742.5587752
255823946.0960039
147777108.52300227
238978100.56769365
4353597.621244077
178705036.08599383
1613144281.5237687
50476511.7316418
157525505.88707218
33389674.804592703
93363656.80374828
4097748.0759510277
577191316.4796667
255823946.0960039
4390975.83866883
238978100.56769365
2769003910.1532445
157455.2528484313
14716132435.619198
273352.87593761104
23029810158.624672
19100692823.54567
15728868640.186747
0.0
30676233811.56883
265061380.86100954
66504631100.20652
17949881.788785942
8915540.773300085
580462.8152437235
234242.30345021383
25089704059.947502
18637169851.404625
5963199.823998388
21101677.65598245
25089704059.947502
0.0
12350971276.47116
25089704059.947502
11252127.83002726
15610641.500934929
6727211.106597065
25089704059.947502
66714832713.23658
19100692823.54567
2475698.137127388
18332052130.08615
35095920.505156726
444618.2509063912
23268750634.639664
5123182.122873487
19518404.85537346
2320409.962254879
1111801.689138233
19100692823.54567
8249081649.0045395
2780005.314174411
157455.2528484313
27935201.071838226
111079991010.58765
15134419.241514612
525416.0889424892
247304277.3842885
2475698.137127388
8745464.560533209
161887.90641241046
1991460.9147248752
612678.47810813
152038208594.92657
157455.25284843132
14716132435.6192
273352.87593761104
22014030268.488995
19100692823.54567
15728868640.186749
0.0
4365914172.7129345
265061380.86100954
66504631100.20652
17949881.788785946
8915540.773300085
481326.54564562434
580462.8152437236
234242.3034502138
25089704059.947502
763084044.3168546
5963199.823998388
21101677.65598245
25089704059.947502
0.0
12350971276.47116
1449737.57502568
11252127.83002726
15610641.500934929
6727211.106597065
21989677292.366005
101910.34659873748
7116400560.587485
19100692823.54567
2475698.137127388
42758.93586207496
10987.452955419314
390370.7700334577
23268750634.639664
5123182.122873488
19518404.855373457
2320409.962254879
169.02673579667368
19100692823.54567
8249081649.0045395
12367.558412992401
27935201.071838226
157455.25284843132
203066193.4082155
26590310606.71829
15134419.241514612
525416.0889424892
247304277.3842885
2475698.137127388
82710.47129936505
161887.90641241046
1991460.9147248752
612678.47810813
23587810.612724468
115501206.5574831
34749999.937092505
323683658.95961064
151448888.04432338
397452683.84145516
73402235.00788641
255823946.0960039
33961.792191053355
241693490.45146385
0.0
426074742.5587752
10891.483945336311
65072093.08547214
4390975.83866883
4402826.714859399
164452267.48351857
22182.777165981595
1078783611.4166706
73402235.00788641
228466111.83323815
318414265.6447602
2667271.476805165
7856.1560510536765
740672412.0661443
108152249.76349543
171046403.24269456
355517296.620657
400316947.749125
17632860.22002579
251815535.0194505
147777108.52300227
104583107.49916731
238978100.56769365
379290976.40412027
400316947.749125
1196.1969184096804
400316947.749125
379501520.96192
0.48499279241395293
372601224.8560052
57239866.64027005
389868435.14862466
359738986.951882
108978015.08866304
157525505.88707218
157525505.88707218
364398763.4790606
3297.0155147550504
22843.214615444955
147777108.52300227
363721886.99146056
1528.0872211761239
148446334.8794727
400349195.80617285
400349195.80617285
171046403.24269456
255823946.0960039
7149426.7277556565
255774437.3712352
330376828.16510814
178705036.08599383
66428321.33132808
914.7187363162835
971.9255559975618
238978100.56769365
4267128.945098151
371358101.1945615
371350562.03364974
12326152.89660988
165618729.66819304
171046403.24269456
99215684.80779034
25522966.149823464
25597183.353639692
98834166.08820346
87755069.9917508
157525505.88707218
442.1516119761094
255823946.0960039
255823946.0960039
7747.971243289801
147777108.52300227
7655.017553594916
57795943.51750928
178705036.08599383
4353597.621244077
244757916.93144655
4588736.5017682025
9175.716406684593
528459255.5681577
336346192.0416918
398706463.0956081
124752646.36878413
13096.674180008513
50476511.7316418
8439.796004524103
33389674.804592703
93363656.80374828
4097748.0759510277
491767739.25698555
577191316.4796667
28046.16864407857
577191316.4796667
255823946.0960039
19449.46439598787
238978100.56769365
238978100.56769365
313812599.8139817
386132.84094043734
110422.49491024228
1689.8352966601472
338679436.2936862
374948698.24689645
497556.4366968142
2945.1578799248086
450931501.5776745
49138.20768295301
765173142.4366318
66737.54056495457
61763.73170005008
210094725.42861122
0.0
0.0
318767.70231338975
10138.534439322591
965525174.2962763
193079.78675588913
201192.90203162978
191365.06807371907
959368607.1592889
99991.5943091297
66737.54056495457
237740.61582958477
103163.00956683635
6060.997809217974
5103.837040962998
2709.005899111539
56856.41798249871
57284.19104485448
6304.238781708645
66737.54056495457
941367.9277699892
30490.99389229749
355430229.8216723
6887.328954524526
5103.837040962998
0.0
355430229.8216723
33979.832959583844
126114.58616202459
175929.49042588304
127811.39313279887
5103.837040962998
76231.71218341267
355430229.8216723
986173263.6886458
193079.78675588913
27625.58674235895
609484860.9584748
73811.98118581407
609484860.9584748
290764.9712543709
609484860.9584748
5103.837040962998
401713.37579434004
329860413.34651166
58140.45477292756
219609.95934959568
26436.42153905207
222665.53978359027
31591.09249863142
31591.09249863142
12640.859340416251
10919.170906359912
7998.345766932168
93301.83004570652
66671.04541760145
218540.47503629222
1689.8352966601472
320287.9188945256
1349595036.5862565
27625.58674235895
170108.717838047
6060.997809217974
1010860531.8852983
22750.577652752494
27625.58674235895
7271.503028900784
98863.06527063261
1850.3862242981697
66737.54056495457
0.0
1721199368.0746455
110422.49491024228
1689.8352966601472
338679436.2936862
667.8271881247458
497556.4366968142
2945.1578799248086
378131728.81233037
49138.20768295301
765173142.4366318
66737.54056495457
61763.73170005008
210094725.42861122
0.0
0.0
318767.70231338975
10138.534439322591
7636.181326104034
6745.1364968089265
56470945.27545129
7732.782124667437
965525174.2962763
965525174.2962763
965525174.2962763
193079.78675588913
201192.90203162978
191365.06807371907
4090.765673289031
99991.5943091297
2912.5812308162085
7104.832477998731
968051692.4902048
810549036.2813983
237740.61582958477
103163.00956683635
6060.997809217974
5103.837040962998
2709.005899111539
56856.41798249871
5033.58305518362
6304.238781708645
66737.54056495457
3172.9715883631025
30490.99389229749
20434467.062995676
355430229.8216723
355430229.8216723
6887.328954524526
5103.837040962998
0.0
355430229.8216723
33979.832959583844
126114.58616202459
175929.49042588304
127811.39313279887
5103.837040962998
76231.71218341267
333486458.00182354
329584502.095308
1317.5211558412705
148672166.54354617
327408768.3129373
20210.468198547904
193079.78675588913
27625.58674235895
609484860.9584748
73811.98118581407
609484860.9584748
290764.9712543709
8589.321464280141
609484860.9584748
4837.016990762757
342.75592005472953
924.6271824943832
1091.0376716270196
329860413.34651166
58140.45477292756
219609.95934959568
26436.42153905207
222665.53978359027
31591.09249863142
483.7882798103722
9.569973941054903
10919.170906359912
7998.345766932168
93301.83004570652
66671.04541760145
218540.47503629222
320287.9188945256
1689.8352966601472
8.111507864763816
4724591.0261740275
402966530.1387405
343765848.4538594
666206055.2138727
1349595036.5862565
55.457294434852834
170108.717838047
6060.997809217974
2877.2176398759634
666206055.2138727
82526134.62795264
830642384.3113686
22750.577652752494
27625.58674235895
7271.503028900784
3189.617962172845
1850.3862242981697
0.0
0.0
348876.571324039
480506.6994623035
22507918.292972762
1271766.2261233123
1056341.7024121238
18128391.903261796
24.13641277022826
8266794.884648668
10333295.368416188
16503530.771455752
10257532.173932265
20941472.963232897
32439617.166981198
1271.5549405140941
9058257.258496169
0.0
4394490.896928971
890497.2939341449
5943449.671879836
14488561.231422594
0.0
0.0
6562.8192124827265
26328110.718250047
433.67931033944916
318.10851049965527
294.2134846569264
1280.0925638339547
2432938.334217636
18237725.715551943
1849462.1476952834
5118060.402027312
25886297.88284085
2040551.1598933127
21869789.515833437
5456839.190600992
28344431.912887767
272.6711951741063
839.8997582114955
36597287.62658281
36597287.62658281
36597287.62658281
8721361.855502272
1550016.8815710584
16730334.962544134
178.43351638957907
488.60259681134943
37774407.31812267
37774407.31812267
80655.44165051103
9097109.844081461
295.99360842603465
29444474.275121003
2957351.761339831
9924557.39442146
41659834.023975916
1485.215500929573
29747075.4292012
1508701.9836395714
14249156.429838108
14427667.550348181
14002354.668194097
3805359.801283752
47.63041080625361
207.83899299060832
14427667.550348181
9542178.893421415
14427667.550348181
4291584.9956137845
2576833.99934726
14296791.718496136
14427667.550348181
12272149.880679589
14427667.550348181
0.018126879995232673
12365067.580454078
14427667.550348181
14427667.550348181
3201.2892952903476
14427667.550348181
12142569.143722035
14427667.550348181
14427667.550348181
14427667.550348181
14427667.550348181
14427667.550348181
3271335.4859969756
12471472.84140393
14325699.846598163
14422486.45386476
11461972.09009293
14425216.671731858
772194.8376433172
628865.5797970729
4883933.735122077
117.38933286742876
14425216.671731858
12400752.739434266
14438150.954849241
14054597.993351901
47.60800991770538
8187307.779231843
13980834.952166872
14438150.954849241
14128275.664852832
14438150.954849241
6486364.851146224
14438150.954849241
14438150.954849241
123.43091171610595
767.717029365134
14438150.954849241
916529.5251824801
216191.03090540858
13160509.47907703
13153750.34468442
25648350.71681524
189.40437111844696
25650669.8865214
25650669.8865214
25650669.8865214
15371335.430468803
14692714.031744048
25649489.955901258
135.72596034968012
374.65427127233716
25684866.999186806
23925536.969067026
25687186.168892965
2703524.0677378527
129033.42334647203
52.277407992990575
47.58954773016479
13391831.331195572
36.326267510446264
13391831.331195572
10220379.027438166
9312223.278788906
6198865.830374018
13389380.452579249
3101997.13948928
892310.9464988816
10371015.582687777
9621218.422338454
5456070.383758043
3288889.6403944814
9621218.422338454
5303784.839231001
2583937.723060872
923138.4147359879
923138.4147359879
589.224431242665
50.19426746855325
5689537.849413354
3652293.884887466
3652293.884887466
10786051.629013978
10108294.87250933
0.3538127057685591
291779.28640858317
1766719.917731711
7715387.861273415
16289230.72591904
261.8708118978277
365.3605315027131
23.401850966753997
15038326.098333495
20966020.051145587
15332274.815726994
12215190.680839889
17266026.956049934
12421817.934384236
28344431.912887767
4662700.735322495
142.84738478696445
17654579.65537338
40933996.65761798
42461081.54816516
240.0142956275766
487.7713122408378
34209022.363202624
42461081.54816516
31229774.37969398
9188351.531483142
42461081.54816516
3485687.206248812
19682011.901832197
19838173.472281273
23095090.527697034
336.0575041030032
125.50023685136175
67.11087941513784
29060552.82114985
3579855.64317512
31110769.039318938
386.91427159791755
38508746.33113648
1125039.2938464948
888.6454026245374
0.0
12495453.562269816
22083640.084777486
29480752.40996803
20737894.76881048
35012798.85808639
67625996.89871792
7362636.841681176
56438729.06341545
1045.2386321715048
14532.834715524321
87.47777123590465
80969827.87930164
9682330.115395032
49424312.26179512
33404276.130920824
91148558.75384405
59707386.660039306
41390100.43282292
27503635.976031657
32579993.68806078
73633355.98831168
17079662.814421885
16531429.21993544
22526460.961485263
47038884.31072443
25069983.80659365
18657324.600022834
17457043.068233505
44479930.2977995
26243181.429305602
18481859.680036575
37591663.84809069
16353116.686837068
0.0
9087284.105111208
7143972.779231788
13301639.046076804
43249136.91646229
84927604.63867228
25069983.80659365
22526460.961485263
17079662.814421885
26670749.89240496
488487.649426519
489805.9652038787
490323.0590265122
11416242.30065264
5841426.754905171
4482423.593119345
13301639.046076804
15635679.891917294
39418154.75123176
54393406.3221314
24850437.09776361
22526460.961485263
17079662.814421885
479985.01666857844
27519038.9005469
33144404.832511596
54393406.3221314
160859259.93520895
15635679.891917294
84037996.07758832
25069983.80659365
24418511.292261362
27519038.9005469
33247258.68804244
23209020.49730907
94375453.78147888
9727974.929598508
37513624.204395965
50460903.55249268
24705918.712381814
25409312.45430059
27519038.9005469
10543618.864682015
32983940.9236975
50460903.55249268
15635679.891917294
25031601.21654402
11335915.427209537
3434570.4681878416
3477770.3600002504
21434375.759921454
12424736.032018732
4482423.593119345
9727974.929598508
13301639.046076804
2842586.465157456
43249136.91646229
84927604.63867228
25069983.80659365
22526460.961485263
23626808.419502318
488487.649426519
455782.8008172103
24418511.292261362
27519038.9005469
484306.3811600744
487192.6465895727
33247258.68804244
490400.8499279436
461000138.55341125
148176851.61499205
265403821.8961654
185813.25494777862
82785711.85803336
49690839.79568981
67354980.08392237
136135812.82268023
52542047.010842845
133890750.81919473
55707247.62531338
113143863.06775747
49128807.706880495
27302007.21975327
21545563.103285886
40137973.17385217
40137973.17385217
130334242.76453711
130334242.76453711
75585133.36548713
75585133.36548713
67354980.08392237
62849868.08600482
1475407.8782086454
17565165.15273791
34307464.53437943
270228583.4616767
270231017.3275264
185813.25494777862
270228774.71672976
47653904.06454846
13522391.326694196
40137973.17385217
47155976.628336295
160488387.02959543
1444300.457612312
99028423.14477828
146944797.69975546
146944856.3604721
146944795.88733447
160488387.02959543
447607204.136814
246049914.15745923
185813.25494777862
61773426.7711876
82832409.98319001
67589414.09087053
225111634.79879752
225111510.41105554
277147474.958949
29357577.867482346
149404919.10898572
31356326.40102032
137665446.76446867
34103938.91051524
62693515.544762656
62693503.80110906
13522391.326694196
29357577.867482346
40137973.17385217
40137973.17385217
130334242.76453711
130334242.76453711
130334242.76453711
205483573.01886404
205483911.61104622
246049914.15745923
75585133.36548713
59586886.250619404
61773426.7711876
82832409.98319001
82832409.98319001
82832409.98319001
1465988.3523939536
99256228.26008205
1475641.9451899326
270446554.0784353
270449520.8764314
185813.25494777862
270447482.06369406
811536802.8037065
3969123.7041399386
6640166651.209607
11739487.65066789
3677661872.679281
3295491.4585896884
178453.64162169854
1320985126.024239
1132078.7501286285
564425.274924366
278682.3291532942
0.0
243256.23343991974
1417879128.472762
289309.7565125552
13004446869.531153
1744494.0374218472
21496253.04087801
1979655.9251640658
2538285588.069339
2736095833.5604434
57933.334413120865
66712276.814967334
0.0
1295942.93950551
5962697957.631003
3969123.7041399386
3743093.7111007245
18891007.122720227
1911533.9625187456
508211.9109667619
9371037902.89691
0.0
0.0
1295942.93950551
1132078.7501286285
5539915703.718339
2354860.3434416307
809412691.1996537
608328.1752856211
2354860.3434416307
875731.2226380424
6730419352.807806
51553.880031616296
5637109.252510779
1149156597.9749656
1687304.5236990235
15102025.051214114
97700.15549739401
11739487.65066789
2799559.6351756193
564425.274924366
13029602924.15196
243256.23343991974
47325.269736873386
3969123.7041399386
6210610076.703588
11739487.650667889
3677661872.679281
3295491.458589689
138.23674085520236
457487611.48956144
1132078.7501286282
564425.274924366
278682.3291532942
0.0
535.2387130920079
1417879128.472762
289309.7565125551
14156.427612995776
5908575146.519206
1744494.0374218468
21496253.04087801
32970.46280452929
343574139.3087611
2736095833.5604434
57933.334413120865
20794056.26940359
0.0
1295942.9395055098
5962697957.631003
3969123.7041399386
3645535.657401845
17690494.84450811
1911533.962518746
508211.9109667619
9371037902.896912
0.0
0.0
1295942.9395055098
2866.4315598267476
5539915703.718339
1488.719172354627
809412691.1996537
680.5771753929326
2354860.3434416307
8809.413296326911
5317287915.534485
51553.880031616296
5637109.252510778
8568.174345951576
1687304.5236990238
15102025.051214114
93203.10289397131
11739487.650667889
2799559.6351756193
9827.302313050011
1036116076.8373075
243256.23343991974
47325.26973687338
148176851.61499205
225491464.93677473
185813.25494777862
82785711.85803336
49690839.79568981
67354980.08392237
136135812.82268023
52542047.010842845
420.25846211946356
102636.375100693
1934.5646952893842
10655931.765900504
27302007.21975327
21545563.103285886
40137973.17385217
40137973.17385217
9602.853979015115
130334242.76453711
55308563.665231615
605.7848223552973
1380.204219206143
21021306.283060838
62849868.08600482
1475407.8782086454
17565165.15273791
4008.353313111234
31119097.092630714
413.5523817057535
163829934.3915488
185813.25494777862
19427668.936701417
157537720.08450085
253696159.6579592
158379871.96936172
300954846.5008153
17828025.417544834
13522391.326694196
7903744.377661698
10986.030183958692
47155976.628336295
160488387.02959543
522919.4505724516
99028423.14477828
3201.013915111683
146944797.69975546
79272109.69902518
4568.2750064527245
146944856.3604721
146944856.3604721
4055189.413274913
49769880.59816805
71771918.01534241
25022106.995967183
4572438.061612323
139772159.67250437
160488387.02959543
246049914.15745923
88273.0908618123
61773426.7711876
2225.180485575611
67589414.09087053
225111634.79879752
225111510.41105554
275854830.3225907
562.5192746803192
89484650.9694198
178950963.73943904
29212115.987280093
1628.0794979929374
3959.137488788883
31356326.40102032
137665446.76446867
405.96344085795226
62693515.544762656
4208355.701925005
13522391.326694196
485.0921387709895
3295898.983090973
665.1792530094192
21382142.195381988
6108.180522225109
115504706.68351214
4105.818472347076
3791149.62431427
0.0
205483911.61104622
151875768.14607248
75585133.36548713
250.30247775120438
682911.9290492281
2825.3978841606263
53349299.8228155
82832409.98319001
0.0
1465988.3523939536
1475641.9451899326
52928973.20484099
7163941.282481332
62247160.5962822
185813.25494777862
262744300.8728585
25821164.422703374
10773.30157961688
270447482.06369406
25759993.277499713
6619787.671812225
25694750.41114952
5540.382765373832
654789600.8295853
126335419.4368937
1312685.8922354362
11114.980063857138
2212986009.7798448
1520109788.8640149
1156476447.2868845
1218016009.0508447
19361.38099784724
2179545074.2557635
1089838.1755327259
1347888260.4698212
59027.006331413395
1238046314.7543392
438522249.5644774
0.0
1290622.6287627926
374378.6385419753
92161.22592350203
186675.2875490285
2225354808.703637
641590.9448795031
0.0
80452.25315735537
500669919.83453435
22520627.84653846
95927.56611622174
576860.0839468999
7109389.408542616
654610.0681686358
838882606.6998781
41206.76550879165
904273031.2048962
17051.105871020853
19160.9163436536
2004551262.334277
1322500409.509139
814164.0594503783
428553.3955903211
22127961.993862186
1521645.9358468915
0.0
1312685.8922354362
1237844.8633063436
1125350.76434465
6247953.647483622
632272.949894995
486085.7603092129
428553.3955903211
0.0
2004551262.334277
5459793634.725151
1347888260.4698212
168066.41805084012
0.0
0.0
177664.3112311314
428553.3955903211
3278347644.191085
374378.6385419753
1305788652.5955265
2546381.123854359
32314.03307642657
1859533545.6261773
778791.9361327961
370517.1948469257
1405988.2043982719
1089838.1755327259
267449057.7995311
168066.41805084012
201189.23469741666
38241.31331949614
778791.9361327961
80452.25315735537
289605.3656210073
2225354808.703637
177664.3112311314
631301.459909799
17051.105871020853
11735.08585299297
1864083.6727677057
1347888260.4698212
723769731.9714997
401824449.8342305
21017406.42622794
144371.06183858184
558011.3556215637
5007464.572533058
201189.23469741666
925928.2908128498
80452.25315735537
45113.58167296992
32314.03307642657
15651.813561812267
186675.2875490285
11114.980063857138
2028649.2124287314
10981498688.370619
1312685.8922354362
11114.980063857138
2069827481.263403
1520109788.8640149
1156476447.2868845
1218016009.0508447
19361.38099784724
1952538351.815578
1089838.1755327259
1347888260.4698212
46.03622102587729
1238046314.7543392
151347033.73517933
0.0
1290622.6287627926
374378.6385419753
92161.22592350203
186675.2875490285
332365947.8449417
641590.9448795031
0.0
177.99823866027313
500669919.83453435
22520627.84653846
95927.56611622174
576860.0839468999
39186.55805696774
4688.642633114479
2030202467.3399796
7109389.408542616
10964.973559525697
113626750.56508088
838882606.6998781
41206.76550879165
904273031.2048962
17051.105871020853
19160.9163436536
2004551262.334277
114987.59173383856
81022591.92132221
814164.0594503783
428553.3955903211
6898036.306873496
1521645.9358468915
0.0
1312685.8922354362
1206028.2878367677
1125350.76434465
5856430.9791472545
632272.949894995
486085.7603092129
428553.3955903211
0.0
1807075024.0782473
2004551262.334277
7782.5406183833675
700784796.4771769
2004551262.334277
5459793634.725151
1347888260.4698212
168066.41805084012
0.0
0.0
177664.3112311314
428553.3955903211
3278226839.069454
953.0943566886616
4292.09905441151
1355.8397585617768
29342.816886141572
1859533545.6261773
1859533545.6261773
495.0667017380004
370517.1948469257
1405988.2043982719
1089838.1755327259
267449057.7995311
168066.41805084012
226.53908074346427
38241.31331949614
778791.9361327961
31.889922100341003
2931.587455877445
1760705441.8891559
177664.3112311314
11782.34760885141
17051.105871020853
11735.08585299297
1864083.6727677057
1347888260.4698212
723769731.9714997
2837.7998054754235
21017406.42622794
144371.06183858184
558011.3556215637
5007464.572533058
1778.2265580765065
925928.2908128498
80452.25315735537
45113.58167296992
30847.41081283489
15651.813561812267
3268.249247554428
2028649.2124287314
11114.980063857138
21177574.00494187
342892006.87983197
2030610033.8076842
3641521906.389881
1923303.1261317208
9682330.115395032
49424312.26179512
4238613.026606106
77149257.29821509
59707386.660039306
41390100.43282292
27503635.976031657
32579993.68806078
59678141.99604756
17079662.814421885
16531429.21993544
22526460.961485263
47038884.31072443
25069983.80659365
4727.100890037469
17457043.068233505
139.88876591720336
26243181.429305602
34126.43202333092
643.0615657211714
3539451.0235580383
0.0
9087284.105111208
7143972.779231788
13301639.046076804
13301639.046076804
43249136.91646229
1582.0182193200187
7832226.472221081
3192.500345899315
43249136.91646229
33185335.73858443
39253997.08545896
201.42658999241564
18387010.444548536
458.847250992151
6984679.312295665
17079662.814421885
26670749.89240496
488487.649426519
489805.9652038787
490323.0590265122
323099.429842135
5841426.754905171
1332.7982305757698
53423022.786978126
6454138.6535864575
1097.0849265257632
137.5083081585947
60521957.87863003
20253666.18342846
11710197.144497009
52384339.240516305
107511534.56464179
65593109.15987705
3107.6691135321225
115091785.15085012
5941726.506496159
4482423.593119345
13301639.046076804
2624882.5209875894
3652.9119183027005
13301639.046076804
11950560.537576132
15635679.891917294
15635679.891917294
38373390.06630415
39418154.75123176
10827980.357305065
54393406.3221314
53664919.5418336
54393406.3221314
458.847250992151
2962.671443184509
3467064.666548107
24850437.09776361
22526460.961485263
22526460.961485263
13985748.55741039
27519038.9005469
173873.84884267565
33144404.832511596
1347051.7739747479
16827597.534879256
25634781.1705789
51804234.62889716
53044638.204625264
54393406.3221314
1064.353700596771
188.37530275538816
173.7509166167294
54393406.3221314
27343974.660369404
8314224.14346786
1520359.3301020695
47550114.078271925
53212184.22280121
45006232.92949981
54393406.3221314
0.06741462934030674
26729836.746704455
17202571.41013948
1517.5462274937279
54393406.3221314
54393406.3221314
47320587.91801456
54393406.3221314
160859259.93520895
15635679.891917294
84037996.07758832
778451.111587066
25069983.80659365
24418511.292261362
740.7982922377404
33247258.68804244
23209020.49730907
866044.4651111566
44764657.761410415
93944699.97490695
187.0405713753731
47988791.72421268
29721023.137605667
94368623.34819165
61731224.8213951
94375453.78147888
9679756.79643075
9046247.564234031
541.1839436784858
1316.2253313028712
173.03598157448292
135.09891719797474
2618003.2281188234
27519038.9005469
10543618.864682015
31913029.688213587
516897.8640582499
50460903.55249268
50460903.55249268
50460903.55249268
15635679.891917294
12030185.991670765
134.96408793929413
3434570.4681878416
3477770.3600002504
21434375.759921454
1399494.9268835562
12424736.032018732
4482423.593119345
4482423.593119345
161.29564779267477
1096434.8882140876
9046543.133832937
1225.903753199642
221.36182243133084
13301639.046076804
2842586.465157456
78.94400029751887
2032.2101671324485
7102801.229627092
38366598.243554614
1366.1473089373967
1259672.6385221442
0.0
51413509.458293915
75879665.13038073
84927604.63867228
3891.3545054123574
84927604.63867228
84927604.63867228
25069983.80659365
25069983.80659365
25069983.80659365
951.6838473796587
22526460.961485263
23626808.419502318
83.2268698381276
227270.45072456507
3086.608118216038
455782.8008172103
1004.0044890654533
938.911443971761
17746382.52497777
27519038.9005469
27519038.9005469
7075561.138757885
0.0
33247258.68804244
484306.3811600744
487192.6465895727
490400.8499279436
8559281.596519452
36460555.97702441
120748207.89776094
2201113.6760123693
940272.8507840843
8579512.164187955
1332.7982305757698
76803642.98790091
20848567.670731924
45582149.58123149
53856585.27144377
49150630.70703382
107623633.02129795
8542317.374046534
17340780.204823498
17781972.552468337
2382379.2928763633
53937.86468438341
1841.4772969942912
3581.5319311376666
1816.3118753579395
243327698.414043
41987453.14959925
267903290.6494998
348646.45557193935
13466183.221290195
14593447.79243183
24574031.783609625
17358463.640783176
5146217.3796616085
12173352.855460031
10736128.048965313
7295.633846094606
18026244.88442308
13207989.269093897
5583257.061823669
6419770.707881808
7115391.285633494
13466190.462063696
10270941.167380549
10270929.30160344
7731875.454732807
12576631.926240277
6736698.8654278945
2434156.4511638824
5947199.549826865
1557862.6465784512
841126.7886761501
0.0
17734036.335113235
9087478.701974886
5337258.158144314
11440896.125724228
13677276.656051895
13677320.438515866
7295.633846094606
13677282.311921064
9658072.453451091
9658080.764542703
9658071.624303471
12154339.62512164
31016005.723290347
13158617.794102876
13158631.831758277
7295.633846094606
13158636.367433337
20819541.349918798
9185491.383182237
11378013.877467927
8026004.720744133
2678430.111264009
4679007.356833842
4679004.550746522
13678348.759861507
13678395.163589723
7295.633846094606
13678358.03939001
41042689.42204118
3538390.850157198
56214.2884838637
77456.41289352192
307812846.2002964
17101.903399621067
3644.9896319261825
0.0
26889.755372988453
167325.90924842216
249250733.24124315
11982.026334186168
64657338.420487344
4645.21917944822
75335.16429509863
63784.12400995629
22571.674379809436
215031561.1211325
187882.3387154852
3621.9839885526194
0.0
0.0
73155.81320092872
97301164.55982256
0.0
7193.641206537555
21739.94302485536
11193.386145226736
275582445.606309
44245.86234349962
35671.526974297885
21827.750424702146
275584398.10442585
83604.24771922367
83697.00119785049
73817.73741507964
5472.200455940718
152706.83662313226
4779.621497545495
33111.06239125928
75681.33283478697
0.0
24942.04712359879
72300.31053506063
189423.27224837855
37079.719269017376
158989577.9806133
83697.00119785049
77456.41289352192
72300.31053506063
2350.6091863377424
20414.9880261831
158989495.38185224
0.0
376008.7389280866
39360.51509911996
420017.6455618998
1149.9005752416736
173103168.53674468
10112.298148089374
6740.344312422614
37334.32628283272
9655.552444772895
242610273.93697986
242610210.1961818
0.0
0.0
115735.56605910738
24942.04712359879
308911503.17755735
111218.75435860064
149085461.32738787
21827.750424702146
25439.899056266597
161177154.64866653
15549.011465272451
46241.44550288324
46241.44550288324
46241.44550288324
8696.928288537707
56214.2884838637
1954.887637920105
37348.52636022453
25793.80554297129
4779.621497545495
105191.04370141051
3260.489206539749
73155.81320092872
17101.903399621067
167325.90924842216
11982.026334186168
8696.928288537707
7850.423379399552
56214.2884838637
2772.348891306044
1054.3441410383605
11193.386145226736
275706883.85363036
12811.276230132202
376008.7389280866
4779.621497545495
63784.12400995629
268015.80849872966
32614.91391505583
25336.825476906848
21607.900204164434
962.0909760671068
73155.81320092872
641671682.5315648
299.6045278068337
56214.2884838637
77456.41289352192
265979472.2542097
17101.903399621067
655.7527602047711
0.0
26889.755372988453
167325.90924842216
249250733.24124315
11982.026334186168
64657338.420487344
4645.21917944822
75335.16429509863
63784.12400995629
22571.674379809436
667.7605119205734
450.5044015240392
18.20460925373179
0.0
0.0
217.75556279363525
11284026.736042729
0.0
7193.641206537555
21739.94302485536
11193.386145226736
120620188.19601598
44245.86234349962
806.7267666381877
21827.750424702146
80038328.02167462
455.8614543033894
252977817.70044318
184657281.48845616
83604.24771922367
83697.00119785049
73817.73741507964
5472.200455940718
12.653543211101846
47.00441401812776
33111.06239125928
75681.33283478697
0.0
24942.04712359879
72300.31053506063
189423.27224837855
2951.0885231507805
8482821.786513597
158989577.9806133
83697.00119785049
77456.41289352192
71820.46438614276
11.43419945057635
20414.9880261831
27541898.186100516
125864919.95081869
0.0
370103.93484900193
39360.51509911996
420017.6455618998
1149.9005752416736
688613.9744243405
173103168.53674468
10112.298148089374
6740.344312422614
37334.32628283272
9655.552444772895
54550811.16112841
242610273.93697986
242610210.1961818
0.0
0.0
0.0
24942.04712359879
308911503.17755735
111218.75435860064
149085461.32738787
240.62108501982095
25439.899056266597
161177154.64866653
241.68973463749035
125.85155848267901
46241.44550288324
46241.44550288324
68.87214798990908
56214.2884838637
1932.768568387476
37348.52636022453
12.765406489901405
4779.621497545495
105191.04370141051
3260.489206539749
73155.81320092872
916.379158513306
167325.90924842216
74.70344700990347
8294.765440645215
7850.423379399552
56214.2884838637
30.570346322804014
1054.3441410383605
868.8621332414219
41446535.261180885
27541898.186100516
483.0841265831389
275.9100335797156
275706883.85363036
12811.276230132202
376008.7389280866
4779.621497545495
14.649450795071099
268015.80849872966
32614.91391505583
25336.825476906848
21607.900204164434
962.0909760671068
73155.81320092872
6797865.636527222
188548771.19656968
40.25440953583754
2144848.3768568733
14593447.79243183
19972198.43016128
3622127.731351316
2367.033476583395
290726.68599810195
10736128.048965313
7295.633846094606
18026244.88442308
13150059.3512519
5583257.061823669
6419770.707881808
7115391.285633494
12228407.07345493
10270941.167380549
10270929.30160344
7731875.454732807
50.571546331125305
50.647053527698965
2434156.4511638824
48.632658250659965
8451.57097095261
187.28307643182498
0.0
38.215545292368404
148.07495411496748
676170.2457803102
11440896.125724228
8009559.359127147
3145762.471127387
8586661.468905807
13347614.582493674
13677276.656051895
13677276.656051895
6301044.343330002
248.79707607795734
34.52378247191133
1476073.5321035946
12881585.194874903
13347629.162279777
11326674.843453458
760.4223444228808
13677320.438515866
13677320.438515866
7295.633846094606
1340365.7480010192
334.6214989299191
10639172.7415436
1805869.8920614084
13534888.823954744
12851149.876984783
4949002.0287289675
50.571546331125305
22445998.613787442
1.5000103088033323
109.04321676900395
31016005.723290347
31016005.723290347
267.22396722528543
9658072.453451091
5272670.870038471
314.2683873955224
549399.285294538
1793516.3800513248
8965973.22827069
917.1252133440805
9658080.764542703
9658080.764542703
9658080.764542703
278658.6891044373
4027442.512314558
6056948.779256123
9636323.218225904
1813109.8448035088
50.647053527698965
8786530.74331477
5734755.442519307
1752553.4010648555
45352.247324608215
12154339.62512164
381711.87977272767
11922422.892614758
12154339.62512164
12154339.62512164
6594744.365278179
12154339.62512164
254.53417792310168
3495799.989921233
10792736.658386242
13158631.831758277
8689470.170224335
13158631.831758277
6351.052920780556
13158636.367433337
13158636.367433337
20721606.535385594
46.95969346185123
0.0
6071977.184138845
20819541.349918798
20819541.349918798
20819541.349918798
16203729.359181663
9185491.383182237
9051055.764349243
9185491.383182237
11378013.877467927
4471072.478741294
124.61604284821375
11378013.877467927
314.23231816281236
163.41141184133423
31.715989127434558
4679007.356833842
335613.3982962543
8970486.450083613
1514667.5993765318
13347614.582493674
4240957.885442903
571319.2632240171
87.00267318383159
5.3629694976926885
302351.509087301
266206.84468139376
200.41656673142495
566.3131763127433
4134869.6237174603
5853104.859135956
10492723.004947538
12680483.905757207
13347629.162279777
7295.633846094606
81644.20220359022
13624525.200388853
3096623.1614902103
9762767.400714522
1813109.8448035088
114.94147219060169
64.73096494706351
36.58543872123466
20.895510886481695
0.0
7186545.727992334
542835.4249073458
13678358.03939001
848.6737298065595
13678358.03939001
13678358.03939001
1797849.9547462019
2.926718634475111
552626.7522610814
7042714.58373953
12697654.547549544
15007527.209459571
40.49599571567616
17137389.001027886
12267916.141105404
8483589.148429066
22445998.613787442
2007408.4083776174
499991.783051464
0.0
13519495.862853002
38161425.92815435
375.6762615505488
404.54929001716374
37924653.313475095
8521256.096117271
40440787.551949926
1178792.4402542154
12651302.737902123
18684.315508202166
1323.9318170944719
9319.240438974857
25742.31469136977
13771.658085953892
199.95596590900146
104442087.22401828
72086543.81456381
25151.58200116488
5683.678422417805
77442219.77851714
1211.4179231076323
62442.370117651495
0.0
8936.544851389823
49192050.20636262
83119871.57153782
3982.2793606710757
23049069.95526263
0.0
346.84080845663556
86449084.67580345
1543.9859193094653
6146.317109437021
38087.42112503733
25035.898529282073
21197.56851124728
138215877.177137
7501.607333325858
59907427.61006955
8288.846029994469
91332107.60100912
83564559.39142478
50638261.273521766
62442.370117651495
7801.218812896387
2088.3541621621916
1203.914124855622
46492473.72837039
27159328.524207942
4820.135587439713
22010626.122501336
10758696.101708243
0.0
921.4371577408288
40540.02249808664
0.0
0.0
24314.39466406521
0.0
94365129.8908673
0.0
32379581.167506706
0.0
27815.750513630384
2255.6910366497104
0.0
39779.78325393115
2390.890514497334
24027.580003521838
24531.739266401954
25035.898529282073
1818.6779661301498
50747.01025838167
15743.528663907004
1323.9318170944719
14705.509900025783
14705.509900025783
12407.13928642161
1588.515391832067
1588.515391832067
11856.135558696085
921.4371577408288
9203.074057081802
36591.60085921172
7253.9674363129725
7225.399710017171
3720.268771487278
27787.407925917425
8288.846029994469
24314.39466406521
11003.046817364067
25151.58200116488
29636.949078301117
27815.750513630384
4257.769251954487
0.0
0.0
12895.602666621406
25742.31469136977
24027.580003521838
24027.580003521838
15743.528663907004
21964.103221435485
124972.90712866696
81718.83105174694
1211.4179231076323
13083.68563163991
889.6181037054963
62976.67002515092
781.3198096527319
16099.123973667076
139591.20576466853
781.3198096527319
649.7547744231272
649.7547744231272
649.7547744231272
6784.741948092653
350.4604048135318
7181.578811281164
7225.399710017171
9590.235130729137
382.1864678400223
747.8021202891624
24314.39466406521
8288.846029994469
8288.846029994469
12321.266961726496
114221.76460430963
3844.857307331707
0.0
58631844.1687547
156932668.66799358
3360.9340746498733
0.0
0.0
2240.206974627081
24027.580003521838
3420.787383824791
12407.13928642161
38464.75497482691
9203.074057081802
36965.84967787413
7225.399710017171
8288.846029994469
3209.1716346904573
104805452.18422551
58089.80127192337
79467.75628087782
649.7547744231272
7253.9674363129725
36965.84967787413
8454.989031500916
51175.043629612155
54453241.90777347
21592.04662821986
1083.9911683080911
5167.500987770415
39998611.17590724
15368.342742809333
0.0
7319.742932272697
23149161.437349252
27394.265539732995
3360.9340746498733
27815.750513630384
3982.2793606710757
3982.2793606710757
3982.2793606710757
21592.04662821986
15368.342742809333
4257.769251954487
4257.769251954487
15368.342742809333
2890.5842457258636
2890.5842457258636
2890.5842457258636
2609.2815052444575
3420.787383824791
3420.787383824791
18684.315508202166
18684.315508202166
1543.9859193094653
124972.90712866696
124972.90712866696
1588.515391832067
1588.515391832067
1588.515391832067
34953.83876279981
1211.4179231076323
21197.56851124728
21197.56851124728
1372.8121203250673
1083.9911683080911
1083.9911683080911
983.3649180466529
89059.855852982
921.4371577408288
11856.135558696085
889.6181037054963
781.3198096527319
10838.988883075137
649.7547744231272
36591.60085921172
12412.587990843516
12412.587990843516
8420.85881451161
8420.85881451161
350.4604048135318
7181.578811281164
350.4604048135318
319.7885732446218
8572.650078841238
236.65806403234157
27787.407925917425
3720.268771487278
24314.39466406521
24314.39466406521
8288.846029994469
5802.360578611943
199.95596590900146
40878.42032152532
5683.678422417805
25151.58200116488
25151.58200116488
0.0
216325583.85734865
99.82658835164031
12651302.737902123
18684.315508202166
0.5419561718455624
9319.240438974857
25742.31469136977
13771.658085953892
199.95596590900146
90499794.70595807
72086543.81456381
25151.58200116488
5683.678422417805
100.95711171504571
218.50023646799403
62442.370117651495
0.0
8936.544851389823
49192050.20636262
83119871.57153782
3982.2793606710757
23049069.95526263
0.0
346.84080845663556
67518402.11114173
1543.9859193094653
6146.317109437021
2595.996271462779
25035.898529282073
21197.56851124728
138215877.177137
7501.607333325858
59878202.29713751
8288.846029994469
48682616.08733646
222.23330701831466
9413562.324602187
150.09107372759098
7801.218812896387
2088.3541621621916
6.067575816937618
31932556.596491396
27159328.524207942
4820.135587439713
2412881.797051278
9133142.733473621
0.0
921.4371577408288
1991.804427583294
0.0
0.0
72.5746637708433
0.0
94365129.8908673
0.0
3752803.2626221147
0.0
27815.750513630384
2255.6910366497104
0.0
39779.78325393115
2390.890514497334
24027.580003521838
24531.739266401954
25035.898529282073
1818.6779661301498
4.21506147544181
15743.528663907004
1323.9318170944719
14705.509900025783
14705.509900025783
12407.13928642161
107.73464147676088
15.663342025472053
268.82204460658085
921.4371577408288
9203.074057081802
7284.926812741417
7253.9674363129725
7225.399710017171
3720.268771487278
27787.407925917425
983.5208621839636
24314.39466406521
11003.046817364067
25151.58200116488
27714818.361494653
29239716.671967443
1296.258839818172
718.1440387720481
1184.1254065262756
1206.8031276199804
151.71247284546018
60882704.9531522
43286834.0072226
2300317.3360126866
8542468.109998029
53873504.68497398
113284991.44769607
73645006.28055066
153535987.90481967
1146.590641899786
156932668.66799358
156932668.66799358
122916951.35112318
29636.949078301117
27815.750513630384
4257.769251954487
0.0
0.0
12895.602666621406
25742.31469136977
23871.08793923821
24027.580003521838
15743.528663907004
21964.103221435485
123047.17534649005
81718.83105174694
1211.4179231076323
13083.68563163991
889.6181037054963
62976.67002515092
3.8104458408838133
16099.123973667076
139591.20576466853
781.3198096527319
649.7547744231272
649.7547744231272
649.7547744231272
6784.741948092653
350.4604048135318
7181.578811281164
1468.024929577659
9590.235130729137
382.1864678400223
747.8021202891624
24314.39466406521
8288.846029994469
8288.846029994469
983.406700019841
703.2560724051037
3844.857307331707
0.0
51653367.132762514
229068.12838321232
5339776.449112453
56679058.00000981
58631844.1687547
2821011.9323947397
9161335.976457983
199.30395007774825
31631355.820570268
47527348.080383874
56914261.81312931
58631844.1687547
3190.2796667013417
58631844.1687547
58631844.1687547
58631844.1687547
156932668.66799358
3360.9340746498733
0.0
0.0
2240.206974627081
24027.580003521838
3420.787383824791
12407.13928642161
0.0
9203.074057081802
36965.84967787413
7225.399710017171
8288.846029994469
3209.1716346904573
18220815.932377167
1507.8766420052918
104796284.88910893
104805452.18422551
104805452.18422551
104805452.18422551
104805452.18422551
58089.80127192337
567.0717660314555
635.1406386090683
80.18013210557059
36965.84967787413
8454.989031500916
89.23346806897055
201.06297830263298
191.53436362066586
54453241.90777347
54453241.90777347
54453241.90777347
1624.774754387874
21592.04662821986
1083.9911683080911
80.5535026404029
39998611.17590724
41.93688061933025
0.0
7319.742932272697
23149161.437349252
27394.265539732995
3360.9340746498733
27815.750513630384
3982.2793606710757
157.65533751954862
24.896727167403437
21592.04662821986
15368.342742809333
4257.769251954487
4257.769251954487
15368.342742809333
2890.5842457258636
22.94859131293105
2759.0646370795143
2609.2815052444575
3420.787383824791
16.627441776451402
18684.315508202166
18684.315508202166
1543.9859193094653
124972.90712866696
124972.90712866696
1588.515391832067
1588.515391832067
3.5168167314779275
34953.83876279981
1211.4179231076323
4.881571395816415
21197.56851124728
1372.8121203250673
1083.9911683080911
1083.9911683080911
983.3649180466529
89059.855852982
10.187524039147013
11856.135558696085
889.6181037054963
781.3198096527319
10838.988883075137
642.5410896639595
36591.60085921172
1029.3127042159124
12412.587990843516
8420.85881451161
8420.85881451161
1.1663056684431592
7181.578811281164
350.4604048135318
319.7885732446218
4.253848418240825
236.65806403234157
27787.407925917425
289.5336400943849
24314.39466406521
24314.39466406521
0.0
5802.360578611943
40878.42032152532
199.95596590900146
305.3967616596437
24449.898003993305
25151.58200116488
0.0
1.4239952820003874
13888072.572503984
1101403.3882511943
9161335.976457983
505.1026779212719
160.77228452735278
91.82393703634835
62652505.66784821
6251544.995443607
52002118.6718136
113284991.44769607
14501858.10931673
2262463.884285815
51123939.08026288
208177877.83238882
63624488.935556404
128490418.63848267
59141.052286067
216325583.85734865
765819.9571590945
765819.9571590945
13.417242390091229
1249170.0
171915.36101312353
717591.4181217581
1.2910853532456972
4600111.504984236
2759928.7577788825
7336839.826745965
4892788.736148467
388125.82347670576
1023397.7654808038
287484.0162460567
7088714.59330675
2166906.9633558043
5567594.3900523875
5774161.273291725
6.607484106926299
1206923.7260780775
788.6990175921567
2958643.0
96874.63917569717
3578752.5574968676
3592439.2096707956
6036713.333913614
7895976.272159765
2167001.3673754507
1316955.5158068226
3667447.0
4764433.624131506
2561976.944293982
3516485.085525985
5823112.888618101
2918384.7895836546
355.78289313852
6302024.403362735
3740421.562012536
3740421.562012536
10219920.0
3241634.387320475
5391392.213570021
374.6429728069913
2764457.4022339093
3407637.328759774
171915.36101312353
16.85152755884935
903766.5129526271
16.87668818169487
0.0
4.336853415698814
890205.2080629305
2410513.0
810715.8900555695
258795.62493753366
1518537.3568347269
16.208374476107622
1125023.9722948181
730169.0064444186
309910.89608884486
139711.51961034493
4528483.84633562
42.60807883361383
300906.9131681911
2816.2244658199506
62.40675147903392
407.3385965665208
5654701.081558244
260.5519814904611
0.0
0.0
3615103.315402597
12.736514042365831
0.0
5337500.0
0.0
49.33876047388998
225265.42113609036
0.0
3950510.0
5165950.162664448
4465357.749758526
2518057.043792223
580613.1183891711
2170475.7643996147
8716462.70556517
21991.61037390108
2046.6028218339518
446569.3938683381
1656209.9844843
1889504.326912996
2611644.743034209
4902277.33939774
7073744.322959752
2776314.685014926
8215879.981848281
111.50308464130241
132.35305042138125
1066.7579317831573
93.71915593833229
82.89898312137188
98.96049245766172
16.85152755884935
54.45549194654792
89.78996977967279
87.05527026453906
390.6669089483174
252.5546382134182
11.504067286213596
958144.3054508439
5577969.996255343
1890056.4880483954
5063320.791687215
511780.6886059241
491787.7833573275
4626202.985184026
1399190.740337435
8052161.28880422
3282996.819493206
1326319.39416886
1951948.777117407
244519.45383600926
557884.4561771876
602526.7212599143
388125.82347670576
4259665.317797314
4770643.986649489
6980941.372406781
7158320.889354567
3620742.146045056
1489582.9256529212
8983528.666596003
882211.2967355811
0.49975435082284403
155493.34224202434
7646093.879345442
141.07076749026075
12606879.932089815
5773363.748859989
2710494.460169473
12059201.594734149
12606879.932089815
12606879.932089815
12606879.932089815
74.18376026084401
248.46784119776763
474.0475446606921
36.3342046143258
253.38020868634106
31.65807279776012
12566685.6492988
12606879.932089815
12606879.932089815
11817453.690611985
12606879.932089815
9090207.201884879
4847491.785422239
12606879.932089815
12606879.932089815
4895759.711337938
8180440.346016009
3427814.8064972972
4294544.319563101
92839.79935913972
826094.4813896768
15110.332925314588
1407811.7671501096
2380582.8298363746
616124.8122554393
4246012.092592491
4281397.704064728
4287349.080880922
4294544.319563101
4294544.319563101
183038.54538870155
604079.1682569687
1116379.496649101
4060660.8587740003
600186.5110106232
3483021.065535688
1161344.2597863122
4294544.319563101
89.04477665359441
13.015977861591997
16.87668818169487
14.53615612443421
63.42964504643756
305.6058580133092
4294544.319563101
3251132.149488146
4294544.319563101
2762073.4025080316
4229309.394338421
3981088.63796494
3805219.767442859
2171605.8289104435
4294544.319563101
1309733.6021576093
583909.1731959133
786414.8279893495
4294544.319563101
4286640.398455335
127194.61294327358
4217682.235834326
4274642.99757277
4286647.888400535
4294544.319563101
4290564.555035372
4171863.865628056
3384077.3022301374
3146343.913067877
4294544.319563101
0.005278722724368709
504389.7472121078
210978.3289052983
187597.67636630402
1804839.661206394
4048897.029699389
4294544.319563101
1845483.8634470021
4294544.319563101
1508651.7521368894
4294544.319563101
4294544.319563101
4294544.319563101
104.70425012268744
38.290330773192736
940.6727189441425
36.3342046143258
213.1437576602957
4294544.319563101
4294544.319563101
4294544.319563101
3354830.32645228
4294544.319563101
4293073.936404282
4294544.319563101
2207437.688511873
4294544.319563101
4294544.319563101
4294544.319563101
4294544.319563101
279620.3698762914
12606879.932089815
0.0
58946.90823968268
149526.30442970523
1182239.467249059
4361130.9775998015
7384451.184163226
49.04586859838925
84.83157121589088
15.647980454187845
114.33940811582895
4014784.970975785
0.0
4324994.178894498
5621946.307764816
2022947.4285215402
7416569.119651603
0.9472762970865058
56.50145445535026
7417087.7025847165
3629921.854343678
6927914.902509413
4202498.951383935
7417087.7025847165
4283458.742872803
7417087.7025847165
7264714.102433832
7417087.7025847165
7417087.7025847165
7417087.7025847165
7417087.7025847165
5871078.794276344
7417087.7025847165
7417087.7025847165
2688652.278052954
1.251520721211594
895617.6657188442
109056.93516245016
312.19911052725644
825078.9205799409
351411.5586305181
35182.409436701244
3981750.925734908
17.840244961469683
14.523685267187819
3981750.925734908
3937269.5666063125
3549510.088440325
1489582.9256529212
3981750.925734908
10.578560339634896
56.50145445535026
1825443.0711800035
41.52222181016734
3185337.792131951
3977050.269278376
3981750.925734908
107.45229148215621
104.70541894842171
3981750.925734908
3981750.925734908
3981750.925734908
2875211.689705595
16.972885397776874
54.461583606890855
2710260.9441665984
1447802.8510466702
2710260.9441665984
1489502.149680622
910097.136622933
2710260.9441665984
2710260.9441665984
2710260.9441665984
10.568002894186154
480.6227346422407
768578.1628510455
768578.1628510455
274582.45987302175
161.54554974332962
274582.45987302175
274582.45987302175
15.282195720474688
796296.1327446082
1692322.543094966
1692322.543094966
1692322.543094966
111831.58763310582
1692322.543094966
1086355.230393075
1086355.230393075
0.0
27210.70842565905
3562171.764946937
17611.932251205835
1006397.7813985306
681002.067356459
15.960996171274813
598999.2796655059
2954210.543458431
3047551.7426579483
9264380.309275506
0.10797884466671498
100756.42471131825
0.9752404514883148
184147.12661758953
1053106.0390311494
1062937.4675890107
104077.71374877158
2361382.2945254077
482271.0972309684
4377898.582173826
2313525.756969782
4482005.460668625
377065.95186010026
2602866.311648056
4976763.485003883
5231197.635059195
604079.1682569687
6024330.8126114085
88692.9216011597
5829002.548767183
7079484.789245165
1154989.6964553385
8661055.541817812
979.3162878802717
73.29425134701869
102.56019764976651
111.50308464130241
38.30097212357756
38.30097212357756
271.2025383185438
21.5720200672562
12.191055516212874
13.494137263620766
7.796130561280224
66.77493216560782
6.962833907711906
18.37199559680786
188.7219008542512
11.504067286213596
0.0
0.0
4150284.999253402
7072361.83606782
6425461.040071087
6425120.819959078
1419047.9298978182
3338169.9558736715
4301299.900704392
3813443.1501255054
4910929.494543497
1833193.1812518637
2206105.712830023
617680.5186300282
2908671.584937068
504641.50756937586
180914.31609867816
4259665.317797314
5607777.358459852
6980941.372406781
6136284.014593697
4744223.483131007
3396111.4424684704
9003888.800928324
668883.3756471988
1357823.5380247866
1457862.4374772485
0.0
1067911.207039128
166606.9630068899
0.0
62693.809668114074
190372.43619016517
3956437.578003665
5987505.490679793
41.243313763340986
0.0
10114770.413530488
3598393.6624061735
13025611.588886041
18676886.447315272
20322622.37062844
20088868.810448345
16146761.392788196
22575328.7263034
4714918.960070592
2125761.99305191
8626272.292932644
4821121.993835555
5669527.50461003
16998985.868487917
16968015.835228663
20401785.68211238
24330921.947984345
307.1346387641291
4295.459471354243
125.19254288186714
28.987026375709306
113.76903583768646
23.976000298666584
134.79179247505692
282.7852989356554
65.48970035991246
26.48113850550105
143.2362204804914
17308694.80925351
2847441.892211625
9654547.173842207
17706427.90780896
9557694.236652281
2718558.96966767
22097768.536320403
21322296.751835983
18535356.57780691
13021905.510787774
28906558.87860693
1.7869768326909143
36038865.0
783731.6670220724
1069214.0000333607
129475.23341240175
226810.20952576943
1237200.9850689492
3485742.8777509406
8400306.893817082
2040299.1652593599
2163058.5124577233
1965437.3512806548
3408335.525303891
40376.24358067776
37663.166157652566
2975992.377859281
39675.019668405635
37160.10970891393
2345328.999822985
40503.56247472369
40485.43789205698
40006.59178222605
1178305.0006415888
40018.534363194754
3614759.7401643717
40534.49349182607
37733.81744149128
348218.05620498076
529989.7986265396
16147426.06191512
368495.13714337716
617172.4084865799
783731.6670220724
1069214.0000333607
226810.20952576943
1237200.9850689492
3485742.8777509406
8452535.302572588
1965437.3512806548
2920552.97724392
3405775.6517429086
37663.166157652566
40365.94690289156
2345328.999822985
38392.767299594016
3614759.7401643717
348218.05620498076
14084601.23443246
226343.99081501097
783731.6670220724
1069214.0000333607
1237200.9850689492
3485742.8777509406
8653128.672553912
2040299.1652593599
2163058.5124577233
1965437.3512806548
3408335.525303891
40376.24358067776
37663.166157652566
2975992.377859281
2345328.999822985
40356.39567541642
38392.767299594016
40018.534363194754
3614759.7401643717
1082835.4625754612
529989.7986265396
30232027.296347585
2363120.63004818
3223641.970142416
3223641.970142416
390383.5797788847
683789.101922248
3728338.7151742904
3728338.7151742904
10496589.447909495
10496589.447909495
10496589.447909495
10496589.447909495
17628894.385233082
17628892.566545922
17628921.245778184
22958513.5951171
6145383.435097185
6145383.435097185
14647.1134321241
6145383.435097185
7055875.580976717
7055875.580976717
119367.71931329624
7055875.580976717
3375774.093379754
121860.51131772912
120365.29834138213
8379166.903943894
1592961.9284990123
22552272.97348604
22552482.4896153
22552311.395613864
45290651.32960435
1859309.5571262096
3223641.970142416
6287617.719072261
7055875.580976717
115509.89800115691
1047473.3020016354
22552272.97348604
22552482.4896153
22552311.395613864
37716806.211692125
682130.8738061158
2363120.63004818
3223641.970142416
3728338.7151742904
3728338.7151742904
3728338.7151742904
10496589.447909495
10496589.447909495
10496589.447909495
17628894.385233082
17628892.566545922
22958513.5951171
6499536.6312481435
5899414.546154127
113314.84990484711
7055875.580976717
121417.7426456119
8379166.903943894
8379164.093776276
22552272.97348604
22552482.4896153
22552311.395613864
67634498.9577071
434049.0084514651
141491740.60441813
23260301.459159028
204098526.16495982
204098526.16495982
503815713.3901017
3615.111813740005
503815713.3901017
503815713.3901017
321333.7169670579
10623.044816168223
87952.40620606333
0.0
259582.93842834927
679888256.6265242
300691288.1588615
300691288.1588615
15660.323103340756
311460.4251653287
132732.7152179735
150530.6487410846
2547.174038878268
34987.36894976532
470326.3687059741
426022.9461146571
43118.12564078809
0.0
44810.679404458926
994450435.4556692
29855.10528439225
1920588430.6214356
994444534.0638349
26158.958095306436
141491740.60441813
46426.95072791182
60976.800433406745
204098526.16495982
204098526.16495982
21237.962409005064
639452941.7910739
11493.903331266232
5107540.340076865
201014729.72003618
179599.76546467538
136736.11217984406
1404776.9289058764
29855.10528439225
608627.3001511932
24363.195110606142
280426.2240326686
2523364192.1632295
7444.862642015381
68572959.52125743
23260301.459159028
204098526.16495982
4886.6990785875705
8715821.049887786
3615.111813740005
499874625.89182407
21076096.98741683
321333.7169670579
10623.044816168223
2735.8137070974717
0.0
259582.93842834927
679888256.6265242
300526702.50930995
300691288.1588615
15660.323103340756
311460.4251653287
132732.7152179735
150530.6487410846
2547.174038878268
34987.36894976532
470326.3687059741
426022.9461146571
43118.12564078809
0.0
44810.679404458926
395601018.99559337
13160.327395869645
2542.6894369162396
170883374.61379164
27536.189779916014
11219.882923017009
311584379.78821677
639666520.7956849
26158.958095306436
141491740.60441813
46426.95072791182
60976.800433406745
204098526.16495982
179795858.3540319
624.9187717879357
639452941.7910739
11493.903331266232
5107540.340076865
201014729.72003618
179599.76546467538
136736.11217984406
1404776.9289058764
29855.10528439225
608627.3001511932
24363.195110606142
280426.2240326686
453502570.9418148
1508859.9467482534
1023.8195148268627
3223641.970142416
3223641.970142416
478465.1613826457
390383.5797788847
683789.101922248
94591.01288036791
3728338.7151742904
182.48986628468268
257625.61936176315
10462508.076043947
10496589.447909495
2467.7285689162545
6560.735632445207
1075296.7970151023
116.52813663659052
10496589.447909495
37.152991965607036
1001.9971897621845
112.19793398106378
1875659.0061449523
6500966.470852699
1414.475446370333
382.21685569414416
22958513.5951171
5259468.759978703
6143960.146543315
6145383.435097185
14647.1134321241
6083840.248896186
7055875.580976717
7055875.580976717
7055875.580976717
7055875.580976717
7055875.580976717
7055875.580976717
119367.71931329624
3375774.093379754
3375774.093379754
121860.51131772912
36.60111808957812
8379166.903943894
1592961.9284990123
15572257.12472478
5094800.018683266
9896756.158950198
20113713.472413808
658.969926420781
16208698.357237902
10651080.44710643
22552482.4896153
12615697.565326476
388.1344414856417
94.95470211774051
7709001.950723544
22552311.395613864
418.9975485339222
1414.475446370333
5289157.64110394
15929081.112388372
1859309.5571262096
3223641.970142416
6176782.951703285
5075408.79570599
115509.89800115691
1047473.3020016354
0.0
0.00034023812324008207
18483263.23399258
54.8465725863732
10368979.118036732
278.0968465656489
5331192.676020847
386.67164181833044
2363120.63004818
2363120.63004818
1661306.2244502248
3163254.749481708
3728338.7151742904
32.60121423702608
3490987.819426588
1301.4009633799947
1.4996223850871464
10496589.447909495
17628894.385233082
17628892.566545922
2062751.199794624
2405117.7992314566
232.39084899825255
44.16462317643799
113314.84990484711
7055875.580976717
43.056548499778856
8379166.903943894
8379164.093776276
9447756.939190876
0.007569712124955852
16591921.83452125
9684983.08734271
328.988867593509
22552482.4896153
22552482.4896153
21535880.399555217
8585879.49238249
13102215.118180793
15943289.16399334
15943220.142798824
32329697.36009584
143708.7658520657
46812008.24067347
12806.937527845745
3806.5479865308585
7695678.665599736
64379.610305734874
3151.790404214456
67539380.16060786
15372.63243182641
8602.16164400056
6151.238270355291
83190.17150825226
1304.082641967767
1197.0417172143339
28298.558788014758
28298.558788014758
106396.09467468256
34842.90588686404
1470.9877604795458
107345.79982112818
166791903.5044889
0.0
70824.2065673876
85947.94928673557
3517.4431328267956
26459.340660356866
1466.1569093878525
29121.552014136752
228221786.48099667
18999.495021133076
70529.05188247182
99501666.98912373
3151.790404214456
32662.724707741396
57997737.91085962
28968775.23467943
194882.09144884907
1815538.6597849105
83442.30792675987
38447465.022723086
148872.48887443086
103142.42390677788
43943.71664331219
49835.269572774785
843.1476943476516
11602.257377489475
7031.839692611793
70922833.74908
155726.5653066391
3319.8888361229415
116205.61814044445
15372.63243182641
9885.586196317481
13541.082791973227
56621.3589001742
5322.839779427943
3806.5479865308585
362871.2317725042
2471.8241091439772
141068.5177636447
1197.0417172143339
14277.285538357906
1470.9877604795458
843.1476943476516
154936.37553937902
14837.19514326071
12281.99892461329
0.0
639698144.5633779
98334.65092714004
83190.17150825226
2924.6837416292983
82039.3195343019
166791903.5044889
9158.14230219851
1694515.4184419445
70922833.74908
59466.88057897441
155726.5653066391
52204.05463797822
0.0
452374801.61315584
8661.442465652925
46812008.24067347
15372.63243182641
20188.968597414747
63415365.635226384
67539380.16060786
7031.839692611793
85947.94928673557
11042.89107104904
13541.082791973227
13541.082791973227
48930.99523103012
3806.5479865308585
48182.177760099345
898.5211671568554
228221786.48099667
99501666.98912373
3806.5479865308585
62216.08942491847
1694515.4184419445
11042.89107104904
1726322.0870603586
0.0
1800170.930722585
70922833.74908
26715332.77256046
0.0
59466.88057897441
9885.586196317481
201502.93516605304
8066.812127436473
85947.94928673557
3467.8868447231994
45276.78075237465
37158.89072485615
32988.85393805931
92852.19970028469
194882.09144884907
843.1476943476516
465057.48651440657
839034762.0132974
28968775.23467943
2476.5796889639914
22730634.509449784
12806.937527845745
0.0
7695678.665599736
64379.610305734874
3151.790404214456
1620.379762719781
67539380.16060786
34191.93034697124
15372.63243182641
26.76520081362102
3.9380924859887587
83190.17150825226
1304.082641967767
1197.0417172143339
28298.558788014758
505.72383106106776
106396.09467468256
34842.90588686404
1470.9877604795458
107345.79982112818
7004105.778084038
25573838.920157753
2887684.453489579
165506597.95495236
0.0
70824.2065673876
85947.94928673557
3517.4431328267956
99.98185544707954
1466.1569093878525
910.5317506279152
27301878.093528472
228221786.48099667
208828243.95490125
228221786.48099667
18999.495021133076
70529.05188247182
7194297.896599884
99447990.72620514
368.4645035199213
99501666.98912373
99501666.98912373
99501666.98912373
99501666.98912373
3151.790404214456
32662.724707741396
57997737.91085962
124.07925251804618
35687938.45476755
1815538.6597849105
83442.30792675987
148872.48887443086
103142.42390677788
43943.71664331219
49835.269572774785
843.1476943476516
11602.257377489475
7031.839692611793
43117757.59431354
155726.5653066391
3319.8888361229415
116205.61814044445
196.93852852026728
9129.319057333088
13541.082791973227
56621.3589001742
5322.839779427943
37.64997960821773
362871.2317725042
2349.4629036812885
141068.5177636447
74.7327603611722
14277.285538357906
1470.9877604795458
154936.37553937902
843.1476943476516
14837.19514326071
12281.99892461329
0.0
1846609.3704048188
183466766.77639306
140530432.0225127
3720.3991766558333
4359.838010340732
843.1299820596467
1836.299367213198
1860.0982924930195
62997204.68628029
157617119.56457123
289026914.37419224
106720416.20975596
510897624.8586452
639698144.5633779
98334.65092714004
83190.17150825226
2924.6837416292983
82039.3195343019
166791903.5044889
9158.14230219851
1694515.4184419445
37787940.74740483
45006745.647026226
59466.88057897441
155726.5653066391
52204.05463797822
0.0
4497.108142909085
250217849.81959438
8661.442465652925
46812008.24067347
15372.63243182641
20188.968597414747
63415365.635226384
67539380.16060786
59549874.85912777
207.95799475384646
106.65080639646779
11042.89107104904
13541.082791973227
13541.082791973227
48930.99523103012
3806.5479865308585
1279.292943208801
898.5211671568554
9098.578444524424
228221786.48099667
91302969.64503293
27691997.179763522
99501666.98912373
3806.5479865308585
62216.08942491847
1694515.4184419445
11042.89107104904
440.5635576063116
0.0
70922833.74908
1800170.930722585
26715332.77256046
0.0
59466.88057897441
9885.586196317481
201502.93516605304
8066.812127436473
85947.94928673557
3467.8868447231994
45276.78075237465
37158.89072485615
1597.2534903000474
92852.19970028469
194882.09144884907
843.1476943476516
465057.48651440657
146855296.45635682
604.0852821276063
3113.1445639674066
59733391.51860228
152194472.02011153
9455941.367812296
192090719.77388972
153739.71296133366
1965437.3512806548
501370.0096675203
340.6978326786198
783731.6670220724
159198.4820143128
749586.2223112707
0.0
1069214.0000333607
1069214.0000333607
129475.23341240175
226810.20952576943
31477.18187874805
60.727404614393095
1237200.9850689492
973109.8150409157
902768.3384075937
1237200.9850689492
1237200.9850689492
1237200.9850689492
1237200.9850689492
1189.8563067449045
45.86047363921559
819050.168998296
3485742.8777509406
162.72439901763116
821.18944100324
8.742299864250608
38.81414450129952
2183.2773053981114
258.3549819917995
358125.1146991417
700948.0750915683
3485742.8777509406
2847374.5106583633
3474797.0029386086
3211333.810946322
85669.7613483825
2552067.3953325143
3474627.9313272065
2458864.465478698
43.212369821208505
3485742.8777509406
3485742.8777509406
3485742.8777509406
624165.6356255189
1574832.5763834794
55.74810310409012
470.69694606963105
12.373220404512365
333.4359874550487
127.14565414590771
85.43884572288948
11.170775583675377
6558707.056757246
8400306.893817082
3946328.737380951
8400306.893817082
1852333.2413883992
7212033.59141183
37.372147069301846
2255415.2447710116
3809329.5301726884
8400306.893817082
8400306.893817082
13.538163352287256
1658458.309281198
1747331.8829767157
376769.55672048195
2020228.1064983269
2039834.9886386478
19.541017919827166
41.05347991994621
2040299.1652593599
766905.177710014
1050033.1481877891
2040299.1652593599
2040299.1652593599
237.22650334971
89.999201038655
2040299.1652593599
2040299.1652593599
2040299.1652593599
2163058.5124577233
2163058.5124577233
2144104.4591364115
2163058.5124577233
13.35193062158591
2531124.807341678
40376.24358067776
37663.166157652566
1648505.4828275873
1080903.2772469448
97.04636113921856
1290841.4925143311
1269490.495336278
2345328.999822985
2345328.999822985
186.86370471073874
2345328.999822985
2345328.999822985
2345328.999822985
2345328.999822985
2345328.999822985
39675.019668405635
37160.10970891393
2345328.999822985
1178305.0006415888
1178305.0006415888
40503.56247472369
40485.43789205698
12.181940329554056
671759.780029631
1617175.009264592
3614759.7401643717
3614759.7401643717
3614759.7401643717
3614759.7401643717
40018.534363194754
52.54426768177634
37733.81744149128
529989.7986265396
529989.7986265396
348218.05620498076
3718350.113081254
82071.15526935359
110334.88314459161
5837185.44481006
48984.09558460366
6702999.682900825
6846785.314132349
7278202.596438584
5957297.547930991
4899647.580155221
9031916.555350488
139.4303923844455
129.06500271693173
137.08994525702929
470.69694606963105
31.598207248109503
52.20387729548047
96.16641300579789
68.81948122996548
17.871800172675837
1279.1225789222908
77.2141373076092
219.3782646969983
7784970.178782369
6894812.644389134
1040236.2414913186
4933856.378256263
1920466.4305877376
5712600.306187222
3943881.484615482
6650340.572769117
1824892.72140881
7303177.7931331545
1822644.9844920507
3810370.650107818
4917984.290475385
5544776.72475569
7433064.790861692
6369521.639595792
4667508.130184645
3941942.890693674
10242788.63875073
0.006662640030731492
1713802.7381794932
6163194.090549126
16147426.06191512
1024.1430329966977
311.77353500425687
181.25696413781404
16147426.06191512
4643899.646483111
4720306.659503282
13385743.673736082
14700819.443106381
16147426.06191512
16147426.06191512
368495.13714337716
617172.4084865799
783731.6670220724
126.09491411458734
1069214.0000333607
1069214.0000333607
226810.20952576943
226810.20952576943
1237200.9850689492
320526.3686880299
2351708.219541148
3485742.8777509406
4319378.909089093
1222807.8592229474
14.476614306547974
6366648.229983659
1965437.3512806548
2920552.97724392
415596.07481474825
2654659.1826510257
37663.166157652566
1688782.8134892944
67.60462108665863
38392.767299594016
1416188.7355718645
3614759.7401643717
1374432.2959992883
348218.05620498076
4831206.753003392
7287099.594077673
157.3896944419831
18.251369640270962
5779014.809092207
0.0
8787973.624819335
4323549.0581006035
10625513.93593164
0.00011314302986569222
92.5163994844013
14084601.23443246
1782074.4164980126
0.0
6643562.101961828
11015352.873210505
1965437.3512806548
1776034.6910919948
128.6419301151058
783731.6670220724
47.32594529914164
783731.6670220724
1069214.0000333607
552241.2700376714
1069214.0000333607
1049295.8598852926
1237200.9850689492
1159127.4324284848
10.85864915419912
3485742.8777509406
0.49892908742416925
3485742.8777509406
432.98824753519153
20.848906172226457
685899.9901922715
8653128.672553912
800354.3687810054
3413401.7853350122
7919181.305610735
8653128.672553912
922267.9404927087
8653128.672553912
3724968.31632228
388.53686737423584
45.86047363921559
285.85644714314816
4618476.208586314
8653128.672553912
8653128.672553912
1963210.4549237564
766905.177710014
2040299.1652593599
2040299.1652593599
2163058.5124577233
2163058.5124577233
77.28839351510051
14.696722595510312
2163058.5124577233
3.9950631088864514
820473.0112262318
1323449.0134806028
325.19434572570316
37663.166157652566
329982.4545700365
411287.24330692046
26.864531930653108
2345328.999822985
2345328.999822985
2345328.999822985
472.9742716338553
14.333292210567803
17.983148543071135
3530920.5426301835
3614759.7401643717
0.006662640030731492
3481445.175419398
40018.534363194754
30618.685924642457
1082835.4625754612
4576425.87445173
5512762.900384398
130152.73793801441
2389708.7249405426
109.47807942834207
821.18944100324
17.888748211138257
108.75546462736834
3058743.4879119145
5767774.144001325
2009447.1788081264
4688522.424050065
1168203.1563575426
488925.3226186765
288208.2580767619
5452745.4027474355
3446621.515739269
11035949.879710594
0.002517085408019035
3538089.7360096993
12016550.90635141
6610330.765558416
5409.45695955889
19125538.26955167
17373111.7690997
7458916.108576895
3554558.0544394264
401000.90893050865
18599395.47232696
30232027.296347585
1345176.3195861166
1345179.1285085832
723.9901858185235
1345176.5670134355
2973972.803213409
1345176.3195861166
1345179.1285085832
1345176.5670134355
2921598.4071144825
1345176.3195861166
1345179.1285085832
1345176.5670134355
4036099.0385210193
10479.519663580288
7510.413068744072
9635.949109676016
23414858.901521534
244.2278829395491
9797.133937781959
85.30132593020258
983.7694611122537
0.0
23415020.73833103
640.9562996656458
1980.0823220225332
2892.2893917387223
3229.537797996352
52.15470873812509
1015.8445965810798
23414875.78228973
0.0
691.1036497215323
900.2163568032693
5790.001948409456
7204.083973166746
46793351.68809091
23414858.901521534
480.7414940061471
23414858.901521534
4057.6659711544053
596.7432496561764
3138.5400778999633
29899.09540318971
23415020.73833103
691.1036497215323
23414875.78228973
1052.601549988141
13346.385930439634
551.082491638143
299.07683277967396
6437.468949371417
1363.150291429409
54951849.52123743
10479.519663580288
7510.413068744072
726.5762303937861
5010565.569327152
15555207.247400785
276967.6643406972
244.2278829395491
9797.133937781959
85.30132593020258
983.7694611122537
0.0
21661016.665880628
19143155.382402558
23415020.73833103
640.9562996656458
327.88405373490855
2892.2893917387223
3229.537797996352
52.15470873812509
1015.8445965810798
14394429.841162475
417.4127194478678
105.52855436536983
202.81135473915865
1990642.7578878258
9214981.053923715
21660998.3133642
0.0
679.697900710555
900.2163568032693
5790.001948409456
7204.083973166746
465.65577684180545
18845515.700667582
46793351.68809091
20623031.68649585
73.18358975731793
23414858.901521534
4057.6659711544053
596.7432496561764
3138.5400778999633
29899.09540318971
20765100.65332039
21661016.665880628
691.1036497215323
21660998.3133642
1052.601549988141
13346.385930439634
551.082491638143
299.07683277967396
6437.468949371417
1363.150291429409
16440677.93398724
17719719.054326408
11393369.545954809
511980.4922117117
599097.4498537531
166939.0946215104
1100941.6118292224
1182041.197705905
1182642.2349325246
40.572115453581986
50.88477415229825
5.01267916227246
113.6059639652333
116.08016878363591
1117174.2462861554
640877.3734232618
524103.70346923673
975692.5587688389
1011739.1649327495
1319111.2560428865
489836.19757595874
392607.0874710421
24372.90804567092
1345176.3195861166
16.312223233998647
1345176.3195861166
175374.22781628364
1345176.3195861166
1078570.5157795616
986365.5017063553
10724.68397169107
212661.32444317825
1004941.4678828756
201.3314824085658
81.85072184996731
726947.5746073326
1182568.5571677266
1263690.9169970392
1209484.3753602405
841796.4118912369
1319111.6880615875
3.8805106997140717
491564.897044256
1244274.9653011912
1345179.1285085832
1327172.5592215532
1345179.1285085832
1345179.1285085832
1343752.39408119
1325172.9277058204
564475.7425361979
723.9901858185235
1021563.3657316304
771069.0618209732
1074908.9399601298
36.52061688019551
279.78988937365693
10.765918884141575
20.69061409052301
160.37255217072456
747.8438394946704
1226412.3109336859
1221440.4262010509
284565.9167600067
524821.5405276467
849054.8635399275
1319111.7190245634
3.6492499458744687
1322482.9243394565
1345176.5670134355
1345176.5670134355
1345176.5670134355
1345176.5670134355
58491.14791533298
47.50574241786392
160.37255217072456
38.318325485428915
16.869787091842888
0.04457790937414842
2027580.2628565242
609056.0369444065
759640.8696037082
586858.9364551364
321969.7776237651
487829.4696166807
1615643.051946033
2945965.8880734737
2766833.3828179576
1932597.686541444
2937859.9280041372
2973972.803213409
93518.54977710893
781867.3023104393
1312055.1102744753
766406.7496646693
282591.39477181557
0.0
3.225319219603334e-05
725696.7428662168
1310415.2374449463
6.218478267731385
117757.63294022618
1282810.999869866
1160933.6601447903
816574.2939526058
1113012.6197297226
133265.55644076178
108611.89281853999
468514.31169213215
1036025.9154478952
994208.8045734582
2244997.1041090535
1469215.2958041104
2500175.8314384185
266015.97891131043
28.802100273629907
134326.956413092
261.81795433400606
763838.1190206303
1319111.2560428865
0.0007085332073133826
138.62894185065792
66.8659692246213
1213687.771046197
782092.6222698475
1345176.3195861166
1345176.3195861166
37.300601058234264
5.007363933137727
1297834.3371454445
1319111.6880615875
0.15912169696174233
1345179.1285085832
1345179.1285085832
1339171.3427331166
1345179.1285085832
413953.6769330356
1319111.7190245634
1.2257515599100788
857873.7057059016
4.525396426541859
392576.71365593525
192652.92751538838
1385673.6643315328
1535133.3729469469
272691.1101382233
22.297660979677012
5.007363933137727
1.5446321755305732
40.35296742121268
1632912.8540866044
1162576.84057893
778526.4744442141
488629.53287422314
1430136.3234687976
153363.66776239293
332217.37314911734
3939500.504858782
2545092.848557784
3811649.01562267
2457000.412910508
2597.7324895337515
296.02085867277776
296.02085867277776
2438.9373410054204
350.03669137426533
350.03669137426533
350.03669137426533
1349.337997738652
421.93885336391105
0.0
1208.6067504652726
3484.7280501309806
3484.7280501309806
229.83552826301403
1131.129387225341
2260.059607961406
2260.059607961406
197.04243181641436
2105.1011441706296
1366.8467200114787
2105.1011441706296
299.33492883612513
299.33492883612513
159.8664272602558
2191.3756461464895
118.54743748128935
1379.392745140543
1646.4884926237742
136.37790234009492
1292.2859788609223
1292.2859788609223
1925.339177662017
3650.8863530472986
139.25275970464196
1320.5991774258257
1858.2869282291354
120.93981723901533
3378.07350660636
120.93981723901533
120.93981723901533
3378.07350660636
818.3376773135658
99.49178386262449
99.49178386262449
99.49178386262449
2497.9729122335248
1158.0144548537605
1043.7407870292755
81.21960760102965
7785.911113542134
1924.4183962342474
1300.1379537555804
78.54718443380318
1547.8751216219084
68.86182480129665
949.7361983667143
57.107686170435194
594.6516431470474
57.107686170435194
3204.173409746058
3258.1165144572396
739.976980704389
685.5998580013695
30.914396336811762
631.2227352983498
634.7693575158011
634.7693575158011
28.369534440788563
642.4210144161871
28.369534440788563
642.4210144161871
642.4210144161871
843.962519190132
2395.600688147691
783.8761101474951
783.8761101474951
33.57596076613166
33.57596076613166
658.4508613278241
658.4508613278241
658.4508613278241
327.152915815365
2447.0533978909616
20.94394122069564
64.9933094607084
64.9933094607084
725.6402518798914
64.9933094607084
725.6402518798914
30.025017421275788
961.696989775781
961.696989775781
30.025017421275788
1073.7845503921048
17.338244603795143
453.2874009238459
453.2874009238459
4513.815913193166
17.338244603795143
3597.0119653780675
4513.815913193166
9940.851763454893
337.8123584812067
337.8123584812067
282.08145187520967
0.0
2401.8104191248167
16307730.520690754
1349.337997738652
198.4462666607102
3484.7280501309806
1169.8680688453067
210.44376495887698
2105.1011441706296
299.33492883612513
2191.3756461464895
2191.3756461464895
2191.3756461464895
136.37790234009492
136.37790234009492
1872.7067112705317
1858.2869282291354
78.54718443380318
1547.8751216219084
68.86182480129665
806.3821154312703
57.107686170435194
739.976980704389
2140.810040228121
0.0
14163493.023097718
0.0
0.0
350.03669137426533
373.73898836411473
1349.337997738652
198.4462666607102
254.51546156917152
254.51546156917152
229.83552826301403
299.33492883612513
299.33492883612513
2191.3756461464895
4437.814119624206
159.8664272602558
4437.814119624206
1379.392745140543
183.25726983665484
1925.339177662017
1925.339177662017
1085.0337475644108
99.49178386262449
99.49178386262449
1158.0144548537605
90.17811777931334
90.17811777931334
1043.7407870292755
1924.4183962342474
1414.2594849527827
64.95258209435802
7240.653228912204
57.107686170435194
594.6516431470474
1089.7927034014099
3258.1165144572396
843.962519190132
753.9502547572234
753.9502547572234
658.4508613278241
20.94394122069564
539.386235751753
2140.810040228121
725.6402518798914
725.6402518798914
5483.8467851980695
453.2874009238459
4513.815913193166
17.338244603795143
9940.851763454893
0.0
19015419.347192056
2597.7324895337515
296.02085867277776
296.02085867277776
2438.9373410054204
350.03669137426533
23.98361261500495
350.03669137426533
1349.337997738652
421.93885336391105
0.0
1208.6067504652726
3484.7280501309806
3484.7280501309806
226.11577514744974
1131.129387225341
2260.059607961406
2260.059607961406
3.4170841240229333
10.887112672469849
1366.8467200114787
2105.1011441706296
299.33492883612513
299.33492883612513
159.8664272602558
2191.3756461464895
118.54743748128935
1379.392745140543
1646.4884926237742
72.42610113623596
1292.2859788609223
1292.2859788609223
1925.339177662017
237.47050145910214
0.5717798691103102
1320.5991774258257
1858.2869282291354
120.93981723901533
3378.07350660636
120.93981723901533
3378.07350660636
120.93981723901533
818.3376773135658
5.9271707013901205
99.49178386262449
0.0
2497.9729122335248
1158.0144548537605
1043.7407870292755
81.21960760102965
7785.911113542134
39.53610143578467
1300.1379537555804
78.54718443380318
1547.8751216219084
68.86182480129665
949.7361983667143
56.505843975023566
10.691233841753437
57.107686170435194
242.1312060415896
3258.1165144572396
739.976980704389
685.5998580013695
30.914396336811762
631.2227352983498
176.41554936162774
634.7693575158011
7.730451109875711
38.795668780910795
28.369534440788563
642.4210144161871
58.77006894273198
843.962519190132
2395.600688147691
783.8761101474951
783.8761101474951
0.4250036204531541
33.57596076613166
11.656577956007308
109.27747182883361
658.4508613278241
327.152915815365
2447.0533978909616
7.926198304444467
64.9933094607084
64.9933094607084
725.6402518798914
64.9933094607084
725.6402518798914
30.025017421275788
961.696989775781
961.696989775781
30.025017421275788
1073.7845503921048
113.64026252284934
17.338244603795143
3597.0119653780675
4513.815913193166
453.2874009238459
17.338244603795143
10.16991586842049
76.49260052694184
337.8123584812067
337.8123584812067
282.08145187520967
0.0
2401.8104191248167
0.14762611501343217
127434.2065820264
1859029.104667435
1798716.1545433784
752099.6192148554
7459071.39447519
6418954.670092885
6581949.65513448
1766372.2865279631
10320992.077023342
129.99784326816493
155.04695554191306
138.9153929159814
20.890380119362415
35.13728786542763
22.479028832781434
67.52903038142748
152.30344775508235
76.52744042532241
19.856437974407044
9.795176295417694
122.75871673437713
86.94482983076466
0.0
6100750.688178486
737225.0731991791
3820935.13470357
825899.6181451516
4344378.008724292
5027648.848173413
10923678.489670847
6.599658405381879
92176.70883822125
8564352.863547547
6964850.580304732
7869668.30496785
110.67310972112803
1316.8967621941244
37.43459213270811
15826318.176925398
14145271.551785098
16307730.520690754
16195342.33840691
15319878.891248556
16307730.520690754
1349.337997738652
198.4462666607102
3484.7280501309806
1169.8680688453067
210.44376495887698
2105.1011441706296
2.431508234023677
2191.3756461464895
2191.3756461464895
2191.3756461464895
0.0
136.09465814658472
1872.7067112705317
1858.2869282291354
78.54718443380318
1547.8751216219084
68.86182480129665
806.3821154312703
57.107686170435194
739.976980704389
2140.810040228121
0.0
2545497.0008076387
64371.01962816445
1574805.5224412058
74.45025682602241
52.3641805327119
175.35162765487266
10923678.489670847
1462963.886000384
12074689.412281306
14163493.023097718
14163493.023097718
1503557.1590530085
11549052.935425792
14163493.023097718
0.0
0.0
350.03669137426533
1349.337997738652
373.73898836411473
198.4462666607102
254.51546156917152
254.51546156917152
229.83552826301403
299.33492883612513
299.33492883612513
2191.3756461464895
4417.7585890539185
24.39036669546973
4437.814119624206
1379.392745140543
183.25726983665484
1925.339177662017
13.679967170901932
1085.0337475644108
99.49178386262449
99.49178386262449
416.8039694152581
90.17811777931334
90.17811777931334
1043.7407870292755
1924.4183962342474
1414.2594849527827
0.5501175416122686
7240.653228912204
57.107686170435194
594.6516431470474
150.98553612719797
3258.1165144572396
843.962519190132
173.14149550827125
753.9502547572234
29.204681888758707
20.94394122069564
539.386235751753
2140.810040228121
135.03233277076342
0.0
5483.8467851980695
453.2874009238459
4513.815913193166
17.338244603795143
9940.851763454893
0.0
993742.1327390485
5102846.837774301
5813515.603068304
6055624.82687958
33.19707892504155
19.26902789035646
20.535984317795073
120.88258493483069
156.32212647926497
3502030.007242323
6323055.274359421
10213182.744008927
9087196.66497515
3930813.0863988283
4948633.879705959
893292.508199912
312357.64909017406
7606688.419719816
10923678.489670847
14283403.37631893
7207777.990561342
5991.360430662715
312.031403795029
14156488.432016032
15675895.82551596
18549918.56375518
11737385.837055657
1.4045759121037165
385708.75485021283
416471.48611498915
584431.2549660199
496128.02693555347
0.015074565511805462
19493.458179473997
275.4488748689341
7705.116543219808
115186.50971939915
15794.495774324016
329664.6876257387
242025.8632970263
212196.65616564613
63494.35507275776
183672.54673293978
3574.236203961237
504757.06205114844
70874.05158170841
233523.59484404506
596430.63712885
113948.4333275469
637919.9121001291
262701.172627641
658123.896023123
383145.3719469079
60869.97184043333
685760.5049161118
4598.791914222348
750439.7346167782
765556.5636593754
331142.10353730724
607832.4760224249
810913.3997130705
811936.7364640591
510682.3365639533
579232.6114982148
147644.4919704735
716657.3840075138
231136.7005933697
385936.65586252126
627046.0164293747
978283.0241437305
996719.1218396205
162131.3895323103
1011970.2954076009
1021481.4255844711
673258.6758395038
982961.118324494
7.814456907149171
18.47736688999251
13.521547516763055
12.465936717808335
15.832330807526134
5.122691038186044
9.580393090964915
12.170069745381184
93.24611846291525
2.1331822194683787
2.0607394169082833
15.56657287250858
53.44767114847509
3.587978643117187
4.913014431014662
2.6385601615297567
5.256717845018669
16.95846725979166
11.95830853039802
6.895601041461447
53.44767114847509
16.95846725979166
18.967227345701236
7.814456907149171
244.2244932749375
2.0293441596265063
2.0276031449385887
122.64680016710015
1.6707157509971815
0.8606799917153934
1.1416584264551473
12.535277497407302
37.86167969725506
8.855200688564466
9.285878727782942
35.140759175412896
3.659544299101849
67.09813317775675
54.5397010906462
12.769670490273661
10.274993513996352
5.622795723756521
249.2360586549257
3.859873679261864
26.437004728134166
27.279721600428875
38.6862627303116
0.014858491881960695
1.1535689352835592
6.116858864116674
0.0
0.0
543003.3516979683
1052169.0526436686
471650.92301142117
883456.8562594302
875389.4643729525
871272.3979344588
172420.5702990421
862093.4503566619
334929.93433684326
482851.32559023873
444153.9710870508
128077.79842717003
1029520.5304165141
478712.8502917334
770605.892543255
760805.1716580392
735347.0946134067
157215.1323516805
714881.3115301578
402783.2983613824
67916.82379551003
640022.991300649
111694.83397495821
309715.05491598946
559772.1946749807
180657.4544869881
1011212.4985274539
689026.4649498594
302892.9605862743
447828.0184276046
204133.14270662973
1043533.7446655462
390167.6678222373
657326.9276093879
75651.78708150133
207642.38588749018
67148.57483393878
207216.69615565156
111153.65368198745
72159.36302232815
78491.59273596696
182847.529529309
813539.154286065
109788.74501363316
375739.7513939612
515697.1853347291
1032332.1026079748
54184.94864324653
271972.42418027786
546583.8972110193
625553.714031045
636582.7719216738
659942.8062205134
717014.7525474817
783863.1268142556
876984.7988183413
923898.8522688145
801303.1229759208
778419.8187750434
753964.274191945
681406.282183158
620602.3488326039
608924.2399841984
553108.0019398861
495237.51395761326
439268.80508664274
370623.9188154522
196113.98596094552
120776.16104114661
1064817.4911342314
0.6241790585276675
70203.77330468595
1.2932097359932175
1.4020635682663782
0.0006996325190949994
179963.516175852
137180.61587971114
180543.37118279107
7.518023663740811
195569.062036469
226882.87628379106
1.2161382535434178
181700.4576553927
107295.78890825943
8122.018787782284
162597.98584693126
613597.0995920763
1110350.014367003
997377.3243431044
5.494940404101549
103.74273967082881
649271.2894070472
1216686.3027281354
525531.6601401778
397086.24096079834
989126.6901855302
228759.75942821166
1157108.4061736574
620385.2971474465
824090.5000549433
1201045.2800722132
312526.70916713245
568478.7414699394
1217341.6146353977
835307.0662567489
1037260.706732572
1225970.0728515158
1225970.0728515158
707086.6487940099
1225970.0728515158
1225970.0728515158
1225970.0728515158
1134383.2199494373
757360.4975373482
9.662688346390896
109.29857720517109
33.6635920387931
4.845094986840459
546.3469501303915
127.10089868095184
127.10089868095184
20.061284931908745
4.9123275358351135
25.366124268684267
8.442724841800317
5.436971976085325
19.342340401136838
3.349462245961203
1225970.0728515158
1225801.4138269722
1225970.0728515158
1219803.8258780944
1050440.2483584762
1190521.800059821
1182351.035455626
1139055.804288891
435574.2672044673
1225970.0728515158
514476.81461292173
1136212.4094941588
1183413.607455228
1225970.0728515158
707321.9285610227
1108406.0407677058
1224804.696398341
1050369.720252997
883168.5949794778
1213972.7747773442
211380.52969907402
407011.79512578447
368214.40552016435
692163.6045264343
839176.2098212542
980335.3385661807
1128372.3640868694
1193827.500779908
1213938.2492975509
1223617.9166210564
1225970.0728515158
58442.3229397395
1225970.0728515158
386036.4240891434
1225970.0728515158
1225970.0728515158
134084.66311260263
358215.2520534047
158136.65093159958
335486.46137316426
87646.10800325272
44476.902605417476
239632.4197259514
6573.126660944708
31163.72809228616
40423.01053428196
490465.7772402484
510271.66387563053
422477.70552992716
646562.8308210055
811291.1734171879
165111.77236460432
815327.0357555982
765064.0723727058
945140.8132477202
160808.32997761256
511628.85767383955
1109396.366967853
21.118989327479362
14.318086317251549
7.602349176448226
5.347070671341254
7.871137025205917
2.3931058723971006
16.620089642495888
2.0724442992204115
1.6438205670559523
290946.1286657384
650975.436479864
531387.530603746
519633.95212020574
127741.82021775807
405641.9464739866
344368.22527750395
424555.28052320477
97149.42533559566
1004081.1250580094
39241.35812477759
807404.0204398213
726261.0362958177
796276.5267514049
0.0
998450.4220535307
925581.1306031502
689886.8322143639
608924.2399841984
582689.680712234
536202.6521235603
406714.40788841527
370623.9188154522
1137857.226220743
1.0748054327384648e-05
44412.143232800845
0.0
88652.61267171062
142095.13370383572
27205.77323097702
36196.7903282461
24961.548048275305
169619.5679900247
245050.0716617334
18.79517888809559
9.59851811570884
44772.436862995295
217966.27257510848
1292358.9271484842
299714.49574168836
540933.2827168741
1079099.5210807915
574811.6274860399
1292358.9271484842
207930.37828171946
15.379371973977479
5.418174263826548
0.0
1292358.9271484842
1026978.3242490828
87.25415999128641
1292358.9271484842
1292358.9271484842
1183011.7352053162
130746.46677286028
950930.4456849854
1229382.1810611228
1292358.9271484842
1292358.9271484842
1292358.9271484842
2.094841609328428
130825.25540982903
278908.7727829034
146866.58075485393
465727.7721258429
87835.41731599694
119325.1765904401
64199.104473252344
1581712.2708640287
448375.61281210446
814769.6252804624
2874.5853847839026
63237.42781129298
97426.76623220924
519653.47813598224
599567.1715692322
90719.95154135383
90880.29455479924
625974.6129214776
55361.90000352757
14778.852496220754
271351.5928619798
93514.33110373374
387592.011470614
395681.04477189214
7.539878701233993
12.43124357638611
12.43124357638611
7.430540879714984
4.35246358231262
93.24611846291525
2.3525854248945826
1.6835469445431173
1.6688138786628053
1.6688138786628053
37.86167969725506
0.5148332770781331
3.0504694797294234
13.448002078152864
2.0969937528996434
11.559165287838596
15.962542510463056
0.0
190613.3476120022
406580.86679777765
658430.9246051314
1138831.4858025433
986280.4083566708
617263.87314384
286239.62814865704
521173.33221791714
532382.0491833163
420381.4027757205
507345.22230834456
462068.3508986299
641524.5557175813
265127.2770294494
558853.0625579957
1178028.2162630986
162854.48112138393
78491.59273596696
132649.55011280667
832482.9546846362
62445.82978304624
27675.341971424175
19664.0522421682
39065.087067465865
886378.8951111623
992577.6529972717
516948.35690243467
324385.4642717825
1245923.4494027519
0.3742685887828076
20432.126468483297
51112.543527436086
0.00023610985624437125
0.0006996325190949994
117386.10039709376
110719.0420573816
0.408502890956082
165758.17099804737
88356.95921609385
237076.58483473375
797728.9610943
1337616.4391586962
2370395.3681523884
2434609.6182534974
774588.0219324915
437120.4705252277
964877.4965100816
0.05302915354361182
283220.10040587356
349743.06125479745
1656506.7907593457
1135946.4896446392
2217710.268906722
2142883.97721059
2370789.4843192343
699136.5616905733
774445.9080739744
521551.6465924604
41.50576832016734
583.4377829176708
46.199804923748914
201.21513625957965
66.77765928338134
3.1362709292529805
4.9123275358351135
27.915416680091003
5.053022346523882
22.285373494176355
2.671984660071786
50.75250792763317
1.5083245136860477
1816107.5690071185
1381128.893581576
1979586.3946786777
1815726.5192405388
796996.1025382823
338402.43857642135
37681.31335632981
701013.9951047411
1331797.1861210917
2146899.1381991804
2351647.8535067555
2474721.2923612706
1068556.6230373804
2518329.0
1798090.140156359
1798091.9778312873
182432.34719154134
182432.34719154134
110361.48421566394
362931.9677787265
362931.9677787265
325739.19664989086
325739.19664989086
325739.19664989086
440731.5899235444
440731.5899235444
440731.5899235444
440731.5899235444
54410.25836573483
90230.39936623939
540106.466026193
540106.466026193
540106.466026193
540106.466026193
1788449.8548336367
1788449.8548336367
2465.468357399652
1788449.8548336367
1788449.8548336367
3951092.983499735
3951091.8805960673
3951099.4610890984
6451527.060383558
1092061.1170863656
1092061.1170863656
2465.468357399652
1092061.1170863656
1092061.1170863656
1865908.279367269
1865905.6338952482
1939815.3847707203
2334383.217551233
2148831.448271922
2148830.193150616
2143319.978683433
2143320.30609144
3495476.6626444743
2198955.8800418014
18377.203712676368
1438869.728206499
1438869.728206499
1438869.728206499
19393.64676652254
1438869.728206499
1233944.8696546734
1233942.1362937037
1233942.9014094337
19794.66036424853
19722.868840953197
19806.625618131086
19555.211084838225
18765.42169799669
2552464.6163949887
2552464.3468515407
2552463.04981761
19680.946987748703
3732421.2393060545
19809.621968458905
3245258.1524010585
417731.2684658042
417731.2684658042
202321.41119025665
202321.41119025665
968580.007555393
968580.007555393
4376735.62758175
4376753.2774233585
2465.468357399652
4376737.046535104
13132790.038631907
378.8341573774643
5356914.361692218
167576.12854233707
8741.475095305435
44054.685677335416
11757006.074989907
2693.995548757268
11757006.074989907
4442.983203744897
1050.5695727614125
15002.547199666538
16068868.82096299
4769.067000517691
4769.067000517691
2177.201336548517
8763.88375015114
6211.5650502112485
28976.316772843496
1939067.513758944
1158.7677772700404
18293863.702741176
8997.727844808918
18293863.702741176
18293863.702741176
18409.474994599208
2177.201336548517
49889407.736203276
378.8341573774643
6816.472712184446
49889407.736203276
2291.472589321956
44651.58627073889
82088.17001675142
49889407.736203276
22216.310506965303
32804.10248672571
378.8341573774643
49889407.736203276
378.8341573774643
78288730.82975654
4004.336681855899
1098.6279023502843
8643.380565013165
82876.98956491232
8148.050349158568
8587.230411139073
412.7392982999004
8997.727844808918
0.0
30929.666379345148
26417.98307497347
14962.231271602337
1275.3348588523957
8741.475095305435
456.20630243824075
95718125.66549298
0.0
29108300.864812262
42712.56969203433
29108300.864812262
2301.8447616112594
1901.8169175368707
38159.363593418784
25536.206420107053
21224790.82371345
22868707.097025484
22868701.424293123
24288563.315214697
82088.17001675142
30128.101407367583
31334332.79229765
546708.3896723577
33087.08575700536
13329.641873158931
15002.547199666538
247.60476271814585
6211.5650502112485
205741.10776753808
923.2924489518308
13066.276115438362
3812.513987978198
575706.7406073434
32268421.696610227
91062.46634529174
2647.7832677395245
33872776.36351551
28946.533508768985
33872768.10909351
56635.75340630642
137054.09134930721
28024347.17017679
47849.02787400434
430.6840304059013
1648.140930374754
0.0
19250.308186759565
1427.8118716086044
46089.84205330046
773.0317668898298
9992.548598436491
104294547.85010432
4004.336681855899
18409.474994599208
22523.360336110934
18021.39326181343
14135.633992363073
14135.633992363073
44112.39886159918
10245.819791282813
4442.983203744897
139334.3154112897
0.0
104295662.29811358
70563.21680617436
3099.1789984907045
30929.666379345148
28946.533508768985
22216.310506965303
8997.727844808918
4442.983203744897
28976.316772843496
4600.320165737948
3826.5986496020264
104294801.54561667
0.0
18409.474994599208
0.0
3099.1789984907045
61335.38638308867
2498.902871650322
149153.37992394337
1901.8169175368707
15430.501414054324
167576.12854233707
378.8341573774643
33118.2702697252
65324.95996389632
28976.316772843496
9992.548598436491
13329.641873158931
253483443.15508768
378.8341573774643
21224790.82371345
5356914.361692218
167576.12854233707
8741.475095305435
2118.844809203913
7161190.340413311
2693.995548757268
11757006.074989907
4442.983203744897
26.167926507239127
1255.3521527585906
3097692.8506435393
33.655828606582546
4769.067000517691
2177.201336548517
8763.88375015114
6211.5650502112485
28976.316772843496
1939067.513758944
1158.7677772700404
18293863.702741176
18293863.702741176
40.20470083580156
727.135088663293
18293863.702741176
16963644.438310117
18293863.702741176
18409.474994599208
210.09060134362412
1084820.8695906189
378.8341573774643
409.18213850027
49673548.44110272
192.22867207050928
40983.325579897704
82088.17001675142
4085193.98101543
22216.310506965303
32804.10248672571
5.486839708049947
44346722.86018239
35.60330089380717
78288730.82975654
0.0
1098.6279023502843
8643.380565013165
3485.8705644497345
8148.050349158568
8587.230411139073
412.7392982999004
944.589039655875
0.0
30929.666379345148
26417.98307497347
14962.231271602337
1275.3348588523957
101.90877316124372
456.20630243824075
95718125.66549298
0.0
29099286.261022978
42712.56969203433
29108300.864812262
2301.8447616112594
20.186421491780962
38159.363593418784
25536.206420107053
290.4513472251821
102.50266068281795
24288563.315214697
82088.17001675142
30128.101407367583
4411565.925867235
546708.3896723577
33087.08575700536
13329.641873158931
15002.547199666538
247.60476271814585
6211.5650502112485
205741.10776753808
923.2924489518308
13066.276115438362
32268421.696610227
3812.513987978198
205811.8362722625
233.30493497761424
2647.7832677395245
15238448.854365628
28946.533508768985
33872768.10909351
33872768.10909351
56587.789818314246
27854293.477189127
137054.09134930721
47849.02787400434
31.339731382579377
1648.140930374754
0.0
205.32711703198277
8.66482610584235
852.8174511861979
762.8881663257255
9992.548598436491
1310.8637442566937
83183982.21386085
82442868.1439729
22523.360336110934
4004.336681855899
18409.474994599208
18021.39326181343
14135.633992363073
14135.633992363073
44112.39886159918
10245.819791282813
4442.983203744897
139334.3154112897
0.0
10124439.341064854
169.35597217176206
90944908.1364865
62582125.99322258
104295662.29811358
70563.21680617436
3099.1789984907045
30929.666379345148
28726.480506102373
22216.310506965303
8997.727844808918
368.8539552194951
59.56822123181236
4600.320165737948
3826.5986496020264
10456258.774830962
54158239.18422073
1638.3954272333542
378.34920452881664
77915453.91798206
68458528.93126906
30777795.604742248
91357982.77698371
0.0
50.99548936914138
0.0
2972.1685054699965
61335.38638308867
2498.902871650322
146445.4914253258
1901.8169175368707
15430.501414054324
167576.12854233707
378.8341573774643
3013.563043884231
65324.95996389632
28976.316772843496
9992.548598436491
13329.641873158931
1669.5054131259906
3839.357412546742
65200553.61779498
105333767.47088306
13013564.237873875
61322136.868247375
723625.6192558048
1722703.267768877
2334383.217551233
2069818.2451777062
182432.34719154134
182432.34719154134
115.95921116020065
362931.9677787265
362931.9677787265
269442.68984235846
329.16627583835066
325739.19664989086
325739.19664989086
16.02912470420867
324975.7043530739
440731.5899235444
113435.23582265797
179649.4730406967
89.95370040828612
363.0164946993893
26.29011510736894
440731.5899235444
440731.5899235444
144320.13189662277
324357.9329245312
440731.5899235444
440731.5899235444
440731.5899235444
437539.7475399723
54410.25836573483
90230.39936623939
540106.466026193
30411.77764898686
540106.466026193
540106.466026193
58.67197176186456
17.252081979338477
540106.466026193
12.458811468198627
527000.0827387922
540106.466026193
483980.9825202807
71226.05715637472
396.51584055038154
228.63882702674016
0.4553742742208401
1786583.1667912698
294.0161958032582
1788449.8548336367
123.13055833036722
237145.42310660638
1550564.0652103021
793.3947449198915
2118.8392539377646
382328.08523170045
46.25794141195555
56.645111239838265
1788449.8548336367
1724011.5006263023
1118360.4358335368
147.07188990315706
52.232020642109276
1788449.8548336367
1788449.8548336367
13.86295007753241
322.1502213798762
3738618.9850478754
350.17525086536875
44.64465796996095
3951092.983499735
603039.5795882093
103306.94469700301
3889679.1054280302
3951091.8805960673
0.0
1700699.1818719984
428.5636521884219
454.76532553225246
0.0
1607560.0761369711
3187393.311731224
3951099.4610890984
566234.9585233728
773264.8747757353
6451527.060383558
110.80645488479894
4506862.530379793
47.67105721285516
6451527.060383558
121.79600095990207
6451527.060383558
6083114.161477434
6451527.060383558
1018850.7552917831
1091983.1614296853
1000803.2438989272
1092061.1170863656
1092061.1170863656
1992.8084337985292
2465.468357399652
1088690.3041324802
20.01722906920598
42.137027431300005
1865908.279367269
572820.1576944431
1865905.6338952482
64.97463445255492
14.19928446787872
19.178933942376112
8.270860953985867
2143319.978683433
2096182.2411322158
2143320.30609144
561290.1342145548
285822.3303572326
34044.67146111364
2198955.8800418014
18377.203712676368
1246434.7992444683
109.9004032761789
1438869.728206499
1438869.728206499
1438869.728206499
76.3024766486053
1208173.786086437
1438869.728206499
1438869.728206499
1438869.728206499
1438869.728206499
1321357.8598338736
1438869.728206499
1438869.728206499
1438869.728206499
1438869.728206499
1386740.5210597415
10172.749704292046
19393.64676652254
1233944.8696546734
1233942.1362937037
1233942.1362937037
29.90972983837129
1233942.9014094337
19794.66036424853
14.139653905748897
19806.625618131086
11.102536976794825
18765.42169799669
1037100.6740021718
2552464.6163949887
2552464.6163949887
1371151.0395825023
2552463.04981761
2552463.04981761
3732421.2393060545
0.0
19680.946987748703
19668.716328502214
3212426.9562365557
3245258.1524010585
19809.621968458905
417731.2684658042
417731.2684658042
335.0470674644902
202321.41119025665
968580.007555393
132.44987906250185
3628513.3657050873
4077308.31917659
105.77258859570063
105.77258859570063
1244308.1087251583
1538488.352728747
0.0
2853422.887374081
3998951.7152938345
2331638.124188533
4198970.063501897
9.424973755585802e-05
0.002079958317831827
1522884.9247042502
214914.3812735769
1860637.5129334023
118.6620216263857
49.432649565670665
20.839925191728387
128.7704785527047
3755044.727203928
2386410.921243919
4115400.7119363258
1667628.9130708233
810426.7641836305
105.77258859570063
17.6336178196479
228.63882702674016
13.665203305249811
1517078.8146238204
3662628.1861951533
1720434.3505972272
4190776.366778732
3982929.960448183
2576886.07803349
4198972.474943941
126248.40519980891
3520245.3546727328
2395688.41750883
4376753.2774233585
4376753.2774233585
4376753.2774233585
4376753.2774233585
4322081.443056769
4376753.2774233585
2465.468357399652
2465.468357399652
4344422.522582752
105896.3720903512
511179.46821590833
1483550.6644047066
2071489.4935578092
1778298.6588667391
703613.908541246
3225043.226553566
4153938.1801693426
3419.1566496058545
107.06655690300512
30.528706687840614
10.94457169041839
3890432.6288890177
3353766.223651406
668626.8255552342
3620133.2955803205
2442851.7766145687
4198970.393055382
2512729.303548251
328.02130449288165
4376737.046535104
4294983.979224297
3009044.1919695823
4376737.046535104
4621761.027828204
686031.0978888331
218740.71671352157
4045775.1238652556
7246522.458732867
134.71110936934352
309.79480045001367
454.76532553225246
18.587585495028186
4796315.118927716
6906823.755312153
3854133.743040888
1050054.5020999627
151089.19323562793
2124109.9352225047
5106388.596578343
4276484.738598023
2332984.7384154606
7453917.904937857
12.053442053135345
762901.6654702532
82.71208217804205
7796113.030393657
5517997.631533636
516.4682638632556
153.3854477109905
12654800.735590948
11929799.56733479
5623161.760952531
3241622.6795959035
8954003.25152042
10000.921323700311
125.77783848496381
631.3526218734753
8476.873054363174
55630.00178765932
1776379.6505305017
2901.726195376386
0.0
894.3537385422942
10986.447460117914
14623.980543785763
3897305.9435857697
1329.3812808444536
1583.2305414447867
1583.2305414447867
722.7650408988173
423.5573598852909
348.80659546060525
256.64567560912207
2909.3909701892926
27259.660772997693
1475.010939601491
4979.518424371503
2061.9764093887893
5327165.690951331
9619.753822785307
642793.886850136
422.0445164109425
8476.873054363174
306.544963171459
6389.32671979574
520.0432295828598
8458.475252354443
384.83771357989326
2986.9701022533122
307.68347158340697
6067391.238813456
1583.2305414447867
0.0
6111.4516528255745
27510.93421892059
888.0606174945789
10000.921323700311
722.7650408988173
7375.844700342592
8769.703412753503
631.3526218734753
8476.873054363174
14827.067875845145
14827.067875845145
137.03663612403628
125.77783848496381
2909.3909701892926
2909.3909701892926
27259.660772997693
10889.886572780733
125.77783848496381
3562.8162240052093
307.68347158340697
142.9235693624926
2262.8159408859583
1902.9940671431455
10944.396294224465
16557988.950105691
1329.3812808444536
0.0
27510.93421892059
1144.2068026505267
947.3264085856104
10267.649880841325
1371.1946711020912
1371.1946711020912
7375.844700342592
8769.703412753503
8458.475252354443
4966.665927946941
4966.665927946941
423.5573598852909
364.73341457974277
2704.8524874024797
2704.8524874024797
2901.726195376386
4942.049636886521
2850.8065029251975
2850.8065029251975
137.03663612403628
2869.4138001544275
125.77783848496381
151.45535257230776
151.45535257230776
2986.9701022533122
93.58504874723876
33410288.020792022
1930.3206014596979
2043.8535841296145
0.0
6712.570590150692
14176.823318000657
631.3526218734753
7118.374797905795
14623.980543785763
9619.753822785307
9657780.473970195
743.1892181195246
8476.873054363174
423.5573598852909
6401.547782218182
12667.011275256398
307.68347158340697
3316.973557455263
24883.728884665965
8834258.923911085
7069521.28055603
30231.93169612743
2061.9764093887893
10135530.833162302
11105.69804945369
10000.921323700311
27259.660772997693
20250.16393292594
11626751.331153192
7118.374797905795
1475.010939601491
194686.29046087194
9199.805260784351
181660.89434134198
10389726.111763887
68315.81415016508
1144.2068026505267
5837.077109852822
15300.619668952824
10986.447460117914
306.544963171459
4337.4119969062585
12667.011275256398
4424.457711603152
4979.518424371503
82.16786363870271
2061.9764093887893
1266.8122435781456
191296.37754704774
10720494.548590424
30231.93169612743
879.8765447149796
185118.48245828223
0.0
9608.841755727233
722.7650408988173
4692.940386753538
6759.96129006199
193010.60650132524
18820.858442316756
13580586.648491828
14645.184477680545
195417.19976963307
45542.78554022247
189780.22344137533
10024911.132323248
15883.959749920019
348.80659546060525
142.9235693624926
284354.7107263549
547.1341759889463
4396176.3297954425
11848.112331838469
0.0
1329.3812808444536
0.0
1583.2305414447867
8608.574851139632
6111.4516528255745
6111.4516528255745
6111.4516528255745
0.0
0.0
15883.959749920019
5330.19993793013
1028.9188087793373
1028.9188087793373
10267.649880841325
9608.841755727233
9608.841755727233
6389.32671979574
1371.1946711020912
20359.39645661357
16516.337783490988
7375.844700342592
7375.844700342592
7481.5382714385805
5837.077109852822
829.5688048648927
8769.703412753503
474.05850273152043
49517.71239448657
631.3526218734753
5982.625291564898
15300.619668952824
547.1341759889463
423.5573598852909
423.5573598852909
5123.440145994317
384.83771357989326
4692.940386753538
4692.940386753538
36208.52705951524
6401.547782218182
55630.00178765932
256.64567560912207
256.64567560912207
2704.8524874024797
14645.184477680545
125.77783848496381
3818.605622842758
125.77783848496381
3401.3558251120253
3401.3558251120253
3401.3558251120253
2986.9701022533122
1475.010939601491
10995.015391202716
1475.010939601491
21690.996128821713
9619.753822785307
9619.753822785307
3316.973557455263
3316.973557455263
4424.457711603152
4424.457711603152
142.9235693624926
82.16786363870271
16122.33148464574
20250.16393292594
82.16786363870271
46245.1486112588
1527.1952795230764
1270.3862224907898
0.0
0.0
1270.3862224907898
0.0
86156814.89277937
10000.921323700311
125.77783848496381
7069521.28055603
7069521.28055603
631.3526218734753
8476.873054363174
55630.00178765932
1776379.6505305017
2901.726195376386
0.0
894.3537385422942
10986.447460117914
705.9040889764148
285499.96266524243
2378522.7780439435
3897305.9435857697
1329.3812808444536
1583.2305414447867
11.216546507696433
722.7650408988173
0.0
8.720654112778659
256.64567560912207
27259.660772997693
2909.3909701892926
1475.010939601491
418.30574926240337
2061.9764093887893
1029021.7820512066
5327165.690951331
5327165.690951331
5327165.690951331
9619.753822785307
642793.886850136
10.209608981144186
5281.179885601978
306.544963171459
6389.32671979574
2.6779538584505884
8458.475252354443
384.83771357989326
13.397547126956438
307.68347158340697
241.82388092916892
6067391.238813456
5630037.772445158
6067391.238813456
4834.225541226355
6067391.238813456
1583.2305414447867
0.0
27510.93421892059
6111.4516528255745
9.57482962208282
10000.921323700311
70.00428310937778
7375.844700342592
38.33776418079703
1.5811575112402187
8476.873054363174
13623.444884089111
14827.067875845145
137.03663612403628
27259.660772997693
125.77783848496381
2909.3909701892926
167.51083892899487
10889.886572780733
1.8283759081064104
3562.8162240052093
307.68347158340697
142.9235693624926
136.3638274433433
70.97358652495845
10944.396294224465
1360148.1699048618
3053852.961127301
360493.4830012652
14730281.261224778
16487590.830289008
16557988.950105691
0.0
0.0
1161.0328164395253
1144.2068026505267
947.3264085856104
10267.649880841325
1371.1946711020912
1371.1946711020912
7375.844700342592
8769.703412753503
8458.475252354443
4966.665927946941
4966.665927946941
423.5573598852909
364.73341457974277
30.955720583150256
2704.8524874024797
33.95600945041043
432.04220079475067
2850.8065029251975
2850.8065029251975
137.03663612403628
2869.4138001544275
11.86389701982994
151.45535257230776
151.45535257230776
314.7570507043697
93.58504874723876
5646440.376835463
33410288.020792022
29181186.79246782
1192.9108032061997
33410288.020792022
33410288.020792022
1930.3206014596979
2043.8535841296145
0.0
10.560213793071913
14176.823318000657
6.726411478691317
7118.374797905795
14623.980543785763
9619.753822785307
1418241.481339544
9654840.544247167
72.6787415656774
9657780.473970195
9657780.473970195
9215078.93705638
3323810.5166248656
9657780.473970195
9657780.473970195
9657780.473970195
9657780.473970195
743.1892181195246
8476.873054363174
423.5573598852909
6401.547782218182
12667.011275256398
307.68347158340697
3316.973557455263
24883.728884665965
8834258.923911085
30231.93169612743
83.85728084068496
34.089389438559884
96.52508485932991
84.27064139067124
10000.921323700311
27259.660772997693
30.551413936560184
11626751.331153192
11626751.331153192
1465888.6216716173
7118.374797905795
10.379934916171745
9032066.619155753
24307.233942923518
194686.29046087194
9199.805260784351
181660.89434134198
181660.89434134198
68315.81415016508
1144.2068026505267
5602.957141195262
15300.619668952824
10986.447460117914
306.544963171459
4337.4119969062585
387.48215560575426
4424.457711603152
4979.518424371503
82.16786363870271
2061.9764093887893
10498649.266877193
1274.6881092754184
10720494.548590424
1266.8122435781456
68420.67404719499
77.72996809859292
879.8765447149796
70.73032539991466
0.0
9608.841755727233
722.7650408988173
4.4017566179827625
285.3877231134812
6438912.611343698
5639435.084353859
5088777.367571408
13580586.648491828
5774471.079895934
193010.60650132524
18805.21609338414
13580586.648491828
14645.184477680545
9787228.60545361
194697.66929766472
45542.78554022247
189780.22344137533
15883.959749920019
348.80659546060525
10.441965024892573
168.6420965032916
284354.7107263549
547.1341759889463
4396176.3297954425
7481.5382714385805
11848.112331838469
0.0
1329.3812808444536
0.0
67.85293689136202
33.90633089326162
6111.4516528255745
6111.4516528255745
16.99170031124218
0.0
0.0
15883.959749920019
5330.19993793013
987.4969191105014
1028.9188087793373
10267.649880841325
9537.075943462678
9608.841755727233
68.41273207515847
1371.1946711020912
20359.39645661357
61.82949718440788
7375.844700342592
7375.844700342592
5837.077109852822
829.5688048648927
8769.703412753503
2.8879990841521304
48634.58962283526
631.3526218734753
5982.625291564898
284.1252272612008
547.1341759889463
16.238991184075736
407.8162039775174
5123.440145994317
384.83771357989326
4692.940386753538
4692.940386753538
36208.52705951524
6401.547782218182
55630.00178765932
249.94376818626645
253.33754654499376
2704.8524874024797
14645.184477680545
22.58967016744612
3818.605622842758
125.77783848496381
3401.3558251120253
504.4343552234058
3401.3558251120253
2986.9701022533122
1475.010939601491
1003.8296986545898
122.90785508319135
21690.996128821713
19.850899568985685
9619.753822785307
3316.973557455263
3316.973557455263
4424.457711603152
4424.457711603152
142.9235693624926
16122.33148464574
82.16786363870271
20250.16393292594
82.16786363870271
46245.1486112588
1527.1952795230764
1270.3862224907898
0.0
0.0
1270.3862224907898
0.0
399756.33386937156
21815261.341531493
3380482.8217293
27046363.975048814
3475240.5532302894
22895915.887015935
555.228711320424
1276.8580752759578
435.9549730824286
544.4269855901548
125.82788867171483
75.51155807777006
274.04751018484916
300.8097409209235
442.5519501647154
641.5247664900148
173.67882138906296
56.32284714026794
33364717.219076544
21598592.636264607
11441398.357161336
22735819.50145261
37036887.770169996
4327931.161331902
28545486.023712303
1209262.4803976498
13684634.384872213
40022752.4432309
33975506.62701135
19702374.2014241
40560725.052447185
26374944.887085196
22259473.988924563
26756204.440443594
21910.94321341831
76318879.32811841
41347549.24108026
65344713.397483505
86156814.89277937
778025.9791557133
244721.8934283826
778025.9791557133
778025.9791557133
689839.30640097
752899.427812556
16480.810832234634
60697.97956823127
60697.97956823127
60697.97956823127
38.63449246538994
120804.63668497381
120804.63668497381
22580.725227177503
89693.77091460566
5.34091573143173
109.6784368032425
108315.24268185164
108062.1580029702
108315.24268185164
14.448087967953441
108315.24268185164
108315.24268185164
108315.24268185164
146552.6572623371
37799.18727632096
48084.713425915696
128172.9096720018
125874.20864537195
59837.097345786904
40.59284134622835
8.761172219885427
29.97478518046078
120.95735375994069
0.0
146552.6572623371
108001.27151938378
146552.6572623371
146552.6572623371
146552.6572623371
146552.6572623371
146552.6572623371
146552.6572623371
146552.6572623371
145499.85895118886
18093.302553566664
21.534383160020212
3590.2182501161838
30000.88329787836
30000.88329787836
30000.88329787836
10133.225903697064
19.54954264563076
5.748405963752071
5.778784604502864
179655.4381991572
163409.49760692252
151942.23868432702
179655.4381991572
179655.4381991572
175343.4971660141
179655.4381991572
179655.4381991572
179655.4381991572
179655.4381991572
363.39385239538285
14.039263691119166
4.152191660429319
179655.4381991572
111768.849402641
79037.08226431429
216023.82617564203
524928.6482703093
595229.1732332505
516400.85751965834
48.07851801553266
52.38471161874483
264.35969228346653
3.1681484362827894
15.416818821328409
706.0034113398209
76.20716710156718
76.19059838984037
461723.05117668543
127414.82900377446
433719.2048999982
173830.75008728085
161206.02339546997
595229.1732332505
552375.6859153714
594629.6511921181
570264.2390065216
595229.1732332505
152708.6398957879
23727.243304511365
18.872381230373495
595229.1732332505
573950.7893309769
501367.81609366863
0.15172060400704693
594620.3908854452
372464.59860891214
477226.1627724078
595229.1732332505
132.11098262768192
49.00927671143206
13.72011135691087
17.402758541236295
97.96093672905643
7.43118635410126
595229.1732332505
595229.1732332505
595229.1732332505
595229.1732332505
595229.1732332505
188624.28666663254
2755699.1687926166
142.7977131709501
494204.1831204493
1390507.0161002993
200933.2160509665
257652.4052600913
456582.59987522365
34415.332756535936
631855.9327929422
2671978.3180591804
1098852.226483315
2745944.8239008933
15.405652186758202
151.52812933117605
4.620020306960915
107.34068247658182
36.91610110856799
28.845826946921484
4.660353765277351
3.3203449423704945
0.0
2126022.612593292
1702434.1650363284
2746076.7169401757
661900.0140549102
1096998.5934858972
2095643.6502027512
2152364.1780058346
2605018.548713678
2753213.497576287
257064.48148898513
526439.2959115779
15.882506816284923
2755699.1687926166
2417178.0398775074
2755699.1687926166
1025867.9081079565
2201930.7455816343
118.66886884207173
116.67142070983729
14.039263691119166
81.02880939560563
14.879215951771629
40.5803476082616
0.0
2755699.1687926166
620891.7493998881
1163649.2088589235
1879761.0303323905
2633321.258748927
2755699.1687926166
2755699.1687926166
2755699.1687926166
2755699.1687926166
4.0324988108967
68517.61915044014
334892.6011294672
357635.10318990366
339201.0845744418
136918.01018531888
362361.15284276544
363435.05129332736
6.6697549372314775
7.296394686007911
2.3938149981981747
11.331991406986155
363460.4749456043
363460.4749456043
359298.24992755154
193428.35436030565
333311.2231279379
360191.97273762996
363460.4749456043
246165.54810406003
363460.4749456043
363460.4749456043
14.039263691119166
72.51446565395962
24.80579213309575
363460.4749456043
363460.4749456043
363460.4749456043
363460.4749456043
646330.7692002816
646330.7692002816
646330.7692002816
21.64538427371709
4.731211665578694
190827.4065652194
646330.7692002816
646330.7692002816
646330.7692002816
646330.7692002816
646330.7692002816
645121.022743948
646330.7692002816
646330.7692002816
778025.9791557133
1226384.871278239
52.38471161874483
2.7558567418237807
6.389076506483999
564188.7133238463
118166.54829601904
1453625.9246952627
14.573309148506732
1038158.950713347
1453625.9246952627
1.0994801509721497
4.019939130793532
186993.53093745356
95213.3212026761
1218575.4912435987
11346.507585308065
262965.87678401207
1008979.0912010433
1238519.8851663414
2648.592651815468
453711.76252345426
9.228275956686925
106.89720347167203
6567.760828594771
6116.849342846632
6116.849342846632
6116.849342846632
1238519.8851663414
136801.83483366546
440070.5152308601
162172.94377123282
479125.2166608698
393909.6639343263
415225.33481031744
296363.2157414817
476441.7314450191
27.77480848149366
36.627894691191855
8.648308222096095
25.41940205415318
355254.38039044116
402503.8879766569
331699.79249061353
230692.5767020004
479125.2166608698
479125.2166608698
479125.2166608698
479125.2166608698
479125.2166608698
95.85625624755617
57.31674273768682
63.610176751445856
145.0134050228823
479125.2166608698
479125.2166608698
479125.2166608698
479125.2166608698
461851.63863883674
479125.2166608698
479125.2166608698
22.223029646712117
3388.145170429775
6455.194206954566
6010.07669597431
479125.2166608698
442325.63434737234
9.967690375871616
442325.63434737234
442325.63434737234
442325.63434737234
6588.669468013684
6585.684076000356
4.711655784451036
6592.652109907708
3.699335975721967
5.919092313407079
6246.087817780331
186521.7638278885
520704.99195112084
478262.24968130473
455903.59502639115
1.101509351194161
1297509.3586876981
1309025.102595627
1309025.102595627
350988.0186276688
1309025.102595627
0.0020059576500965734
0.0
1309025.102595627
1241706.8941386468
64.09281575714705
1309025.102595627
1309025.102595627
382932.90735702263
6500.204495636207
6500.204495636207
6550.820295880483
6546.831515065323
1309025.102595627
1185867.7199796874
1247555.8040863536
1247555.8040863536
6586.429820858185
17.270447168459107
6593.649359788403
6395.557732283974
6134.629292006051
8448.481533218628
139164.41635997442
139164.41635997442
139164.41635997442
67366.48904401
111.63082463749775
67366.48904401
14.420371596057782
13529.587870356143
44.132393737345375
322739.464179696
1725053.861173304
228538.8034688627
4788442.009472167
1177328.0429953947
3543682.8039556937
72884.56210544996
22645.53878666003
35276.24826195113
170286.1061242784
43372.847567216515
557205.2415931342
961086.2835781319
613764.7393272802
1473256.3224998654
1462982.4779303086
1774684.660091215
41899.14778873586
1886259.4601698436
273285.2224200976
769301.9803087123
659744.5688957372
13515.969561413262
2174633.7389659607
2222906.9857691117
234399.60271399166
2367747.0004878263
2371513.7539845235
2061730.546306938
1772300.1508742447
3004236.5197469145
3206114.675484308
3407087.772052534
3412515.739977771
1139.2654231028928
44.8858372809613
103.22384745093397
35.2435016140779
35.2435016140779
35.2435016140779
35.6663353662014
264.35969228346653
44.132393737345375
151.52812933117605
10.172186742457727
14.410052118843776
4.937905140729704
33.39882627860227
22.154567475727802
5.753341870090543
357.42200848959897
6.193396683329961
26.069004371326884
3.6472749191486633
33.11087366163543
47.65134221902919
5.875533976617215
14.040555102921706
76.19059838984037
4.553255443016077
2806868.385381878
2543167.10140009
545153.3574240543
2239031.233699346
1845899.8724771899
428769.3067463883
400412.4370101723
1126216.3018488372
2004038.4310090712
1865117.2764148843
1868359.6288058204
786489.5653623242
1589032.9104334852
530043.145387254
1509342.769643719
1973710.0044861399
3173160.421104523
1388505.6932916495
1269625.793533914
623504.5240368783
1908231.732968382
376732.34513620194
587474.7703679588
2376131.9400931816
222741.97323785716
376071.3563997664
634158.8703209407
349878.90559325943
173752.47973001777
2355467.1809042227
80633.63208974084
50343.026452942686
0.0
742615.1708060838
1516494.5498886472
1863458.8783895823
2051546.3043618104
2186289.2200772543
2611197.678916983
2987589.868422596
3057646.5871934714
2453929.1452328577
2367118.5952713857
2276303.8135081017
1775526.4815017385
1567102.6842089703
1512150.3145087126
1377407.3987932694
1288391.5698520488
1193286.9564871297
1088094.4331948706
952498.9399535401
777152.4550480025
3563696.618870523
3.139713525780186e-05
6.671230966019063
0.0006928779584488748
4.01592721549334
0.0020059576500965734
254181.13328965975
515984.0089740178
552835.3813826215
8.817332600524468
42064.41584075659
71606.82853571868
27.557081503693208
8635202.952641366
1220291.3634858436
2261609.214858049
1017771.2245022205
698359.3391736732
3323521.222685146
460660.4841056756
584070.0281262895
2400234.7696704995
2001692.9975174358
9857984.681388963
39.5287725084496
312.5400130748698
1665.8511082715734
96.01368378931707
172.0475215884155
51.10072082043271
16.46997683206569
109.29020118489734
6.945572983808672
42.90735881730879
55.30971350686473
0.0
8894222.000155022
5430025.405604025
9567284.945701316
6591399.608994331
8182619.0781924445
5368751.828198044
2345427.7720519705
1090947.5634932893
4156505.5311766784
1279807.7973787594
3512371.4294557436
2278603.595243185
987295.080866807
805912.890209588
110830.70491424006
1975741.8119357184
2792205.080462579
5092782.016990796
6581949.75242697
6974098.965447077
7990277.524139077
12706400.89983954
7064072.548768439
13977377.80809553
0.0
246.52859082586065
947.8347364986937
947.8347364986937
305.93349106350325
0.0
0.0
180.62776413575185
149.22779770553203
2423.600866958967
927.517469671937
112.80907394910753
3065.898850145033
1173.1996472101914
97.58978957379442
1173.1996472101914
76.049010488997
2077.398361142035
2374.317374399181
85.54880503406642
78.63342996737381
1826.5512631579843
71.2073528639499
4761.43587718538
40.38559003558102
2228.4461520046843
764.9494008420447
446.7107947945898
1919.5320646833
20.664424116189338
533.2209513278
230.99754529243486
503.94199252401745
5182777.448733249
210.78175643248844
210.78175643248844
210.78175643248844
0.0
261.60831658378083
947.8347364986937
140.48876558605252
842.5412630598132
139.4838871106956
1464.302507647734
1464.302507647734
1358.7826617967867
910.0644695930896
1341.9010776489952
750.5615681968706
97.23791131187348
2077.398361142035
927.5261794818161
1295.213375830373
78.63342996737381
740.0000965764676
740.0000965764676
57.87669383793802
740.0000965764676
56.58112414084941
4209.565846835013
56.58112414084941
8108.638575551832
1068.8302402339223
439.56442490752517
2315.4951056372342
2315.4951056372342
446.7107947945898
446.7107947945898
20.664424116189338
533.2209513278
230.99754529243486
1521.1921927292444
731.1207685435681
19.74769415195564
3847.8020434897276
349.762439986808
6736.110527882806
0.0
199.25688848229203
1674.552086881512
5182792.911866412
208.4714339880728
471.77488507530484
210.08049689484565
2792.2515954259757
246.52859082586065
246.52859082586065
1700.885799773411
246.52859082586065
4113.249072993684
0.0
180.62776413575185
163.8812766116148
163.8812766116148
1582.8181665806362
1464.302507647734
1522.945571092089
1173.1996472101914
2488.3676426028937
57.87669383793802
4761.43587718538
56.58112414084941
994.4110382688394
49.35918261990263
4603.944541678641
414.8010029701637
414.8010029701637
2315.4951056372342
4660.12575593872
444.8635200206748
22.226428385213
4660.12575593872
20.664424116189338
461.6300024329022
461.6300024329022
4660.12575593872
461.6300024329022
461.6300024329022
461.6300024329022
461.6300024329022
1737.3979110463756
230.99754529243486
1521.1921927292444
1521.1921927292444
662.5234468890055
731.1207685435681
11.52912441886848
317.00986020815066
237.8856452787671
199.25688848229203
5182779.2568575
292.96615679148033
1700.885799773411
210.78175643248844
0.0
246.52859082586065
11305.770545988269
1324.3602681360524
261.60831658378083
0.0
947.8347364986937
0.0
0.0
163.8812766116148
1582.8181665806362
207.42304512780763
1493.624039369911
1522.945571092089
112.80907394910753
3065.898850145033
3065.898850145033
1173.1996472101914
128.5747953551488
1341.9010776489952
7803.8218310387765
750.5615681968706
97.23791131187348
97.23791131187348
1502.4622703119257
2374.317374399181
1295.213375830373
74.62600075364377
78.63342996737381
838.9221346940268
5313.305907535745
57.87669383793802
56.58112414084941
8538.582785076975
49.35918261990263
3713.5348008168016
660.1562102930806
34.09533998018601
439.56442490752517
521.490939657551
444.8635200206748
446.7107947945898
450.92866775022264
1671.7332152522763
522.8512366406189
1671.7332152522763
20.664424116189338
20.664424116189338
548.0998986514016
533.2209513278
23.651920510369315
1737.3979110463756
377.23598780440443
3608.441665558596
1521.1921927292444
1521.1921927292444
503.94199252401745
662.5234468890055
3239.619450945344
731.1207685435681
317.00986020815066
317.00986020815066
3218.351949866361
349.762439986808
199.25688848229203
1540.8960273481061
1540.8960273481061
12109564.151941974
0.0
246.52859082586065
947.8347364986937
947.8347364986937
305.93349106350325
0.0
0.0
4.810420721545691
2423.600866958967
149.22779770553203
33.56901742863793
34.5478986770931
3065.898850145033
1173.1996472101914
97.58978957379442
1173.1996472101914
1.6485599992919344
2077.398361142035
124.13077720134649
85.54880503406642
9.68404805072237
1826.5512631579843
71.2073528639499
4761.43587718538
40.335698022750684
311.998249747963
764.9494008420447
446.7107947945898
1919.5320646833
6.017430515372794
0.9295684727767324
230.99754529243486
503.94199252401745
1722826.9728035706
4081917.0070190285
122.72044028700199
23.224572616714656
4077114.7152729714
3166591.776860954
4837337.417129949
1203817.5220732044
0.0029611673622203256
22.281648756017837
82632.465502052
2791168.7714253734
197.2807270677143
5182777.448733249
5182777.448733249
23.850825928164575
4996231.438381699
5182777.448733249
1358.7826617967867
1283.8579708997102
0.0
210.78175643248844
210.78175643248844
0.0
261.60831658378083
947.8347364986937
140.48876558605252
842.5412630598132
139.4838871106956
1464.302507647734
1464.302507647734
910.0644695930896
4.342404692485736
750.5615681968706
97.23791131187348
2077.398361142035
927.5261794818161
1295.213375830373
78.63342996737381
740.0000965764676
740.0000965764676
57.87669383793802
55.879545939647144
4209.565846835013
4.637891910095494
56.58112414084941
8108.638575551832
1064.3064504787785
439.56442490752517
2315.4951056372342
2315.4951056372342
446.7107947945898
446.7107947945898
20.664424116189338
533.2209513278
230.99754529243486
1521.1921927292444
209.23060951145445
5.096117735854983
20.86528050159023
72.71671566880396
6736.110527882806
0.0
199.25688848229203
1674.552086881512
5182792.911866412
938828.6509065657
2558078.2719665007
1507336.3320337133
243639.31333210095
15.854767180197546
4942243.10215383
5038911.224089764
5046495.720155514
4323170.851666315
4700894.871639251
5182792.911866412
5182792.911866412
5182792.911866412
208.4714339880728
471.77488507530484
35.623695122788256
2792.2515954259757
246.52859082586065
246.52859082586065
1700.885799773411
6.0568719738825205
451.28800578669393
0.0
179.55571664495892
163.8812766116148
163.8812766116148
1582.8181665806362
1463.220161476568
1522.945571092089
1173.1996472101914
2468.308775830452
2.3444607342631008
32.75700445860685
56.58112414084941
994.4110382688394
0.8658014689467128
41.85010456526745
414.8010029701637
414.8010029701637
2315.4951056372342
4660.12575593872
444.8635200206748
22.226428385213
4660.12575593872
20.664424116189338
4660.12575593872
6.96533367335254
461.6300024329022
155.34256446295166
461.6300024329022
461.6300024329022
461.6300024329022
1737.3979110463756
61.86149527865333
9.85816591569272
1521.1921927292444
662.5234468890055
731.1207685435681
11.52912441886848
317.00986020815066
237.8856452787671
199.25688848229203
1364321.0822234873
812833.960390056
3957087.0449411846
85.24971779460917
124.15114610806647
35.42029533232797
68.07293177483264
16.801566096718787
9.596093953088484
4727800.791414166
871034.1711184513
3451687.7675244166
2385805.104926891
4415729.89064722
2997945.9629252637
5046495.1221228335
2.9262381463617113
5182779.2568575
4613770.186469121
5182779.2568575
0.0014439185927620111
1700.885799773411
210.78175643248844
0.0
246.52859082586065
11305.770545988269
12.42607923165463
261.60831658378083
0.0
8.29762918960701
0.0
0.0
163.25656656833883
1582.8181665806362
207.42304512780763
1493.624039369911
1522.945571092089
112.80907394910753
0.5408809188751628
3065.898850145033
1173.1996472101914
128.5747953551488
1341.9010776489952
7790.5028909974835
7803.8218310387765
750.5615681968706
97.23791131187348
3.4149491284453246
1502.4622703119257
0.0
0.9330015428774949
34.983561399608725
78.63342996737381
838.9221346940268
5313.305907535745
57.87669383793802
56.58112414084941
8538.582785076975
8538.582785076975
49.35918261990263
158.45102394305482
660.1562102930806
2.057761490503218
16.93107119061694
521.490939657551
444.8635200206748
446.7107947945898
450.92866775022264
1665.0351033364632
522.8512366406189
1671.7332152522763
0.9460829350414466
20.664424116189338
548.0998986514016
533.2209513278
23.651920510369315
428.0356079820351
3608.441665558596
40.57701169723848
1521.1921927292444
15.315737437872988
1521.1921927292444
503.94199252401745
662.5234468890055
3232.301460732359
731.1207685435681
317.00986020815066
18.79337140884013
3214.477660169428
349.762439986808
1.0795648661596828
34.21805705163614
1540.8960273481061
372840.9113879515
20113.671214743645
5230042.822019336
4249743.331242562
156.29575557185797
359.4329572018713
5591791.380303682
3869983.5651369756
8231315.910163586
1218303.839718016
5223544.971799147
222735.59304948797
332435.5347821451
6352888.558165683
5679260.797793212
6592361.083512197
11525992.422020301
11828782.631418535
11718428.733140722
11096771.928430049
12109564.151941974
366672.98091717693
71221.15435773562
227474.18251602506
40714.031681750326
245537.2728673384
93426.21539420361
133169.40908383997
322251.674927396
404665.79502104165
423726.78438735136
423852.45665985375
444767.22233075456
447426.68513316364
18.490493366049247
19.710987387498278
16.999520698052184
16.999520698052184
3.217121793060198
23.190424467081048
2.373589965331483
51.77522294705285
17.794074872901454
52.90282665392047
409299.903387754
408252.8031715038
299210.3310674764
276267.60638111486
356141.0109879639
346045.0469287659
202136.93752875758
227052.67345866174
441614.29887337465
319452.17328974005
85582.01433019106
130686.83699782904
0.0
370527.8216010623
379839.5348375812
441088.70490828244
375927.4401271252
300645.79207798984
154258.12216195793
448308.0303331408
1.4010779127916977e-05
0.00040011392866557446
0.0003054269483961378
209028.58247507765
222102.14325331294
171481.85484302242
2.859917731773603
179182.69698282276
16761.94712165342
10584.61269154855
32939.60871485148
312062.2871398479
26.671218914605273
450643.139437705
288140.5517780534
431063.2439588506
250938.38759528144
450643.139437705
450643.139437705
450643.139437705
450643.139437705
450643.139437705
17.406738978958867
54.60932894335904
61.776484253930434
4.9448309534017785
7.709003591726159
3.7451533650014555
30.58223044319394
7.828920360325025
20.643425727992895
4.412771703635906
450643.139437705
429776.42859925836
306626.25953287375
448178.39023263607
450643.139437705
450643.139437705
450643.139437705
76199.41429029914
450643.139437705
0.32144336658725103
450643.139437705
450643.2411802831
398209.0920572449
373814.4531595609
20124.053062924315
4887.709098097341
229449.43438180315
96919.09738674152
196342.77524738887
391175.03374371986
128719.54832376403
308041.2854678935
186915.47926349423
407363.63611893397
414841.1969076684
31257.586399447562
15510.430092869616
121656.84224398778
438953.67965277523
361365.4444368648
386168.132544942
14.26026247756826
16.999520698052184
2.2820754735603273
3.2219252025909126
14.774391332726472
58.34315390507006
11.386924217879493
91.75559120429786
2.834033421007065
38.11317455184248
2.19623921012866
212027.79321180657
422060.87333377067
86002.80492047072
445296.42876607133
290461.99211143586
282827.126857689
421897.2425937113
235431.11104500992
51007.45059126979
406674.7832304522
411807.2713679487
448122.39875559363
442662.1627138577
440166.24703560444
439662.41366942774
438939.50479696476
426740.18958792364
420466.9212065085
325428.8424154061
448307.87843983085
0.8438156388170465
1.7008123499743542
2559.3835480110124
211111.96401769525
19349.905964934194
92830.76383997525
437876.67389392504
365983.6251684902
0.07084195520391445
420577.10549765284
435796.6543570745
317043.19564223953
450643.2411802831
450609.68526395975
450643.2411802831
449525.89782089455
52.210225022329176
45.91960409250923
0.0
450643.2411802831
190396.84703845138
450643.2411802831
450643.2411802831
450643.2411802831
423533.1746220931
450643.2411802831
450643.2411802831
450565.9439932617
448843.34154464235
233020.22345302373
450643.2411802831
450318.0210339321
450643.2411802831
450643.2411802831
450643.2411802831
239.61840463788712
246.60899052256332
21.892747883493623
246.60899052256332
246.60899052256332
246.60899052256332
6129.34501583865
179095.13409076168
450377.8821603354
68.87773829245252
15601.747095665181
181035.57748403505
75733.5805561154
65609.47499636923
342260.75015416555
220517.18667551753
294851.92737353744
385778.9980481181
388259.67415442236
402635.9701422352
241971.43644316954
303247.0327050988
105640.08424417523
401185.1077510119
390367.22261302714
447270.2021590711
21.287031833775412
549.5187837089586
12.247090385188475
15.819132183345056
127.5125301087673
6.0027039242964335
7.312031012253587
4.906501657139226
9.429620770403382
73.08880936715774
3.2219252025909126
2.7727138816018213
4.440146492544445
2.3273919972328714
1.3292732440861283
11.914060580926982
5.094233374356086
1.8484324395366167
341.1440507019961
0.0
437277.0999776577
433857.6253237901
432800.0325969786
431815.1447633445
315898.782118591
398707.57305160013
406194.1959600474
270764.0808130579
145563.92821280478
337771.08876443165
372622.9648561857
326356.0246856613
281295.2175983635
241487.74523508677
282326.3999060069
446575.75171753246
227312.81028532336
99625.5473257573
45875.866363897716
113869.85340535943
423238.8730028809
270304.52772568667
347187.6973429002
401822.91859983164
442954.776500323
446833.73010337824
403151.0770737486
448308.10200743744
0.3838676123555132
58728.628927239995
0.5431668369974195
48129.148036227605
199358.16274914166
225477.69610370116
1.6016861711981647
448452.50068836357
450643.14603186864
343936.62565106206
403357.62405011273
450643.14603186864
51.14930736270741
2.132479983915041
450643.14603186864
450643.14603186864
449772.2828472125
432009.5024951883
369725.43486378156
397744.84053034807
450643.14603186864
450643.14603186864
450643.14603186864
450643.14603186864
47171.84782475228
170575.8114980713
268546.13293299236
222784.45251664857
675453.3012429469
102236.32769538721
10.940970138179328
82971.46449317518
26656.98276784294
0.1847308937111169
35155.49151861664
432712.3907505907
447271.7202620448
2577.5309192436434
610520.208449273
356772.86668366316
667697.6429843706
124277.30490809941
683703.943356087
527853.8461827005
746943.415455158
834337.0089033791
971913.6370839423
973847.71021243
21.650451429670415
49.789488867752056
9.682254676131754
136.37868788633327
3.217121793060198
73.08880936715774
2.8748875025798277
2.2820754735603273
0.7686154889124012
2.987352853368571
2.576163075883449
17.769125204030217
11.064052223807936
6.3613942677714785
16.70357599523033
8.15855856620662
0.02375650066907864
841097.0577210626
834943.4594744096
703682.6704907521
668262.5493680246
524903.5636622678
938595.7579721271
585228.0595289945
292861.33884521486
360840.51407683786
448606.1506353951
228231.53029416644
543963.1270413641
168762.28028002306
913427.9694371446
24282.698398150616
0.0
377637.03069678193
574490.9788289532
764028.1017613728
781168.1189744916
630162.8190814424
617795.4871935449
603487.5131510866
345459.7712971962
257213.45058361316
994918.8060842998
65536.44691673097
68460.81711660368
1.8521757368188998
0.0009251627057037463
117230.24411895477
117230.24411895477
237975.6929660436
10025.92680007081
147968.32039411855
0.08300969669619461
84331.1143894282
29476.459681432265
41754.97850459187
255187.2833116886
0.0
140069.4387750082
55266.80810783227
232844.6603089528
681907.6534097927
0.9784072614087844
8.70476025813476
12.710520467733357
7.325700580456925
2.4387609185567394
65570.83260736914
1167057.700113338
740671.8495957657
1270745.6919352075
1341958.0257124214
702375.3125164835
156464.20571375516
1129347.834004282
1130266.4629308034
301812.54636174045
982887.7470708737
1321676.8470784659
1321679.5194589281
839217.2514770962
1303658.7962964345
76.26012821422967
24.018965840039687
24.01578090102261
23.035428247919672
20.014632605904257
6.574883414525278
8.156505756953916
19.066440427677556
1345537.1946809792
1336020.312797052
1286005.6101924684
1315343.2263362282
1343826.1371120366
1343743.7791676784
1327160.5399298035
824849.8045283735
473220.32324917935
1118657.9393272398
116.80008389774194
1213636.682877504
397652.45796984836
218104.8844373422
939906.4421501299
1017203.1105750448
1032515.44069449
1352173.8012048192
1346794.3174828128
1287214.3350817391
1179194.0192730292
1352186.0
452.65454695841464
427.82115909259716
0.0004812856639372853
0.0
0.0
0.0
602.25481735657
70.2075088307778
566.5115782732015
0.0
70.2075088307778
0.0
70.2075088307778
70.2075088307778
566.5115782732015
70.2075088307778
0.0
82.11257019279586
82.11257019279586
11.985541354860095
11.510010468550757
82.11257019279586
82.11257019279586
3765.9407321495137
0.0
82.11257019279586
566.5115782732015
82.11257019279586
2.0189065412124623
441.1051618400045
5.235205840839472
441.1051618400045
4.141777753416041
87.13416383656333
315.6987454068072
315.6987454068072
315.6987454068072
87.13416383656333
315.6987454068072
87.13416383656333
87.13416383656333
0.0
97.3767275983053
97.3767275983053
0.0
150.4126275545107
1369.9568959991598
315.6987454068072
101.8939325609371
101.8939325609371
2.765744162808769
0.0
0.0
0.0
46.7937588501228
0.0
46.7937588501228
0.0
280.623748489375
46.7937588501228
0.0
60.16361685659476
280.623748489375
1.6033947127095352
60.16361685659476
59.81256101507607
807.2221647979957
807.2221647979957
271.8043113894754
807.2221647979957
49.704714118365416
49.704714118365416
54.586223152382786
54.38248667461498
54.586223152382786
262.984874289576
527.191728936029
527.191728936029
46.45905820395155
527.191728936029
527.191728936029
1.6500120749438822
487.35705017355167
487.71003536886315
4.943754756882292
487.71003536886315
487.71003536886315
308.9065098546096
11.189133891572228
487.71003536886315
487.71003536886315
69.08500470448924
69.08500470448924
1.1407677057703056
69.08500470448924
69.08500470448924
497.475567599803
507.241099830743
507.241099830743
507.241099830743
37.573964044086466
37.573964044086466
507.241099830743
507.241099830743
507.241099830743
507.241099830743
507.241099830743
0.18027024390504115
1020.0341547756879
11.515467048504139
1021.1326263761438
1021.1326263761438
320.28024085489784
29.48409898990153
320.28024085489784
320.28024085489784
0.45383083879980946
8.205968868668696
0.04189261007285863
390.77350925126285
390.77350925126285
32.50575460891176
390.77350925126285
0.0
390.77350925126285
32.49024089804409
390.77350925126285
390.77350925126285
32.50575460891176
24.838375925741424
301.96901532111013
303.12055085391046
42.824813475035235
303.12055085391046
303.12055085391046
42.824813475035235
303.12055085391046
1.447398553301805
446.94463056297644
446.94463056297644
6.344116178243861
38.96768172803317
94.73941379728478
439.8395343822079
1.6387835322897355
6.320947483433225
249.9844361752119
2599.2963722058275
0.5495115586810905
249.9844361752119
2594.9526707385294
2599.2963722058275
249.9844361752119
32.38712273397066
32.38712273397066
0.28452686746688927
1695.059649008393
691.8778057539769
32.38712273397066
7.539842126485857
691.8778057539769
1.1382701517735696
500.4060435011099
0.0
308.93428124824305
308.93428124824305
24.855883691072272
41.373944501701715
0.31098513707778663
431.39345566592885
392.7787096246007
24.855883691072272
431.39345566592885
11.660388999937672
431.39345566592885
28.49427209044165
790.8229258109594
28.49427209044165
790.8229258109594
191.27064888104445
28.49427209044165
28.49427209044165
191.27064888104445
1.884662564407539
3.0544715620381226
26.19553409756936
3.2279433338299737
26.19553409756936
26.11811011507403
26.19553409756936
822.2993397317247
136.85840326233978
26.19553409756936
828.8844907383951
26.19553409756936
0.0
608.4244618407832
608.4244618407832
23.72157389706222
167.38666136949425
279.4404525249506
279.4404525249506
23.72157389706222
23.72157389706222
1769.602676906642
19.27769797501698
0.781460977274558
246.4794371619579
246.4794371619579
246.4794371619579
19.27769797501698
0.8358878375584519
18.625682805815565
19.27769797501698
19.27769797501698
1769.602676906642
444.7790514846739
18.144417472093856
18.846656822822453
307.26004357694495
10.918120215704205
1585.9376723090631
1585.9376723090631
18.846656822822453
18.846656822822453
1402.2726677114847
1.545919134721331
18.846656822822453
331.21263820511456
18.846656822822453
18.846656822822453
0.2885908043890528
2700.8340759241573
331.21263820511456
331.21263820511456
46.373208549767305
355.9846728020885
2843.9436001274294
2843.9436001274294
354.5093307601359
16.440977814254886
355.9846728020885
355.9846728020885
1236.8960220453707
16.440977814254886
52.81033652292531
16.440977814254886
219.8756328961148
219.8756328961148
0.2677657523332481
1688.4917161180288
23.143517353485578
13.947797451681197
186.79728264412708
13.418669663808537
360.2174112885486
13.435362201369225
186.79728264412708
742.2205627066893
5.010217059828903
13.451633466850236
13.451633466850236
13.451633466850236
13.451633466850236
138.15743613128132
138.15743613128132
138.15743613128132
138.15743613128132
0.6858971814804387
5.643438334173109
742.2205627066893
103.99213333423516
146.40319970596028
771.2480665790754
71.59569934999604
771.2480665790754
254.78367611427117
771.2480665790754
173.69609723782332
173.69609723782332
771.2480665790754
173.69609723782332
0.08975278760533867
160.93477257284857
771.2480665790754
1552.334685415995
148.17344790787385
148.17344790787385
7.403420209738431
148.17344790787385
148.17344790787385
148.7882954916214
148.7882954916214
7.403420209738431
148.7882954916214
74.77478573852302
148.7882954916214
148.7882954916214
148.7882954916214
3.3706256817977933
639.3276535616762
56.7432830921111
1552.334685415995
18.886322971660892
6.8832145427407205
150.19241479298555
27.744023790552077
1552.334685415995
150.19241479298555
554.619553192794
174.1483596496938
198.1043045064021
556.8040061948077
198.1043045064021
0.3153496068580244
6.8832145427407205
2.0057334404343266
6.8832145427407205
182.55574379726195
182.55574379726195
182.55574379726195
177.60379099504138
0.309843772689643
177.60379099504138
0.19962920248525526
7.877908417808866
77.44384519576246
1552.334685415995
177.60379099504138
177.60379099504138
7.877908417808866
5.465290172596559
2.321697692836659
153.75613330059096
51.778740792234046
153.75613330059096
153.75613330059096
153.75613330059096
153.75613330059096
14.234338510685404
5.021702406789348
76.94010832217552
76.94010832217552
578.6939271959939
3.1364527827885476
578.6939271959939
142.66668971021994
1.691105102364074
20.61965499923645
1201.9727230286046
13.52512357791078
125.6460443272911
3.285927235539865
14.364043056061277
506.6800160203786
5.1051068910655415
506.6800160203786
14.364043056061277
14.364043056061277
506.6800160203786
167.8454255887382
62.85919506686644
14.364043056061277
506.6800160203786
506.6800160203786
167.8454255887382
167.8454255887382
167.8454255887382
0.0
506.6800160203786
506.6800160203786
6.576463142856746
220.6593568990765
220.6593568990765
220.6593568990765
220.6593568990765
220.6593568990765
1076.6916350237518
69.74075639859302
6.576463142856746
243.5005134813311
243.5005134813311
1.6986243026152361
117.917137109826
1281.5979751792136
6.954381604069073
1281.5979751792136
105.5863978349757
49.152822358914385
3.839553555384262
6.264323796722876
851.6107606412141
1071.9785831714407
105.5863978349757
14.517400582104923
105.5863978349757
3.839553555384262
1071.9785831714407
1070.715062366547
4.016793927036124
3.839553555384262
28.05326500488019
24.2382236232907
2243.4444998700005
116.49604626211483
79.23381403135343
90.88250749635424
79.23381403135343
511.64217966294876
513.2249056875711
66.36815431909918
0.35984848401753905
11.405112679631861
0.0
0.0
66.36815431909918
66.36815431909918
513.2249056875711
0.0
0.0
513.2249056875711
0.0
12.28801729775411
557.7398615220707
557.7398615220707
124225.90275900088
297583.24831607885
4092987.500592992
983854.9731490385
1522104.2742882234
803822.1770685882
0.049591052366245676
21623.725618996883
26843.779490124183
483656.1910807498
50105.89000339045
683583.0862462603
604230.6742533776
6701.812343956786
1543142.4671638513
1939496.1702332979
339333.6617114132
2016856.711343478
317110.1873831983
1238852.7970597248
524318.9062500158
1471317.2755360482
2453075.3512909645
81176.92952943864
270832.05044549785
2031290.9886487864
561759.2791001474
2274290.223647529
712181.0938035507
2131359.7208301793
529013.8748346044
3201611.164897751
3193401.6197405495
3270720.0336302444
41.783147999436835
52.08388563775711
119.7771812090967
28.410434572088562
40.895271621018296
13.507595289167408
41.36593004077854
7.739339943870826
25.009576284004932
7.017565519188923
17.590348555043814
11.803433846265788
8.461425785185822
5.72971053661064
22.68457502646103
60.09770035219662
25.707350662459728
6.670240257330713
5.598941851715162
2.921757242701197
41.237513765323364
30.292643401746936
3.197795475591442
6.898515710472458
38.77697040055367
52.51224527266572
55.92662885987755
16.772451308955
16.292147157548563
5.283431258931514
0.0
1834168.5479381506
2923151.9132946087
2908451.5736131463
2082331.2453827492
1302121.703117007
2946017.046190413
2108094.4966272237
3201720.1157356966
2915574.36509487
2431498.855998382
2074075.0891776215
332622.53723156895
1887741.3916714645
1368426.681548253
1657912.1280801618
3165701.0910415426
1503557.845005664
1283541.1562234228
1000485.009653503
306821.7421375692
131121.18711572947
245584.0414573939
266456.0368254723
520566.26770319446
405986.6989205612
1486841.6843681694
2571875.7400509906
140059.19565505424
93783.31359423813
1706805.1587925227
2147370.5997083625
2610251.2781157377
3302627.9727048255
2763387.3905344564
1870855.7636833873
1494988.369090199
408031.73916322476
3359702.1734015704
2.0966289178261452
0.975092281976201
0.0009868497649715192
475752.7961798996
74223.14513707014
3139.327933946233
663674.8636579314
110764.01523888002
7.42412365236521
27532.483397812826
1154113.79562154
65.74184882132926
1606813.2794310632
4135673.07983135
2361288.5722698173
4225715.965915203
4418662.965363193
2086700.6056629955
2498327.8212149246
3465798.3431000956
2682378.8769645956
3957339.0492482753
4298397.235326442
2589766.9961678493
2279440.2639228418
4432275.084268847
4262591.301494337
2477603.244041395
32.82365577639522
1941.4003514831606
111.80203487352516
47.68248407740596
423.86032930996595
94.50808810007969
7.9498723820459425
11.339796492952772
4419228.612868718
4257900.9811661225
3885134.87710022
4148078.0324662835
4364442.626150752
4054993.9939786987
4363037.423055475
4003034.008477684
3860536.837046121
4355634.109363186
4330285.54113561
4300153.186682611
2601186.6710520345
4397164.100690226
1528669.996646542
445957.8888024316
145842.80553260996
3664361.0772561086
4232551.892824563
4430026.838026077
4374286.868377633
4326189.6925852485
4119540.814343198
3335852.429013582
4456019.0
