0.0007879734039306641
0.00025272369384765625
0.0036542415618896484
0.00023627281188964844
0.00047469139099121094
0.0036323070526123047
0.003491640090942383
0.0003056526184082031
0.0002505779266357422
0.0036182403564453125
0.0004792213439941406
0.00031375885009765625
0.0005726814270019531
0.003534555435180664
0.003381490707397461
0.0006706714630126953
0.00022482872009277344
0.00017189979553222656
0.003325939178466797
0.0002117156982421875
0.0004146099090576172
0.003484487533569336
0.0034444332122802734
0.0002808570861816406
0.0002460479736328125
0.0037915706634521484
0.00047898292541503906
0.0002956390380859375
0.0006072521209716797
0.003522157669067383
0.0036962032318115234
0.0006532669067382812
0.000270843505859375
0.0001857280731201172
0.003353118896484375
0.0002288818359375
0.0004291534423828125
0.0036399364471435547
0.00348663330078125
0.0003020763397216797
0.00023698806762695312
0.0038139820098876953
0.0004730224609375
0.0003075599670410156
0.0005946159362792969
0.0036962032318115234
0.00341033935546875
0.0006778240203857422
0.0002906322479248047
0.00027441978454589844
0.000213623046875
0.0002758502960205078
0.0003285408020019531
0.0002906322479248047
0.0003266334533691406
0.0002703666687011719
0.0003542900085449219
0.0003421306610107422
0.00034546852111816406
0.00023603439331054688
0.0033690929412841797
0.003284454345703125
0.003346681594848633
0.00341796875
0.003422975540161133
0.003594636917114258
0.0034792423248291016
0.00024890899658203125
0.004055023193359375
0.003925800323486328
0.0040547847747802734
0.003999233245849609
0.004076242446899414
0.0040476322174072266
0.004174232482910156
0.0069353580474853516
0.007427215576171875
0.007303953170776367
0.007123470306396484
0.00030112266540527344
0.0033583641052246094
0.003370046615600586
0.0033655166625976562
0.0034296512603759766
0.0034284591674804688
0.0034723281860351562
0.0034515857696533203
0.007269382476806641
0.006745338439941406
0.00769495964050293
0.00658869743347168
0.010305643081665039
0.007146120071411133
0.006602287292480469
0.007150411605834961
0.006670713424682617
0.010223865509033203
0.0003402233123779297
0.0005488395690917969
0.0037043094635009766
0.0037145614624023438
0.0037555694580078125
0.0035092830657958984
0.003531217575073242
0.0035376548767089844
0.003733396530151367
0.0039174556732177734
0.003779172897338867
0.0036797523498535156
0.0036318302154541016
0.0035271644592285156
0.0037903785705566406
0.003748178482055664
0.007603168487548828
0.006736040115356445
0.00706791877746582
0.004424333572387695
0.007373809814453125
0.0070171356201171875
0.010681629180908203
0.007487773895263672
0.006937742233276367
0.0044100284576416016
0.003792285919189453
0.0078008174896240234
0.004544734954833984
0.0039615631103515625
0.007550954818725586
0.007002830505371094
0.01056218147277832
0.0046193599700927734
0.0038483142852783203
0.0076868534088134766
0.0002560615539550781
0.00022935867309570312
0.00018787384033203125
0.00022912025451660156
0.0002913475036621094
0.0002808570861816406
0.0003159046173095703
0.0002651214599609375
0.0003173351287841797
0.00030541419982910156
0.0003180503845214844
0.00021529197692871094
0.003594636917114258
0.003313779830932617
0.0033156871795654297
0.003369569778442383
0.003439664840698242
0.003445148468017578
0.0035011768341064453
0.00024199485778808594
0.003979206085205078
0.00391840934753418
0.0039010047912597656
0.004014492034912109
0.00401759147644043
0.004009246826171875
0.004175424575805664
0.007206916809082031
0.0073146820068359375
0.0070378780364990234
0.0073282718658447266
0.0002999305725097656
0.00335693359375
0.00337982177734375
0.003379344940185547
0.003395557403564453
0.0033769607543945312
0.003467082977294922
0.0035622119903564453
0.0070378780364990234
0.006396055221557617
0.00709223747253418
0.006417036056518555
0.010088920593261719
0.007071495056152344
0.006632328033447266
0.007205486297607422
0.006655454635620117
0.010218620300292969
0.0003285408020019531
0.0005695819854736328
0.0039048194885253906
0.0036895275115966797
0.004064798355102539
0.00357818603515625
0.0035011768341064453
0.0037729740142822266
0.003744363784790039
0.0038480758666992188
0.004050493240356445
0.0035071372985839844
0.003532886505126953
0.003515481948852539
0.0037462711334228516
0.003612518310546875
0.007472515106201172
0.006786346435546875
0.006965160369873047
0.00429224967956543
0.0074024200439453125
0.006717681884765625
0.010488510131835938
0.007394313812255859
0.006772518157958984
0.00450587272644043
0.0041162967681884766
0.007430553436279297
0.00443720817565918
0.003762483596801758
0.00742650032043457
0.006824970245361328
0.010462760925292969
0.004456996917724609
0.003999233245849609
0.007476091384887695
0.0002658367156982422
0.00029468536376953125
0.00020837783813476562
0.0002574920654296875
0.0003218650817871094
0.0002942085266113281
0.0003285408020019531
0.0002689361572265625
0.0003235340118408203
0.000335693359375
0.00034809112548828125
0.00022172927856445312
0.0034301280975341797
0.003322124481201172
0.003452301025390625
0.0035545825958251953
0.0035080909729003906
0.0033826828002929688
0.003498077392578125
0.00023365020751953125
0.004151105880737305
0.00405573844909668
0.004380941390991211
0.0044307708740234375
0.004168272018432617
0.004340648651123047
0.004223823547363281
0.00718998908996582
0.00875234603881836
0.008333444595336914
0.008372068405151367
0.0004000663757324219
0.003854036331176758
0.003865480422973633
0.0038251876831054688
0.004145383834838867
0.0041387081146240234
0.0038454532623291016
0.0038251876831054688
0.008033990859985352
0.007746696472167969
0.00836944580078125
0.007490873336791992
0.012289285659790039
0.008108854293823242
0.0072383880615234375
0.00789785385131836
0.006635427474975586
0.010316133499145508
0.0003445148468017578
0.0005543231964111328
0.0038480758666992188
0.003768444061279297
0.004031658172607422
0.0035560131072998047
0.003506183624267578
0.003573894500732422
0.0037784576416015625
0.003810405731201172
0.003821849822998047
0.0035660266876220703
0.0038118362426757812
0.004172325134277344
0.004708051681518555
0.004469633102416992
0.008185148239135742
0.00688934326171875
0.0069501399993896484
0.004419088363647461
0.008056163787841797
0.00725102424621582
0.011398792266845703
0.008204936981201172
0.007773160934448242
0.005338430404663086
0.004354000091552734
0.00822138786315918
0.004596710205078125
0.003855466842651367
0.008172035217285156
0.007155418395996094
0.010858535766601562
0.004622220993041992
0.003935813903808594
0.007573604583740234
0.0002646446228027344
0.00023698806762695312
0.0002110004425048828
0.00027823448181152344
0.0003056526184082031
0.0002675056457519531
0.0003750324249267578
0.0002760887145996094
0.0002911090850830078
0.00037407875061035156
0.0003559589385986328
0.0001881122589111328
0.00344085693359375
0.003396272659301758
0.003389596939086914
0.003601551055908203
0.0034999847412109375
0.003514528274536133
0.0035109519958496094
0.00023365020751953125
0.003958225250244141
0.004012107849121094
0.004065990447998047
0.004093170166015625
0.004185914993286133
0.004111289978027344
0.004234790802001953
0.00697636604309082
0.007364034652709961
0.007247209548950195
0.007133007049560547
0.0003261566162109375
0.003461599349975586
0.0033545494079589844
0.0034189224243164062
0.0035178661346435547
0.0034530162811279297
0.003416299819946289
0.0034685134887695312
0.00701594352722168
0.006478548049926758
0.0070972442626953125
0.006509304046630859
0.010257244110107422
0.007198333740234375
0.006522178649902344
0.008045673370361328
0.0065386295318603516
0.010493993759155273
0.00033164024353027344
0.0005681514739990234
0.00376129150390625
0.0038187503814697266
0.0037870407104492188
0.0035288333892822266
0.003490447998046875
0.003589153289794922
0.003777742385864258
0.0038259029388427734
0.003824949264526367
0.0035736560821533203
0.0035643577575683594
0.003561735153198242
0.004027843475341797
0.0036296844482421875
0.0076978206634521484
0.007063388824462891
0.006999015808105469
0.004292011260986328
0.007432699203491211
0.0068454742431640625
0.010514259338378906
0.007581949234008789
0.0069658756256103516
0.004470109939575195
0.0038285255432128906
0.007545948028564453
0.0044324398040771484
0.0038459300994873047
0.0075206756591796875
0.0068967342376708984
0.010529041290283203
0.0044651031494140625
0.0038988590240478516
0.007540225982666016
0.0002951622009277344
0.00027823448181152344
0.0002503395080566406
0.00030112266540527344
0.00025010108947753906
0.00023412704467773438
0.00026726722717285156
0.00022125244140625
0.00028014183044433594
0.0002868175506591797
0.0003123283386230469
0.0001938343048095703
0.00333404541015625
0.0033049583435058594
0.003284454345703125
0.0033903121948242188
0.0033447742462158203
0.003338336944580078
0.0034172534942626953
0.0002295970916748047
0.0004622936248779297
0.0036661624908447266
0.003630399703979492
0.0036318302154541016
0.0034770965576171875
0.003434419631958008
0.0035059452056884766
0.003691434860229492
0.003739595413208008
0.0037987232208251953
0.003536701202392578
0.0038754940032958984
0.003502368927001953
0.0037488937377929688
0.0035905838012695312
0.0002582073211669922
0.00023508071899414062
0.00017833709716796875
0.00023698806762695312
0.00026297569274902344
0.00021958351135253906
0.00023794174194335938
0.00017523765563964844
0.00019311904907226562
0.0003268718719482422
0.0002624988555908203
0.00018668174743652344
0.0032837390899658203
0.003328084945678711
0.003320932388305664
0.003322124481201172
0.003372669219970703
0.0033559799194335938
0.0033714771270751953
0.00023365020751953125
0.0004374980926513672
0.0035979747772216797
0.0035982131958007812
0.0036149024963378906
0.0034198760986328125
0.0034062862396240234
0.0034368038177490234
0.0036237239837646484
0.003855466842651367
0.003615140914916992
0.003423929214477539
0.003443479537963867
0.0035178661346435547
0.003670930862426758
0.003493785858154297
0.0002899169921875
0.00028204917907714844
0.0002646446228027344
0.0003066062927246094
0.0002257823944091797
0.0002505779266357422
0.0002932548522949219
0.00025177001953125
0.0003001689910888672
0.00030422210693359375
0.0003275871276855469
0.00019407272338867188
0.003263711929321289
0.0033054351806640625
0.003270864486694336
0.0033326148986816406
0.0033354759216308594
0.003328084945678711
0.003494739532470703
0.0002491474151611328
0.0004930496215820312
0.003794431686401367
0.003618001937866211
0.0036089420318603516
0.0034515857696533203
0.0035784244537353516
0.0034699440002441406
0.0036590099334716797
0.003648519515991211
0.003660440444946289
0.003495931625366211
0.0034627914428710938
0.003457307815551758
0.0037660598754882812
0.0037713050842285156
0.0002009868621826172
0.00017333030700683594
0.0001857280731201172
0.00020694732666015625
0.00017261505126953125
0.00016570091247558594
0.00018668174743652344
0.00016570091247558594
0.00021123886108398438
0.0002040863037109375
0.0002110004425048828
0.0001857280731201172
0.0032448768615722656
0.0032491683959960938
0.003252267837524414
0.0032939910888671875
0.003284454345703125
0.003262042999267578
0.0032804012298583984
0.0002090930938720703
0.0032966136932373047
0.0033309459686279297
0.003316164016723633
0.003396272659301758
0.0033638477325439453
0.0033953189849853516
0.003545999526977539
0.0064389705657958984
0.0063855648040771484
0.006341457366943359
0.006410837173461914
0.0002181529998779297
0.003245115280151367
0.0032558441162109375
0.0037260055541992188
0.0032770633697509766
0.003278017044067383
0.0032973289489746094
0.0032901763916015625
0.0063190460205078125
0.006295204162597656
0.006371259689331055
0.006296396255493164
0.006343841552734375
0.0062863826751708984
0.009354352951049805
0.0066680908203125
0.006321430206298828
0.00941777229309082
0.0002288818359375
0.00045680999755859375
0.0034761428833007812
0.003454923629760742
0.0034782886505126953
0.00336456298828125
0.0033943653106689453
0.003366231918334961
0.003529071807861328
0.003599405288696289
0.0035402774810791016
0.003416776657104492
0.0034151077270507812
0.0033996105194091797
0.003551006317138672
0.0034644603729248047
0.006757497787475586
0.0065119266510009766
0.006140947341918945
0.0038385391235351562
0.006606340408325195
0.00680088996887207
0.006573200225830078
0.006515026092529297
0.009705781936645508
0.003731966018676758
0.003634214401245117
0.003767251968383789
0.003596782684326172
0.006889820098876953
0.0067331790924072266
0.006633758544921875
0.009760856628417969
0.003846883773803711
0.003727436065673828
0.007166385650634766
0.0002613067626953125
0.0002522468566894531
0.0001995563507080078
0.0002465248107910156
0.00022220611572265625
0.00019812583923339844
0.00026345252990722656
0.00018286705017089844
0.00019931793212890625
0.000255584716796875
0.0003082752227783203
0.00023818016052246094
0.003280162811279297
0.0032896995544433594
0.003289461135864258
0.003418445587158203
0.0033168792724609375
0.0033180713653564453
0.0033478736877441406
0.0002300739288330078
0.0033638477325439453
0.0033712387084960938
0.0033860206604003906
0.003378629684448242
0.003418445587158203
0.003442525863647461
0.0034401416778564453
0.006377220153808594
0.0064067840576171875
0.006716728210449219
0.00653839111328125
0.0002372264862060547
0.0032656192779541016
0.0032508373260498047
0.003402233123779297
0.0032835006713867188
0.0033059120178222656
0.003332376480102539
0.003316640853881836
0.006397247314453125
0.006288290023803711
0.006430864334106445
0.006320953369140625
0.006467580795288086
0.006334543228149414
0.009405136108398438
0.0064105987548828125
0.0063207149505615234
0.0095977783203125
0.00024127960205078125
0.0004737377166748047
0.003539562225341797
0.0036025047302246094
0.003619670867919922
0.0034101009368896484
0.0033769607543945312
0.003509521484375
0.0036008358001708984
0.003636598587036133
0.003625631332397461
0.0034177303314208984
0.003440380096435547
0.00345611572265625
0.0036292076110839844
0.003470897674560547
0.0067217350006103516
0.006617307662963867
0.006124019622802734
0.003869295120239258
0.006952524185180664
0.006626605987548828
0.006751298904418945
0.0066030025482177734
0.009725809097290039
0.003782033920288086
0.004135608673095703
0.0038251876831054688
0.0036666393280029297
0.006784677505493164
0.006930828094482422
0.0070612430572509766
0.009969472885131836
0.003850698471069336
0.0037453174591064453
0.006936550140380859
0.00025653839111328125
0.0002276897430419922
0.00018024444580078125
0.000278472900390625
0.0002465248107910156
0.0001804828643798828
0.000244140625
0.00019693374633789062
0.0002167224884033203
0.0002484321594238281
0.0002627372741699219
0.00024318695068359375
0.0032699108123779297
0.003301858901977539
0.0033724308013916016
0.0033075809478759766
0.003274202346801758
0.003305196762084961
0.0035691261291503906
0.0002148151397705078
0.0033626556396484375
0.003367185592651367
0.003378629684448242
0.003439188003540039
0.0034084320068359375
0.0034635066986083984
0.0034465789794921875
0.006382465362548828
0.006443977355957031
0.006586313247680664
0.006601810455322266
0.00023794174194335938
0.0032787322998046875
0.003247499465942383
0.003278017044067383
0.0033392906188964844
0.003331899642944336
0.0033020973205566406
0.003377676010131836
0.006332874298095703
0.006365537643432617
0.0064928531646728516
0.006275177001953125
0.006552934646606445
0.006449699401855469
0.009557962417602539
0.006762027740478516
0.007173061370849609
0.009628772735595703
0.0002455711364746094
0.00048422813415527344
0.0036520957946777344
0.003819704055786133
0.0037174224853515625
0.003396749496459961
0.0033953189849853516
0.003462076187133789
0.003988742828369141
0.003815889358520508
0.003767728805541992
0.0033981800079345703
0.003462553024291992
0.0034339427947998047
0.0036842823028564453
0.0035965442657470703
0.007178068161010742
0.00676274299621582
0.006133079528808594
0.004001617431640625
0.006695747375488281
0.006644248962402344
0.0067784786224365234
0.00674128532409668
0.009871959686279297
0.0037810802459716797
0.0036809444427490234
0.0038106441497802734
0.003671407699584961
0.006777763366699219
0.006771564483642578
0.006657123565673828
0.00988316535949707
0.0038895606994628906
0.003720998764038086
0.006845235824584961
0.0002079010009765625
0.0001766681671142578
0.00018596649169921875
0.00020313262939453125
0.0001888275146484375
0.00017070770263671875
0.0001895427703857422
0.00016832351684570312
0.00021529197692871094
0.00020575523376464844
0.0002148151397705078
0.0001850128173828125
0.0032422542572021484
0.0032677650451660156
0.003261089324951172
0.0032682418823242188
0.0033271312713623047
0.0035986900329589844
0.003291606903076172
0.0002181529998779297
0.0033299922943115234
0.003324270248413086
0.003589153289794922
0.0034933090209960938
0.003383636474609375
0.003371000289916992
0.0034089088439941406
0.006360530853271484
0.00636601448059082
0.006769895553588867
0.006443023681640625
0.0002276897430419922
0.003249645233154297
0.003246784210205078
0.0032501220703125
0.00325775146484375
0.0032694339752197266
0.0032792091369628906
0.0032951831817626953
0.006349325180053711
0.00628209114074707
0.006515979766845703
0.0064351558685302734
0.006403207778930664
0.006485462188720703
0.009403467178344727
0.0063610076904296875
0.006306171417236328
0.009430646896362305
0.0002338886260986328
0.0004391670227050781
0.003597259521484375
0.003577709197998047
0.0035719871520996094
0.0034177303314208984
0.0036089420318603516
0.003538846969604492
0.003605365753173828
0.0036165714263916016
0.003596067428588867
0.003412961959838867
0.003422260284423828
0.0035452842712402344
0.0036077499389648438
0.003429412841796875
0.00666356086730957
0.006652355194091797
0.0063245296478271484
0.0038564205169677734
0.006735086441040039
0.006577730178833008
0.006778240203857422
0.0066182613372802734
0.009814023971557617
0.0037856101989746094
0.003878355026245117
0.0038831233978271484
0.003802061080932617
0.006979227066040039
0.006987810134887695
0.0069217681884765625
0.00969243049621582
0.003780364990234375
0.0037174224853515625
0.007213592529296875
0.00025463104248046875
0.0002512931823730469
0.0002467632293701172
0.0002949237823486328
0.00025391578674316406
0.0002307891845703125
0.0002932548522949219
0.00028514862060546875
0.0002899169921875
0.0003418922424316406
0.0003516674041748047
0.0002200603485107422
0.003531932830810547
0.003255605697631836
0.0032219886779785156
0.0034601688385009766
0.003297567367553711
0.0032775402069091797
0.0034148693084716797
0.00024771690368652344
0.003931999206542969
0.003939628601074219
0.0039250850677490234
0.003993034362792969
0.0040607452392578125
0.003963947296142578
0.004240751266479492
0.006928205490112305
0.007300853729248047
0.0068912506103515625
0.007437705993652344
0.0002613067626953125
0.00025081634521484375
0.0002238750457763672
0.0002791881561279297
0.0002694129943847656
0.00023221969604492188
0.0002703666687011719
0.0002760887145996094
0.0002982616424560547
0.0002980232238769531
0.0003380775451660156
0.00023555755615234375
0.003256082534790039
0.003239154815673828
0.0034761428833007812
0.0034384727478027344
0.0033113956451416016
0.003281831741333008
0.0033364295959472656
0.00021958351135253906
0.003946065902709961
0.003932952880859375
0.0039179325103759766
0.004052400588989258
0.00412750244140625
0.003980398178100586
0.004063844680786133
0.006897449493408203
0.007126331329345703
0.00707554817199707
0.007044792175292969
0.0002853870391845703
0.0002846717834472656
0.00025081634521484375
0.0003447532653808594
0.0003161430358886719
0.0002532005310058594
0.0003273487091064453
0.0003223419189453125
0.0002899169921875
0.0003476142883300781
0.0003600120544433594
0.00022363662719726562
0.0032889842987060547
0.003308534622192383
0.003264904022216797
0.0033655166625976562
0.0033953189849853516
0.003339052200317383
0.0033864974975585938
0.00025773048400878906
0.004290103912353516
0.004060268402099609
0.0039441585540771484
0.004023313522338867
0.004025459289550781
0.003992319107055664
0.00403285026550293
0.007185220718383789
0.007019758224487305
0.006926298141479492
0.007380962371826172
0.00025963783264160156
0.0002448558807373047
0.00022864341735839844
0.0002856254577636719
0.00028967857360839844
0.000247955322265625
0.0003218650817871094
0.00028133392333984375
0.0002810955047607422
0.0003533363342285156
0.00036215782165527344
0.00019621849060058594
0.0040891170501708984
0.003963947296142578
0.004046916961669922
0.0040433406829833984
0.004112720489501953
0.0041997432708740234
0.004179716110229492
0.00027108192443847656
0.0032694339752197266
0.0033555030822753906
0.0035445690155029297
0.0035521984100341797
0.003415346145629883
0.0037589073181152344
0.0036749839782714844
0.007427215576171875
0.006975650787353516
0.006993293762207031
0.0070972442626953125
0.0003185272216796875
0.0005156993865966797
0.003443479537963867
0.003439188003540039
0.0036132335662841797
0.0034513473510742188
0.003467559814453125
0.0036115646362304688
0.003657817840576172
0.0036787986755371094
0.0038299560546875
0.003504037857055664
0.0036444664001464844
0.003658771514892578
0.003651857376098633
0.0037250518798828125
0.007242918014526367
0.006917476654052734
0.007152557373046875
0.007293224334716797
0.004372835159301758
0.0045011043548583984
0.007173776626586914
0.004399776458740234
0.0002713203430175781
0.00019693374633789062
0.004325151443481445
0.0002923011779785156
0.003932476043701172
0.00024437904357910156
0.00023412704467773438
0.0002605915069580078
0.0003044605255126953
0.004085540771484375
0.004107475280761719
0.00028061866760253906
0.0036766529083251953
0.0005478858947753906
0.0003986358642578125
0.0002770423889160156
0.00029969215393066406
0.0006279945373535156
0.003782033920288086
0.003580331802368164
0.003627777099609375
0.0038423538208007812
0.003378152847290039
0.003329038619995117
0.00034117698669433594
0.0003371238708496094
0.0003437995910644531
0.0006520748138427734
0.0006806850433349609
0.0006730556488037109
0.0036802291870117188
0.0035669803619384766
0.003742694854736328
0.0035839080810546875
0.003392934799194336
0.0034837722778320312
0.0003821849822998047
0.0007834434509277344
0.0007650852203369141
0.0007064342498779297
0.0038051605224609375
0.0033969879150390625
0.0007500648498535156
0.003965616226196289
0.007229804992675781
0.007147073745727539
0.003985881805419922
0.00400996208190918
0.005019187927246094
0.007314205169677734
0.007222414016723633
0.006986379623413086
0.006942272186279297
0.004130125045776367
0.004328250885009766
0.004688739776611328
0.007197856903076172
0.0072672367095947266
0.004406929016113281
0.00026297569274902344
0.00024056434631347656
0.0002002716064453125
0.0002770423889160156
0.00030040740966796875
0.00024127960205078125
0.00029277801513671875
0.0002875328063964844
0.00028014183044433594
0.00030231475830078125
0.0003440380096435547
0.00020170211791992188
0.00393986701965332
0.003990650177001953
0.004010915756225586
0.0040934085845947266
0.004167079925537109
0.004010677337646484
0.004065036773681641
0.00026154518127441406
0.003252744674682617
0.003271818161010742
0.003381490707397461
0.0033113956451416016
0.0033156871795654297
0.003300189971923828
0.003319263458251953
0.0070037841796875
0.006922721862792969
0.007291555404663086
0.007235288619995117
0.0002892017364501953
0.0005142688751220703
0.003616809844970703
0.0039288997650146484
0.003962516784667969
0.0036132335662841797
0.0034618377685546875
0.0034759044647216797
0.0037865638732910156
0.0036110877990722656
0.0038673877716064453
0.0034928321838378906
0.0037217140197753906
0.003498077392578125
0.003572702407836914
0.0035228729248046875
0.007594108581542969
0.006798982620239258
0.007167816162109375
0.0073108673095703125
0.0043222904205322266
0.004402637481689453
0.0071680545806884766
0.004411458969116211
0.00026488304138183594
0.00019812583923339844
0.0044097900390625
0.00029969215393066406
0.0042266845703125
0.0002346038818359375
0.00022721290588378906
0.0002541542053222656
0.0003268718719482422
0.003971099853515625
0.0040743350982666016
0.00026607513427734375
0.0035467147827148438
0.00048542022705078125
0.0002884864807128906
0.00028586387634277344
0.00030922889709472656
0.0006000995635986328
0.0035178661346435547
0.003516674041748047
0.003526449203491211
0.003293275833129883
0.0032885074615478516
0.0032989978790283203
0.0003173351287841797
0.0003612041473388672
0.0003211498260498047
0.0006449222564697266
0.0006194114685058594
0.0006694793701171875
0.0036432743072509766
0.003574848175048828
0.003891468048095703
0.003340482711791992
0.003330707550048828
0.0033349990844726562
0.000392913818359375
0.0006618499755859375
0.0007045269012451172
0.0006842613220214844
0.0035903453826904297
0.0035452842712402344
0.0007336139678955078
0.003942012786865234
0.007143259048461914
0.0068645477294921875
0.003972530364990234
0.00406956672668457
0.0049190521240234375
0.007330417633056641
0.0072021484375
0.006937742233276367
0.0069408416748046875
0.004074811935424805
0.0043714046478271484
0.00439906120300293
0.00763702392578125
0.0073146820068359375
0.004423856735229492
0.0002512931823730469
0.00025391578674316406
0.00021648406982421875
0.0002589225769042969
0.00021648406982421875
0.0001926422119140625
0.00027251243591308594
0.00020742416381835938
0.00021958351135253906
0.0002982616424560547
0.0003299713134765625
0.00021576881408691406
0.0041179656982421875
0.004176616668701172
0.0038950443267822266
0.004111051559448242
0.004050493240356445
0.003961086273193359
0.0039784908294677734
0.00020933151245117188
0.0032842159271240234
0.003391265869140625
0.003324747085571289
0.0032639503479003906
0.003330230712890625
0.0033235549926757812
0.0034797191619873047
0.006891012191772461
0.006981372833251953
0.0069217681884765625
0.007084846496582031
0.00023221969604492188
0.00044655799865722656
0.003789186477661133
0.0037469863891601562
0.0037467479705810547
0.003415822982788086
0.003520965576171875
0.0034270286560058594
0.003744840621948242
0.0037658214569091797
0.0036220550537109375
0.003451824188232422
0.0036058425903320312
0.0034596920013427734
0.0036962032318115234
0.0035238265991210938
0.007391929626464844
0.006720781326293945
0.007271766662597656
0.0074040889739990234
0.004284858703613281
0.004305839538574219
0.007582426071166992
0.004402875900268555
0.00025844573974609375
0.00018477439880371094
0.004619598388671875
0.0002796649932861328
0.003966093063354492
0.00022411346435546875
0.0002224445343017578
0.00027108192443847656
0.0002923011779785156
0.003920078277587891
0.0039484500885009766
0.0001983642578125
0.003818035125732422
0.0004146099090576172
0.00023055076599121094
0.00020813941955566406
0.0002758502960205078
0.0005478858947753906
0.0036127567291259766
0.0037107467651367188
0.0036110877990722656
0.003298044204711914
0.003308534622192383
0.003326416015625
0.00027489662170410156
0.0002892017364501953
0.00025582313537597656
0.0005991458892822266
0.0005578994750976562
0.0006189346313476562
0.003632783889770508
0.003826618194580078
0.0036389827728271484
0.0033342838287353516
0.003358602523803711
0.003377676010131836
0.0003325939178466797
0.0006110668182373047
0.0006546974182128906
0.0006167888641357422
0.00370025634765625
0.0036907196044921875
0.0006721019744873047
0.00397491455078125
0.007331132888793945
0.006988048553466797
0.0040280818939208984
0.004166603088378906
0.004798412322998047
0.007520914077758789
0.007750034332275391
0.007816553115844727
0.007170438766479492
0.0043904781341552734
0.00466609001159668
0.004512786865234375
0.007798194885253906
0.007055759429931641
0.004335165023803711
0.0002465248107910156
0.00023102760314941406
0.00021600723266601562
0.00026726722717285156
0.0002338886260986328
0.0001823902130126953
0.0002551078796386719
0.00021076202392578125
0.00021767616271972656
0.00024509429931640625
0.0002830028533935547
0.0001857280731201172
0.0040874481201171875
0.0039212703704833984
0.003887176513671875
0.003922939300537109
0.0039060115814208984
0.0039310455322265625
0.0039594173431396484
0.00020885467529296875
0.0033638477325439453
0.0033469200134277344
0.0033736228942871094
0.003299713134765625
0.003329753875732422
0.0032935142517089844
0.0033419132232666016
0.007009983062744141
0.006927967071533203
0.006914615631103516
0.007079362869262695
0.00023102760314941406
0.0004801750183105469
0.003591299057006836
0.0036170482635498047
0.003597736358642578
0.0034661293029785156
0.0033986568450927734
0.003400564193725586
0.003834247589111328
0.0036287307739257812
0.0037338733673095703
0.0034189224243164062
0.003466367721557617
0.003503084182739258
0.0036706924438476562
0.003774404525756836
0.007943391799926758
0.00682520866394043
0.007582426071166992
0.0073354244232177734
0.004281759262084961
0.004286527633666992
0.007262706756591797
0.00439000129699707
0.00026679039001464844
0.000179290771484375
0.004515886306762695
0.00027251243591308594
0.004046440124511719
0.00022077560424804688
0.00022029876708984375
0.0002837181091308594
0.0002770423889160156
0.004025936126708984
0.004088640213012695
0.0001983642578125
0.0038619041442871094
0.00043582916259765625
0.00024771690368652344
0.0002002716064453125
0.0002346038818359375
0.0005602836608886719
0.003617525100708008
0.003591775894165039
0.003656625747680664
0.0033025741577148438
0.003263711929321289
0.003408193588256836
0.0002598762512207031
0.0002734661102294922
0.00027489662170410156
0.0006029605865478516
0.0005919933319091797
0.0005960464477539062
0.0038013458251953125
0.0037174224853515625
0.0037674903869628906
0.0033483505249023438
0.0033326148986816406
0.003361225128173828
0.0003180503845214844
0.0006117820739746094
0.0006377696990966797
0.0006420612335205078
0.0037965774536132812
0.00333404541015625
0.0006852149963378906
0.004004478454589844
0.007276058197021484
0.0075495243072509766
0.004329204559326172
0.004054546356201172
0.005215644836425781
0.007261037826538086
0.007914304733276367
0.007254600524902344
0.007306337356567383
0.004296302795410156
0.004471540451049805
0.004616260528564453
0.007368564605712891
0.007113456726074219
0.004403114318847656
0.0002467632293701172
0.00021791458129882812
0.00017690658569335938
0.0002167224884033203
0.000186920166015625
0.003966331481933594
0.0039670467376708984
0.003912448883056641
0.00021767616271972656
0.0035877227783203125
0.0035703182220458984
0.0035858154296875
0.007335186004638672
0.0071828365325927734
0.00023174285888671875
0.00017380714416503906
0.0043146610260009766
0.0002522468566894531
0.004011392593383789
0.00023698806762695312
0.0040740966796875
0.00021457672119140625
0.0002186298370361328
0.0035865306854248047
0.0037336349487304688
0.0002601146697998047
0.0036187171936035156
0.004000425338745117
0.007212162017822266
0.004143953323364258
0.0072476863861083984
0.0002086162567138672
0.0001785755157470703
0.00017905235290527344
0.00018930435180664062
0.0001838207244873047
0.0038547515869140625
0.0040416717529296875
0.00405573844909668
0.00021719932556152344
0.0035750865936279297
0.003539562225341797
0.0035724639892578125
0.00733494758605957
0.007390260696411133
0.000194549560546875
0.00016951560974121094
0.004568338394165039
0.00021338462829589844
0.003984212875366211
0.0001900196075439453
0.003918886184692383
0.0002110004425048828
0.00020575523376464844
0.0035703182220458984
0.003573179244995117
0.00024247169494628906
0.003556966781616211
0.003886699676513672
0.007213592529296875
0.004019260406494141
0.00725102424621582
0.00022602081298828125
0.00019812583923339844
0.0001862049102783203
0.0002384185791015625
0.0001900196075439453
0.003998756408691406
0.004160404205322266
0.0041294097900390625
0.0002167224884033203
0.0035774707794189453
0.003579378128051758
0.0035996437072753906
0.007153034210205078
0.007210254669189453
0.00023436546325683594
0.00017714500427246094
0.004301786422729492
0.00026106834411621094
0.0039250850677490234
0.00019598007202148438
0.0038530826568603516
0.00023126602172851562
0.00022482872009277344
0.0035724639892578125
0.003743886947631836
0.00028014183044433594
0.0036454200744628906
0.004071235656738281
0.0072782039642333984
0.003960132598876953
0.007325887680053711
0.0002524852752685547
0.00022149085998535156
0.00021076202392578125
0.0002658367156982422
0.0001876354217529297
0.004063129425048828
0.003890514373779297
0.003927707672119141
0.0002193450927734375
0.0036401748657226562
0.003825664520263672
0.0038459300994873047
0.007574319839477539
0.007485866546630859
0.0002856254577636719
0.0002071857452392578
0.0045049190521240234
0.00025582313537597656
0.003928184509277344
0.0001952648162841797
0.0038182735443115234
0.00021576881408691406
0.00022459030151367188
0.003574371337890625
0.003602743148803711
0.0002899169921875
0.0036122798919677734
0.0039179325103759766
0.007219076156616211
0.003935337066650391
0.0072574615478515625
0.0002110004425048828
0.0001685619354248047
0.0001628398895263672
0.00018334388732910156
0.00020241737365722656
0.0038471221923828125
0.0038976669311523438
0.0038881301879882812
0.0002300739288330078
0.0035424232482910156
0.0035393238067626953
0.003571033477783203
0.0071735382080078125
0.007247209548950195
0.00021004676818847656
0.00017333030700683594
0.004310131072998047
0.0002281665802001953
0.0038776397705078125
0.00020265579223632812
0.0038263797760009766
0.00022292137145996094
0.00020503997802734375
0.0035665035247802734
0.00359344482421875
0.0002307891845703125
0.003703594207763672
0.0038788318634033203
0.007254123687744141
0.004057407379150391
0.007256031036376953
0.0002086162567138672
0.000179290771484375
0.00016260147094726562
0.0001819133758544922
0.0001785755157470703
0.0038962364196777344
0.003857851028442383
0.004218578338623047
0.00022292137145996094
0.003938913345336914
0.003759622573852539
0.0038602352142333984
0.007769107818603516
0.0074062347412109375
0.0002052783966064453
0.00018167495727539062
0.004331827163696289
0.0002086162567138672
0.003906965255737305
0.00019311904907226562
0.0038449764251708984
0.0002105236053466797
0.00020742416381835938
0.0037870407104492188
0.003801107406616211
0.00024199485778808594
0.003793478012084961
0.0040471553802490234
0.007531881332397461
0.00417637825012207
0.007526874542236328
0.00020194053649902344
0.00016760826110839844
0.00015997886657714844
0.00018072128295898438
0.00019407272338867188
0.0038220882415771484
0.0038564205169677734
0.0042226314544677734
0.0002455711364746094
0.0039331912994384766
0.0037555694580078125
0.0038068294525146484
0.007814407348632812
0.007600069046020508
0.00020837783813476562
0.00016951560974121094
0.004435539245605469
0.0002243518829345703
0.00407099723815918
0.00020194053649902344
0.004002809524536133
0.00020813941955566406
0.00018525123596191406
0.003907918930053711
0.003901243209838867
0.00023698806762695312
0.004090070724487305
0.004176139831542969
0.008316516876220703
0.004504203796386719
0.007851362228393555
0.0002262592315673828
0.0002071857452392578
0.0001659393310546875
0.0002002716064453125
0.00019621849060058594
0.0043392181396484375
0.00404810905456543
0.004101753234863281
0.0002028942108154297
0.0043239593505859375
0.004241466522216797
0.004036426544189453
0.007443428039550781
0.007738828659057617
0.00019550323486328125
0.00016641616821289062
0.004426717758178711
0.00021910667419433594
0.0039119720458984375
0.00020360946655273438
0.004129886627197266
0.00021195411682128906
0.00020432472229003906
0.0037736892700195312
0.0038995742797851562
0.00024271011352539062
0.003936052322387695
0.004019737243652344
0.007848024368286133
0.004122257232666016
0.0076503753662109375
0.00021529197692871094
0.00020265579223632812
0.00019788742065429688
0.00020456314086914062
0.00018215179443359375
0.0041921138763427734
0.003973484039306641
0.004017829895019531
0.00023794174194335938
0.003694772720336914
0.003839731216430664
0.0036749839782714844
0.007662296295166016
0.007561683654785156
0.00019311904907226562
0.0002014636993408203
0.004446744918823242
0.00021338462829589844
0.003922462463378906
0.00018668174743652344
0.0039517879486083984
0.0002117156982421875
0.00020694732666015625
0.0036835670471191406
0.0037992000579833984
0.00023174285888671875
0.0036797523498535156
0.003879070281982422
0.007174253463745117
0.004157304763793945
0.0077359676361083984
0.00019431114196777344
0.00016570091247558594
0.00017523765563964844
0.0001926422119140625
0.00019812583923339844
0.003957271575927734
0.00397801399230957
0.004195213317871094
0.00018405914306640625
0.004101991653442383
0.0038802623748779297
0.0038385391235351562
0.00765681266784668
0.007769584655761719
0.00019788742065429688
0.00018358230590820312
0.004642486572265625
0.00025391578674316406
0.0041866302490234375
0.00018787384033203125
0.003916025161743164
0.00020885467529296875
0.00025153160095214844
0.00385284423828125
0.003991127014160156
0.0002715587615966797
0.004231691360473633
0.004010915756225586
0.007436513900756836
0.004015684127807617
0.007482767105102539
0.00021147727966308594
0.00017380714416503906
0.0001659393310546875
0.00020933151245117188
0.0002384185791015625
0.0002186298370361328
0.00023555755615234375
0.0002300739288330078
0.0002512931823730469
0.00023674964904785156
0.0002548694610595703
0.0002694129943847656
0.0002639293670654297
0.00023818016052246094
0.0002849102020263672
0.00026702880859375
0.00025391578674316406
0.0002887248992919922
0.000244140625
0.0003619194030761719
0.0003287792205810547
0.00039458274841308594
0.000225067138671875
0.00022482872009277344
0.00021147727966308594
0.0002307891845703125
0.00023508071899414062
0.0002219676971435547
0.00022983551025390625
0.00024127960205078125
0.00028634071350097656
0.00028061866760253906
0.0002846717834472656
0.0003781318664550781
0.0003352165222167969
0.000339508056640625
0.00044798851013183594
0.0003116130828857422
0.003848552703857422
0.0036830902099609375
0.003755331039428711
0.00033593177795410156
0.0003273487091064453
0.0003676414489746094
0.000354766845703125
0.0038955211639404297
0.00044035911560058594
0.00039315223693847656
0.003880739212036133
0.004078388214111328
0.0005271434783935547
0.003866910934448242
0.0003180503845214844
0.00031256675720214844
0.00035309791564941406
0.0003795623779296875
0.0003113746643066406
0.0038030147552490234
0.0037305355072021484
0.003782987594604492
0.00029087066650390625
0.0003261566162109375
0.0003657341003417969
0.00031495094299316406
0.004016876220703125
0.0004429817199707031
0.0003762245178222656
0.0037927627563476562
0.004011869430541992
0.0005056858062744141
0.004027128219604492
0.0003452301025390625
0.00023603439331054688
0.00027942657470703125
0.0003337860107421875
0.00023221969604492188
0.0037603378295898438
0.003605365753173828
0.0037953853607177734
0.00029397010803222656
0.00032329559326171875
0.00036978721618652344
0.00024318695068359375
0.0037033557891845703
0.0003516674041748047
0.00031447410583496094
0.003895282745361328
0.003677845001220703
0.0004177093505859375
0.0039043426513671875
0.0002613067626953125
0.00022101402282714844
0.00017905235290527344
0.000232696533203125
0.00022792816162109375
0.0037233829498291016
0.0036771297454833984
0.0036420822143554688
0.0002837181091308594
0.00023031234741210938
0.0003001689910888672
0.0002453327178955078
0.003690481185913086
0.00028896331787109375
0.0002884864807128906
0.003645658493041992
0.0037534236907958984
0.00034880638122558594
0.0037109851837158203
0.00021696090698242188
0.00031638145446777344
0.00026798248291015625
0.0003058910369873047
0.0002143383026123047
0.0035970211029052734
0.003490447998046875
0.003566265106201172
0.00029921531677246094
0.003282785415649414
0.0033109188079833984
0.0033528804779052734
0.0066640377044677734
0.0064699649810791016
0.00025177001953125
0.0003197193145751953
0.00028896331787109375
0.00032138824462890625
0.00019288063049316406
0.003599882125854492
0.0038175582885742188
0.003607034683227539
0.000308990478515625
0.003312349319458008
0.0035932064056396484
0.003506898880004883
0.0067827701568603516
0.006494283676147461
0.00026226043701171875
0.0003058910369873047
0.0002646446228027344
0.0003235340118408203
0.0002105236053466797
0.0034363269805908203
0.004040718078613281
0.004192829132080078
0.0003323554992675781
0.003715991973876953
0.0033600330352783203
0.003452777862548828
0.006431102752685547
0.0064487457275390625
0.0002646446228027344
0.00031685829162597656
0.00026917457580566406
0.00031447410583496094
0.0002148151397705078
0.003433704376220703
0.003390073776245117
0.003484964370727539
0.0002875328063964844
0.0033338069915771484
0.0033881664276123047
0.0033860206604003906
0.0064220428466796875
0.006476879119873047
0.0002651214599609375
0.00024580955505371094
0.0032601356506347656
0.000225067138671875
0.003904104232788086
0.006936311721801758
0.0002486705780029297
0.0007457733154296875
0.000213623046875
0.0043561458587646484
0.00027632713317871094
0.003944873809814453
0.003359079360961914
0.006941795349121094
0.00022339820861816406
0.0034723281860351562
0.0034737586975097656
0.003600597381591797
0.007103919982910156
0.006507396697998047
0.0071713924407958984
0.006804466247558594
0.010356664657592773
0.00025153160095214844
0.0008804798126220703
0.00021958351135253906
0.004619598388671875
0.00026798248291015625
0.003914833068847656
0.0032949447631835938
0.006901264190673828
0.0002167224884033203
0.0003917217254638672
0.00020623207092285156
0.00023818016052246094
0.0034856796264648438
0.003545999526977539
0.00030112266540527344
0.003553628921508789
0.003926992416381836
0.0033931732177734375
0.0073888301849365234
0.006563425064086914
0.003995180130004883
0.0033347606658935547
0.00720524787902832
0.007181406021118164
0.006578207015991211
0.010181427001953125
0.00024199485778808594
0.00023651123046875
0.003223896026611328
0.00021576881408691406
0.00407862663269043
0.0068929195404052734
0.0002357959747314453
0.0006859302520751953
0.00021147727966308594
0.004329204559326172
0.0002722740173339844
0.003912210464477539
0.0032868385314941406
0.006989240646362305
0.00021409988403320312
0.0034308433532714844
0.003480672836303711
0.0036246776580810547
0.0071070194244384766
0.0067136287689208984
0.007297039031982422
0.006580829620361328
0.010166645050048828
0.00025153160095214844
0.0007863044738769531
0.0002410411834716797
0.0044634342193603516
0.0002741813659667969
0.003943681716918945
0.003676176071166992
0.007190227508544922
0.00020360946655273438
0.0003924369812011719
0.00020170211791992188
0.0002467632293701172
0.0034618377685546875
0.003526449203491211
0.00028777122497558594
0.0036268234252929688
0.004174232482910156
0.003303050994873047
0.007130146026611328
0.0065822601318359375
0.004224300384521484
0.003680706024169922
0.0070705413818359375
0.007273197174072266
0.0068359375
0.010347604751586914
0.0002532005310058594
0.0002498626708984375
0.0032579898834228516
0.0002167224884033203
0.0039048194885253906
0.00705409049987793
0.00023508071899414062
0.0006844997406005859
0.00021004676818847656
0.004330158233642578
0.00027489662170410156
0.004042148590087891
0.0034923553466796875
0.007367849349975586
0.00021958351135253906
0.0034377574920654297
0.003515958786010742
0.0037581920623779297
0.007111787796020508
0.00647425651550293
0.007259368896484375
0.006568193435668945
0.010485649108886719
0.0002560615539550781
0.0006866455078125
0.0002014636993408203
0.0044062137603759766
0.00025916099548339844
0.004024028778076172
0.003423452377319336
0.007048606872558594
0.0002048015594482422
0.00039768218994140625
0.00022268295288085938
0.00027298927307128906
0.003798246383666992
0.003538846969604492
0.00029778480529785156
0.0035436153411865234
0.004106283187866211
0.0037763118743896484
0.007493019104003906
0.006826877593994141
0.004282236099243164
0.0032815933227539062
0.007074832916259766
0.0077190399169921875
0.00676727294921875
0.010428905487060547
0.00029397010803222656
0.0002689361572265625
0.00021839141845703125
0.0002665519714355469
0.00027632713317871094
0.0002532005310058594
0.00031185150146484375
0.00023889541625976562
0.0002892017364501953
0.00036406517028808594
0.00034809112548828125
0.00035834312438964844
0.0003218650817871094
0.0003333091735839844
0.00029015541076660156
0.00031304359436035156
0.0003314018249511719
0.000362396240234375
0.00032639503479003906
0.0003256797790527344
0.0003383159637451172
0.0003788471221923828
0.00034689903259277344
0.00039768218994140625
0.0003972053527832031
0.0003991127014160156
0.0002701282501220703
0.003369569778442383
0.0033118724822998047
0.0033576488494873047
0.0034427642822265625
0.003556966781616211
0.00337982177734375
0.0034923553466796875
0.0034279823303222656
0.003354787826538086
0.0034072399139404297
0.0035316944122314453
0.0034995079040527344
0.003526449203491211
0.003564596176147461
0.003503084182739258
0.0002484321594238281
0.004082918167114258
0.004132509231567383
0.0038902759552001953
0.00418853759765625
0.004161357879638672
0.004050731658935547
0.004384756088256836
0.0041065216064453125
0.004398822784423828
0.0040400028228759766
0.0042798519134521484
0.00441288948059082
0.0045070648193359375
0.0046617984771728516
0.004502058029174805
0.007200002670288086
0.007866621017456055
0.007845401763916016
0.008067131042480469
0.008025884628295898
0.008174896240234375
0.007608890533447266
0.0073871612548828125
0.0003204345703125
0.0035414695739746094
0.003510713577270508
0.003452301025390625
0.003488779067993164
0.0034456253051757812
0.0034301280975341797
0.0034143924713134766
0.003377676010131836
0.003435373306274414
0.0038068294525146484
0.003772735595703125
0.0035915374755859375
0.0034558773040771484
0.0036945343017578125
0.003620147705078125
0.00726318359375
0.0065691471099853516
0.007328987121582031
0.006677865982055664
0.007170200347900391
0.00647282600402832
0.010328531265258789
0.007215976715087891
0.006564140319824219
0.007081031799316406
0.006548881530761719
0.010230779647827148
0.0072400569915771484
0.006684541702270508
0.0070836544036865234
0.006769418716430664
0.010443449020385742
0.007347583770751953
0.006517887115478516
0.01013493537902832
0.0003333091735839844
0.0006010532379150391
0.0038497447967529297
0.003885984420776367
0.003695249557495117
0.003862619400024414
0.0035445690155029297
0.003533601760864258
0.003574371337890625
0.003486156463623047
0.0037522315979003906
0.0037412643432617188
0.004271984100341797
0.003838777542114258
0.0039255619049072266
0.003724336624145508
0.003759145736694336
0.0035486221313476562
0.0037288665771484375
0.003500223159790039
0.00353240966796875
0.0035326480865478516
0.0038938522338867188
0.0040187835693359375
0.004331827163696289
0.004242658615112305
0.004001140594482422
0.0036191940307617188
0.003644704818725586
0.003557443618774414
0.003928661346435547
0.003694295883178711
0.0075986385345458984
0.00667119026184082
0.0068187713623046875
0.0043408870697021484
0.0073888301849365234
0.00696563720703125
0.0073049068450927734
0.0069599151611328125
0.010441780090332031
0.007332801818847656
0.0067975521087646484
0.004390716552734375
0.0037992000579833984
0.0043604373931884766
0.00390934944152832
0.007598161697387695
0.004472255706787109
0.004044055938720703
0.007616519927978516
0.006790876388549805
0.010435342788696289
0.007401943206787109
0.006810903549194336
0.007578849792480469
0.00688481330871582
0.01052093505859375
0.004427671432495117
0.003821134567260742
0.007921934127807617
0.004533529281616211
0.003849506378173828
0.0046613216400146484
0.0038242340087890625
0.007451295852661133
0.007484912872314453
0.006806135177612305
0.0105133056640625
0.004478931427001953
0.003870248794555664
0.007842302322387695
0.0002734661102294922
0.0002677440643310547
0.00021147727966308594
0.00026154518127441406
0.00026607513427734375
0.000274658203125
0.0002932548522949219
0.00022912025451660156
0.00026488304138183594
0.0003082752227783203
0.0003108978271484375
0.0003044605255126953
0.0003085136413574219
0.0003306865692138672
0.00027370452880859375
0.0003218650817871094
0.00034809112548828125
0.0003485679626464844
0.0003376007080078125
0.00032830238342285156
0.0003185272216796875
0.00038909912109375
0.0003476142883300781
0.0003917217254638672
0.0003886222839355469
0.0003991127014160156
0.00022745132446289062
0.0033369064331054688
0.0033147335052490234
0.003322601318359375
0.0033638477325439453
0.0034017562866210938
0.0034155845642089844
0.0035500526428222656
0.0034821033477783203
0.003366708755493164
0.0033986568450927734
0.003442525863647461
0.0034580230712890625
0.0034494400024414062
0.003500223159790039
0.003557920455932617
0.0002372264862060547
0.0039975643157958984
0.0039424896240234375
0.003907442092895508
0.003957509994506836
0.004291057586669922
0.003991842269897461
0.004030942916870117
0.004010438919067383
0.004189729690551758
0.0039615631103515625
0.004320621490478516
0.004093170166015625
0.004049539566040039
0.00400233268737793
0.004108905792236328
0.006898403167724609
0.007008552551269531
0.007040977478027344
0.007031679153442383
0.007129192352294922
0.007353305816650391
0.007483243942260742
0.0075876712799072266
0.0003249645233154297
0.0034835338592529297
0.0035173892974853516
0.0033626556396484375
0.0033712387084960938
0.0034682750701904297
0.0034079551696777344
0.0036780834197998047
0.003359079360961914
0.003377199172973633
0.0034079551696777344
0.003401041030883789
0.003516674041748047
0.0034580230712890625
0.0033943653106689453
0.003473997116088867
0.0071413516998291016
0.006348371505737305
0.007036924362182617
0.0064580440521240234
0.0070362091064453125
0.006387948989868164
0.010074615478515625
0.007053852081298828
0.006415367126464844
0.007165670394897461
0.0064580440521240234
0.010049581527709961
0.007101774215698242
0.006470918655395508
0.007264614105224609
0.0064656734466552734
0.010663509368896484
0.00744318962097168
0.006711483001708984
0.010287761688232422
0.0003311634063720703
0.0005562305450439453
0.003695249557495117
0.003918886184692383
0.004057645797729492
0.003933906555175781
0.0036590099334716797
0.003579854965209961
0.0034570693969726562
0.003510713577270508
0.003741741180419922
0.003871917724609375
0.0040056705474853516
0.0038216114044189453
0.0038263797760009766
0.0037262439727783203
0.003693819046020508
0.0035254955291748047
0.0035359859466552734
0.003612041473388672
0.0035772323608398438
0.0035178661346435547
0.003771543502807617
0.003781557083129883
0.003908872604370117
0.0037555694580078125
0.003559112548828125
0.0035581588745117188
0.003585338592529297
0.0035505294799804688
0.003859996795654297
0.003632068634033203
0.007437467575073242
0.006693840026855469
0.006925821304321289
0.004267454147338867
0.007421016693115234
0.00677800178527832
0.007394075393676758
0.006707906723022461
0.010645866394042969
0.007460117340087891
0.006879091262817383
0.004403352737426758
0.003773212432861328
0.004445075988769531
0.0039060115814208984
0.007400989532470703
0.004668235778808594
0.0038809776306152344
0.007735252380371094
0.006762266159057617
0.010442495346069336
0.00744318962097168
0.007044076919555664
0.007960319519042969
0.006869792938232422
0.010504722595214844
0.004443645477294922
0.003871440887451172
0.007752656936645508
0.004626274108886719
0.0038347244262695312
0.0044782161712646484
0.0041277408599853516
0.0074651241302490234
0.0075757503509521484
0.007009744644165039
0.010518550872802734
0.004513263702392578
0.0038890838623046875
0.007554292678833008
0.00028204917907714844
0.00025343894958496094
0.00021791458129882812
0.00029158592224121094
0.0002899169921875
0.0002415180206298828
0.0003287792205810547
0.00026798248291015625
0.0002837181091308594
0.0003376007080078125
0.00034546852111816406
0.0003628730773925781
0.0003113746643066406
0.00035452842712402344
0.0002789497375488281
0.0003123283386230469
0.00035262107849121094
0.0003540515899658203
0.0003314018249511719
0.00035071372985839844
0.0003323554992675781
0.00038909912109375
0.00037407875061035156
0.0004055500030517578
0.0004131793975830078
0.0004124641418457031
0.00022530555725097656
0.003343343734741211
0.0033359527587890625
0.003267049789428711
0.0033719539642333984
0.0035352706909179688
0.003403186798095703
0.0035276412963867188
0.003378152847290039
0.0034859180450439453
0.003422975540161133
0.0035562515258789062
0.0034780502319335938
0.0034589767456054688
0.003459453582763672
0.0036878585815429688
0.00026607513427734375
0.003998756408691406
0.004059314727783203
0.00403904914855957
0.0042285919189453125
0.004179954528808594
0.004149913787841797
0.004139423370361328
0.003989696502685547
0.004039764404296875
0.0040166378021240234
0.004386186599731445
0.004126787185668945
0.00406646728515625
0.0040509700775146484
0.0041408538818359375
0.00709986686706543
0.007018566131591797
0.0070116519927978516
0.006999015808105469
0.00710296630859375
0.0070726871490478516
0.007038116455078125
0.007144927978515625
0.00031447410583496094
0.0033578872680664062
0.0033473968505859375
0.0033295154571533203
0.0033922195434570312
0.0034487247467041016
0.003421783447265625
0.0035953521728515625
0.003352642059326172
0.0034165382385253906
0.0035507678985595703
0.00341796875
0.0034584999084472656
0.0034418106079101562
0.0036585330963134766
0.0035490989685058594
0.0070683956146240234
0.006658792495727539
0.00722050666809082
0.0064220428466796875
0.007131814956665039
0.006422996520996094
0.010011911392211914
0.007128477096557617
0.006433725357055664
0.00726008415222168
0.00646209716796875
0.010140657424926758
0.0071048736572265625
0.0064928531646728516
0.007122516632080078
0.006544589996337891
0.010617971420288086
0.0071260929107666016
0.006502628326416016
0.010258913040161133
0.000339508056640625
0.0005710124969482422
0.0037384033203125
0.003803730010986328
0.0037076473236083984
0.0037474632263183594
0.0036253929138183594
0.003577709197998047
0.003456592559814453
0.003505229949951172
0.003778219223022461
0.004140615463256836
0.003920555114746094
0.003734588623046875
0.0040476322174072266
0.004324197769165039
0.0035805702209472656
0.003545522689819336
0.0036232471466064453
0.0036563873291015625
0.0035750865936279297
0.003551959991455078
0.0037865638732910156
0.003822803497314453
0.003947734832763672
0.003772735595703125
0.0035467147827148438
0.0036182403564453125
0.00360870361328125
0.0037186145782470703
0.0039136409759521484
0.003758668899536133
0.007686614990234375
0.006704568862915039
0.0068285465240478516
0.004271268844604492
0.007378101348876953
0.006791353225708008
0.007419109344482422
0.006732463836669922
0.010549545288085938
0.007479429244995117
0.006778717041015625
0.004521608352661133
0.003815889358520508
0.004762887954711914
0.003876924514770508
0.007704019546508789
0.004580020904541016
0.004083871841430664
0.0075304508209228516
0.006951093673706055
0.01039266586303711
0.007430553436279297
0.006820201873779297
0.00745081901550293
0.006827831268310547
0.010440349578857422
0.004541635513305664
0.0038526058197021484
0.007513284683227539
0.004479408264160156
0.0038712024688720703
0.004452943801879883
0.0039594173431396484
0.007488727569580078
0.00751495361328125
0.006880283355712891
0.010535001754760742
0.00454401969909668
0.0038747787475585938
0.007536172866821289
0.0002815723419189453
0.00029468536376953125
0.0002491474151611328
0.00028824806213378906
0.00028777122497558594
0.00026154518127441406
0.0002875328063964844
0.000293731689453125
0.0003173351287841797
0.00031948089599609375
0.0003533363342285156
0.0003180503845214844
0.0002834796905517578
0.0003349781036376953
0.00033545494079589844
0.00033736228942871094
0.0003681182861328125
0.00039315223693847656
0.00031495094299316406
0.0003845691680908203
0.00035071372985839844
0.0003521442413330078
0.0004150867462158203
0.00040912628173828125
0.0004010200500488281
0.0004532337188720703
0.00024318695068359375
0.0034170150756835938
0.0033485889434814453
0.0033020973205566406
0.0032753944396972656
0.0034351348876953125
0.003424406051635742
0.003576517105102539
0.0033576488494873047
0.0033299922943115234
0.0034003257751464844
0.0035696029663085938
0.003515958786010742
0.0034821033477783203
0.0033881664276123047
0.0034847259521484375
0.00025153160095214844
0.004114866256713867
0.003951311111450195
0.003918886184692383
0.003953456878662109
0.004123210906982422
0.004050493240356445
0.004009723663330078
0.004020214080810547
0.0040073394775390625
0.004012107849121094
0.004461526870727539
0.004080772399902344
0.004147052764892578
0.00415802001953125
0.004252910614013672
0.006952047348022461
0.00697016716003418
0.006979227066040039
0.00723576545715332
0.007238149642944336
0.0070648193359375
0.007116079330444336
0.007138252258300781
0.00030303001403808594
0.0034189224243164062
0.0034303665161132812
0.003352642059326172
0.003378629684448242
0.003417491912841797
0.003646373748779297
0.003635883331298828
0.0034897327423095703
0.003462553024291992
0.0034308433532714844
0.0035278797149658203
0.0035066604614257812
0.0034360885620117188
0.003477334976196289
0.003497600555419922
0.006998538970947266
0.006349325180053711
0.007035017013549805
0.006527423858642578
0.007076263427734375
0.006412506103515625
0.007078409194946289
0.0064318180084228516
0.010051965713500977
0.00717926025390625
0.006715297698974609
0.007401943206787109
0.0068585872650146484
0.010377645492553711
0.007352113723754883
0.006481170654296875
0.010799407958984375
0.0071964263916015625
0.006486415863037109
0.010175943374633789
0.0003478527069091797
0.0005280971527099609
0.003729104995727539
0.0037164688110351562
0.003692626953125
0.0037147998809814453
0.003564119338989258
0.0035486221313476562
0.003509998321533203
0.0035092830657958984
0.00383758544921875
0.0037605762481689453
0.003767251968383789
0.003774881362915039
0.003763914108276367
0.0037360191345214844
0.003587484359741211
0.003556489944458008
0.003583192825317383
0.0035576820373535156
0.0036139488220214844
0.0035490989685058594
0.003902435302734375
0.003815174102783203
0.0040585994720458984
0.003866434097290039
0.003620624542236328
0.003629922866821289
0.003680706024169922
0.0036652088165283203
0.0038242340087890625
0.0036644935607910156
0.007387876510620117
0.00690913200378418
0.006780862808227539
0.0039520263671875
0.007360935211181641
0.006751298904418945
0.0074160099029541016
0.006758451461791992
0.007487058639526367
0.006862640380859375
0.010417699813842773
0.0044286251068115234
0.003756284713745117
0.0043871402740478516
0.003826141357421875
0.004361867904663086
0.0037567615509033203
0.007707118988037109
0.007584810256958008
0.006814718246459961
0.007493734359741211
0.006766319274902344
0.010619640350341797
0.0074579715728759766
0.007047891616821289
0.011038064956665039
0.004706859588623047
0.0039708614349365234
0.004748344421386719
0.0038881301879882812
0.007428884506225586
0.004685640335083008
0.003793954849243164
0.007436037063598633
0.007657527923583984
0.0068607330322265625
0.010768651962280273
0.004523277282714844
0.00392460823059082
0.007558345794677734
0.0002713203430175781
0.0002703666687011719
0.00024628639221191406
0.00030612945556640625
0.000286102294921875
0.00024509429931640625
0.0002818107604980469
0.0003147125244140625
0.0002999305725097656
0.00031447410583496094
0.0003707408905029297
0.00030541419982910156
0.000278472900390625
0.0003407001495361328
0.0003311634063720703
0.0003325939178466797
0.00038242340087890625
0.0003788471221923828
0.00031185150146484375
0.00040411949157714844
0.00033926963806152344
0.00037026405334472656
0.00040435791015625
0.0004067420959472656
0.00041747093200683594
0.00043487548828125
0.00024819374084472656
0.003345012664794922
0.0033979415893554688
0.003353118896484375
0.0032644271850585938
0.0034856796264648438
0.0034110546112060547
0.003346681594848633
0.0035004615783691406
0.003300189971923828
0.003303050994873047
0.0034418106079101562
0.0033943653106689453
0.003438711166381836
0.0034720897674560547
0.0034792423248291016
0.00024962425231933594
0.0039844512939453125
0.004053592681884766
0.0039823055267333984
0.003970623016357422
0.004158973693847656
0.004048347473144531
0.004004716873168945
0.004017829895019531
0.003977060317993164
0.004255771636962891
0.004410982131958008
0.004091978073120117
0.004209995269775391
0.004304647445678711
0.004178047180175781
0.007235527038574219
0.00794672966003418
0.007486820220947266
0.00708460807800293
0.007169008255004883
0.007116556167602539
0.007006406784057617
0.007277488708496094
0.00031065940856933594
0.003373384475708008
0.003366708755493164
0.0033452510833740234
0.0033974647521972656
0.0034661293029785156
0.0033910274505615234
0.003475666046142578
0.0036165714263916016
0.0034508705139160156
0.0033707618713378906
0.0034744739532470703
0.0034792423248291016
0.0034532546997070312
0.003465890884399414
0.003531932830810547
0.0070476531982421875
0.006306886672973633
0.007062196731567383
0.006581306457519531
0.007084846496582031
0.0064122676849365234
0.0072367191314697266
0.006532907485961914
0.010211944580078125
0.00730586051940918
0.006985187530517578
0.0074498653411865234
0.006545066833496094
0.010288715362548828
0.00722503662109375
0.0065762996673583984
0.010639667510986328
0.007342338562011719
0.006479501724243164
0.01016688346862793
0.00037741661071777344
0.0006208419799804688
0.0038459300994873047
0.0038306713104248047
0.004029750823974609
0.003927469253540039
0.003749370574951172
0.0035686492919921875
0.003647327423095703
0.0036668777465820312
0.003942966461181641
0.0037469863891601562
0.0037834644317626953
0.003809690475463867
0.00400543212890625
0.003729581832885742
0.0036072731018066406
0.003643035888671875
0.003599882125854492
0.0035762786865234375
0.0036780834197998047
0.003703594207763672
0.0037713050842285156
0.003835439682006836
0.00392603874206543
0.003824949264526367
0.003660440444946289
0.003686189651489258
0.003627300262451172
0.003802061080932617
0.003831624984741211
0.0038063526153564453
0.00753474235534668
0.006924152374267578
0.006798267364501953
0.0039675235748291016
0.007383584976196289
0.006701469421386719
0.007384777069091797
0.00670313835144043
0.007517099380493164
0.0067272186279296875
0.010395526885986328
0.004435300827026367
0.00402379035949707
0.004642009735107422
0.003882884979248047
0.004495859146118164
0.003701925277709961
0.00773930549621582
0.007442951202392578
0.006813764572143555
0.0074176788330078125
0.006787776947021484
0.01039743423461914
0.007428884506225586
0.006783485412597656
0.011245250701904297
0.0044744014739990234
0.0037841796875
0.00445866584777832
0.0038928985595703125
0.007589817047119141
0.004881381988525391
0.004102945327758789
0.007783412933349609
0.007791996002197266
0.006842613220214844
0.010779142379760742
0.004528999328613281
0.003949880599975586
0.0075037479400634766
0.0002884864807128906
0.0002994537353515625
0.00024962425231933594
0.00029158592224121094
0.0002906322479248047
0.0002620220184326172
0.0002987384796142578
0.0003407001495361328
0.00035381317138671875
0.00036215782165527344
0.0004019737243652344
0.00033974647521972656
0.0002791881561279297
0.0003464221954345703
0.0003325939178466797
0.0003600120544433594
0.000431060791015625
0.00043010711669921875
0.0003662109375
0.00042891502380371094
0.0003745555877685547
0.0004439353942871094
0.0003960132598876953
0.00044417381286621094
0.00040531158447265625
0.00045871734619140625
0.0002605915069580078
0.003353595733642578
0.003312826156616211
0.0033223628997802734
0.0035295486450195312
0.003461122512817383
0.003506898880004883
0.0034067630767822266
0.003361225128173828
0.0034165382385253906
0.003332376480102539
0.0034351348876953125
0.0034177303314208984
0.0035696029663085938
0.003398895263671875
0.003489255905151367
0.00024008750915527344
0.004102468490600586
0.00395965576171875
0.004062175750732422
0.004050254821777344
0.004214048385620117
0.00403594970703125
0.004027128219604492
0.004118919372558594
0.004227638244628906
0.0041124820709228516
0.004439830780029297
0.004072427749633789
0.0041844844818115234
0.004212141036987305
0.00433659553527832
0.007157087326049805
0.007258415222167969
0.007542848587036133
0.007144451141357422
0.007732391357421875
0.007834672927856445
0.007221221923828125
0.00785207748413086
0.0003726482391357422
0.003509521484375
0.0033981800079345703
0.003633260726928711
0.0034377574920654297
0.003459453582763672
0.003636598587036133
0.003425121307373047
0.003700733184814453
0.003466367721557617
0.0033996105194091797
0.003490924835205078
0.0038781166076660156
0.0035746097564697266
0.0034465789794921875
0.003763914108276367
0.007522106170654297
0.0065915584564208984
0.007722139358520508
0.006583452224731445
0.007544279098510742
0.0065000057220458984
0.007234096527099609
0.006533384323120117
0.010318756103515625
0.007506847381591797
0.006715059280395508
0.007161617279052734
0.0066945552825927734
0.010260820388793945
0.0074727535247802734
0.006696224212646484
0.010204315185546875
0.007324695587158203
0.006922721862792969
0.010330677032470703
0.0003643035888671875
0.0006365776062011719
0.003952980041503906
0.0038881301879882812
0.0036995410919189453
0.0038797855377197266
0.0035843849182128906
0.0036156177520751953
0.0038433074951171875
0.0037419795989990234
0.0038847923278808594
0.003882169723510742
0.003858804702758789
0.003763437271118164
0.0038785934448242188
0.003809690475463867
0.0038728713989257812
0.0035779476165771484
0.003763914108276367
0.0036017894744873047
0.003943681716918945
0.003554105758666992
0.003916025161743164
0.003982067108154297
0.003922700881958008
0.0037953853607177734
0.0036568641662597656
0.0037043094635009766
0.0037360191345214844
0.003649473190307617
0.003983974456787109
0.00402379035949707
0.007681369781494141
0.006888389587402344
0.00687408447265625
0.004056453704833984
0.007512331008911133
0.006735324859619141
0.00745701789855957
0.007287263870239258
0.007867813110351562
0.007201671600341797
0.01107478141784668
0.004544258117675781
0.004315614700317383
0.004817962646484375
0.003837108612060547
0.004781246185302734
0.0037457942962646484
0.00799560546875
0.007440090179443359
0.007212162017822266
0.00780177116394043
0.007515907287597656
0.010753870010375977
0.007918596267700195
0.006735563278198242
0.010393857955932617
0.004473447799682617
0.0038471221923828125
0.004536628723144531
0.0038039684295654297
0.007785320281982422
0.004551410675048828
0.003938198089599609
0.007513284683227539
0.0079498291015625
0.007185697555541992
0.010618925094604492
0.005333423614501953
0.0045928955078125
0.0082550048828125
0.0002827644348144531
0.0003108978271484375
0.00027632713317871094
0.0003235340118408203
0.0003108978271484375
0.00027823448181152344
0.00031113624572753906
0.0003101825714111328
0.0003485679626464844
0.0003159046173095703
0.00035071372985839844
0.0002384185791015625
0.00019073486328125
0.0002636909484863281
0.0002498626708984375
0.0002982616424560547
0.0003056526184082031
0.0003254413604736328
0.0002925395965576172
0.0003485679626464844
0.00028395652770996094
0.0003478527069091797
0.0003495216369628906
0.0003643035888671875
0.0003857612609863281
0.00037670135498046875
0.0002262592315673828
0.003432750701904297
0.0035669803619384766
0.003304719924926758
0.0032248497009277344
0.0034856796264648438
0.003484010696411133
0.0034835338592529297
0.0033953189849853516
0.0036008358001708984
0.0033316612243652344
0.0038106441497802734
0.0034008026123046875
0.003674030303955078
0.0037593841552734375
0.003861665725708008
0.00026917457580566406
0.0043218135833740234
0.004205942153930664
0.004321575164794922
0.0043659210205078125
0.0040743350982666016
0.004537105560302734
0.0041697025299072266
0.00411534309387207
0.0039899349212646484
0.004368305206298828
0.004025936126708984
0.003988742828369141
0.003991603851318359
0.004275083541870117
0.0040967464447021484
0.007029056549072266
0.007318019866943359
0.007122516632080078
0.007038116455078125
0.0070035457611083984
0.006962299346923828
0.007139921188354492
0.007205963134765625
0.00022554397583007812
0.0033512115478515625
0.0037031173706054688
0.0034143924713134766
0.0032978057861328125
0.0033655166625976562
0.003340005874633789
0.0033419132232666016
0.003542184829711914
0.003415346145629883
0.0033147335052490234
0.0033576488494873047
0.0034368038177490234
0.0033981800079345703
0.00336456298828125
0.0034627914428710938
0.007326364517211914
0.0066318511962890625
0.007599353790283203
0.007144927978515625
0.007821798324584961
0.007074594497680664
0.007554531097412109
0.006620883941650391
0.010573387145996094
0.007409095764160156
0.006775379180908203
0.0076258182525634766
0.006877422332763672
0.010684490203857422
0.007421970367431641
0.006608724594116211
0.010181188583374023
0.007791996002197266
0.007025241851806641
0.010717153549194336
0.000274658203125
0.0005195140838623047
0.004124879837036133
0.003987789154052734
0.0037298202514648438
0.0036134719848632812
0.0036776065826416016
0.0037238597869873047
0.0035593509674072266
0.003606081008911133
0.0037326812744140625
0.004044532775878906
0.0037946701049804688
0.0038022994995117188
0.004140138626098633
0.004017353057861328
0.004140615463256836
0.004091978073120117
0.003848552703857422
0.0036313533782958984
0.003484964370727539
0.003509044647216797
0.004121303558349609
0.0037827491760253906
0.0037887096405029297
0.003721475601196289
0.0035400390625
0.0037240982055664062
0.0035982131958007812
0.0035104751586914062
0.003907918930053711
0.0037174224853515625
0.007311582565307617
0.006734609603881836
0.00672149658203125
0.00414729118347168
0.0074920654296875
0.007018566131591797
0.0074405670166015625
0.0067365169525146484
0.0073223114013671875
0.006752967834472656
0.010631799697875977
0.0047380924224853516
0.004185676574707031
0.004452943801879883
0.0037970542907714844
0.004688739776611328
0.0037953853607177734
0.007855653762817383
0.007835149765014648
0.007357358932495117
0.007573127746582031
0.007242918014526367
0.010895729064941406
0.007691144943237305
0.007124900817871094
0.010708808898925781
0.0047986507415771484
0.004199981689453125
0.004567623138427734
0.003919363021850586
0.007936477661132812
0.004525184631347656
0.0037059783935546875
0.007723331451416016
0.0075762271881103516
0.006875514984130859
0.010738372802734375
0.0046312808990478516
0.0041961669921875
0.007917642593383789
0.0002598762512207031
0.00024247169494628906
0.000202178955078125
0.000274658203125
0.00023484230041503906
0.0001811981201171875
0.00023698806762695312
0.00019931793212890625
0.0002465248107910156
0.0002562999725341797
0.0002734661102294922
0.00023221969604492188
0.003330230712890625
0.0033326148986816406
0.003228902816772461
0.0032804012298583984
0.003268718719482422
0.003394603729248047
0.0035543441772460938
0.00020074844360351562
0.003847360610961914
0.003878355026245117
0.003950834274291992
0.004002809524536133
0.0040509700775146484
0.004042387008666992
0.0040895938873291016
0.007277250289916992
0.007265806198120117
0.0076770782470703125
0.007094860076904297
0.00026917457580566406
0.0007822513580322266
0.00024771690368652344
0.004569292068481445
0.00026798248291015625
0.004048824310302734
0.003285646438598633
0.0071947574615478516
0.00023174285888671875
0.0002448558807373047
0.0002949237823486328
0.00028133392333984375
0.003922939300537109
0.0034177303314208984
0.004057168960571289
0.0034437179565429688
0.007339954376220703
0.00022101402282714844
0.0002498626708984375
0.00020694732666015625
0.0002377033233642578
0.0002658367156982422
0.0003101825714111328
0.00029730796813964844
0.0003268718719482422
0.0041468143463134766
0.003448963165283203
0.004211902618408203
0.003694772720336914
0.004167079925537109
0.0035774707794189453
0.007490634918212891
0.00410771369934082
0.0034961700439453125
0.007058620452880859
0.0002353191375732422
0.0033702850341796875
0.003271341323852539
0.003255605697631836
0.0032927989959716797
0.0033655166625976562
0.0032792091369628906
0.0033528804779052734
0.0033180713653564453
0.0035398006439208984
0.003320455551147461
0.0033431053161621094
0.0033180713653564453
0.0033483505249023438
0.0033457279205322266
0.003570556640625
0.007214069366455078
0.006422281265258789
0.007283687591552734
0.006336212158203125
0.007230043411254883
0.006353616714477539
0.0069849491119384766
0.0068433284759521484
0.01047205924987793
0.0071451663970947266
0.0063397884368896484
0.007027387619018555
0.006649017333984375
0.010453224182128906
0.007057666778564453
0.006548404693603516
0.01051950454711914
0.0071506500244140625
0.00652313232421875
0.010376214981079102
0.00030040740966796875
0.000579833984375
0.003779888153076172
0.003977060317993164
0.00396728515625
0.004278898239135742
0.0039331912994384766
0.0038084983825683594
0.003656148910522461
0.004062652587890625
0.003930330276489258
0.003704547882080078
0.003648042678833008
0.003605365753173828
0.0037622451782226562
0.003646373748779297
0.0035789012908935547
0.0034422874450683594
0.0034914016723632812
0.003568887710571289
0.003520488739013672
0.003547191619873047
0.0037920475006103516
0.0036668777465820312
0.003652334213256836
0.003673076629638672
0.003444194793701172
0.0035440921783447266
0.003672361373901367
0.0035839080810546875
0.0038406848907470703
0.0036721229553222656
0.007594585418701172
0.00680232048034668
0.0069239139556884766
0.004382610321044922
0.007439136505126953
0.007054567337036133
0.00756525993347168
0.006594657897949219
0.007716178894042969
0.006762981414794922
0.010674715042114258
0.005263805389404297
0.0012347698211669922
0.0046579837799072266
0.003818511962890625
0.0044100284576416016
0.003760814666748047
0.007781505584716797
0.007390260696411133
0.007200002670288086
0.007280826568603516
0.0072479248046875
0.010320186614990234
0.007801055908203125
0.006726503372192383
0.011327266693115234
0.004630088806152344
0.003687620162963867
0.004307270050048828
0.004163265228271484
0.007427215576171875
0.004674673080444336
0.0038368701934814453
0.00765228271484375
0.0074825286865234375
0.0067784786224365234
0.010597467422485352
0.004496574401855469
0.003816366195678711
0.00748896598815918
0.00024890899658203125
0.00023674964904785156
0.00022101402282714844
0.0002715587615966797
0.00022077560424804688
0.00018167495727539062
0.0002548694610595703
0.00021910667419433594
0.00022411346435546875
0.0002498626708984375
0.0002884864807128906
0.00023555755615234375
0.0033426284790039062
0.0032863616943359375
0.0034394264221191406
0.003681659698486328
0.003324270248413086
0.0036029815673828125
0.0035772323608398438
0.00022172927856445312
0.004379749298095703
0.004375934600830078
0.004158973693847656
0.004395008087158203
0.00426173210144043
0.0045163631439208984
0.004316091537475586
0.007392406463623047
0.007302045822143555
0.007165431976318359
0.007300615310668945
0.0002491474151611328
0.0008039474487304688
0.00022745132446289062
0.004436969757080078
0.00027561187744140625
0.004021644592285156
0.0034134387969970703
0.007050037384033203
0.0002570152282714844
0.0002474784851074219
0.0002541542053222656
0.00026988983154296875
0.004117250442504883
0.0037572383880615234
0.004288434982299805
0.003576040267944336
0.0073719024658203125
0.000247955322265625
0.000232696533203125
0.0002014636993408203
0.0002532005310058594
0.0002617835998535156
0.0002741813659667969
0.0003287792205810547
0.00039505958557128906
0.004235982894897461
0.003573179244995117
0.0041506290435791016
0.003419160842895508
0.004044532775878906
0.003478527069091797
0.007097721099853516
0.004286289215087891
0.003788471221923828
0.007782697677612305
0.00021719932556152344
0.0032286643981933594
0.003721952438354492
0.0035483837127685547
0.0033516883850097656
0.0032880306243896484
0.0034487247467041016
0.0036323070526123047
0.0033981800079345703
0.003353595733642578
0.0034079551696777344
0.003601551055908203
0.0033483505249023438
0.0033540725708007812
0.0033652782440185547
0.003503561019897461
0.0075871944427490234
0.006799221038818359
0.00722503662109375
0.006799459457397461
0.007689237594604492
0.006489992141723633
0.007281303405761719
0.006621360778808594
0.009979248046875
0.007102251052856445
0.0063610076904296875
0.007306337356567383
0.006463289260864258
0.010256767272949219
0.007070064544677734
0.0064697265625
0.010600090026855469
0.0072078704833984375
0.006436586380004883
0.01101994514465332
0.00028967857360839844
0.0005557537078857422
0.0040128231048583984
0.004356861114501953
0.004013776779174805
0.004035234451293945
0.004137277603149414
0.0038411617279052734
0.0038042068481445312
0.0038194656372070312
0.004190683364868164
0.003759145736694336
0.003679513931274414
0.0037071704864501953
0.003835916519165039
0.0038461685180664062
0.0036361217498779297
0.003682851791381836
0.0037317276000976562
0.0037794113159179688
0.0041046142578125
0.0037250518798828125
0.003951549530029297
0.004090785980224609
0.003868579864501953
0.00429224967956543
0.0034720897674560547
0.003884553909301758
0.0038683414459228516
0.0036678314208984375
0.0041351318359375
0.0038847923278808594
0.0073511600494384766
0.0065801143646240234
0.006849050521850586
0.003876209259033203
0.007552385330200195
0.006910562515258789
0.007898807525634766
0.006949901580810547
0.00785684585571289
0.007252216339111328
0.010913610458374023
0.005321502685546875
0.0013875961303710938
0.0046880245208740234
0.003785371780395508
0.004714012145996094
0.003935575485229492
0.007912158966064453
0.0074160099029541016
0.0075418949127197266
0.007903575897216797
0.0070667266845703125
0.010493993759155273
0.007400035858154297
0.0069522857666015625
0.010700464248657227
0.0044863224029541016
0.004076719284057617
0.004567146301269531
0.00380706787109375
0.007492542266845703
0.004518985748291016
0.0038299560546875
0.007907629013061523
0.007493019104003906
0.0069348812103271484
0.010793209075927734
0.004439353942871094
0.0037555694580078125
0.007833242416381836
0.0002872943878173828
0.00024700164794921875
0.00020503997802734375
0.0002739429473876953
0.0002434253692626953
0.0001862049102783203
0.0002384185791015625
0.0002002716064453125
0.00024080276489257812
0.0002722740173339844
0.00027871131896972656
0.00022530555725097656
0.003373861312866211
0.0034546852111816406
0.0035049915313720703
0.0036840438842773438
0.0035140514373779297
0.003453493118286133
0.0036482810974121094
0.00020813941955566406
0.004510164260864258
0.00403141975402832
0.0038917064666748047
0.00402379035949707
0.004022836685180664
0.0040400028228759766
0.00440526008605957
0.007128000259399414
0.00727534294128418
0.007879495620727539
0.007578849792480469
0.0002579689025878906
0.0008113384246826172
0.00022602081298828125
0.0047109127044677734
0.00026702880859375
0.004180908203125
0.003713846206665039
0.007161855697631836
0.0002646446228027344
0.0002357959747314453
0.00025653839111328125
0.0002956390380859375
0.004598855972290039
0.003819704055786133
0.004503726959228516
0.0038046836853027344
0.00798344612121582
0.0002396106719970703
0.0002675056457519531
0.0002117156982421875
0.00024390220642089844
0.0002605915069580078
0.00029587745666503906
0.0002639293670654297
0.00029754638671875
0.0040912628173828125
0.0037910938262939453
0.004037618637084961
0.0034966468811035156
0.004169464111328125
0.0037565231323242188
0.007512807846069336
0.004624128341674805
0.003932952880859375
0.007695674896240234
0.00025916099548339844
0.0032503604888916016
0.0033216476440429688
0.0034754276275634766
0.0035963058471679688
0.003598928451538086
0.0032660961151123047
0.0033168792724609375
0.003461122512817383
0.0035924911499023438
0.003491640090942383
0.0035164356231689453
0.0035767555236816406
0.0037086009979248047
0.003923177719116211
0.003948688507080078
0.007657766342163086
0.00707554817199707
0.007064104080200195
0.0066242218017578125
0.007225990295410156
0.0068454742431640625
0.007715940475463867
0.0066874027252197266
0.010051488876342773
0.007642507553100586
0.006724834442138672
0.007650852203369141
0.0071141719818115234
0.010193347930908203
0.007480621337890625
0.00646209716796875
0.010051488876342773
0.0073277950286865234
0.0071718692779541016
0.010580301284790039
0.00026106834411621094
0.00044989585876464844
0.0035614967346191406
0.0038909912109375
0.003823518753051758
0.003887176513671875
0.003381013870239258
0.003676891326904297
0.0037584304809570312
0.0037567615509033203
0.0037224292755126953
0.0038335323333740234
0.00385284423828125
0.003744840621948242
0.0037300586700439453
0.0037164688110351562
0.0037643909454345703
0.0034685134887695312
0.0037751197814941406
0.003719806671142578
0.003913402557373047
0.0036351680755615234
0.004015445709228516
0.004163026809692383
0.0041697025299072266
0.00398707389831543
0.003539562225341797
0.0036590099334716797
0.00397801399230957
0.0036699771881103516
0.004031181335449219
0.003918170928955078
0.007828712463378906
0.007136821746826172
0.007193088531494141
0.004056453704833984
0.007960319519042969
0.006757497787475586
0.007537841796875
0.006983280181884766
0.007371664047241211
0.006852149963378906
0.010786056518554688
0.004990577697753906
0.0013370513916015625
0.00469517707824707
0.003845691680908203
0.004373788833618164
0.0038361549377441406
0.007727384567260742
0.007349967956542969
0.006997346878051758
0.0072901248931884766
0.00691533088684082
0.010608911514282227
0.0075225830078125
0.007379770278930664
0.012423038482666016
0.004876852035522461
0.004282712936401367
0.0050716400146484375
0.003920555114746094
0.0077135562896728516
0.00490260124206543
0.003976583480834961
0.008070230484008789
0.007866859436035156
0.007172346115112305
0.010543346405029297
0.00482630729675293
0.003957271575927734
0.00782632827758789
0.0003085136413574219
0.0003457069396972656
0.0003688335418701172
0.0003414154052734375
0.00024008750915527344
0.00023245811462402344
0.0002791881561279297
0.0002624988555908203
0.0002982616424560547
0.00032138824462890625
0.0003256797790527344
0.00021123886108398438
0.003923892974853516
0.004322052001953125
0.004382610321044922
0.004332304000854492
0.004110097885131836
0.004055500030517578
0.004027366638183594
0.0002536773681640625
0.004018068313598633
0.003927469253540039
0.0037267208099365234
0.0038161277770996094
0.003954410552978516
0.003812551498413086
0.003864288330078125
0.007567644119262695
0.007599592208862305
0.007838964462280273
0.007564067840576172
0.00031065940856933594
0.0002510547637939453
0.0042858123779296875
0.0003681182861328125
0.004466056823730469
0.00034356117248535156
0.00034928321838378906
0.00034737586975097656
0.00038933753967285156
0.00417780876159668
0.004448413848876953
0.0003361701965332031
0.004522085189819336
0.0003745555877685547
0.00032210350036621094
0.0002884864807128906
0.004154205322265625
0.003998279571533203
0.0040895938873291016
0.0004329681396484375
0.0004100799560546875
0.0003578662872314453
0.004090070724487305
0.004407167434692383
0.0039825439453125
0.0004723072052001953
0.004261970520019531
0.004093170166015625
0.007295131683349609
0.004305124282836914
0.004321575164794922
0.008405447006225586
0.007578372955322266
0.004232168197631836
0.007630109786987305
0.0002467632293701172
0.00027871131896972656
0.0002770423889160156
0.00031828880310058594
0.0002124309539794922
0.00018310546875
0.00024819374084472656
0.0002753734588623047
0.0002803802490234375
0.000293731689453125
0.00035452842712402344
0.00020956993103027344
0.003966569900512695
0.00408482551574707
0.004017353057861328
0.004409313201904297
0.004056215286254883
0.004001140594482422
0.00402379035949707
0.0002410411834716797
0.003964662551879883
0.0041980743408203125
0.0040187835693359375
0.004126787185668945
0.004220008850097656
0.004132270812988281
0.00396275520324707
0.007532835006713867
0.007909774780273438
0.007468461990356445
0.0075724124908447266
0.0003380775451660156
0.0003085136413574219
0.004568576812744141
0.00032401084899902344
0.003966569900512695
0.00033783912658691406
0.0003294944763183594
0.0004165172576904297
0.00039315223693847656
0.004096031188964844
0.004275321960449219
0.00034809112548828125
0.003907442092895508
0.00036406517028808594
0.0002677440643310547
0.00029850006103515625
0.004102945327758789
0.0038743019104003906
0.003875732421875
0.0004067420959472656
0.00036978721618652344
0.0003190040588378906
0.004290103912353516
0.004203081130981445
0.004026651382446289
0.0004265308380126953
0.004240751266479492
0.004487514495849609
0.007953882217407227
0.004174947738647461
0.004135847091674805
0.007704019546508789
0.00788116455078125
0.004164695739746094
0.007753610610961914
0.00022912025451660156
0.00021314620971679688
0.00021314620971679688
0.00021982192993164062
0.00022792816162109375
0.00022029876708984375
0.0003845691680908203
0.0002608299255371094
0.00024819374084472656
0.0002658367156982422
0.00029397010803222656
0.0001938343048095703
0.004008054733276367
0.004046201705932617
0.003998756408691406
0.004095315933227539
0.003939151763916016
0.004417896270751953
0.004483938217163086
0.00026297569274902344
0.0002598762512207031
0.004693746566772461
0.0003032684326171875
0.004487752914428711
0.00024127960205078125
0.0002574920654296875
0.00025177001953125
0.0002593994140625
0.0042688846588134766
0.0039594173431396484
0.0002827644348144531
0.00028204917907714844
0.00025916099548339844
0.0002560615539550781
0.0003192424774169922
0.0002830028533935547
0.0002760887145996094
0.0003190040588378906
0.004189491271972656
0.0039746761322021484
0.004095315933227539
0.004124879837036133
0.00022912025451660156
0.00021839141845703125
0.00017881393432617188
0.0002372264862060547
0.00021886825561523438
0.00020194053649902344
0.0002636909484863281
0.00022339820861816406
0.00022363662719726562
0.00023865699768066406
0.00028252601623535156
0.0002105236053466797
0.004156351089477539
0.004071235656738281
0.0040509700775146484
0.003995418548583984
0.004063844680786133
0.0039136409759521484
0.003968954086303711
0.00025653839111328125
0.00023508071899414062
0.004152536392211914
0.00027751922607421875
0.004042625427246094
0.00023746490478515625
0.00025582313537597656
0.00030350685119628906
0.0003037452697753906
0.0042705535888671875
0.00405120849609375
0.0003135204315185547
0.0002932548522949219
0.0002853870391845703
0.0003516674041748047
0.00031566619873046875
0.00032520294189453125
0.00037360191345214844
0.0003223419189453125
0.004204273223876953
0.004244565963745117
0.004426240921020508
0.0043735504150390625
0.00022721290588378906
0.0001964569091796875
0.00017571449279785156
0.00019288063049316406
0.0002186298370361328
0.0002357959747314453
0.0002560615539550781
0.0002186298370361328
0.0002541542053222656
0.0002613067626953125
0.0002796649932861328
0.00019621849060058594
0.0038912296295166016
0.004244327545166016
0.0041234493255615234
0.0040624141693115234
0.004047393798828125
0.004007816314697266
0.0041027069091796875
0.00029349327087402344
0.00024056434631347656
0.004623889923095703
0.0002834796905517578
0.004315614700317383
0.0002551078796386719
0.0002601146697998047
0.00023746490478515625
0.00025653839111328125
0.004239797592163086
0.004137754440307617
0.0002803802490234375
0.0002770423889160156
0.00029158592224121094
0.0002884864807128906
0.00029277801513671875
0.0003097057342529297
0.000308990478515625
0.00038051605224609375
0.004094839096069336
0.004105091094970703
0.004126787185668945
0.004139900207519531
0.00024580955505371094
0.00024819374084472656
0.00021648406982421875
0.0003032684326171875
0.00022983551025390625
0.0035376548767089844
0.0033659934997558594
0.003430604934692383
0.00023865699768066406
0.003964662551879883
0.00412440299987793
0.00398707389831543
0.006958484649658203
0.006972789764404297
0.0002601146697998047
0.0007116794586181641
0.0002486705780029297
0.00445556640625
0.0002779960632324219
0.003934144973754883
0.00341033935546875
0.00690150260925293
0.00023818016052246094
0.0002377033233642578
0.0002982616424560547
0.00030803680419921875
0.004061222076416016
0.003427267074584961
0.004264354705810547
0.003339052200317383
0.00733637809753418
0.00026917457580566406
0.003535747528076172
0.003592967987060547
0.0035114288330078125
0.0036628246307373047
0.0035583972930908203
0.003535747528076172
0.0035858154296875
0.007321357727050781
0.006732463836669922
0.007657766342163086
0.006567478179931641
0.007271289825439453
0.006720542907714844
0.010806083679199219
0.007926702499389648
0.006834268569946289
0.010240793228149414
0.0002467632293701172
0.0007007122039794922
0.00022339820861816406
0.0046617984771728516
0.00028204917907714844
0.004075527191162109
0.003292560577392578
0.007087230682373047
0.0002567768096923828
0.0002582073211669922
0.0002703666687011719
0.0002849102020263672
0.003986835479736328
0.003384828567504883
0.004233121871948242
0.0035021305084228516
0.007095813751220703
0.0002193450927734375
0.00038361549377441406
0.00026154518127441406
0.00021982192993164062
0.00024127960205078125
0.003494739532470703
0.0035047531127929688
0.003538846969604492
0.00029015541076660156
0.0002911090850830078
0.0002582073211669922
0.003566741943359375
0.003707408905029297
0.0035622119903564453
0.0003457069396972656
0.003587007522583008
0.003942966461181641
0.0033965110778808594
0.0073850154876708984
0.006607770919799805
0.0041081905364990234
0.003386259078979492
0.004218101501464844
0.003453969955444336
0.007170200347900391
0.007730007171630859
0.006573677062988281
0.007857561111450195
0.007294178009033203
0.010502099990844727
0.004316806793212891
0.0035686492919921875
0.007571697235107422
0.007433414459228516
0.006872892379760742
0.010572195053100586
0.0002627372741699219
0.0002570152282714844
0.0002129077911376953
0.00025534629821777344
0.00021386146545410156
0.003315448760986328
0.0032258033752441406
0.003264188766479492
0.00023221969604492188
0.003956794738769531
0.00394439697265625
0.003987550735473633
0.007118701934814453
0.0071260929107666016
0.00025653839111328125
0.0008785724639892578
0.0002224445343017578
0.0045092105865478516
0.00027298927307128906
0.004051923751831055
0.0032651424407958984
0.006880044937133789
0.00023293495178222656
0.00024819374084472656
0.00030493736267089844
0.0003285408020019531
0.0043103694915771484
0.0033130645751953125
0.0039899349212646484
0.003329038619995117
0.006950855255126953
0.000217437744140625
0.003534078598022461
0.003471851348876953
0.0036432743072509766
0.003526926040649414
0.0035524368286132812
0.0035223960876464844
0.003610372543334961
0.0075016021728515625
0.0065765380859375
0.00729680061340332
0.006685733795166016
0.007317543029785156
0.006705284118652344
0.010169744491577148
0.00727081298828125
0.006531953811645508
0.010393857955932617
0.000263214111328125
0.0007979869842529297
0.0002243518829345703
0.00445866584777832
0.00028395652770996094
0.00421905517578125
0.0032699108123779297
0.006962776184082031
0.00023317337036132812
0.0002505779266357422
0.00026869773864746094
0.000274658203125
0.003903627395629883
0.0032663345336914062
0.004122734069824219
0.0033185482025146484
0.007150411605834961
0.00020456314086914062
0.0003972053527832031
0.00025272369384765625
0.0002014636993408203
0.00022935867309570312
0.003542184829711914
0.0034830570220947266
0.0035436153411865234
0.00027298927307128906
0.00027680397033691406
0.0002899169921875
0.0035250186920166016
0.003570556640625
0.003545522689819336
0.0003497600555419922
0.0035872459411621094
0.003930807113647461
0.0032858848571777344
0.00725245475769043
0.006600379943847656
0.003959178924560547
0.003448963165283203
0.004055976867675781
0.0032863616943359375
0.007157087326049805
0.00734710693359375
0.0069997310638427734
0.007221221923828125
0.006943225860595703
0.010468006134033203
0.004423379898071289
0.0035147666931152344
0.006992816925048828
0.00745081901550293
0.006690502166748047
0.010727167129516602
0.0002522468566894531
0.00024318695068359375
0.00019502639770507812
0.00023865699768066406
0.00021576881408691406
0.0032498836517333984
0.0032587051391601562
0.0035393238067626953
0.00023818016052246094
0.0038747787475585938
0.004025936126708984
0.003973484039306641
0.007346630096435547
0.006915569305419922
0.0002422332763671875
0.0006906986236572266
0.00021386146545410156
0.004653215408325195
0.00028133392333984375
0.003981590270996094
0.003261566162109375
0.006962299346923828
0.00020503997802734375
0.00021576881408691406
0.0002551078796386719
0.0002589225769042969
0.003905773162841797
0.0032901763916015625
0.00401759147644043
0.0034182071685791016
0.007071733474731445
0.0002193450927734375
0.0034356117248535156
0.0034637451171875
0.003465414047241211
0.003515958786010742
0.003540515899658203
0.0035462379455566406
0.003560781478881836
0.007230043411254883
0.006819486618041992
0.0071942806243896484
0.006556510925292969
0.007192373275756836
0.0066089630126953125
0.010385513305664062
0.007764101028442383
0.00719761848449707
0.010313272476196289
0.0002510547637939453
0.0006897449493408203
0.00020623207092285156
0.004773616790771484
0.00026226043701171875
0.003939628601074219
0.0032753944396972656
0.007063150405883789
0.0002155303955078125
0.00021576881408691406
0.00023698806762695312
0.0002512931823730469
0.003894805908203125
0.0032949447631835938
0.004258155822753906
0.0036411285400390625
0.006959676742553711
0.0002143383026123047
0.0003941059112548828
0.0002052783966064453
0.00019311904907226562
0.0002529621124267578
0.0034990310668945312
0.003496885299682617
0.0035135746002197266
0.00023651123046875
0.00027680397033691406
0.0002720355987548828
0.0035457611083984375
0.0035533905029296875
0.0035648345947265625
0.00030922889709472656
0.003593921661376953
0.003913402557373047
0.003347158432006836
0.007343769073486328
0.006615877151489258
0.0039386749267578125
0.0033245086669921875
0.003957986831665039
0.0032994747161865234
0.007040262222290039
0.007442951202392578
0.006554603576660156
0.0077207088470458984
0.006719827651977539
0.010730266571044922
0.003995656967163086
0.003441333770751953
0.00698089599609375
0.0072879791259765625
0.006776571273803711
0.010486364364624023
0.00030350685119628906
0.00025081634521484375
0.0001990795135498047
0.0002815723419189453
0.0002961158752441406
0.00023317337036132812
0.00029158592224121094
0.0002598762512207031
0.0002799034118652344
0.00029206275939941406
0.00033354759216308594
0.00033283233642578125
0.00027632713317871094
0.00034809112548828125
0.0002963542938232422
0.0002963542938232422
0.0003466606140136719
0.0003745555877685547
0.0003077983856201172
0.00034046173095703125
0.0003452301025390625
0.00035834312438964844
0.0003724098205566406
0.0004038810729980469
0.00042366981506347656
0.00045228004455566406
0.00022268295288085938
0.003377199172973633
0.0034377574920654297
0.0033135414123535156
0.0034737586975097656
0.0034041404724121094
0.003372669219970703
0.0034215450286865234
0.0034465789794921875
0.0035066604614257812
0.0033936500549316406
0.0037505626678466797
0.0036983489990234375
0.003747224807739258
0.0035567283630371094
0.003876209259033203
0.00023865699768066406
0.00411534309387207
0.0040645599365234375
0.0040302276611328125
0.0041027069091796875
0.00474858283996582
0.0045318603515625
0.004169464111328125
0.004210948944091797
0.00432896614074707
0.004010438919067383
0.00420379638671875
0.004075527191162109
0.004056692123413086
0.004309892654418945
0.004465579986572266
0.007297515869140625
0.007567644119262695
0.007322549819946289
0.007830381393432617
0.00730133056640625
0.0077724456787109375
0.0074346065521240234
0.00759124755859375
0.0003142356872558594
0.00022363662719726562
0.0013573169708251953
0.0002980232238769531
0.003594636917114258
0.00024008750915527344
0.004886150360107422
0.0002474784851074219
0.0002684593200683594
0.004283428192138672
0.004289150238037109
0.00030994415283203125
0.004094123840332031
0.003439664840698242
0.007204771041870117
0.0037474632263183594
0.0074350833892822266
0.0002696514129638672
0.0002980232238769531
0.0002627372741699219
0.00029015541076660156
0.0002944469451904297
0.0003719329833984375
0.0003440380096435547
0.00038623809814453125
0.0044672489166259766
0.003676891326904297
0.0044403076171875
0.003533601760864258
0.007119894027709961
0.004069089889526367
0.00350189208984375
0.004030704498291016
0.0034966468811035156
0.007356882095336914
0.00034046173095703125
0.00033545494079589844
0.00029850006103515625
0.0003323554992675781
0.00033926963806152344
0.0003437995910644531
0.00038170814514160156
0.0003795623779296875
0.00033402442932128906
0.0003676414489746094
0.0003521442413330078
0.0003857612609863281
0.0004718303680419922
0.00046133995056152344
0.00044655799865722656
0.0004818439483642578
0.004407405853271484
0.003425121307373047
0.004409313201904297
0.003551006317138672
0.004038333892822266
0.003468751907348633
0.007303714752197266
0.004071474075317383
0.003496885299682617
0.00408482551574707
0.003472566604614258
0.0070607662200927734
0.004122734069824219
0.003776073455810547
0.004089832305908203
0.0034749507904052734
0.007082462310791016
0.004714488983154297
0.0044896602630615234
0.007811546325683594
0.0003190040588378906
0.003450155258178711
0.003814220428466797
0.003623485565185547
0.0034863948822021484
0.0037941932678222656
0.0035436153411865234
0.003900289535522461
0.0036144256591796875
0.0036122798919677734
0.0033979415893554688
0.0034170150756835938
0.0034096240997314453
0.0035240650177001953
0.003701448440551758
0.0034363269805908203
0.0035598278045654297
0.0033919811248779297
0.0034532546997070312
0.0036940574645996094
0.003620624542236328
0.0035398006439208984
0.0035462379455566406
0.00347137451171875
0.0035965442657470703
0.0036783218383789062
0.0039594173431396484
0.004006385803222656
0.00389862060546875
0.0037963390350341797
0.0037937164306640625
0.0038101673126220703
0.007396697998046875
0.0064504146575927734
0.007111072540283203
0.00684809684753418
0.007895708084106445
0.006582498550415039
0.0075359344482421875
0.006779909133911133
0.010734319686889648
0.007838726043701172
0.006913900375366211
0.0073506832122802734
0.00675654411315918
0.007840871810913086
0.007490396499633789
0.011319875717163086
0.00804901123046875
0.00708317756652832
0.008045673370361328
0.0069849491119384766
0.010893583297729492
0.007309436798095703
0.00697636604309082
0.0075609683990478516
0.007131338119506836
0.010612964630126953
0.007668733596801758
0.006761074066162109
0.010453224182128906
0.007425785064697266
0.006787300109863281
0.007388591766357422
0.006963014602661133
0.010528564453125
0.007274627685546875
0.0069293975830078125
0.010422945022583008
0.007384061813354492
0.006762504577636719
0.010857582092285156
0.00037932395935058594
0.0006127357482910156
0.004377603530883789
0.0040607452392578125
0.004263877868652344
0.0039370059967041016
0.0038259029388427734
0.0036237239837646484
0.003815174102783203
0.0034799575805664062
0.0034890174865722656
0.00413966178894043
0.004149198532104492
0.00423121452331543
0.004156589508056641
0.004223823547363281
0.0038602352142333984
0.004004478454589844
0.003881692886352539
0.003835916519165039
0.004316091537475586
0.0041081905364990234
0.0036725997924804688
0.0034847259521484375
0.003845691680908203
0.003920316696166992
0.0037970542907714844
0.005006074905395508
0.004858970642089844
0.0041544437408447266
0.004170656204223633
0.00437474250793457
0.005010843276977539
0.0043087005615234375
0.004349708557128906
0.00435185432434082
0.004452705383300781
0.0044476985931396484
0.004316091537475586
0.004058361053466797
0.004178524017333984
0.004197359085083008
0.0036084651947021484
0.003545045852661133
0.003882169723510742
0.0038175582885742188
0.003570079803466797
0.003577709197998047
0.0040967464447021484
0.003626108169555664
0.0035567283630371094
0.0035707950592041016
0.004029750823974609
0.003984212875366211
0.00402069091796875
0.003926753997802734
0.003936052322387695
0.0037550926208496094
0.003762960433959961
0.0037381649017333984
0.0035698413848876953
0.00417017936706543
0.004017829895019531
0.0037517547607421875
0.0079345703125
0.007347822189331055
0.0073583126068115234
0.004611968994140625
0.007512569427490234
0.007354736328125
0.00777435302734375
0.006997585296630859
0.008131265640258789
0.006829500198364258
0.011132240295410156
0.007684469223022461
0.007540702819824219
0.005527496337890625
0.0017464160919189453
0.005019426345825195
0.004431009292602539
0.0050737857818603516
0.0042912960052490234
0.008187294006347656
0.005029439926147461
0.004113912582397461
0.008049964904785156
0.0070400238037109375
0.007485389709472656
0.0070285797119140625
0.012220382690429688
0.008857488632202148
0.007999181747436523
0.008109807968139648
0.007029056549072266
0.011023998260498047
0.008016586303710938
0.007755756378173828
0.007851600646972656
0.007197141647338867
0.01112818717956543
0.0048253536224365234
0.004048347473144531
0.004588127136230469
0.003812074661254883
0.007966279983520508
0.0045871734619140625
0.00397491455078125
0.004620790481567383
0.0039348602294921875
0.008564472198486328
0.005021095275878906
0.0046422481536865234
0.004765510559082031
0.003937721252441406
0.008017539978027344
0.007756948471069336
0.007647037506103516
0.010972976684570312
0.007992267608642578
0.0071258544921875
0.008020639419555664
0.0073490142822265625
0.011773824691772461
0.008736848831176758
0.007898092269897461
0.011193990707397461
0.004833221435546875
0.004001617431640625
0.007907390594482422
0.005090951919555664
0.0044536590576171875
0.00511479377746582
0.004652976989746094
0.007939577102661133
0.004864215850830078
0.0046575069427490234
0.008548259735107422
0.008610010147094727
0.008085250854492188
0.011681556701660156
0.0052716732025146484
0.004553079605102539
0.008579730987548828
0.0002760887145996094
0.004087924957275391
0.004010438919067383
0.0038475990295410156
0.003757953643798828
0.0036246776580810547
0.0039594173431396484
0.0041277408599853516
0.0042302608489990234
0.004054069519042969
0.0040895938873291016
0.004113435745239258
0.0038514137268066406
0.0037076473236083984
0.004160165786743164
0.0040400028228759766
0.0042035579681396484
0.004243135452270508
0.004307270050048828
0.004174709320068359
0.004106283187866211
0.004151344299316406
0.003968000411987305
0.004274606704711914
0.004306793212890625
0.003971099853515625
0.004354953765869141
0.00417637825012207
0.004179477691650391
0.0040760040283203125
0.004002094268798828
0.004395008087158203
0.007858037948608398
0.007627248764038086
0.0010559558868408203
0.008060693740844727
0.007277727127075195
0.00812673568725586
0.007426738739013672
0.0047550201416015625
0.007691860198974609
0.007591724395751953
0.008584260940551758
0.004629850387573242
0.012433290481567383
0.011751413345336914
0.008614301681518555
0.0082855224609375
0.007333278656005859
0.007436275482177734
0.0044596195220947266
0.011523246765136719
0.010329961776733398
0.008187294006347656
0.008086919784545898
0.00769352912902832
0.004297733306884766
0.007964611053466797
0.007360219955444336
0.008553266525268555
0.00789642333984375
0.011718034744262695
0.008085012435913086
0.007355690002441406
0.007998943328857422
0.00720524787902832
0.008090972900390625
0.0045931339263916016
0.011888265609741211
0.011741161346435547
0.008342504501342773
0.007547616958618164
0.007435798645019531
0.007505655288696289
0.004596710205078125
0.011585712432861328
0.010732173919677734
0.00838017463684082
0.007666349411010742
0.007540464401245117
0.004677534103393555
0.007596731185913086
0.006772279739379883
0.00758671760559082
0.0068438053131103516
0.004616498947143555
0.01182103157043457
0.011501789093017578
0.011088848114013672
0.010732650756835938
0.011346101760864258
0.008234024047851562
0.0071868896484375
0.013908624649047852
0.014652013778686523
0.012044906616210938
0.007794618606567383
0.007571697235107422
0.008303403854370117
0.0048370361328125
0.012583255767822266
0.012369155883789062
0.008565425872802734
0.0075473785400390625
0.0072174072265625
0.007744789123535156
0.004761934280395508
0.011081457138061523
0.011041641235351562
0.008145570755004883
0.008065462112426758
0.007935047149658203
0.012242555618286133
0.008248090744018555
0.007598876953125
0.007795572280883789
0.006876707077026367
0.011421918869018555
0.007794380187988281
0.007082462310791016
0.007962465286254883
0.007617950439453125
0.004602909088134766
0.011796712875366211
0.011209964752197266
0.010886192321777344
0.010399818420410156
0.010706663131713867
0.008318662643432617
0.008224725723266602
0.015314102172851562
0.014290094375610352
0.011998414993286133
0.008011341094970703
0.0077326297760009766
0.008622169494628906
0.004682302474975586
0.011838197708129883
0.011470317840576172
0.008495092391967773
0.007606029510498047
0.006800413131713867
0.007501840591430664
0.004244804382324219
0.011076211929321289
0.010673284530639648
0.0077745914459228516
0.00744938850402832
0.007029533386230469
0.007457256317138672
0.006728649139404297
0.004144906997680664
0.010981559753417969
0.01047372817993164
0.011207818984985352
0.01102137565612793
0.011640071868896484
0.008072376251220703
0.007399559020996094
0.01453256607055664
0.014557600021362305
0.011293172836303711
0.007370710372924805
0.006903648376464844
0.01044464111328125
0.007121086120605469
0.006779909133911133
0.007825374603271484
0.006880998611450195
0.00419163703918457
0.010965347290039062
0.010838031768798828
0.01136922836303711
0.010403633117675781
0.011063575744628906
0.00895237922668457
0.008105278015136719
0.015143156051635742
0.014184951782226562
0.011509418487548828
0.00026869773864746094
0.0002295970916748047
0.00019693374633789062
0.0002720355987548828
0.0002751350402832031
0.0002346038818359375
0.0002880096435546875
0.0002892017364501953
0.0002579689025878906
0.00029468536376953125
0.00032019615173339844
0.0003933906555175781
0.00029969215393066406
0.00034546852111816406
0.00028395652770996094
0.0002932548522949219
0.0003323554992675781
0.000354766845703125
0.00030303001403808594
0.0003407001495361328
0.0003428459167480469
0.00033783912658691406
0.0003719329833984375
0.0003695487976074219
0.00036072731018066406
0.0004220008850097656
0.00021600723266601562
0.003466367721557617
0.0038025379180908203
0.0033724308013916016
0.003564596176147461
0.003901958465576172
0.003921031951904297
0.003911733627319336
0.003453969955444336
0.0035076141357421875
0.003545999526977539
0.003791332244873047
0.0036094188690185547
0.0035622119903564453
0.003824949264526367
0.0036077499389648438
0.000240325927734375
0.004029512405395508
0.004166126251220703
0.004053592681884766
0.004088401794433594
0.004267692565917969
0.004380941390991211
0.00446319580078125
0.004267454147338867
0.0042150020599365234
0.004168510437011719
0.0043985843658447266
0.004563331604003906
0.004528522491455078
0.004693746566772461
0.0044705867767333984
0.0073015689849853516
0.007544040679931641
0.007756471633911133
0.007726907730102539
0.0077779293060302734
0.008127927780151367
0.007199287414550781
0.007532358169555664
0.00025963783264160156
0.0002200603485107422
0.0012428760528564453
0.00026988983154296875
0.0033550262451171875
0.0003445148468017578
0.004599571228027344
0.0002849102020263672
0.0003180503845214844
0.0040929317474365234
0.003930330276489258
0.0002894401550292969
0.004213094711303711
0.0034592151641845703
0.0073528289794921875
0.0035240650177001953
0.007276773452758789
0.00029158592224121094
0.00030112266540527344
0.00026035308837890625
0.0003180503845214844
0.0003223419189453125
0.00033354759216308594
0.00029468536376953125
0.00033473968505859375
0.004279613494873047
0.003475189208984375
0.004440784454345703
0.0038199424743652344
0.007965803146362305
0.004258155822753906
0.0040247440338134766
0.004557371139526367
0.0038042068481445312
0.007679462432861328
0.00033926963806152344
0.00039196014404296875
0.0003209114074707031
0.00029349327087402344
0.0003597736358642578
0.0003674030303955078
0.0003421306610107422
0.0003960132598876953
0.0003170967102050781
0.00034928321838378906
0.0003497600555419922
0.0003654956817626953
0.00040459632873535156
0.0004029273986816406
0.0003559589385986328
0.00043773651123046875
0.0042171478271484375
0.003527402877807617
0.004147768020629883
0.003579378128051758
0.004012584686279297
0.0035157203674316406
0.007688760757446289
0.004513740539550781
0.0036339759826660156
0.004426240921020508
0.003773927688598633
0.007531642913818359
0.004233598709106445
0.0038862228393554688
0.00417780876159668
0.0035486221313476562
0.007657527923583984
0.004507303237915039
0.0036864280700683594
0.007647514343261719
0.0003380775451660156
0.003543853759765625
0.0033941268920898438
0.0034601688385009766
0.0033388137817382812
0.0033538341522216797
0.0035359859466552734
0.0033926963806152344
0.0034456253051757812
0.0036978721618652344
0.003556966781616211
0.0036258697509765625
0.003580331802368164
0.003453969955444336
0.0034754276275634766
0.0033593177795410156
0.003439188003540039
0.0034470558166503906
0.003569364547729492
0.0034792423248291016
0.0036177635192871094
0.003622770309448242
0.0033807754516601562
0.003556489944458008
0.003548145294189453
0.0035445690155029297
0.0038056373596191406
0.0037848949432373047
0.0037527084350585938
0.0037746429443359375
0.0037453174591064453
0.003858804702758789
0.00760960578918457
0.0066890716552734375
0.007232189178466797
0.006972312927246094
0.007346153259277344
0.0072515010833740234
0.00774836540222168
0.006870746612548828
0.010852336883544922
0.0071146488189697266
0.007158041000366211
0.007874488830566406
0.00719761848449707
0.007378339767456055
0.006627559661865234
0.010528326034545898
0.00774073600769043
0.0065479278564453125
0.007303476333618164
0.0070760250091552734
0.010326147079467773
0.007540702819824219
0.006769657135009766
0.007730245590209961
0.006815195083618164
0.010487556457519531
0.007601737976074219
0.006603717803955078
0.010230064392089844
0.007467508316040039
0.0065386295318603516
0.007337093353271484
0.007062673568725586
0.010774850845336914
0.007871389389038086
0.007525205612182617
0.01058053970336914
0.00726628303527832
0.0071637630462646484
0.012270212173461914
0.0006430149078369141
0.0006928443908691406
0.004720211029052734
0.004746437072753906
0.004716634750366211
0.0049364566802978516
0.004671812057495117
0.004395008087158203
0.004383563995361328
0.0044629573822021484
0.0045244693756103516
0.0044040679931640625
0.004606723785400391
0.0045893192291259766
0.004597187042236328
0.004774570465087891
0.0048236846923828125
0.004608631134033203
0.0046291351318359375
0.004579305648803711
0.004599094390869141
0.00471806526184082
0.004656314849853516
0.004437446594238281
0.004431247711181641
0.0044748783111572266
0.0045130252838134766
0.004765748977661133
0.0045604705810546875
0.004421234130859375
0.004425525665283203
0.004687309265136719
0.00490570068359375
0.004914045333862305
0.004753589630126953
0.005075216293334961
0.0047414302825927734
0.00488591194152832
0.004879474639892578
0.004978656768798828
0.004903078079223633
0.004743814468383789
0.0044443607330322266
0.004450798034667969
0.004449367523193359
0.0043947696685791016
0.004527091979980469
0.004444122314453125
0.004550457000732422
0.004510402679443359
0.004464626312255859
0.004461765289306641
0.00476527214050293
0.004724740982055664
0.004843235015869141
0.004766702651977539
0.0048410892486572266
0.0049250125885009766
0.005183696746826172
0.005076169967651367
0.005232572555541992
0.005274772644042969
0.005356550216674805
0.0049610137939453125
0.009258031845092773
0.008520841598510742
0.008690357208251953
0.005521059036254883
0.009111404418945312
0.008561849594116211
0.009426355361938477
0.008558034896850586
0.009251832962036133
0.008527755737304688
0.013000011444091797
0.009138345718383789
0.00884389877319336
0.0061092376708984375
0.0019183158874511719
0.005380868911743164
0.004924297332763672
0.005484104156494141
0.00478363037109375
0.009456396102905273
0.0055201053619384766
0.004722118377685547
0.00920724868774414
0.008454561233520508
0.009330987930297852
0.008476018905639648
0.013025522232055664
0.009267807006835938
0.008618593215942383
0.009579658508300781
0.00933694839477539
0.013462543487548828
0.00977182388305664
0.008747577667236328
0.009083986282348633
0.008553266525268555
0.013718843460083008
0.005685567855834961
0.004854917526245117
0.0053446292877197266
0.0048410892486572266
0.009599924087524414
0.005903482437133789
0.00536346435546875
0.005838632583618164
0.00540471076965332
0.010327339172363281
0.0057141780853271484
0.0048487186431884766
0.0054912567138671875
0.004906415939331055
0.009343147277832031
0.00915217399597168
0.00854945182800293
0.013059854507446289
0.009339332580566406
0.008551836013793945
0.009295225143432617
0.008504629135131836
0.012994766235351562
0.009278059005737305
0.008772850036621094
0.01328587532043457
0.005563974380493164
0.004892826080322266
0.009531259536743164
0.005784749984741211
0.004920482635498047
0.00554203987121582
0.004732608795166016
0.009449958801269531
0.005548715591430664
0.0049054622650146484
0.009734153747558594
0.009340047836303711
0.009357690811157227
0.013635873794555664
0.005529165267944336
0.0048139095306396484
0.009920835494995117
0.0002999305725097656
0.004949092864990234
0.005075216293334961
0.00486445426940918
0.004957675933837891
0.00495147705078125
0.005018711090087891
0.004929780960083008
0.004472017288208008
0.004506111145019531
0.004445552825927734
0.004405975341796875
0.004450798034667969
0.004395723342895508
0.004418611526489258
0.00440216064453125
0.0045583248138427734
0.004511594772338867
0.0045511722564697266
0.0044744014739990234
0.0045680999755859375
0.004563808441162109
0.0044672489166259766
0.004728794097900391
0.004453897476196289
0.004634857177734375
0.0045318603515625
0.004653453826904297
0.0045964717864990234
0.004526376724243164
0.00452423095703125
0.004564046859741211
0.008742570877075195
0.008318185806274414
0.0012347698211669922
0.009248018264770508
0.008233308792114258
0.008793830871582031
0.008365869522094727
0.00498199462890625
0.008880376815795898
0.008559942245483398
0.00947117805480957
0.005347490310668945
0.014615774154663086
0.013178110122680664
0.009643077850341797
0.008826255798339844
0.00829458236694336
0.008520841598510742
0.005040407180786133
0.012941360473632812
0.012450695037841797
0.008958578109741211
0.008757352828979492
0.008341550827026367
0.0049932003021240234
0.008954048156738281
0.008290290832519531
0.008952617645263672
0.008421659469604492
0.012724876403808594
0.009326934814453125
0.008513927459716797
0.008777379989624023
0.00836944580078125
0.009104490280151367
0.005004405975341797
0.013477087020874023
0.01359415054321289
0.010085344314575195
0.009004592895507812
0.008376359939575195
0.008506536483764648
0.00507807731628418
0.012912988662719727
0.012405872344970703
0.008935213088989258
0.008776187896728516
0.008350610733032227
0.0050258636474609375
0.008911371231079102
0.008378744125366211
0.009056568145751953
0.008334636688232422
0.005056858062744141
0.013380765914916992
0.01263570785522461
0.01290583610534668
0.012695789337158203
0.012872457504272461
0.009572267532348633
0.009023904800415039
0.017231225967407227
0.017207860946655273
0.013983726501464844
0.008867979049682617
0.008366823196411133
0.009181976318359375
0.0050966739654541016
0.013269901275634766
0.012962102890014648
0.009607791900634766
0.008800029754638672
0.008365631103515625
0.008445262908935547
0.005297422409057617
0.013400554656982422
0.012489795684814453
0.009212493896484375
0.00912332534790039
0.008345603942871094
0.01285552978515625
0.008991003036499023
0.008493661880493164
0.009105920791625977
0.00827336311340332
0.012897491455078125
0.008847713470458984
0.008669853210449219
0.009208202362060547
0.008544921875
0.005043983459472656
0.013336420059204102
0.012726306915283203
0.013082265853881836
0.01250314712524414
0.013103961944580078
0.009725809097290039
0.00924539566040039
0.01725149154663086
0.01699042320251465
0.013927459716796875
0.008816957473754883
0.008571863174438477
0.009380817413330078
0.005542755126953125
0.013503789901733398
0.01303863525390625
0.00974726676940918
0.008810997009277344
0.008482694625854492
0.008946895599365234
0.00517725944519043
0.012977123260498047
0.01237630844116211
0.009065866470336914
0.009074687957763672
0.008562088012695312
0.009263992309570312
0.008423089981079102
0.005021810531616211
0.013332843780517578
0.012738466262817383
0.013295888900756836
0.012285709381103516
0.012912273406982422
0.009704351425170898
0.00894784927368164
0.017235279083251953
0.017703771591186523
0.014977216720581055
0.010182619094848633
0.00913095474243164
0.013632774353027344
0.009056806564331055
0.008468866348266602
0.009127140045166016
0.008485555648803711
0.00522613525390625
0.013497591018676758
0.012758255004882812
0.013068199157714844
0.01235055923461914
0.013020753860473633
0.00977468490600586
0.009254217147827148
0.017395973205566406
0.016908645629882812
0.013625860214233398
0.0003266334533691406
0.0002799034118652344
0.000217437744140625
0.0003132820129394531
0.0003299713134765625
0.00026535987854003906
0.0003502368927001953
0.0002875328063964844
0.0002918243408203125
0.00034999847412109375
0.0003726482391357422
0.00034308433532714844
0.0003142356872558594
0.000377655029296875
0.0003027915954589844
0.00033974647521972656
0.0003800392150878906
0.00038504600524902344
0.000370025634765625
0.0003712177276611328
0.00037741661071777344
0.0004343986511230469
0.00038743019104003906
0.00045943260192871094
0.0004317760467529297
0.00047206878662109375
0.0002493858337402344
0.004311800003051758
0.004450082778930664
0.004230499267578125
0.004157066345214844
0.0042574405670166016
0.004205942153930664
0.004395723342895508
0.004292488098144531
0.004361629486083984
0.00429081916809082
0.0043947696685791016
0.0046613216400146484
0.00435948371887207
0.004647970199584961
0.004937410354614258
0.00028443336486816406
0.005545139312744141
0.0054874420166015625
0.00579524040222168
0.005881547927856445
0.0059969425201416016
0.00580286979675293
0.0059969425201416016
0.005896091461181641
0.0057506561279296875
0.005635499954223633
0.005862236022949219
0.005654335021972656
0.005443572998046875
0.005321502685546875
0.005368471145629883
0.009065628051757812
0.009357452392578125
0.008807897567749023
0.00896906852722168
0.008970022201538086
0.009099483489990234
0.008914709091186523
0.009190797805786133
0.00030231475830078125
0.0002415180206298828
0.0014240741729736328
0.00032806396484375
0.004503726959228516
0.00024175643920898438
0.005568027496337891
0.0002751350402832031
0.00029754638671875
0.004831552505493164
0.004851818084716797
0.0003376007080078125
0.004986286163330078
0.0043828487396240234
0.008640050888061523
0.00418543815612793
0.008706331253051758
0.000316619873046875
0.0003113746643066406
0.00029015541076660156
0.00035119056701660156
0.0003333091735839844
0.00035643577575683594
0.000408172607421875
0.00038170814514160156
0.0050373077392578125
0.004372358322143555
0.004869937896728516
0.004370212554931641
0.008855581283569336
0.004952430725097656
0.004348278045654297
0.005334377288818359
0.0043354034423828125
0.009172916412353516
0.000339508056640625
0.00039386749267578125
0.0003440380096435547
0.0003216266632080078
0.00038361549377441406
0.00043392181396484375
0.0003883838653564453
0.0004639625549316406
0.00034618377685546875
0.00040531158447265625
0.00040459632873535156
0.00042438507080078125
0.0004737377166748047
0.0004520416259765625
0.00045108795166015625
0.00047588348388671875
0.005054473876953125
0.004266023635864258
0.004960298538208008
0.004620552062988281
0.005011320114135742
0.004401683807373047
0.008999347686767578
0.005053520202636719
0.004376888275146484
0.005032539367675781
0.00446629524230957
0.008873701095581055
0.005434513092041016
0.004717826843261719
0.005532026290893555
0.004824399948120117
0.009020566940307617
0.0051615238189697266
0.004632234573364258
0.009123086929321289
0.00033783912658691406
0.004516124725341797
0.004410743713378906
0.004670381546020508
0.004826784133911133
0.004913806915283203
0.004862308502197266
0.004257678985595703
0.004187345504760742
0.004471778869628906
0.004258871078491211
0.0044481754302978516
0.004714488983154297
0.004621982574462891
0.004836559295654297
0.004750490188598633
0.0048754215240478516
0.004766941070556641
0.005166530609130859
0.004464387893676758
0.004326820373535156
0.00456547737121582
0.0042781829833984375
0.004411220550537109
0.0042836666107177734
0.004624605178833008
0.00429987907409668
0.004494190216064453
0.0043103694915771484
0.004419088363647461
0.004511356353759766
0.0043561458587646484
0.00887608528137207
0.008185386657714844
0.008903264999389648
0.008245468139648438
0.008933067321777344
0.008266925811767578
0.009114980697631836
0.008599519729614258
0.012881755828857422
0.009135961532592773
0.00821685791015625
0.009089469909667969
0.008209228515625
0.008924722671508789
0.008153200149536133
0.01276540756225586
0.008872509002685547
0.008377790451049805
0.008899688720703125
0.008627891540527344
0.012928485870361328
0.008833646774291992
0.008284568786621094
0.009178638458251953
0.008709907531738281
0.012903213500976562
0.009284019470214844
0.008187532424926758
0.012936115264892578
0.008991479873657227
0.008263826370239258
0.008865118026733398
0.008214712142944336
0.012827634811401367
0.008962154388427734
0.008399009704589844
0.01362156867980957
0.009940385818481445
0.00871133804321289
0.013272762298583984
0.00037789344787597656
0.0006811618804931641
0.004951953887939453
0.004777193069458008
0.004658937454223633
0.004792928695678711
0.004868507385253906
0.004546642303466797
0.004437923431396484
0.0043582916259765625
0.004367351531982422
0.0043833255767822266
0.00461578369140625
0.004801511764526367
0.004721164703369141
0.0047342777252197266
0.004770755767822266
0.0049092769622802734
0.004774808883666992
0.0047070980072021484
0.004987955093383789
0.004632234573364258
0.0044231414794921875
0.004366159439086914
0.004390716552734375
0.0044384002685546875
0.0044481754302978516
0.00442814826965332
0.004486083984375
0.0043735504150390625
0.0046727657318115234
0.0044403076171875
0.004736661911010742
0.004860877990722656
0.00565648078918457
0.005285739898681641
0.005260944366455078
0.0051152706146240234
0.005101919174194336
0.005400896072387695
0.004957914352416992
0.004981279373168945
0.005047798156738281
0.0047647953033447266
0.0049877166748046875
0.005579471588134766
0.004918336868286133
0.0048673152923583984
0.005468130111694336
0.004695415496826172
0.0050275325775146484
0.004921436309814453
0.005127906799316406
0.005460023880004883
0.005182981491088867
0.005675315856933594
0.005358457565307617
0.005242824554443359
0.0053217411041259766
0.0049855709075927734
0.005034685134887695
0.00509190559387207
0.0050084590911865234
0.004749774932861328
0.010753393173217773
0.009400129318237305
0.009569168090820312
0.005566120147705078
0.009817361831665039
0.008968114852905273
0.010131120681762695
0.009124517440795898
0.009623050689697266
0.009501457214355469
0.014252424240112305
0.010345935821533203
0.009754657745361328
0.0063097476959228516
0.002291440963745117
0.005995273590087891
0.00533747673034668
0.0061626434326171875
0.005086183547973633
0.010172843933105469
0.005598545074462891
0.004975557327270508
0.009859323501586914
0.009214401245117188
0.009939908981323242
0.009320735931396484
0.013943910598754883
0.010247468948364258
0.009508609771728516
0.010215282440185547
0.009364128112792969
0.013936758041381836
0.009818315505981445
0.0087432861328125
0.009575605392456055
0.008600711822509766
0.013198375701904297
0.005784749984741211
0.004830360412597656
0.005501747131347656
0.0047321319580078125
0.009766340255737305
0.005774736404418945
0.005167961120605469
0.0054323673248291016
0.0052490234375
0.009560346603393555
0.005620479583740234
0.0051593780517578125
0.005783796310424805
0.004744768142700195
0.009373664855957031
0.00927734375
0.009093284606933594
0.01440286636352539
0.009956836700439453
0.009344816207885742
0.009899139404296875
0.009305953979492188
0.014256715774536133
0.009918928146362305
0.009397268295288086
0.014649629592895508
0.005662441253662109
0.0058803558349609375
0.010132312774658203
0.005769491195678711
0.005432844161987305
0.005907535552978516
0.005292415618896484
0.010353326797485352
0.005790233612060547
0.00546574592590332
0.010117292404174805
0.010450363159179688
0.009084224700927734
0.01535177230834961
0.006506681442260742
0.005991220474243164
0.010571479797363281
0.0002720355987548828
0.0047075748443603516
0.005003690719604492
0.004596710205078125
0.004615068435668945
0.00466465950012207
0.00507807731628418
0.0049228668212890625
0.004709005355834961
0.004747152328491211
0.005018949508666992
0.004852294921875
0.004699230194091797
0.004599571228027344
0.005171060562133789
0.004724740982055664
0.0051097869873046875
0.005079030990600586
0.005037546157836914
0.004724740982055664
0.005337715148925781
0.004826545715332031
0.004662036895751953
0.004761934280395508
0.005146026611328125
0.0045850276947021484
0.004945278167724609
0.005041360855102539
0.005311489105224609
0.004817485809326172
0.004762411117553711
0.004850149154663086
0.009928464889526367
0.009225845336914062
0.0012881755828857422
0.010044336318969727
0.009043455123901367
0.009941816329956055
0.00882863998413086
0.00603032112121582
0.009541749954223633
0.0094146728515625
0.010250568389892578
0.005707263946533203
0.014822721481323242
0.015208244323730469
0.011047840118408203
0.009711027145385742
0.008974552154541016
0.008797168731689453
0.005500078201293945
0.013415336608886719
0.014215230941772461
0.01001739501953125
0.009674310684204102
0.00990438461303711
0.0054547786712646484
0.009430885314941406
0.00921320915222168
0.009820938110351562
0.009553909301757812
0.014504671096801758
0.009955644607543945
0.008898735046386719
0.010061264038085938
0.008942127227783203
0.009904861450195312
0.00558924674987793
0.014044046401977539
0.014119148254394531
0.010155200958251953
0.009978532791137695
0.00908350944519043
0.009226083755493164
0.005216121673583984
0.013838768005371094
0.014045953750610352
0.009732723236083984
0.009872674942016602
0.009279012680053711
0.005411863327026367
0.009743928909301758
0.008781194686889648
0.009908676147460938
0.009478092193603516
0.0051937103271484375
0.014567852020263672
0.01390528678894043
0.01407480239868164
0.013573408126831055
0.014117240905761719
0.010353803634643555
0.009412527084350586
0.020106792449951172
0.0184173583984375
0.014739990234375
0.009484529495239258
0.009029626846313477
0.009810209274291992
0.005461215972900391
0.014827251434326172
0.014459371566772461
0.01137399673461914
0.009285926818847656
0.009274005889892578
0.009408235549926758
0.005250692367553711
0.014017343521118164
0.013719797134399414
0.010137319564819336
0.010079622268676758
0.009879350662231445
0.015196084976196289
0.010048627853393555
0.00911259651184082
0.009638786315917969
0.009101629257202148
0.014126777648925781
0.009885072708129883
0.00884103775024414
0.010254383087158203
0.009386777877807617
0.005760669708251953
0.014616727828979492
0.01405024528503418
0.014197587966918945
0.0146026611328125
0.014537572860717773
0.010227680206298828
0.010096549987792969
0.019301414489746094
0.01842498779296875
0.015159368515014648
0.011021852493286133
0.010418176651000977
0.009805679321289062
0.005665302276611328
0.014333248138427734
0.014543771743774414
0.01032257080078125
0.009109020233154297
0.008573770523071289
0.009112119674682617
0.0051038265228271484
0.012768745422363281
0.012582778930664062
0.009009599685668945
0.008910179138183594
0.008574247360229492
0.009124994277954102
0.008875846862792969
0.0050466060638427734
0.013637304306030273
0.01318669319152832
0.012975931167602539
0.012504816055297852
0.013657331466674805
0.010439395904541016
0.009112119674682617
0.017604589462280273
0.017386198043823242
0.013805866241455078
0.009590387344360352
0.008568525314331055
0.012934207916259766
0.009142160415649414
0.008476972579956055
0.00925755500793457
0.008477926254272461
0.0051686763763427734
0.013511419296264648
0.013101816177368164
0.013293027877807617
0.012517213821411133
0.01369333267211914
0.009815216064453125
0.009451866149902344
0.01786971092224121
0.01749444007873535
0.013720989227294922
0.0003006458282470703
0.00032520294189453125
0.00029087066650390625
0.0003261566162109375
0.00034356117248535156
0.00031757354736328125
0.0003261566162109375
0.0003223419189453125
0.0003921985626220703
0.0003612041473388672
0.0004055500030517578
0.0003521442413330078
0.0003044605255126953
0.0003943443298339844
0.0003516674041748047
0.00038123130798339844
0.0004138946533203125
0.0004222393035888672
0.0003719329833984375
0.0004127025604248047
0.0003867149353027344
0.00042247772216796875
0.0004277229309082031
0.0005154609680175781
0.0004334449768066406
0.0005552768707275391
0.0002827644348144531
0.004806995391845703
0.004937887191772461
0.004943370819091797
0.0046694278717041016
0.004824399948120117
0.004624128341674805
0.004603862762451172
0.004464149475097656
0.004315853118896484
0.004555940628051758
0.004720211029052734
0.00476527214050293
0.004354000091552734
0.0042247772216796875
0.004384517669677734
0.0002892017364501953
0.005315065383911133
0.004845857620239258
0.004837512969970703
0.004831075668334961
0.004945039749145508
0.005034685134887695
0.004973888397216797
0.004895687103271484
0.004975318908691406
0.005002260208129883
0.0053861141204833984
0.005066871643066406
0.004963874816894531
0.004918575286865234
0.0054242610931396484
0.008683204650878906
0.009213924407958984
0.008976459503173828
0.009119033813476562
0.008890151977539062
0.009203672409057617
0.009018659591674805
0.009056806564331055
0.00032067298889160156
0.0009582042694091797
0.00025081634521484375
0.0060155391693115234
0.0003108978271484375
0.0055768489837646484
0.00461888313293457
0.009360790252685547
0.00029850006103515625
0.00029349327087402344
0.0003654956817626953
0.0003483295440673828
0.00515437126159668
0.004469394683837891
0.00530695915222168
0.004274606704711914
0.009188652038574219
0.00031304359436035156
0.0003387928009033203
0.0003094673156738281
0.00034356117248535156
0.00038123130798339844
0.0004220008850097656
0.00036025047302246094
0.0004246234893798828
0.00500035285949707
0.004419088363647461
0.005002021789550781
0.00432276725769043
0.0050334930419921875
0.004258632659912109
0.008854389190673828
0.004984378814697266
0.004668712615966797
0.008841753005981445
0.0003361701965332031
0.0003962516784667969
0.00038814544677734375
0.0003275871276855469
0.00039386749267578125
0.00043392181396484375
0.0004119873046875
0.00044345855712890625
0.0004038810729980469
0.0004360675811767578
0.00038361549377441406
0.0004825592041015625
0.0004889965057373047
0.00048041343688964844
0.0004489421844482422
0.0005433559417724609
0.004863262176513672
0.004231929779052734
0.004944562911987305
0.004297733306884766
0.00501251220703125
0.004346609115600586
0.00516819953918457
0.00479435920715332
0.008789300918579102
0.005393505096435547
0.004695892333984375
0.0052776336669921875
0.004654884338378906
0.009154319763183594
0.005137205123901367
0.004820823669433594
0.009627103805541992
0.00548863410949707
0.004668235778808594
0.009563446044921875
0.0003802776336669922
0.004585981369018555
0.0043337345123291016
0.004264116287231445
0.004537105560302734
0.004827737808227539
0.004317760467529297
0.004652738571166992
0.004845380783081055
0.004754543304443359
0.004647254943847656
0.004893779754638672
0.005003213882446289
0.0044782161712646484
0.0044972896575927734
0.004648923873901367
0.004999399185180664
0.004660367965698242
0.004842281341552734
0.0046863555908203125
0.005028963088989258
0.004444122314453125
0.004483699798583984
0.004369974136352539
0.004629373550415039
0.004360198974609375
0.004730939865112305
0.004559040069580078
0.004767417907714844
0.004914522171020508
0.004804849624633789
0.004415750503540039
0.008943796157836914
0.008105039596557617
0.009100198745727539
0.00813436508178711
0.009410619735717773
0.00841665267944336
0.008803606033325195
0.008255720138549805
0.009163856506347656
0.00859522819519043
0.013264179229736328
0.009312152862548828
0.008324384689331055
0.009722709655761719
0.008530855178833008
0.009052276611328125
0.008099794387817383
0.012710094451904297
0.009395599365234375
0.008655548095703125
0.009170293807983398
0.008516073226928711
0.013782739639282227
0.009521245956420898
0.008694171905517578
0.01273655891418457
0.008948087692260742
0.008361101150512695
0.009204864501953125
0.008813619613647461
0.013359785079956055
0.009130477905273438
0.00841212272644043
0.013433456420898438
0.009356021881103516
0.008376121520996094
0.013172149658203125
0.009366273880004883
0.008319377899169922
0.013174057006835938
0.00040411949157714844
0.0006015300750732422
0.0046880245208740234
0.0047457218170166016
0.00462794303894043
0.0046694278717041016
0.004743337631225586
0.0045032501220703125
0.004475593566894531
0.0045053958892822266
0.004651784896850586
0.004584312438964844
0.004631519317626953
0.004706382751464844
0.004688262939453125
0.004623889923095703
0.004708051681518555
0.004709959030151367
0.004633188247680664
0.004624366760253906
0.004918098449707031
0.00474238395690918
0.004451274871826172
0.004647254943847656
0.004595756530761719
0.0045282840728759766
0.004482746124267578
0.004583597183227539
0.004519462585449219
0.004690885543823242
0.00447845458984375
0.004709482192993164
0.004979133605957031
0.004654645919799805
0.004800558090209961
0.004936695098876953
0.004684925079345703
0.00465083122253418
0.004721164703369141
0.004716157913208008
0.004673004150390625
0.004693269729614258
0.004898786544799805
0.004493236541748047
0.004603147506713867
0.00446319580078125
0.004631757736206055
0.004490375518798828
0.004684925079345703
0.00455164909362793
0.004495382308959961
0.004571676254272461
0.0049152374267578125
0.005151033401489258
0.00480961799621582
0.004691362380981445
0.004764556884765625
0.004541635513305664
0.004548788070678711
0.0048143863677978516
0.004549741744995117
0.004575490951538086
0.004800319671630859
0.005252361297607422
0.009459733963012695
0.008977413177490234
0.008675336837768555
0.005408048629760742
0.009061813354492188
0.00897979736328125
0.009126901626586914
0.00851297378540039
0.009078025817871094
0.008620262145996094
0.009178876876831055
0.009058952331542969
0.013637065887451172
0.006014347076416016
0.0014452934265136719
0.005364656448364258
0.004755735397338867
0.0053751468658447266
0.0049037933349609375
0.005979061126708984
0.004801034927368164
0.009439706802368164
0.009286165237426758
0.0093994140625
0.010023355484008789
0.009427547454833984
0.009742021560668945
0.008838653564453125
0.013849735260009766
0.010297775268554688
0.010643482208251953
0.009403228759765625
0.009017229080200195
0.013868331909179688
0.009454488754272461
0.009326934814453125
0.014419794082641602
0.005579710006713867
0.004891157150268555
0.0054950714111328125
0.0048863887786865234
0.0055561065673828125
0.0051229000091552734
0.009311199188232422
0.005833864212036133
0.004793643951416016
0.005432605743408203
0.0047643184661865234
0.00932765007019043
0.005745649337768555
0.005177974700927734
0.009911298751831055
0.010106801986694336
0.008600234985351562
0.00947260856628418
0.008764028549194336
0.013749837875366211
0.00957179069519043
0.00854039192199707
0.013372659683227539
0.010080814361572266
0.009495735168457031
0.013770103454589844
0.005471229553222656
0.005036592483520508
0.005631208419799805
0.005007505416870117
0.009898185729980469
0.005629062652587891
0.00477910041809082
0.00945734977722168
0.005616188049316406
0.0048291683197021484
0.009760856628417969
0.009855270385742188
0.009292364120483398
0.013570785522460938
0.005630970001220703
0.005476951599121094
0.010005950927734375
0.0002715587615966797
0.0047910213470458984
0.004803180694580078
0.004706382751464844
0.00475621223449707
0.004786252975463867
0.004525423049926758
0.0047490596771240234
0.004544496536254883
0.004724740982055664
0.0049037933349609375
0.004960060119628906
0.004661083221435547
0.0045926570892333984
0.0047190189361572266
0.0044841766357421875
0.005135774612426758
0.0047910213470458984
0.005011796951293945
0.0050356388092041016
0.004934787750244141
0.005188941955566406
0.004946231842041016
0.0049283504486083984
0.004687309265136719
0.004622459411621094
0.005010843276977539
0.004653453826904297
0.004604339599609375
0.00491786003112793
0.0047321319580078125
0.0050389766693115234
0.00911569595336914
0.00872182846069336
0.0010747909545898438
0.008881330490112305
0.008780956268310547
0.009007453918457031
0.008994340896606445
0.005646228790283203
0.009933710098266602
0.008699178695678711
0.005061626434326172
0.009266138076782227
0.009199857711791992
0.009459733963012695
0.005241870880126953
0.013512372970581055
0.013140678405761719
0.009975910186767578
0.008740901947021484
0.008513927459716797
0.008365392684936523
0.004964351654052734
0.012984991073608398
0.01306915283203125
0.009383916854858398
0.009824275970458984
0.008883953094482422
0.009213924407958984
0.008765935897827148
0.009095191955566406
0.008251667022705078
0.012729167938232422
0.0089263916015625
0.008777618408203125
0.00510406494140625
0.009406328201293945
0.008476018905639648
0.00920724868774414
0.005025148391723633
0.013931035995483398
0.013206958770751953
0.00958108901977539
0.008857250213623047
0.008990287780761719
0.008987188339233398
0.005734920501708984
0.013396024703979492
0.01267862319946289
0.009477853775024414
0.00963139533996582
0.008753776550292969
0.009479284286499023
0.00529170036315918
0.013848543167114258
0.013310670852661133
0.010303020477294922
0.009197473526000977
0.00861978530883789
0.008413553237915039
0.0053253173828125
0.013452768325805664
0.012480974197387695
0.009003877639770508
0.009175539016723633
0.008446693420410156
0.009818553924560547
0.008486270904541016
0.005012989044189453
0.013403177261352539
0.012679815292358398
0.013332843780517578
0.012414216995239258
0.012868165969848633
0.009660005569458008
0.009431600570678711
0.017517805099487305
0.017395973205566406
0.014571189880371094
0.009759187698364258
0.008905887603759766
0.009235620498657227
0.008568525314331055
0.013184547424316406
0.009664297103881836
0.009150266647338867
0.015463113784790039
0.009313106536865234
0.009298086166381836
0.009289979934692383
0.005117654800415039
0.013640165328979492
0.013371706008911133
0.010233163833618164
0.009282112121582031
0.008771657943725586
0.009086847305297852
0.005266666412353516
0.013818502426147461
0.012601613998413086
0.009348392486572266
0.009171724319458008
0.008615255355834961
0.009550809860229492
0.008620738983154297
0.005082845687866211
0.013356208801269531
0.012768268585205078
0.013535261154174805
0.013016462326049805
0.0130157470703125
0.009707212448120117
0.009224653244018555
0.017323732376098633
0.017004013061523438
0.013481616973876953
0.009161710739135742
0.008484363555908203
0.009110689163208008
0.008428096771240234
0.005075693130493164
0.014250993728637695
0.014396905899047852
0.013971567153930664
0.013068675994873047
0.013423442840576172
0.009775161743164062
0.009177684783935547
0.017429351806640625
0.017586231231689453
0.013771772384643555
0.009087085723876953
0.008653879165649414
0.013380050659179688
0.008913993835449219
0.008582592010498047
0.009410619735717773
0.009168148040771484
0.00541996955871582
0.014341592788696289
0.013468265533447266
0.013428449630737305
0.013083219528198242
0.013589620590209961
0.010342597961425781
0.009037971496582031
0.017606496810913086
0.017067909240722656
0.013943195343017578
0.00032329559326171875
0.00031685829162597656
0.00027561187744140625
0.0003142356872558594
0.00030493736267089844
0.0002779960632324219
0.00031280517578125
0.0002865791320800781
0.00035262107849121094
0.0003452301025390625
0.0003781318664550781
0.0003559589385986328
0.0003046989440917969
0.00037860870361328125
0.0003483295440673828
0.00035762786865234375
0.0004677772521972656
0.00046133995056152344
0.0003955364227294922
0.0004277229309082031
0.00039505958557128906
0.00045990943908691406
0.0004127025604248047
0.0004668235778808594
0.00041556358337402344
0.0004801750183105469
0.00027823448181152344
0.004348039627075195
0.004545450210571289
0.00449371337890625
0.004091739654541016
0.004281044006347656
0.004240512847900391
0.00434565544128418
0.004495382308959961
0.004817485809326172
0.004438638687133789
0.004476785659790039
0.00439763069152832
0.004393815994262695
0.00455927848815918
0.004351615905761719
0.0002970695495605469
0.005394935607910156
0.004980802536010742
0.00481414794921875
0.004798412322998047
0.004940032958984375
0.004915475845336914
0.004926919937133789
0.005034923553466797
0.005202770233154297
0.004909038543701172
0.005059242248535156
0.005202293395996094
0.005342960357666016
0.005120515823364258
0.005480527877807617
0.008799552917480469
0.009290933609008789
0.008780956268310547
0.008646488189697266
0.008764982223510742
0.008896350860595703
0.0087127685546875
0.009252071380615234
0.00028777122497558594
0.0009551048278808594
0.00023174285888671875
0.005430936813354492
0.0003044605255126953
0.005119800567626953
0.004166841506958008
0.008773088455200195
0.0002994537353515625
0.0003006458282470703
0.0003113746643066406
0.00034809112548828125
0.0048105716705322266
0.004279136657714844
0.0050008296966552734
0.0044858455657958984
0.009428977966308594
0.0003082752227783203
0.0003185272216796875
0.0003046989440917969
0.0003306865692138672
0.00033402442932128906
0.0003771781921386719
0.00035190582275390625
0.000385284423828125
0.004938840866088867
0.0042150020599365234
0.004903554916381836
0.0044667720794677734
0.004887819290161133
0.00417637825012207
0.009023904800415039
0.00547027587890625
0.004503965377807617
0.008960485458374023
0.0003685951232910156
0.0004215240478515625
0.0003833770751953125
0.00032639503479003906
0.000392913818359375
0.0004096031188964844
0.00039958953857421875
0.00042510032653808594
0.00037860870361328125
0.00044727325439453125
0.0003781318664550781
0.000461578369140625
0.0004668235778808594
0.0004506111145019531
0.0004477500915527344
0.0005044937133789062
0.004892110824584961
0.004437685012817383
0.005094766616821289
0.004273891448974609
0.0053424835205078125
0.004853487014770508
0.0051653385162353516
0.004459381103515625
0.008864879608154297
0.00513768196105957
0.004414558410644531
0.005055427551269531
0.004439115524291992
0.009160757064819336
0.0053746700286865234
0.004306793212890625
0.008813858032226562
0.00504302978515625
0.004358768463134766
0.008858680725097656
0.00032806396484375
0.00432133674621582
0.004307746887207031
0.00427556037902832
0.004477739334106445
0.004249095916748047
0.004298210144042969
0.0044727325439453125
0.004247426986694336
0.004263162612915039
0.004319906234741211
0.00431513786315918
0.004286289215087891
0.004279136657714844
0.0043792724609375
0.004735708236694336
0.004552364349365234
0.00429534912109375
0.004507780075073242
0.004319906234741211
0.004335641860961914
0.004286289215087891
0.0042989253997802734
0.004457950592041016
0.004320621490478516
0.004328489303588867
0.004730701446533203
0.005127906799316406
0.004669189453125
0.004820823669433594
0.004616498947143555
0.004802703857421875
0.00880742073059082
0.008232831954956055
0.008779287338256836
0.00843954086303711
0.008918046951293945
0.008296728134155273
0.008780479431152344
0.008331775665283203
0.009111404418945312
0.00827932357788086
0.013147115707397461
0.009258747100830078
0.008397102355957031
0.008855104446411133
0.00865626335144043
0.008981704711914062
0.008351325988769531
0.01287698745727539
0.008857011795043945
0.008676767349243164
0.008957386016845703
0.008141517639160156
0.01271367073059082
0.00901174545288086
0.008432388305664062
0.012819766998291016
0.008910655975341797
0.008512020111083984
0.00934600830078125
0.008448362350463867
0.01344156265258789
0.009598493576049805
0.00857400894165039
0.012993335723876953
0.009412050247192383
0.008623123168945312
0.01342630386352539
0.009142875671386719
0.008211135864257812
0.01369166374206543
0.0003731250762939453
0.0006289482116699219
0.0048675537109375
0.005307674407958984
0.0049207210540771484
0.0046863555908203125
0.004698038101196289
0.004374027252197266
0.004568576812744141
0.004431486129760742
0.004688739776611328
0.0046498775482177734
0.004611492156982422
0.004602670669555664
0.004648447036743164
0.004784107208251953
0.004746675491333008
0.004746913909912109
0.004666566848754883
0.0046122074127197266
0.004700660705566406
0.0049893856048583984
0.004576921463012695
0.0044384002685546875
0.004408836364746094
0.004487276077270508
0.004480123519897461
0.004436016082763672
0.004543304443359375
0.004605531692504883
0.004473447799682617
0.004712104797363281
0.005194664001464844
0.00478363037109375
0.0046808719635009766
0.004745960235595703
0.004988908767700195
0.0049877166748046875
0.00480961799621582
0.004868030548095703
0.004864931106567383
0.004837512969970703
0.004556179046630859
0.004767656326293945
0.0044994354248046875
0.004621744155883789
0.004492521286010742
0.0044612884521484375
0.004517793655395508
0.004533052444458008
0.0044803619384765625
0.004590511322021484
0.004698514938354492
0.004850149154663086
0.005045413970947266
0.005218982696533203
0.00551152229309082
0.005273103713989258
0.005265235900878906
0.005044460296630859
0.0052490234375
0.004911661148071289
0.005419731140136719
0.005568742752075195
0.010583877563476562
0.009707927703857422
0.009690523147583008
0.005482912063598633
0.010231494903564453
0.010018348693847656
0.010808944702148438
0.01002955436706543
0.010886192321777344
0.010286331176757812
0.010965824127197266
0.009857892990112305
0.014482975006103516
0.006573200225830078
0.0015366077423095703
0.0054814815521240234
0.005099058151245117
0.0054814815521240234
0.004793882369995117
0.005938053131103516
0.005361080169677734
0.009547948837280273
0.010036230087280273
0.00968027114868164
0.010170936584472656
0.009346246719360352
0.00929403305053711
0.009049177169799805
0.0139617919921875
0.009626388549804688
0.009011983871459961
0.009935379028320312
0.008620738983154297
0.01389455795288086
0.009541034698486328
0.008614778518676758
0.013160228729248047
0.005860328674316406
0.00531458854675293
0.00597381591796875
0.004732370376586914
0.005490779876708984
0.004683732986450195
0.009510993957519531
0.005768537521362305
0.005572319030761719
0.006234884262084961
0.005535125732421875
0.009976387023925781
0.005818367004394531
0.005003929138183594
0.01013803482055664
0.010399103164672852
0.009811878204345703
0.009610891342163086
0.008615493774414062
0.013528108596801758
0.00946044921875
0.009499549865722656
0.013419866561889648
0.009705781936645508
0.008640527725219727
0.013164043426513672
0.005768299102783203
0.004802227020263672
0.0056149959564208984
0.00473785400390625
0.009716510772705078
0.005624055862426758
0.004729747772216797
0.00977635383605957
0.006086826324462891
0.005377292633056641
0.009468555450439453
0.009929418563842773
0.00865626335144043
0.01331949234008789
0.0058629512786865234
0.0049588680267333984
0.009984970092773438
0.00026679039001464844
0.00458073616027832
0.004382133483886719
0.004408121109008789
0.004365205764770508
0.0044345855712890625
0.00455164909362793
0.00492095947265625
0.004479169845581055
0.004525184631347656
0.00449371337890625
0.004446744918823242
0.004441022872924805
0.004442930221557617
0.004453420639038086
0.004436492919921875
0.0045697689056396484
0.00481867790222168
0.004891157150268555
0.00452733039855957
0.0045506954193115234
0.004532814025878906
0.004472970962524414
0.0044956207275390625
0.004468202590942383
0.004532337188720703
0.004643678665161133
0.0046384334564208984
0.004575014114379883
0.005005598068237305
0.004697561264038086
0.004678010940551758
0.008935213088989258
0.008326053619384766
0.0010197162628173828
0.009071826934814453
0.008323192596435547
0.009124279022216797
0.008375406265258789
0.005026578903198242
0.008907556533813477
0.008932828903198242
0.0051233768463134766
0.009459972381591797
0.008407354354858398
0.009273052215576172
0.0049533843994140625
0.013261556625366211
0.013202667236328125
0.009711742401123047
0.008790016174316406
0.008354902267456055
0.008337974548339844
0.004976511001586914
0.013205289840698242
0.012437582015991211
0.008948564529418945
0.009000539779663086
0.00868678092956543
0.009467124938964844
0.008510589599609375
0.008966684341430664
0.008256912231445312
0.012986421585083008
0.008938789367675781
0.009001731872558594
0.005064487457275391
0.008890151977539062
0.008424043655395508
0.009302139282226562
0.005017518997192383
0.013803720474243164
0.013111591339111328
0.00972890853881836
0.009432554244995117
0.008513927459716797
0.008968591690063477
0.00503993034362793
0.012634992599487305
0.012327909469604492
0.009335994720458984
0.009232759475708008
0.008446216583251953
0.009091615676879883
0.004987478256225586
0.013433694839477539
0.013498067855834961
0.010082006454467773
0.009679079055786133
0.008606910705566406
0.008623600006103516
0.005043983459472656
0.012878656387329102
0.012288570404052734
0.008877754211425781
0.008868932723999023
0.00869131088256836
0.009456396102905273
0.008350133895874023
0.004994392395019531
0.013269186019897461
0.012731313705444336
0.01351022720336914
0.012382030487060547
0.013054370880126953
0.010056495666503906
0.00948023796081543
0.017581939697265625
0.016982078552246094
0.013820648193359375
0.0094146728515625
0.008786439895629883
0.00918436050415039
0.008402347564697266
0.013445377349853516
0.009049415588378906
0.008325576782226562
0.013107776641845703
0.008943796157836914
0.009213924407958984
0.009565591812133789
0.005499124526977539
0.014495134353637695
0.013658523559570312
0.010746240615844727
0.009358406066894531
0.009428262710571289
0.00942373275756836
0.005470991134643555
0.014529943466186523
0.013483047485351562
0.010022401809692383
0.010075092315673828
0.008896827697753906
0.010297775268554688
0.008849859237670898
0.0055081844329833984
0.014259099960327148
0.013560056686401367
0.013937711715698242
0.013341903686523438
0.013933420181274414
0.010176420211791992
0.010108232498168945
0.01825261116027832
0.017971038818359375
0.014286279678344727
0.00995492935180664
0.008901357650756836
0.010407447814941406
0.009117364883422852
0.006163835525512695
0.01427912712097168
0.013392925262451172
0.014180183410644531
0.013323783874511719
0.014164209365844727
0.010436296463012695
0.009731769561767578
0.019263267517089844
0.018347740173339844
0.014864921569824219
0.010025978088378906
0.008951425552368164
0.014168500900268555
0.009978771209716797
0.009621858596801758
0.011395454406738281
0.009904623031616211
0.0060749053955078125
0.01613903045654297
0.014680862426757812
0.01490020751953125
0.013691186904907227
0.01589202880859375
0.010806083679199219
0.00995016098022461
0.018682479858398438
0.01815176010131836
0.014421463012695312
0.0003635883331298828
0.0003058910369873047
0.0002665519714355469
0.0003542900085449219
0.00030493736267089844
0.0002689361572265625
0.0003414154052734375
0.0003275871276855469
0.00032711029052734375
0.000408172607421875
0.0004298686981201172
0.00038552284240722656
0.0003571510314941406
0.0005884170532226562
0.0003643035888671875
0.00036787986755371094
0.00046563148498535156
0.0004661083221435547
0.0004096031188964844
0.00044846534729003906
0.0003693103790283203
0.0004315376281738281
0.0004298686981201172
0.00048232078552246094
0.0006678104400634766
0.0005700588226318359
0.0002892017364501953
0.00498652458190918
0.004657268524169922
0.004130840301513672
0.004308462142944336
0.004739522933959961
0.004468441009521484
0.0048029422760009766
0.0045146942138671875
0.004709959030151367
0.004542112350463867
0.004678487777709961
0.0048372745513916016
0.004654645919799805
0.004395484924316406
0.005037546157836914
0.00026679039001464844
0.005583524703979492
0.0059282779693603516
0.005739688873291016
0.005867958068847656
0.005765199661254883
0.006181240081787109
0.005625009536743164
0.005570888519287109
0.005963325500488281
0.006183147430419922
0.0059239864349365234
0.006033897399902344
0.006099700927734375
0.005899667739868164
0.0057048797607421875
0.01024770736694336
0.009884834289550781
0.01031494140625
0.009361505508422852
0.010074138641357422
0.009402990341186523
0.010111808776855469
0.009774208068847656
0.0003082752227783203
0.0009038448333740234
0.0003705024719238281
0.006120204925537109
0.0003285408020019531
0.005304574966430664
0.004460334777832031
0.00975489616394043
0.0003018379211425781
0.00034046173095703125
0.0003285408020019531
0.00033926963806152344
0.005522251129150391
0.004464149475097656
0.005356311798095703
0.004753589630126953
0.009239435195922852
0.00030231475830078125
0.0003368854522705078
0.0003273487091064453
0.0003256797790527344
0.0003516674041748047
0.0006415843963623047
0.00035071372985839844
0.0004456043243408203
0.0055332183837890625
0.0044553279876708984
0.005126953125
0.00460052490234375
0.0059261322021484375
0.004473209381103516
0.00916433334350586
0.0055272579193115234
0.004400968551635742
0.009793281555175781
0.0003399848937988281
0.0004017353057861328
0.0003936290740966797
0.0003287792205810547
0.0004150867462158203
0.00043845176696777344
0.0004279613494873047
0.0004379749298095703
0.0006229877471923828
0.0007522106170654297
0.00040340423583984375
0.00045490264892578125
0.0005161762237548828
0.0004482269287109375
0.00047326087951660156
0.0005092620849609375
0.005298137664794922
0.004601955413818359
0.005352497100830078
0.004538536071777344
0.0055866241455078125
0.004593610763549805
0.0050470829010009766
0.004503726959228516
0.009530305862426758
0.005486249923706055
0.00471949577331543
0.005173444747924805
0.0045452117919921875
0.009881019592285156
0.005264759063720703
0.004467964172363281
0.009701013565063477
0.005433320999145508
0.0051648616790771484
0.010193109512329102
0.00034618377685546875
0.0049092769622802734
0.0045011043548583984
0.004612445831298828
0.004914760589599609
0.004496097564697266
0.004550933837890625
0.004990816116333008
0.004615068435668945
0.004518032073974609
0.004603862762451172
0.0048885345458984375
0.004485368728637695
0.0043904781341552734
0.004610776901245117
0.0044879913330078125
0.004960775375366211
0.004880666732788086
0.004848480224609375
0.004772186279296875
0.004791259765625
0.004819393157958984
0.00461578369140625
0.004816293716430664
0.0046994686126708984
0.004936695098876953
0.004935264587402344
0.0046443939208984375
0.004613637924194336
0.005008220672607422
0.005079507827758789
0.004719734191894531
0.008986473083496094
0.008920669555664062
0.009430408477783203
0.008264541625976562
0.009660720825195312
0.00864863395690918
0.009840011596679688
0.008591413497924805
0.009600162506103516
0.008548974990844727
0.01405191421508789
0.010035037994384766
0.008765697479248047
0.009761810302734375
0.008818626403808594
0.009502887725830078
0.008787870407104492
0.013344287872314453
0.009342670440673828
0.009643316268920898
0.00994253158569336
0.008759498596191406
0.014250516891479492
0.009615898132324219
0.008523225784301758
0.013719320297241211
0.009430408477783203
0.009465456008911133
0.009813785552978516
0.009966373443603516
0.014961481094360352
0.009706735610961914
0.008819818496704102
0.013932466506958008
0.010014533996582031
0.008547544479370117
0.013889312744140625
0.009431600570678711
0.009047508239746094
0.013389110565185547
0.0003669261932373047
0.0006115436553955078
0.005097389221191406
0.0049419403076171875
0.004910707473754883
0.004820108413696289
0.005127906799316406
0.0045528411865234375
0.0046863555908203125
0.005076408386230469
0.004927873611450195
0.004583835601806641
0.0048143863677978516
0.004852294921875
0.005646228790283203
0.005636930465698242
0.0055084228515625
0.005173921585083008
0.005815982818603516
0.0051233768463134766
0.004813671112060547
0.004897117614746094
0.00508880615234375
0.0046443939208984375
0.004643678665161133
0.0048389434814453125
0.005038738250732422
0.005020856857299805
0.005117654800415039
0.004793405532836914
0.005300998687744141
0.0046117305755615234
0.004954814910888672
0.005129575729370117
0.005403041839599609
0.004865169525146484
0.0052242279052734375
0.005425691604614258
0.005263328552246094
0.005341768264770508
0.005055427551269531
0.005241870880126953
0.00486445426940918
0.0046422481536865234
0.004756450653076172
0.005071401596069336
0.004706859588623047
0.004820823669433594
0.005247831344604492
0.005205869674682617
0.004862308502197266
0.00471186637878418
0.00493311882019043
0.005371570587158203
0.005124092102050781
0.004931926727294922
0.005148172378540039
0.00537872314453125
0.0050754547119140625
0.004702329635620117
0.005240201950073242
0.0051114559173583984
0.00531768798828125
0.0050411224365234375
0.010335683822631836
0.008753538131713867
0.009742498397827148
0.0052030086517333984
0.009724140167236328
0.009627819061279297
0.010306835174560547
0.009505033493041992
0.010569572448730469
0.00931406021118164
0.009688377380371094
0.009353160858154297
0.013741016387939453
0.006704092025756836
0.0014119148254394531
0.00564122200012207
0.005400657653808594
0.006000995635986328
0.0052988529205322266
0.005866527557373047
0.005330085754394531
0.010189533233642578
0.010127067565917969
0.009045124053955078
0.010190248489379883
0.00887751579284668
0.010076284408569336
0.00879979133605957
0.014322042465209961
0.010390281677246094
0.009481191635131836
0.010403633117675781
0.009265422821044922
0.013873577117919922
0.010019779205322266
0.008870840072631836
0.01412343978881836
0.005849123001098633
0.0057713985443115234
0.0060579776763916016
0.0053179264068603516
0.006148099899291992
0.005280494689941406
0.009965658187866211
0.0057430267333984375
0.00530242919921875
0.00637507438659668
0.004956483840942383
0.009932518005371094
0.005821704864501953
0.0050466060638427734
0.010408878326416016
0.009634256362915039
0.00938868522644043
0.009609222412109375
0.009523868560791016
0.013833761215209961
0.010080099105834961
0.009146690368652344
0.013942956924438477
0.009957075119018555
0.00960397720336914
0.014121055603027344
0.006237983703613281
0.0054721832275390625
0.006072044372558594
0.005172014236450195
0.01076364517211914
0.006208896636962891
0.0053670406341552734
0.01018381118774414
0.006067752838134766
0.005127429962158203
0.010854482650756836
0.009781360626220703
0.009381294250488281
0.01349020004272461
0.006396293640136719
0.005042314529418945
0.01053476333618164
0.00028705596923828125
0.00464630126953125
0.004609584808349609
0.0044023990631103516
0.004669189453125
0.0049474239349365234
0.004771232604980469
0.004733562469482422
0.004722118377685547
0.0050907135009765625
0.004843473434448242
0.004805088043212891
0.0046977996826171875
0.0048980712890625
0.004763364791870117
0.0050220489501953125
0.005247831344604492
0.004965543746948242
0.005020618438720703
0.004799604415893555
0.00531005859375
0.005065441131591797
0.0048906803131103516
0.00476837158203125
0.004886627197265625
0.004778623580932617
0.005036830902099609
0.004888772964477539
0.005042314529418945
0.004827022552490234
0.005273580551147461
0.005530118942260742
0.009519815444946289
0.009387731552124023
0.0010404586791992188
0.009811878204345703
0.009235620498657227
0.009787797927856445
0.009476900100708008
0.005302906036376953
0.009165525436401367
0.009193897247314453
0.005237579345703125
0.009871482849121094
0.008753061294555664
0.010011911392211914
0.0053408145904541016
0.014516353607177734
0.014377355575561523
0.01006770133972168
0.010087251663208008
0.008806467056274414
0.009195566177368164
0.005487918853759766
0.013587236404418945
0.013620853424072266
0.009413957595825195
0.010187864303588867
0.009152650833129883
0.009867429733276367
0.008615732192993164
0.009808063507080078
0.009222030639648438
0.014256954193115234
0.009737968444824219
0.009320974349975586
0.005177736282348633
0.009254932403564453
0.009401082992553711
0.010198354721069336
0.0054361820220947266
0.014539480209350586
0.013724565505981445
0.010748863220214844
0.009431600570678711
0.009746551513671875
0.009022235870361328
0.005881309509277344
0.014946937561035156
0.013049125671386719
0.010146379470825195
0.009107112884521484
0.009182214736938477
0.00980067253112793
0.005717277526855469
0.014153480529785156
0.014023780822753906
0.010488033294677734
0.009500741958618164
0.00954294204711914
0.009363651275634766
0.006323814392089844
0.014726638793945312
0.014667034149169922
0.011183738708496094
0.009693384170532227
0.009643077850341797
0.009901046752929688
0.009245634078979492
0.005162954330444336
0.014460086822509766
0.013544559478759766
0.014526844024658203
0.012981653213500977
0.013979196548461914
0.010366439819335938
0.010256052017211914
0.01878190040588379
0.017969846725463867
0.014651775360107422
0.009521484375
0.009081125259399414
0.009518861770629883
0.009308099746704102
0.014180660247802734
0.009552478790283203
0.00913858413696289
0.014390707015991211
0.009878873825073242
0.009439229965209961
0.010047435760498047
0.0053806304931640625
0.014411687850952148
0.014481067657470703
0.011291265487670898
0.01074361801147461
0.010085582733154297
0.00938868522644043
0.006426811218261719
0.014110326766967773
0.014096736907958984
0.009737014770507812
0.010111808776855469
0.009120464324951172
0.010175943374633789
0.00895833969116211
0.00548553466796875
0.014878273010253906
0.01426839828491211
0.01412510871887207
0.013568639755249023
0.014580965042114258
0.011711359024047852
0.011291027069091797
0.01920175552368164
0.019787311553955078
0.015297412872314453
0.009610891342163086
0.009387493133544922
0.01038813591003418
0.008820772171020508
0.005788087844848633
0.014595746994018555
0.014457225799560547
0.015932559967041016
0.015038251876831055
0.01453542709350586
0.011013507843017578
0.009711027145385742
0.01937270164489746
0.018720149993896484
0.015222549438476562
0.009715557098388672
0.009623050689697266
0.014963388442993164
0.009898662567138672
0.008931875228881836
0.010019540786743164
0.008911848068237305
0.005600929260253906
0.014435768127441406
0.013735055923461914
0.014056921005249023
0.013928890228271484
0.014485836029052734
0.010749101638793945
0.009966611862182617
0.019112348556518555
0.018672943115234375
0.01560211181640625
0.00046634674072265625
0.00032901763916015625
0.0002892017364501953
0.00036835670471191406
0.0002543926239013672
0.00021076202392578125
0.0002620220184326172
0.0003237724304199219
0.00031304359436035156
0.00033164024353027344
0.0003905296325683594
0.00023365020751953125
0.0057125091552734375
0.0054323673248291016
0.005151987075805664
0.005543231964111328
0.005518436431884766
0.005532026290893555
0.005505800247192383
0.0002834796905517578
0.0002181529998779297
0.005976438522338867
0.0003223419189453125
0.00529026985168457
0.0008215904235839844
0.0004177093505859375
0.0003998279571533203
0.00045990943908691406
0.005491971969604492
0.005403995513916016
0.00024962425231933594
0.0003161430358886719
0.0002467632293701172
0.0007112026214599609
0.0003561973571777344
0.00037407875061035156
0.0002892017364501953
0.00042557716369628906
0.005017518997192383
0.005301237106323242
0.005277395248413086
0.005248069763183594
0.00038051605224609375
0.004908323287963867
0.004846811294555664
0.005083322525024414
0.00476527214050293
0.005339384078979492
0.004719257354736328
0.0048792362213134766
0.0054090023040771484
0.004908561706542969
0.005280017852783203
0.0052034854888916016
0.004988670349121094
0.005338430404663086
0.005239725112915039
0.005172014236450195
0.010223150253295898
0.009975910186767578
0.009758234024047852
0.009779214859008789
0.009927034378051758
0.009740114212036133
0.009522199630737305
0.009776592254638672
0.0004374980926513672
0.004935741424560547
0.004843950271606445
0.0047643184661865234
0.004826545715332031
0.004754543304443359
0.004859447479248047
0.0050106048583984375
0.004672527313232422
0.004708528518676758
0.004976987838745117
0.004698038101196289
0.0047779083251953125
0.0051152706146240234
0.004797458648681641
0.004810810089111328
0.009240865707397461
0.010140180587768555
0.009931087493896484
0.010170698165893555
0.009676218032836914
0.014219522476196289
0.009696245193481445
0.010038137435913086
0.010103940963745117
0.009472131729125977
0.009886980056762695
0.014434337615966797
0.009155988693237305
0.009695768356323242
0.009729623794555664
0.014796733856201172
0.009997367858886719
0.00957489013671875
0.009990930557250977
0.014482498168945312
0.00035762786865234375
0.00028133392333984375
0.005651235580444336
0.0003609657287597656
0.0056154727935791016
0.0005917549133300781
0.000385284423828125
0.00040221214294433594
0.0004017353057861328
0.005045413970947266
0.0050771236419677734
0.000354766845703125
0.004827022552490234
0.00038361549377441406
0.0002930164337158203
0.00035500526428222656
0.004675388336181641
0.004938364028930664
0.004711151123046875
0.00042748451232910156
0.00042510032653808594
0.0003421306610107422
0.004760265350341797
0.004796504974365234
0.004680156707763672
0.0004589557647705078
0.004674673080444336
0.004868507385253906
0.009649991989135742
0.0050373077392578125
0.004955768585205078
0.009458303451538086
0.009366989135742188
0.005064725875854492
0.009461402893066406
0.0003085136413574219
0.0004980564117431641
0.0004076957702636719
0.0004227161407470703
0.0003750324249267578
0.0003578662872314453
0.0045299530029296875
0.0045070648193359375
0.00449371337890625
0.004600048065185547
0.0004189014434814453
0.0003337860107421875
0.0003387928009033203
0.00039577484130859375
0.0004229545593261719
0.0003349781036376953
0.004540443420410156
0.004453420639038086
0.0045053958892822266
0.00452733039855957
0.004556179046630859
0.004480600357055664
0.00043654441833496094
0.0004284381866455078
0.00040030479431152344
0.0005197525024414062
0.004770994186401367
0.004610300064086914
0.004515409469604492
0.00462031364440918
0.00046896934509277344
0.0045855045318603516
0.004559993743896484
0.005410909652709961
0.008722543716430664
0.009531736373901367
0.004632711410522461
0.004543781280517578
0.005288362503051758
0.009193181991577148
0.004575252532958984
0.0051288604736328125
0.0049593448638916016
0.008713483810424805
0.009418487548828125
0.009238719940185547
0.013804435729980469
0.00932765007019043
0.009700536727905273
0.01049351692199707
0.005291938781738281
0.005798816680908203
0.009795904159545898
0.005332469940185547
0.004901885986328125
0.005578756332397461
0.010424137115478516
0.005235195159912109
0.009881258010864258
0.009725570678710938
0.014417409896850586
0.009728193283081055
0.009494781494140625
0.010242462158203125
0.014045476913452148
0.010015487670898438
0.005280494689941406
0.006414890289306641
0.010035514831542969
0.009635686874389648
0.010051250457763672
0.014228582382202148
0.00026917457580566406
0.0006110668182373047
0.0004563331604003906
0.0003142356872558594
0.0002505779266357422
0.0002028942108154297
0.0002541542053222656
0.0002586841583251953
0.00028133392333984375
0.0002853870391845703
0.00030732154846191406
0.00023984909057617188
0.004919767379760742
0.005038022994995117
0.005965232849121094
0.005096435546875
0.005031585693359375
0.005088090896606445
0.005620241165161133
0.0003209114074707031
0.0002391338348388672
0.006170988082885742
0.00034809112548828125
0.005203723907470703
0.0002675056457519531
0.00026726722717285156
0.0003123283386230469
0.0003292560577392578
0.005703449249267578
0.005250215530395508
0.00022792816162109375
0.00026988983154296875
0.0002474784851074219
0.00032258033752441406
0.0003020763397216797
0.00033283233642578125
0.0002944469451904297
0.0003342628479003906
0.0051386356353759766
0.005583524703979492
0.00526118278503418
0.0052509307861328125
0.0003075599670410156
0.005021333694458008
0.004887819290161133
0.0046672821044921875
0.0047245025634765625
0.004759788513183594
0.005126237869262695
0.004720926284790039
0.004709720611572266
0.004747629165649414
0.005053043365478516
0.0048351287841796875
0.0048503875732421875
0.005357503890991211
0.004871368408203125
0.004836320877075195
0.009760618209838867
0.009826183319091797
0.009760618209838867
0.009759902954101562
0.010848045349121094
0.009717226028442383
0.009733438491821289
0.009502887725830078
0.0003192424774169922
0.0049555301666259766
0.004873752593994141
0.004573822021484375
0.0046350955963134766
0.005054950714111328
0.004533529281616211
0.0049130916595458984
0.004713296890258789
0.005647897720336914
0.005295515060424805
0.0046710968017578125
0.005358457565307617
0.004879474639892578
0.004670143127441406
0.004748821258544922
0.010035514831542969
0.009476184844970703
0.009556770324707031
0.010076284408569336
0.009463787078857422
0.014851093292236328
0.009139537811279297
0.009665250778198242
0.009830713272094727
0.009343862533569336
0.009481430053710938
0.014051675796508789
0.009892940521240234
0.009811162948608398
0.009781599044799805
0.014118432998657227
0.010181188583374023
0.009582996368408203
0.009503602981567383
0.014415264129638672
0.0003390312194824219
0.00027751922607421875
0.005423784255981445
0.0003578662872314453
0.005379676818847656
0.0003159046173095703
0.0003495216369628906
0.0003414154052734375
0.0003769397735595703
0.005261421203613281
0.0054972171783447266
0.0002963542938232422
0.00481724739074707
0.00038051605224609375
0.0002911090850830078
0.00030112266540527344
0.005078554153442383
0.004805326461791992
0.00468134880065918
0.0003590583801269531
0.0003795623779296875
0.0004999637603759766
0.004870176315307617
0.005286455154418945
0.004750728607177734
0.0004279613494873047
0.004853010177612305
0.005517482757568359
0.009994745254516602
0.0056269168853759766
0.005483150482177734
0.009828567504882812
0.010848760604858398
0.005547046661376953
0.01101064682006836
0.00033593177795410156
0.0005269050598144531
0.0002892017364501953
0.0003712177276611328
0.00028634071350097656
0.0003380775451660156
0.005147695541381836
0.004919528961181641
0.005000114440917969
0.004586219787597656
0.00037598609924316406
0.00031948089599609375
0.00032830238342285156
0.00035119056701660156
0.0004086494445800781
0.0003578662872314453
0.004935264587402344
0.004765033721923828
0.005052328109741211
0.0050182342529296875
0.0049054622650146484
0.00532078742980957
0.00041174888610839844
0.0003933906555175781
0.00036525726318359375
0.00039839744567871094
0.004696846008300781
0.004735231399536133
0.005317211151123047
0.005335569381713867
0.0005826950073242188
0.005231380462646484
0.005418539047241211
0.006102085113525391
0.010007143020629883
0.010298490524291992
0.005071878433227539
0.004998683929443359
0.005426645278930664
0.009589433670043945
0.005178689956665039
0.005625724792480469
0.0053212642669677734
0.009648799896240234
0.009152650833129883
0.009347677230834961
0.014641284942626953
0.009073257446289062
0.009901762008666992
0.00943303108215332
0.0049402713775634766
0.006346225738525391
0.01057291030883789
0.0049588680267333984
0.005397796630859375
0.005276203155517578
0.00976252555847168
0.005750179290771484
0.009475469589233398
0.010225534439086914
0.014669418334960938
0.009483098983764648
0.009527206420898438
0.009588003158569336
0.014623165130615234
0.009490013122558594
0.005199909210205078
0.005405426025390625
0.009915590286254883
0.009532690048217773
0.009840726852416992
0.013890504837036133
0.00030612945556640625
0.0003685951232910156
0.0002951622009277344
0.0003676414489746094
0.0002808570861816406
0.00021958351135253906
0.0002796649932861328
0.0003075599670410156
0.00032806396484375
0.0003497600555419922
0.00039076805114746094
0.00025081634521484375
0.005227088928222656
0.005069255828857422
0.005196332931518555
0.005731105804443359
0.005540370941162109
0.005470991134643555
0.005155086517333984
0.00030350685119628906
0.00023555755615234375
0.005868196487426758
0.00031304359436035156
0.005518198013305664
0.00032782554626464844
0.0003173351287841797
0.0003714561462402344
0.0006985664367675781
0.0051059722900390625
0.0055539608001708984
0.0002396106719970703
0.0003380775451660156
0.0002541542053222656
0.00028395652770996094
0.0003476142883300781
0.0003917217254638672
0.00030541419982910156
0.0004143714904785156
0.0050220489501953125
0.005743503570556641
0.005217552185058594
0.00566411018371582
0.00032258033752441406
0.004582405090332031
0.004818439483642578
0.005063772201538086
0.004994392395019531
0.004700183868408203
0.004698514938354492
0.004910469055175781
0.0056073665618896484
0.00522303581237793
0.004886150360107422
0.005086183547973633
0.005070924758911133
0.005105733871459961
0.004946470260620117
0.005091428756713867
0.00993657112121582
0.010022878646850586
0.010039567947387695
0.009701967239379883
0.01023101806640625
0.009524106979370117
0.010585546493530273
0.010190486907958984
0.0002753734588623047
0.004910945892333984
0.004596710205078125
0.004590034484863281
0.004633665084838867
0.004450321197509766
0.005070209503173828
0.004964113235473633
0.004673004150390625
0.00471806526184082
0.005014181137084961
0.004652738571166992
0.0047566890716552734
0.00477910041809082
0.005077362060546875
0.00479578971862793
0.00915670394897461
0.00989842414855957
0.009071111679077148
0.00924372673034668
0.009835004806518555
0.014737844467163086
0.0097808837890625
0.010413885116577148
0.01060628890991211
0.009270191192626953
0.011169672012329102
0.014596939086914062
0.009701251983642578
0.010314226150512695
0.009549856185913086
0.01451730728149414
0.009565353393554688
0.00959467887878418
0.009692192077636719
0.014867305755615234
0.0003809928894042969
0.00028514862060546875
0.00557708740234375
0.0008103847503662109
0.005298614501953125
0.0003647804260253906
0.00038123130798339844
0.00042176246643066406
0.0004227161407470703
0.005284786224365234
0.005387306213378906
0.0003285408020019531
0.005335092544555664
0.0005698204040527344
0.0003228187561035156
0.0003662109375
0.004854440689086914
0.004883766174316406
0.0055692195892333984
0.0004863739013671875
0.0004711151123046875
0.00045561790466308594
0.004993915557861328
0.005087614059448242
0.005515098571777344
0.0005614757537841797
0.005237579345703125
0.005658626556396484
0.010607242584228516
0.005394935607910156
0.0056192874908447266
0.010176658630371094
0.010278701782226562
0.00628209114074707
0.009842634201049805
0.0003044605255126953
0.0005986690521240234
0.0003361701965332031
0.0004343986511230469
0.00032973289489746094
0.00038242340087890625
0.0050907135009765625
0.0052814483642578125
0.0050640106201171875
0.005184173583984375
0.00042939186096191406
0.00033736228942871094
0.00036144256591796875
0.0004162788391113281
0.00042939186096191406
0.0003693103790283203
0.004992008209228516
0.005007028579711914
0.004740715026855469
0.005119800567626953
0.004839420318603516
0.004889011383056641
0.0004966259002685547
0.000713348388671875
0.00041866302490234375
0.0004508495330810547
0.005405902862548828
0.005095958709716797
0.004900455474853516
0.00493931770324707
0.0005047321319580078
0.005249977111816406
0.00490570068359375
0.005036115646362305
0.009763717651367188
0.010019540786743164
0.0053615570068359375
0.005388975143432617
0.0052356719970703125
0.009672164916992188
0.005143404006958008
0.0052661895751953125
0.005261421203613281
0.010320425033569336
0.009261608123779297
0.00975942611694336
0.013831615447998047
0.010135889053344727
0.010142087936401367
0.009848356246948242
0.004934787750244141
0.0053141117095947266
0.01010894775390625
0.005376577377319336
0.005480289459228516
0.006403684616088867
0.011333703994750977
0.006175041198730469
0.009781360626220703
0.01030588150024414
0.014206409454345703
0.009728431701660156
0.009420633316040039
0.010248422622680664
0.015016794204711914
0.011208295822143555
0.005650520324707031
0.005457401275634766
0.011672496795654297
0.010282516479492188
0.010784626007080078
0.015398740768432617
0.00023984909057617188
0.0002269744873046875
0.00021576881408691406
0.00022530555725097656
0.0002167224884033203
0.005821704864501953
0.005777597427368164
0.005398988723754883
0.0002613067626953125
0.0050814151763916016
0.005106210708618164
0.0053501129150390625
0.010961532592773438
0.010412216186523438
0.00024318695068359375
0.00020313262939453125
0.000194549560546875
0.0002193450927734375
0.00037550926208496094
0.00589442253112793
0.005576372146606445
0.0055620670318603516
0.0002739429473876953
0.004883527755737305
0.005616188049316406
0.005117177963256836
0.010092735290527344
0.009799718856811523
0.00023984909057617188
0.00018072128295898438
0.0001728534698486328
0.0003135204315185547
0.0003180503845214844
0.0058405399322509766
0.0056934356689453125
0.0052716732025146484
0.00023102760314941406
0.005406856536865234
0.00508570671081543
0.005394458770751953
0.010852575302124023
0.011048316955566406
0.00021600723266601562
0.00018286705017089844
0.0001773834228515625
0.0003619194030761719
0.0002849102020263672
0.00531768798828125
0.0055866241455078125
0.005925178527832031
0.00025773048400878906
0.005320310592651367
0.005211353302001953
0.00596165657043457
0.01019430160522461
0.010034561157226562
0.00028252601623535156
0.00028228759765625
0.00024366378784179688
0.000301361083984375
0.0002994537353515625
0.0002765655517578125
0.0005676746368408203
0.00026726722717285156
0.00031828880310058594
0.0003132820129394531
0.00031685829162597656
0.00023651123046875
0.005048274993896484
0.005414485931396484
0.005831003189086914
0.005209207534790039
0.005069732666015625
0.005705356597900391
0.00525212287902832
0.0002658367156982422
0.00022363662719726562
0.0056819915771484375
0.00030517578125
0.005086183547973633
0.00022172927856445312
0.00022101402282714844
0.00026035308837890625
0.00033092498779296875
0.005662679672241211
0.00593113899230957
0.0003170967102050781
0.000286102294921875
0.00025773048400878906
0.0003085136413574219
0.0003514289855957031
0.0003485679626464844
0.0003952980041503906
0.0004374980926513672
0.006329536437988281
0.005905866622924805
0.0057184696197509766
0.005476713180541992
0.00025391578674316406
0.005349159240722656
0.004812002182006836
0.00506281852722168
0.004656076431274414
0.005127668380737305
0.004684925079345703
0.004975795745849609
0.0046787261962890625
0.0051343441009521484
0.004823207855224609
0.0049512386322021484
0.004803180694580078
0.004694223403930664
0.00475621223449707
0.005040884017944336
0.009611845016479492
0.009998559951782227
0.010201692581176758
0.010223388671875
0.01017141342163086
0.009978294372558594
0.010504484176635742
0.010208368301391602
0.00034499168395996094
0.00025391578674316406
0.005914449691772461
0.000362396240234375
0.005578041076660156
0.0002684593200683594
0.00026679039001464844
0.0003330707550048828
0.0003256797790527344
0.005972623825073242
0.005402565002441406
0.00032830238342285156
0.00030684471130371094
0.0005083084106445312
0.0003521442413330078
0.00032138824462890625
0.00037097930908203125
0.0003674030303955078
0.0003733634948730469
0.005362987518310547
0.0057032108306884766
0.005378246307373047
0.005584716796875
0.0002949237823486328
0.00047206878662109375
0.0003247261047363281
0.00028014183044433594
0.00026488304138183594
0.00029468536376953125
0.0051686763763427734
0.0046215057373046875
0.0050351619720458984
0.005383014678955078
0.00035500526428222656
0.000324249267578125
0.0003724098205566406
0.0003039836883544922
0.0007746219635009766
0.0004374980926513672
0.0052242279052734375
0.004858493804931641
0.004749774932861328
0.004984855651855469
0.0049440860748291016
0.004987001419067383
0.00036454200744628906
0.0004115104675292969
0.00038504600524902344
0.00036215782165527344
0.004719257354736328
0.00506901741027832
0.005077838897705078
0.0049746036529541016
0.00044989585876464844
0.005425214767456055
0.005257129669189453
0.009697914123535156
0.005742073059082031
0.005262851715087891
0.005495548248291016
0.010328531265258789
0.009916067123413086
0.009581804275512695
0.005476236343383789
0.005219459533691406
0.005672931671142578
0.010135412216186523
0.009553670883178711
0.009829282760620117
0.005201101303100586
0.009999990463256836
0.0002696514129638672
0.00024247169494628906
0.00019884109497070312
0.0003075599670410156
0.00027441978454589844
0.00023436546325683594
0.0003120899200439453
0.0002503395080566406
0.0002608299255371094
0.00029015541076660156
0.0003483295440673828
0.0002243518829345703
0.005405426025390625
0.005533933639526367
0.005314350128173828
0.005362033843994141
0.006014823913574219
0.005159854888916016
0.005321502685546875
0.0002624988555908203
0.0002224445343017578
0.0058438777923583984
0.00031256675720214844
0.005133390426635742
0.00022125244140625
0.0002219676971435547
0.00028324127197265625
0.0003020763397216797
0.005907773971557617
0.0057756900787353516
0.0002815723419189453
0.0002651214599609375
0.0002562999725341797
0.0003528594970703125
0.0002865791320800781
0.00031447410583496094
0.0003516674041748047
0.0005717277526855469
0.005223274230957031
0.005631446838378906
0.005266904830932617
0.005153656005859375
0.00025272369384765625
0.00461268424987793
0.004580974578857422
0.005047321319580078
0.004795074462890625
0.0047283172607421875
0.005142688751220703
0.004664421081542969
0.004551887512207031
0.004619598388671875
0.004956960678100586
0.004675626754760742
0.004807710647583008
0.004693269729614258
0.004972219467163086
0.0048389434814453125
0.009673595428466797
0.010088443756103516
0.009840726852416992
0.01027226448059082
0.01026153564453125
0.010186433792114258
0.01043248176574707
0.010094165802001953
0.0003521442413330078
0.00027441978454589844
0.006900787353515625
0.00038909912109375
0.0056574344635009766
0.00026702880859375
0.0002899169921875
0.00031828880310058594
0.0003211498260498047
0.005448818206787109
0.0060541629791259766
0.0003008842468261719
0.00029969215393066406
0.0003349781036376953
0.0003314018249511719
0.00031685829162597656
0.00039005279541015625
0.0003514289855957031
0.0005714893341064453
0.005306243896484375
0.005200386047363281
0.005873680114746094
0.005615711212158203
0.0002682209014892578
0.0006847381591796875
0.0003147125244140625
0.0002663135528564453
0.00028443336486816406
0.0003178119659423828
0.00496673583984375
0.005361318588256836
0.004970550537109375
0.005097866058349609
0.0004436969757080078
0.0005600452423095703
0.00039577484130859375
0.00029540061950683594
0.00032067298889160156
0.00035452842712402344
0.0051422119140625
0.004906892776489258
0.004796743392944336
0.0053212642669677734
0.005512714385986328
0.0051076412200927734
0.00046706199645996094
0.0006661415100097656
0.0004360675811767578
0.00040078163146972656
0.005043745040893555
0.0053157806396484375
0.005303144454956055
0.00491786003112793
0.000461578369140625
0.004991292953491211
0.0053064823150634766
0.010565757751464844
0.005895853042602539
0.0062711238861083984
0.0061457157135009766
0.01114964485168457
0.010582923889160156
0.011009931564331055
0.0058002471923828125
0.0061762332916259766
0.005921840667724609
0.010583639144897461
0.010050773620605469
0.010161876678466797
0.0053005218505859375
0.010417938232421875
0.0002346038818359375
0.0002002716064453125
0.00022101402282714844
0.0002338886260986328
0.00024509429931640625
0.00023698806762695312
0.00029659271240234375
0.00024700164794921875
0.0002608299255371094
0.00027561187744140625
0.00030350685119628906
0.0004119873046875
0.005539655685424805
0.005902290344238281
0.005608320236206055
0.0052928924560546875
0.005476236343383789
0.005043983459472656
0.005137443542480469
0.00023055076599121094
0.00021028518676757812
0.006192445755004883
0.00024390220642089844
0.005410432815551758
0.00027298927307128906
0.0002205371856689453
0.00021386146545410156
0.00025200843811035156
0.005316495895385742
0.005174875259399414
0.0002696514129638672
0.0002913475036621094
0.0002810955047607422
0.0002624988555908203
0.0002830028533935547
0.0005970001220703125
0.0006055831909179688
0.0003619194030761719
0.0059049129486083984
0.0058934688568115234
0.006389141082763672
0.005484819412231445
0.0002636909484863281
0.004978656768798828
0.0048143863677978516
0.005423307418823242
0.0050296783447265625
0.004639387130737305
0.004849433898925781
0.004956483840942383
0.0048980712890625
0.004964590072631836
0.005070209503173828
0.0049762725830078125
0.005036592483520508
0.004653453826904297
0.004864692687988281
0.005449533462524414
0.010034561157226562
0.010522603988647461
0.010650873184204102
0.011045694351196289
0.010730981826782227
0.009779691696166992
0.010165214538574219
0.010244607925415039
0.000270843505859375
0.000240325927734375
0.0060689449310302734
0.00034618377685546875
0.0060846805572509766
0.0003657341003417969
0.0002856254577636719
0.00027751922607421875
0.0002837181091308594
0.005373954772949219
0.00553131103515625
0.00033354759216308594
0.0003762245178222656
0.00032067298889160156
0.0005626678466796875
0.0003752708435058594
0.00035309791564941406
0.00038886070251464844
0.0003809928894042969
0.00573420524597168
0.005119800567626953
0.005422115325927734
0.005658388137817383
0.00026917457580566406
0.000499725341796875
0.00031256675720214844
0.00027942657470703125
0.00030159950256347656
0.0003154277801513672
0.005221128463745117
0.005182504653930664
0.005743503570556641
0.00503993034362793
0.0004127025604248047
0.0003638267517089844
0.0003733634948730469
0.0003337860107421875
0.00030994415283203125
0.0003075599670410156
0.004987955093383789
0.0053899288177490234
0.0052032470703125
0.005220651626586914
0.005131244659423828
0.0051081180572509766
0.000385284423828125
0.0003528594970703125
0.0003666877746582031
0.0003905296325683594
0.005362987518310547
0.005322694778442383
0.004906415939331055
0.005280971527099609
0.0003924369812011719
0.005566596984863281
0.005558967590332031
0.011000871658325195
0.005701303482055664
0.005767822265625
0.005940437316894531
0.010512351989746094
0.010764360427856445
0.011459827423095703
0.006184577941894531
0.0058248043060302734
0.005759716033935547
0.00997304916381836
0.010076284408569336
0.010833501815795898
0.006048440933227539
0.011314868927001953
0.00026607513427734375
0.00019788742065429688
0.00019216537475585938
0.0002722740173339844
0.00027942657470703125
0.0002536773681640625
0.0002777576446533203
0.00043463706970214844
0.00038695335388183594
0.00030159950256347656
0.0003235340118408203
0.00020051002502441406
0.0001900196075439453
0.00022983551025390625
0.0002086162567138672
0.00021719932556152344
0.00021123886108398438
0.00023174285888671875
0.00025463104248046875
0.00026869773864746094
0.00027441978454589844
0.00027298927307128906
0.0003349781036376953
0.0004379749298095703
0.0004680156707763672
0.00035834312438964844
0.00025391578674316406
0.0061910152435302734
0.0054361820220947266
0.005199432373046875
0.00548863410949707
0.00620722770690918
0.0051727294921875
0.005421161651611328
0.005759716033935547
0.0056421756744384766
0.005827665328979492
0.0056934356689453125
0.006118297576904297
0.006396770477294922
0.00591278076171875
0.006293296813964844
0.00040340423583984375
0.006051301956176758
0.005586862564086914
0.005408525466918945
0.005573272705078125
0.006001710891723633
0.005983591079711914
0.005545377731323242
0.0053670406341552734
0.006037235260009766
0.005599498748779297
0.005341768264770508
0.005621910095214844
0.006113290786743164
0.005640983581542969
0.005850791931152344
0.011306524276733398
0.010709047317504883
0.011234045028686523
0.010887384414672852
0.011230707168579102
0.010906457901000977
0.01145792007446289
0.011238336563110352
0.0003254413604736328
0.00027060508728027344
0.0064601898193359375
0.0003542900085449219
0.005703449249267578
0.0003097057342529297
0.0002942085266113281
0.0003039836883544922
0.0003628730773925781
0.006343364715576172
0.005941629409790039
0.0003418922424316406
0.0003502368927001953
0.00032591819763183594
0.0003371238708496094
0.00036406517028808594
0.0003445148468017578
0.0005276203155517578
0.0004856586456298828
0.00609898567199707
0.006058454513549805
0.005893707275390625
0.006338596343994141
0.0003066062927246094
0.005566120147705078
0.00036835670471191406
0.0002925395965576172
0.0003046989440917969
0.0003063678741455078
0.006289482116699219
0.0059814453125
0.006132602691650391
0.00618290901184082
0.0004324913024902344
0.0003788471221923828
0.0003979206085205078
0.00034999847412109375
0.000335693359375
0.0003666877746582031
0.0064351558685302734
0.006089448928833008
0.006263017654418945
0.005907297134399414
0.00610661506652832
0.005860567092895508
0.00046181678771972656
0.0003752708435058594
0.0003933906555175781
0.0005962848663330078
0.005989789962768555
0.005968332290649414
0.005782604217529297
0.006508350372314453
0.0004932880401611328
0.006178617477416992
0.00641942024230957
0.011815547943115234
0.00616002082824707
0.006453990936279297
0.005832672119140625
0.011823177337646484
0.011181354522705078
0.01091623306274414
0.005950450897216797
0.005800008773803711
0.0057964324951171875
0.011306047439575195
0.010627985000610352
0.01104593276977539
0.00601959228515625
0.011189699172973633
0.0003147125244140625
0.0002789497375488281
0.0002048015594482422
0.00031495094299316406
0.0002865791320800781
0.00024080276489257812
0.00034880638122558594
0.00026535987854003906
0.0004894733428955078
0.00033402442932128906
0.00032806396484375
0.00029850006103515625
0.00028395652770996094
0.0003342628479003906
0.0002624988555908203
0.00030422210693359375
0.00033473968505859375
0.0003437995910644531
0.000324249267578125
0.0003571510314941406
0.00035071372985839844
0.0007290840148925781
0.0005500316619873047
0.00046563148498535156
0.0004634857177734375
0.0004851818084716797
0.00025200843811035156
0.005675077438354492
0.005555152893066406
0.005849123001098633
0.005761146545410156
0.006031513214111328
0.005381584167480469
0.0058116912841796875
0.006335258483886719
0.005886554718017578
0.006272554397583008
0.005242586135864258
0.0059356689453125
0.0053310394287109375
0.0052793025970458984
0.006077289581298828
0.0003619194030761719
0.005696773529052734
0.005658864974975586
0.005363941192626953
0.005018472671508789
0.005608558654785156
0.005850076675415039
0.005884885787963867
0.005463123321533203
0.005296945571899414
0.005644083023071289
0.005431175231933594
0.005490541458129883
0.005272388458251953
0.0053904056549072266
0.005864143371582031
0.010581493377685547
0.010540962219238281
0.010273456573486328
0.010314226150512695
0.010856151580810547
0.011304855346679688
0.010295867919921875
0.011261463165283203
0.0003800392150878906
0.00029921531677246094
0.006301403045654297
0.00040793418884277344
0.005506038665771484
0.0003159046173095703
0.0005009174346923828
0.00043964385986328125
0.00039458274841308594
0.006084442138671875
0.005614757537841797
0.00034308433532714844
0.0003933906555175781
0.0005421638488769531
0.00039386749267578125
0.00036835670471191406
0.0003578662872314453
0.00038623809814453125
0.0004138946533203125
0.0059814453125
0.005665302276611328
0.005885601043701172
0.005891323089599609
0.0003845691680908203
0.005180835723876953
0.0009794235229492188
0.0003886222839355469
0.0004138946533203125
0.00039696693420410156
0.005478382110595703
0.005162477493286133
0.005065441131591797
0.00521087646484375
0.0005173683166503906
0.00042891502380371094
0.0004875659942626953
0.0003886222839355469
0.00042891502380371094
0.00043654441833496094
0.005333423614501953
0.005190372467041016
0.005430698394775391
0.005392313003540039
0.00531005859375
0.005452394485473633
0.0005307197570800781
0.0005848407745361328
0.0005555152893066406
0.0004749298095703125
0.005504608154296875
0.00557255744934082
0.005340099334716797
0.005156278610229492
0.0005323886871337891
0.005186319351196289
0.005579948425292969
0.010230064392089844
0.0058557987213134766
0.005724191665649414
0.0053675174713134766
0.009966850280761719
0.009562969207763672
0.009609460830688477
0.005399465560913086
0.00564265251159668
0.005629539489746094
0.010359764099121094
0.010410785675048828
0.010223150253295898
0.005682945251464844
0.010251283645629883
0.000232696533203125
0.00023674964904785156
0.00022840499877929688
0.00023865699768066406
0.0002684593200683594
0.00030684471130371094
0.0002961158752441406
0.0002613067626953125
0.00031065940856933594
0.0003001689910888672
0.0002853870391845703
0.0001938343048095703
0.00022792816162109375
0.000232696533203125
0.00019097328186035156
0.00021195411682128906
0.0002307891845703125
0.00028252601623535156
0.0002675056457519531
0.000286102294921875
0.0003197193145751953
0.0002911090850830078
0.0003101825714111328
0.0003325939178466797
0.00036978721618652344
0.0003612041473388672
0.0002751350402832031
0.005295753479003906
0.005372047424316406
0.005345821380615234
0.005400657653808594
0.005250692367553711
0.005188703536987305
0.00533747673034668
0.005147457122802734
0.005386829376220703
0.005200862884521484
0.005437135696411133
0.005320310592651367
0.005675077438354492
0.0057888031005859375
0.005861997604370117
0.00031828880310058594
0.00543975830078125
0.005435943603515625
0.005160093307495117
0.004943370819091797
0.005428791046142578
0.005591392517089844
0.005564212799072266
0.005229949951171875
0.005330562591552734
0.00532984733581543
0.005369424819946289
0.005116701126098633
0.005138874053955078
0.005316734313964844
0.005128383636474609
0.01036691665649414
0.010248661041259766
0.010521650314331055
0.010323524475097656
0.010745525360107422
0.010411262512207031
0.010277509689331055
0.009766340255737305
0.0003361701965332031
0.0002899169921875
0.005763053894042969
0.0003159046173095703
0.005502939224243164
0.0003001689910888672
0.0002899169921875
0.00030350685119628906
0.0003314018249511719
0.005463123321533203
0.005633831024169922
0.00033164024353027344
0.00035643577575683594
0.0003502368927001953
0.00032639503479003906
0.0004150867462158203
0.0003654956817626953
0.0003750324249267578
0.0004010200500488281
0.005629777908325195
0.005385398864746094
0.005117177963256836
0.005354881286621094
0.0003020763397216797
0.004655361175537109
0.000354766845703125
0.0002732276916503906
0.0002994537353515625
0.0003044605255126953
0.004903316497802734
0.005387067794799805
0.0050258636474609375
0.005221128463745117
0.0003955364227294922
0.0003714561462402344
0.0003230571746826172
0.0002999305725097656
0.0003001689910888672
0.00029850006103515625
0.005446910858154297
0.005709648132324219
0.005497455596923828
0.005423307418823242
0.005550861358642578
0.005543947219848633
0.0004715919494628906
0.0004162788391113281
0.00044846534729003906
0.0003561973571777344
0.0053691864013671875
0.005804300308227539
0.005181312561035156
0.0054912567138671875
0.00043511390686035156
0.0053560733795166016
0.00546717643737793
0.009547948837280273
0.005395650863647461
0.005232810974121094
0.0054323673248291016
0.010172605514526367
0.010091543197631836
0.009822368621826172
0.0055315494537353516
0.005569934844970703
0.00532221794128418
0.010523080825805664
0.010389566421508789
0.010431766510009766
0.0053026676177978516
0.009651899337768555
0.00026035308837890625
0.0002002716064453125
0.00019097328186035156
0.00023818016052246094
0.00023984909057617188
0.00458526611328125
0.0044095516204833984
0.004547595977783203
0.0002536773681640625
0.0054187774658203125
0.00536036491394043
0.0055315494537353516
0.0100860595703125
0.009749889373779297
0.00020575523376464844
0.00018024444580078125
0.00017023086547851562
0.0002148151397705078
0.0001842975616455078
0.0042035579681396484
0.004518985748291016
0.004243612289428711
0.00022149085998535156
0.005006551742553711
0.005108833312988281
0.005092620849609375
0.009407281875610352
0.009280204772949219
0.0002346038818359375
0.0002105236053466797
0.00022220611572265625
0.0002422332763671875
0.0002071857452392578
0.00019693374633789062
0.00023937225341796875
0.0002238750457763672
0.00022745132446289062
0.00022482872009277344
0.00024962425231933594
0.0002498626708984375
0.00462651252746582
0.004665851593017578
0.00438237190246582
0.004458189010620117
0.004605531692504883
0.004793882369995117
0.004861593246459961
0.000244140625
0.004361391067504883
0.004410505294799805
0.004613399505615234
0.00439453125
0.0045278072357177734
0.00426936149597168
0.004348278045654297
0.009058475494384766
0.008992671966552734
0.008550167083740234
0.008836746215820312
0.00025272369384765625
0.004864692687988281
0.004781484603881836
0.004899263381958008
0.0048525333404541016
0.004508495330810547
0.0047800540924072266
0.0051686763763427734
0.009476900100708008
0.009087324142456055
0.009238958358764648
0.009227275848388672
0.00849294662475586
0.009255170822143555
0.01327371597290039
0.008913755416870117
0.008500814437866211
0.012337923049926758
0.00029158592224121094
0.005179166793823242
0.00505828857421875
0.0052509307861328125
0.0053713321685791016
0.005404472351074219
0.005479574203491211
0.005469322204589844
0.01022958755493164
0.009846925735473633
0.009731054306030273
0.009353160858154297
0.009763240814208984
0.012824535369873047
0.009260416030883789
0.009252071380615234
0.014019012451171875
0.009587287902832031
0.009622812271118164
0.013724088668823242
0.010277032852172852
0.0095062255859375
0.009618282318115234
0.013706207275390625
0.013560295104980469
0.013971090316772461
0.017969131469726562
0.0002727508544921875
0.0002410411834716797
0.00021839141845703125
0.0002377033233642578
0.00021266937255859375
0.0002505779266357422
0.0002434253692626953
0.00021409988403320312
0.00023555755615234375
0.000263214111328125
0.00028634071350097656
0.00021696090698242188
0.0046079158782958984
0.004603385925292969
0.004395484924316406
0.004609823226928711
0.0043811798095703125
0.004237651824951172
0.0045070648193359375
0.00022530555725097656
0.004190921783447266
0.004163503646850586
0.004213094711303711
0.0045816898345947266
0.0042858123779296875
0.004261016845703125
0.004556417465209961
0.008244037628173828
0.0083465576171875
0.008516311645507812
0.009209156036376953
0.00027751922607421875
0.004384756088256836
0.004540443420410156
0.004364013671875
0.00463104248046875
0.004912614822387695
0.004686594009399414
0.004746913909912109
0.008272171020507812
0.009154319763183594
0.009244203567504883
0.008942842483520508
0.009121179580688477
0.009079933166503906
0.013775110244750977
0.009228229522705078
0.009010791778564453
0.01258397102355957
0.0002815723419189453
0.004655361175537109
0.0045108795166015625
0.004715681076049805
0.004937648773193359
0.004654407501220703
0.0044591426849365234
0.004715919494628906
0.009243488311767578
0.008987188339233398
0.009015798568725586
0.009456157684326172
0.009002923965454102
0.013044595718383789
0.008610010147094727
0.008491754531860352
0.012722969055175781
0.009418725967407227
0.009674072265625
0.012722253799438477
0.008692741394042969
0.00915384292602539
0.008708953857421875
0.012948989868164062
0.012833118438720703
0.013404130935668945
0.017722368240356445
0.00026345252990722656
0.00023031234741210938
0.0002048015594482422
0.000225067138671875
0.00021886825561523438
0.00021886825561523438
0.0002219676971435547
0.0001850128173828125
0.00023221969604492188
0.00025200843811035156
0.0002665519714355469
0.00022268295288085938
0.004807949066162109
0.00462794303894043
0.0047075748443603516
0.0044744014739990234
0.0045223236083984375
0.004668712615966797
0.004858732223510742
0.0002422332763671875
0.004681825637817383
0.00458526611328125
0.004602909088134766
0.004601478576660156
0.004560708999633789
0.004738807678222656
0.004750728607177734
0.00887298583984375
0.008764982223510742
0.008823633193969727
0.008911609649658203
0.00022792816162109375
0.004690647125244141
0.004618406295776367
0.0047876834869384766
0.004686117172241211
0.004857301712036133
0.004548311233520508
0.0046787261962890625
0.008546829223632812
0.00890493392944336
0.008223772048950195
0.008355379104614258
0.00842905044555664
0.008725643157958984
0.012817621231079102
0.008658885955810547
0.008480310440063477
0.012224912643432617
0.00026154518127441406
0.004870891571044922
0.004597902297973633
0.004527091979980469
0.004585742950439453
0.004545450210571289
0.004751682281494141
0.004861354827880859
0.008834600448608398
0.009336709976196289
0.00939488410949707
0.009402751922607422
0.009460210800170898
0.013677120208740234
0.008912801742553711
0.008941650390625
0.013489961624145508
0.008819818496704102
0.00903630256652832
0.012829303741455078
0.009384632110595703
0.009050607681274414
0.00904226303100586
0.013906002044677734
0.013449668884277344
0.013084173202514648
0.017413616180419922
0.00029587745666503906
0.000362396240234375
0.00026035308837890625
0.0003101825714111328
0.0002543926239013672
0.0053615570068359375
0.005287885665893555
0.0056340694427490234
0.00026869773864746094
0.0002751350402832031
0.0002541542053222656
0.00028705596923828125
0.00019884109497070312
0.005364418029785156
0.005454301834106445
0.0054972171783447266
0.0003216266632080078
0.0003306865692138672
0.0003075599670410156
0.0003726482391357422
0.00022721290588378906
0.005439281463623047
0.005442142486572266
0.005102396011352539
0.0002772808074951172
0.0003426074981689453
0.00026035308837890625
0.00031280517578125
0.0002465248107910156
0.004975557327270508
0.00566554069519043
0.005163908004760742
0.00032639503479003906
0.00475001335144043
0.0048029422760009766
0.0047457218170166016
0.00956416130065918
0.009523868560791016
0.00030350685119628906
0.0003230571746826172
0.000232696533203125
0.0002620220184326172
0.0002162456512451172
0.00500798225402832
0.0052204132080078125
0.005236387252807617
0.0002467632293701172
0.00432276725769043
0.004410266876220703
0.004709720611572266
0.009632349014282227
0.009464740753173828
0.00026488304138183594
0.0002715587615966797
0.00025653839111328125
0.00033855438232421875
0.0002105236053466797
0.005365610122680664
0.005491971969604492
0.005205869674682617
0.0002892017364501953
0.004555702209472656
0.004821062088012695
0.004870176315307617
0.009795665740966797
0.010193586349487305
0.00033855438232421875
0.0003261566162109375
0.00038814544677734375
0.00040268898010253906
0.0003407001495361328
0.004604339599609375
0.004637241363525391
0.004724740982055664
0.0003287792205810547
0.0002925395965576172
0.000316619873046875
0.0003676414489746094
0.00029206275939941406
0.004533529281616211
0.004788637161254883
0.004843235015869141
0.0004165172576904297
0.0003650188446044922
0.00038123130798339844
0.00043892860412597656
0.0003178119659423828
0.004884958267211914
0.004826068878173828
0.004851579666137695
0.00027108192443847656
0.0002319812774658203
0.005423069000244141
0.00024366378784179688
0.00018668174743652344
0.005971670150756836
0.00032901763916015625
0.005224943161010742
0.0002486705780029297
0.0002243518829345703
0.005398988723754883
0.0002574920654296875
0.00020051002502441406
0.0058672428131103516
0.0002684593200683594
0.005636453628540039
0.0002620220184326172
0.00023102760314941406
0.005806684494018555
0.00028324127197265625
0.0002338886260986328
0.006354570388793945
0.00028967857360839844
0.0056493282318115234
0.00029397010803222656
0.0002722740173339844
0.005362987518310547
0.00024962425231933594
0.00020241737365722656
0.005864620208740234
0.0002880096435546875
0.005160808563232422
0.0002505779266357422
0.00020051002502441406
0.00522303581237793
0.0003135204315185547
0.00020813941955566406
0.005884647369384766
0.0002789497375488281
0.005273342132568359
0.0002989768981933594
0.0002117156982421875
0.005061626434326172
0.0002446174621582031
0.00020313262939453125
0.005907773971557617
0.0003275871276855469
0.005440950393676758
0.0002911090850830078
0.0002617835998535156
0.00025963783264160156
0.00029754638671875
0.0003292560577392578
0.0050508975982666016
0.00031185150146484375
0.000324249267578125
0.005065441131591797
0.0004069805145263672
0.004956245422363281
0.00032138824462890625
0.00027489662170410156
0.00484466552734375
0.00034165382385253906
0.0003745555877685547
0.004587411880493164
0.00038886070251464844
0.00469970703125
0.0002613067626953125
0.0002522468566894531
0.004644870758056641
0.0002002716064453125
0.00018143653869628906
0.004820585250854492
0.0002269744873046875
0.004746437072753906
0.00020432472229003906
0.0002110004425048828
0.004813671112060547
0.00023984909057617188
0.00021719932556152344
0.005334377288818359
0.000225067138671875
0.004625558853149414
0.00042057037353515625
0.0003960132598876953
0.00490880012512207
0.00035691261291503906
0.00033783912658691406
0.00521397590637207
0.00047206878662109375
0.0050280094146728516
0.0004038810729980469
0.0003597736358642578
0.004679203033447266
0.00033402442932128906
0.00033211708068847656
0.004791259765625
0.0004074573516845703
0.004988908767700195
0.0002579689025878906
0.0002815723419189453
0.0047304630279541016
0.00026917457580566406
0.00024199485778808594
0.005065441131591797
0.0003352165222167969
0.0047376155853271484
0.0002484321594238281
0.0002543926239013672
0.004723310470581055
0.00027680397033691406
0.00025153160095214844
0.0049893856048583984
0.0003185272216796875
0.004959583282470703
