0.004926443099975586
0.0037674903869628906
0.003918647766113281
0.0034759044647216797
0.0039043426513671875
0.003906726837158203
0.0033485889434814453
0.0033566951751708984
0.003559589385986328
0.003188610076904297
0.0031309127807617188
0.0035262107849121094
0.0034461021423339844
0.0035533905029296875
0.0021889209747314453
0.0038323402404785156
0.003495931625366211
0.0038814544677734375
0.0038690567016601562
0.002033710479736328
0.0021619796752929688
0.0038292407989501953
0.0036885738372802734
0.003833770751953125
0.0036563873291015625
0.0034945011138916016
0.003407716751098633
0.0033686161041259766
0.0038132667541503906
0.0036742687225341797
0.0035440921783447266
0.0036869049072265625
0.003908872604370117
0.0034246444702148438
0.003690958023071289
0.003820657730102539
0.0034232139587402344
0.003773927688598633
0.009070634841918945
0.008998394012451172
0.01151132583618164
0.0043506622314453125
0.0036458969116210938
0.003499269485473633
0.003440380096435547
0.006230831146240234
0.005133867263793945
0.004632234573364258
0.00965571403503418
0.0044705867767333984
0.007103443145751953
0.0047261714935302734
0.005007743835449219
0.01012277603149414
0.0048296451568603516
0.005321979522705078
0.00555109977722168
0.005312919616699219
0.005270957946777344
0.004745960235595703
0.005438327789306641
0.005212306976318359
0.007372617721557617
0.005292654037475586
0.0052912235260009766
0.005310535430908203
0.0053632259368896484
0.00525975227355957
0.005288839340209961
0.004668474197387695
0.00529026985168457
0.00871586799621582
0.0049571990966796875
0.005014657974243164
0.005026102066040039
0.0048944950103759766
0.004568815231323242
0.004505634307861328
0.005185842514038086
0.0051212310791015625
0.0047664642333984375
0.004962921142578125
0.0053327083587646484
0.005266904830932617
0.005262613296508789
0.00518488883972168
0.004815816879272461
0.004798412322998047
0.005002737045288086
0.005682706832885742
0.007343769073486328
0.0052661895751953125
0.005262851715087891
0.00945138931274414
0.005209207534790039
0.0048770904541015625
0.0049207210540771484
0.00500941276550293
0.004969596862792969
0.007912158966064453
0.004907131195068359
0.005029439926147461
0.005207061767578125
0.0049266815185546875
0.004919767379760742
0.00500798225402832
0.004965543746948242
0.007570505142211914
0.00475001335144043
0.004633665084838867
0.0045909881591796875
0.004618167877197266
0.0039501190185546875
0.008772134780883789
0.005301952362060547
0.005800724029541016
0.005356550216674805
0.005726337432861328
0.0055654048919677734
0.004547119140625
0.006093502044677734
0.00610661506652832
0.005608081817626953
0.006690025329589844
0.006191730499267578
0.006628990173339844
0.006730318069458008
0.005994081497192383
0.007921457290649414
0.006722927093505859
0.008158206939697266
0.005694389343261719
0.00936269760131836
0.008041858673095703
0.006083250045776367
0.008434534072875977
0.006077289581298828
0.007183074951171875
0.005337953567504883
0.005352020263671875
0.0060770511627197266
0.006205081939697266
0.006021261215209961
0.0067636966705322266
0.006177425384521484
0.00551605224609375
0.0066568851470947266
0.00677037239074707
0.009251594543457031
0.006193399429321289
0.005602121353149414
0.005829334259033203
0.005938291549682617
0.005892753601074219
0.005949735641479492
0.005516767501831055
0.006491661071777344
0.006412982940673828
0.009019613265991211
0.006217241287231445
0.006140708923339844
0.009107589721679688
0.005887269973754883
0.006723880767822266
0.004987478256225586
0.0073740482330322266
0.00912165641784668
0.0072917938232421875
0.0069751739501953125
0.006266117095947266
0.006987810134887695
0.006192922592163086
0.007610797882080078
0.007953882217407227
0.005957841873168945
0.0074117183685302734
0.008512258529663086
0.007207155227661133
0.008271455764770508
0.008112192153930664
0.0073699951171875
0.010331392288208008
0.008295059204101562
0.011532306671142578
0.007325887680053711
0.006350278854370117
0.007505655288696289
0.007235050201416016
0.007993459701538086
0.006403684616088867
0.007351398468017578
0.006998777389526367
0.0068438053131103516
0.0073239803314208984
0.009888887405395508
0.00804448127746582
0.008038043975830078
0.01643538475036621
0.016243457794189453
0.006911754608154297
0.012195110321044922
0.009856462478637695
0.007709980010986328
0.00828862190246582
0.007398843765258789
0.006121635437011719
0.009941577911376953
0.007021665573120117
0.0075032711029052734
0.006998777389526367
0.006549358367919922
0.007855415344238281
0.007839441299438477
0.007476329803466797
0.006517171859741211
0.007730007171630859
0.007651805877685547
0.007458925247192383
0.0071833133697509766
0.0070950984954833984
0.007542610168457031
0.005995750427246094
0.009838104248046875
0.0057451725006103516
0.007395744323730469
0.006270408630371094
0.00528264045715332
0.006296396255493164
0.006257772445678711
0.005251169204711914
0.006886005401611328
0.0067234039306640625
0.006846427917480469
0.0071566104888916016
0.007130861282348633
0.006752967834472656
0.006846427917480469
0.00516819953918457
0.005714893341064453
0.009783267974853516
0.0072133541107177734
0.007097005844116211
0.00652623176574707
0.006628513336181641
0.007194042205810547
0.008134126663208008
0.006608486175537109
0.006681203842163086
0.007143974304199219
0.006995677947998047
0.007157802581787109
0.006846427917480469
0.006856679916381836
0.006291389465332031
0.009678125381469727
0.006318807601928711
0.006389141082763672
0.006353855133056641
0.006158590316772461
0.006357431411743164
0.00713348388671875
0.007141590118408203
0.005973100662231445
0.006599903106689453
0.006722688674926758
0.010124444961547852
0.006466865539550781
0.007253408432006836
0.006563901901245117
0.013469696044921875
0.0062372684478759766
0.006241559982299805
0.0065538883209228516
0.005740642547607422
0.005732536315917969
0.006862640380859375
0.00682377815246582
0.006662607192993164
0.006715059280395508
0.006356954574584961
0.006413459777832031
0.007076740264892578
0.007168769836425781
0.0067861080169677734
0.0066721439361572266
0.006510019302368164
0.009679079055786133
0.006070137023925781
0.006818294525146484
0.006948709487915039
0.006879329681396484
0.006726264953613281
0.007454633712768555
0.006497383117675781
0.008731365203857422
0.007014751434326172
0.006178379058837891
0.006922245025634766
0.006832122802734375
0.006208181381225586
0.006592988967895508
0.0052509307861328125
0.008699893951416016
0.006513833999633789
0.006423473358154297
0.006592750549316406
0.007177114486694336
0.0065059661865234375
0.006078243255615234
0.0060155391693115234
0.006406307220458984
0.005592823028564453
0.005861043930053711
0.00598907470703125
0.00677943229675293
0.006779909133911133
0.006566524505615234
0.0065801143646240234
0.006618499755859375
0.009137392044067383
0.006158590316772461
0.006161212921142578
0.008100748062133789
0.006075382232666016
0.008320093154907227
0.005971431732177734
0.006920576095581055
0.008561134338378906
0.00587010383605957
0.00551605224609375
0.005229473114013672
0.004877567291259766
0.004930019378662109
0.004881620407104492
0.0049936771392822266
0.004431724548339844
0.004788875579833984
0.004458189010620117
0.008620977401733398
0.007927179336547852
0.012013435363769531
0.011208057403564453
0.003328561782836914
0.0052642822265625
0.005446672439575195
0.00917673110961914
0.006461381912231445
0.005188465118408203
0.0060498714447021484
0.004585742950439453
0.0050733089447021484
0.004979848861694336
0.005311250686645508
0.005308866500854492
0.005236387252807617
0.008898496627807617
0.005185365676879883
0.005252838134765625
0.00527644157409668
0.0052034854888916016
0.005248069763183594
0.005094051361083984
0.005230426788330078
0.0045948028564453125
0.0052568912506103516
0.005235433578491211
0.003682374954223633
0.004652738571166992
0.004914522171020508
0.0048465728759765625
0.004891872406005859
0.0073986053466796875
0.004822254180908203
0.004910469055175781
0.0052907466888427734
0.004362344741821289
0.0051517486572265625
0.0054988861083984375
0.006998777389526367
0.005349159240722656
0.004663705825805664
0.005064487457275391
0.004210233688354492
0.005769014358520508
0.005179882049560547
0.0053479671478271484
0.005273103713989258
0.0051727294921875
0.00483393669128418
0.0049359798431396484
0.004930257797241211
0.004970073699951172
0.0048792362213134766
0.004873991012573242
0.005016326904296875
0.004828214645385742
0.004898786544799805
0.004888772964477539
0.004978656768798828
0.007642984390258789
0.0069789886474609375
0.004896640777587891
0.004864931106567383
0.005098819732666016
0.004109859466552734
0.004433393478393555
0.00542902946472168
0.004483699798583984
0.004304409027099609
0.004452228546142578
0.00616765022277832
0.0030519962310791016
0.003941059112548828
0.007149696350097656
0.006455183029174805
0.006048917770385742
0.006143331527709961
0.005068778991699219
0.006226778030395508
0.029595375061035156
0.021060943603515625
0.013879537582397461
0.006642818450927734
0.009825468063354492
0.012257814407348633
0.010732412338256836
0.008934497833251953
0.009241580963134766
0.01216888427734375
0.006453752517700195
0.006287097930908203
0.0066258907318115234
0.006390571594238281
0.00939488410949707
0.006231546401977539
0.005438804626464844
0.006895780563354492
0.005637168884277344
0.006955146789550781
0.006165266036987305
0.006593227386474609
0.006916522979736328
0.0062313079833984375
0.005820274353027344
0.00595855712890625
0.00654292106628418
0.006920576095581055
0.0073587894439697266
0.006726980209350586
0.012803077697753906
0.005489349365234375
0.006655216217041016
0.01004481315612793
0.006974935531616211
0.007442474365234375
0.006544351577758789
0.007602214813232422
0.006360530853271484
0.007081747055053711
0.006912946701049805
0.006571769714355469
0.005127429962158203
0.007466793060302734
0.007538318634033203
0.006867170333862305
0.005406379699707031
0.0069217681884765625
0.006407499313354492
0.006436586380004883
0.006521463394165039
0.0064814090728759766
0.006112813949584961
0.008043766021728516
0.006189823150634766
0.006211519241333008
0.00996088981628418
0.0074346065521240234
0.01202392578125
0.008023500442504883
0.0065915584564208984
0.0068895816802978516
0.00605463981628418
0.006257534027099609
0.007169961929321289
0.00677037239074707
0.006696224212646484
0.0064923763275146484
0.006240129470825195
0.006936788558959961
0.007083892822265625
0.00915837287902832
0.014037847518920898
0.020302772521972656
0.017917633056640625
0.0070171356201171875
0.0052950382232666016
0.008061885833740234
0.006758928298950195
0.012426376342773438
0.0066869258880615234
0.008307456970214844
0.0067479610443115234
0.010369300842285156
0.0063283443450927734
0.006084442138671875
0.005906343460083008
0.009730339050292969
0.004839181900024414
0.0067479610443115234
0.007101297378540039
0.006945133209228516
0.006064176559448242
0.0057773590087890625
0.006162881851196289
0.006307840347290039
0.00605320930480957
0.005013704299926758
0.0068552494049072266
0.006262063980102539
0.007380962371826172
0.007201433181762695
0.004891395568847656
0.008183717727661133
0.006154060363769531
0.0048847198486328125
0.006459951400756836
0.005201101303100586
0.0052030086517333984
0.005532741546630859
0.003496408462524414
0.004644155502319336
0.005077362060546875
0.005153656005859375
0.004813432693481445
0.003895998001098633
0.0052204132080078125
0.005181789398193359
0.0038323402404785156
0.007323503494262695
0.005349874496459961
0.0052373409271240234
0.00559687614440918
0.0034761428833007812
0.003854036331176758
0.0059413909912109375
0.005435943603515625
0.005487203598022461
0.005498409271240234
0.007709026336669922
0.005434751510620117
0.0056209564208984375
0.005780696868896484
0.0055582523345947266
0.005355119705200195
0.005346536636352539
0.0054171085357666016
0.0054476261138916016
0.0050847530364990234
0.005059719085693359
0.005331277847290039
0.00890803337097168
0.005356788635253906
0.0054209232330322266
0.004216670989990234
0.006044626235961914
0.0058748722076416016
0.005556583404541016
0.00534367561340332
0.005347013473510742
0.005304813385009766
0.0041713714599609375
0.005257368087768555
0.005034208297729492
0.0056073665618896484
0.005739688873291016
0.005153656005859375
0.00530552864074707
0.00508427619934082
0.005397796630859375
0.006418466567993164
0.005831480026245117
0.005490541458129883
0.00548863410949707
0.005472660064697266
0.005449771881103516
0.007267951965332031
0.005301713943481445
0.005561113357543945
0.006051063537597656
0.005359649658203125
0.0053806304931640625
0.005350828170776367
0.005428314208984375
0.005262613296508789
0.005300045013427734
0.0050771236419677734
0.005142688751220703
0.005534172058105469
0.005286216735839844
0.005330324172973633
0.008909225463867188
0.005273103713989258
0.005341768264770508
0.005895137786865234
0.005406379699707031
0.0048711299896240234
0.00503087043762207
0.004323720932006836
0.005668163299560547
0.005341291427612305
0.005716085433959961
0.005174875259399414
0.0052411556243896484
0.005097866058349609
0.00534367561340332
0.005999088287353516
0.005591154098510742
0.005942583084106445
0.0054514408111572266
0.0055730342864990234
0.005327939987182617
0.006847858428955078
0.0074155330657958984
0.0053272247314453125
0.006113290786743164
0.005172014236450195
0.0052225589752197266
0.004778861999511719
0.005016803741455078
0.005007505416870117
0.005202293395996094
0.005109548568725586
0.005128622055053711
0.003751993179321289
0.00504302978515625
0.0058248043060302734
0.005767345428466797
0.005383729934692383
0.005028486251831055
0.005377292633056641
0.011664628982543945
0.008256673812866211
0.004570722579956055
0.005369901657104492
0.005305290222167969
0.00539851188659668
0.005429744720458984
0.005106449127197266
0.004753589630126953
0.005098104476928711
0.0051991939544677734
0.0053403377532958984
0.005380868911743164
0.008029699325561523
0.005381345748901367
0.006693840026855469
0.005217552185058594
0.005041599273681641
0.0076634883880615234
0.01198577880859375
0.01213979721069336
0.010991573333740234
0.013106107711791992
0.005288362503051758
0.005416154861450195
0.00542759895324707
0.007738590240478516
0.005045413970947266
0.005460023880004883
0.005801200866699219
0.005429983139038086
0.005019187927246094
0.00496983528137207
0.005433082580566406
0.006086826324462891
0.008770227432250977
0.00536036491394043
0.005115985870361328
0.005545854568481445
0.006088733673095703
0.0052678585052490234
0.0054759979248046875
0.005509853363037109
0.005530834197998047
0.005196332931518555
0.005083560943603516
0.005047798156738281
0.005400180816650391
0.005205869674682617
0.005164623260498047
0.0056438446044921875
0.005059242248535156
0.0048449039459228516
0.008349180221557617
0.004878044128417969
0.004669904708862305
0.005015850067138672
0.005933523178100586
0.005141735076904297
0.005348682403564453
0.005290985107421875
0.0052220821380615234
0.0051555633544921875
0.005301475524902344
0.00516819953918457
0.0055124759674072266
0.0040662288665771484
0.005376100540161133
0.00513458251953125
0.005383729934692383
0.005163908004760742
0.005118846893310547
0.005152463912963867
0.005099773406982422
0.0048940181732177734
0.009444713592529297
0.005253791809082031
0.005029201507568359
0.0063762664794921875
0.005307197570800781
0.004890918731689453
0.003505706787109375
0.007107257843017578
0.005957603454589844
0.004665851593017578
0.005294322967529297
0.0048410892486572266
0.004820108413696289
0.0053675174713134766
0.005135297775268555
0.004994869232177734
0.0048024654388427734
0.004923582077026367
0.0036232471466064453
0.0030074119567871094
0.005893230438232422
0.0029251575469970703
0.002513885498046875
0.002814769744873047
0.005727291107177734
0.0033452510833740234
0.0023653507232666016
0.0028541088104248047
0.0029993057250976562
0.003329038619995117
0.0032699108123779297
0.0033516883850097656
0.002953052520751953
0.003953695297241211
0.0028018951416015625
0.0024871826171875
0.0027256011962890625
0.0024156570434570312
0.003249645233154297
0.00331878662109375
0.0016341209411621094
0.0029540061950683594
0.005338907241821289
0.0032362937927246094
0.0034067630767822266
0.0033483505249023438
0.004131317138671875
0.0032885074615478516
0.0032613277435302734
0.003232717514038086
0.004333972930908203
0.003212451934814453
0.003215312957763672
0.0030705928802490234
0.002961397171020508
0.003128528594970703
0.00524139404296875
0.0029420852661132812
0.0030527114868164062
0.003010988235473633
0.0028879642486572266
0.0030231475830078125
0.003161191940307617
0.003040313720703125
0.0029838085174560547
0.0029802322387695312
0.0025207996368408203
0.0024755001068115234
0.002991914749145508
0.003088712692260742
0.0029816627502441406
0.0029821395874023438
0.003118753433227539
0.003095388412475586
0.0030574798583984375
0.002656698226928711
0.0030434131622314453
0.002996683120727539
0.0030183792114257812
0.0031485557556152344
0.0030736923217773438
0.0030367374420166016
0.0031235218048095703
0.0029456615447998047
0.0027081966400146484
0.003030538558959961
0.0030312538146972656
0.0025136470794677734
0.0029969215393066406
0.003032207489013672
0.0024671554565429688
0.0033006668090820312
0.002805948257446289
0.0028002262115478516
0.0026900768280029297
0.0028285980224609375
0.002659320831298828
0.002656698226928711
0.0027277469635009766
0.002692699432373047
0.0026884078979492188
0.002726316452026367
0.002747058868408203
0.0026090145111083984
0.0027799606323242188
0.002610445022583008
0.002688169479370117
0.002851724624633789
0.0027735233306884766
0.002193927764892578
0.004350423812866211
0.003330230712890625
0.004087686538696289
0.004115581512451172
0.004498004913330078
0.004392385482788086
0.004258871078491211
0.0034589767456054688
0.003596782684326172
0.003387451171875
0.003996610641479492
0.004113674163818359
0.004162788391113281
0.004481315612792969
0.0042972564697265625
0.00405573844909668
0.004361629486083984
0.0040857791900634766
0.0042688846588134766
0.0038924217224121094
0.0042934417724609375
0.004262447357177734
0.004353046417236328
0.0044193267822265625
0.004361867904663086
0.0038149356842041016
0.0038652420043945312
0.00382232666015625
0.004001617431640625
0.0042536258697509766
0.003995656967163086
0.004286766052246094
0.004082441329956055
0.004022359848022461
0.003751993179321289
0.0039768218994140625
0.0039103031158447266
0.0039365291595458984
0.0036797523498535156
0.0035657882690429688
0.0034856796264648438
0.003818511962890625
0.004119873046875
0.0042095184326171875
0.0044438838958740234
0.003952980041503906
0.003601551055908203
0.003937482833862305
0.0034668445587158203
0.00388336181640625
0.004101991653442383
0.004356861114501953
0.004074573516845703
0.0035822391510009766
0.0039026737213134766
0.0038843154907226562
0.0039272308349609375
0.003611326217651367
0.003892660140991211
0.003844738006591797
0.0038847923278808594
0.00398707389831543
0.0036950111389160156
0.0039708614349365234
0.004001617431640625
0.003834962844848633
0.0041811466217041016
0.004071712493896484
0.003931999206542969
0.004064321517944336
0.0041637420654296875
0.003717660903930664
0.003665447235107422
0.0035376548767089844
0.0036258697509765625
0.003657102584838867
0.003711700439453125
0.0034995079040527344
0.0034558773040771484
0.0033600330352783203
0.0062103271484375
0.004278659820556641
0.00494694709777832
0.0052602291107177734
0.0061244964599609375
0.005088329315185547
0.00503849983215332
0.005992412567138672
0.005841732025146484
0.005400896072387695
0.0043637752532958984
0.005522251129150391
0.0053174495697021484
0.005587339401245117
0.004659175872802734
0.004987478256225586
0.005854368209838867
0.005964994430541992
0.005205631256103516
0.004967212677001953
0.00558924674987793
0.004951000213623047
0.003851652145385742
0.005420684814453125
0.004771709442138672
0.0052034854888916016
0.005231380462646484
0.004938364028930664
0.004790306091308594
0.005217790603637695
0.004641532897949219
0.0035839080810546875
0.0035774707794189453
0.0048389434814453125
0.0054454803466796875
0.004823446273803711
0.0052947998046875
0.005360841751098633
0.00579524040222168
0.005597829818725586
0.0057141780853271484
0.004598855972290039
0.0055119991302490234
0.005812644958496094
0.005017995834350586
0.005294322967529297
0.005419731140136719
0.0052356719970703125
0.004454135894775391
0.005212545394897461
0.004906892776489258
0.004528045654296875
0.004679679870605469
0.004774332046508789
0.0072100162506103516
0.0060498714447021484
0.0061724185943603516
0.006657838821411133
0.007198810577392578
0.007178544998168945
0.006837129592895508
0.00638127326965332
0.007640361785888672
0.007114410400390625
0.005803823471069336
0.007134675979614258
0.006636857986450195
0.007175922393798828
0.006373882293701172
0.007226705551147461
0.0064394474029541016
0.006980180740356445
0.007439136505126953
0.006852626800537109
0.0060269832611083984
0.007451295852661133
0.006623744964599609
0.005656003952026367
0.006740570068359375
0.006536245346069336
0.0073854923248291016
0.006974458694458008
0.006428718566894531
0.006573915481567383
0.006361961364746094
0.006136178970336914
0.005148649215698242
0.005320310592651367
0.006356954574584961
0.007223606109619141
0.006293296813964844
0.006620168685913086
0.006284236907958984
0.007514238357543945
0.0074939727783203125
0.007764101028442383
0.00673985481262207
0.007039308547973633
0.007252216339111328
0.006821870803833008
0.0065097808837890625
0.006958723068237305
0.006329774856567383
0.005816459655761719
0.006175518035888672
0.006853580474853516
0.006232261657714844
0.0062139034271240234
0.0063517093658447266
0.005684614181518555
0.004877805709838867
0.005377769470214844
0.0057103633880615234
0.005994558334350586
0.005759477615356445
0.006186008453369141
0.00493931770324707
0.005477428436279297
0.005209922790527344
0.005597352981567383
0.005750894546508789
0.00503230094909668
0.0045757293701171875
0.005861043930053711
0.0057048797607421875
0.006376981735229492
0.005056858062744141
0.005792856216430664
0.005682468414306641
0.0058383941650390625
0.005960226058959961
0.005732536315917969
0.006245136260986328
0.005759716033935547
0.0058062076568603516
0.005427122116088867
0.005346775054931641
0.005559444427490234
0.00503993034362793
0.005396127700805664
0.005357265472412109
0.005262613296508789
0.005806446075439453
0.004850149154663086
0.006311893463134766
0.00526738166809082
0.005844831466674805
0.0058972835540771484
0.005151033401489258
0.0056073665618896484
0.005579948425292969
0.0054912567138671875
0.00553441047668457
0.005435943603515625
0.0056264400482177734
0.005662202835083008
0.005291938781738281
0.00537872314453125
0.005667686462402344
0.005656003952026367
0.005889177322387695
0.005462169647216797
0.005093097686767578
0.005217075347900391
0.005168437957763672
0.0055255889892578125
0.006169319152832031
0.004623889923095703
0.006067037582397461
0.005639314651489258
0.004570960998535156
0.005176067352294922
0.005244255065917969
0.005289316177368164
0.005047798156738281
0.005608797073364258
0.005626201629638672
0.005929231643676758
0.0057866573333740234
0.0057525634765625
0.005524158477783203
0.004815340042114258
0.00541996955871582
0.005694389343261719
0.005411386489868164
0.005391597747802734
0.005853176116943359
0.0059833526611328125
0.005600452423095703
0.006108999252319336
0.00576329231262207
0.005784034729003906
0.005612611770629883
0.004162788391113281
0.005456447601318359
0.005496501922607422
0.005385160446166992
0.0057697296142578125
0.006738901138305664
0.005549907684326172
0.005871772766113281
0.004863739013671875
0.0036916732788085938
0.005208253860473633
0.005429983139038086
0.005303144454956055
0.004813671112060547
0.005366325378417969
0.004806041717529297
0.005716562271118164
0.005207538604736328
0.00508570671081543
0.004668235778808594
0.005527973175048828
0.005156993865966797
0.004755496978759766
0.005008220672607422
0.0048656463623046875
0.004996299743652344
0.00479578971862793
0.0041925907135009766
0.0033752918243408203
0.003633260726928711
0.0036754608154296875
0.004176139831542969
0.0037801265716552734
0.0036842823028564453
0.004743814468383789
0.004002571105957031
0.0037384033203125
0.0035414695739746094
0.004124164581298828
0.0025289058685302734
0.0045816898345947266
0.004527091979980469
0.004512310028076172
0.004645109176635742
0.003935575485229492
0.004670619964599609
0.0031871795654296875
0.004779338836669922
0.003993511199951172
0.004173994064331055
0.004586458206176758
0.004257678985595703
0.004733562469482422
0.004495859146118164
0.0036821365356445312
0.004541873931884766
0.0037789344787597656
0.004427671432495117
0.0046007633209228516
0.003885984420776367
0.003965616226196289
0.004625797271728516
0.0045244693756103516
0.004047393798828125
0.0037603378295898438
0.002458810806274414
0.003871440887451172
0.004241228103637695
0.004029989242553711
0.004128217697143555
0.0040934085845947266
0.004154682159423828
0.004247188568115234
0.0028307437896728516
0.0035903453826904297
0.003482341766357422
0.0041086673736572266
0.0040891170501708984
0.0027925968170166016
0.002500295639038086
0.004002094268798828
0.0039823055267333984
0.0034017562866210938
0.004846334457397461
0.0041120052337646484
0.004587888717651367
0.0043070316314697266
0.0036504268646240234
0.004154682159423828
0.004443168640136719
0.004809379577636719
0.004378557205200195
0.0035729408264160156
0.004136323928833008
0.00412297248840332
0.0042879581451416016
0.004208087921142578
0.0042383670806884766
0.004390716552734375
0.003623485565185547
0.0039806365966796875
0.004187822341918945
0.004094123840332031
0.004185914993286133
0.004132509231567383
0.0036368370056152344
0.0035402774810791016
0.0038216114044189453
0.0037512779235839844
0.004455089569091797
0.0043637752532958984
0.004357337951660156
0.0038089752197265625
0.0040242671966552734
0.0038580894470214844
0.0038869380950927734
0.003888845443725586
0.0040013790130615234
0.003923892974853516
0.004010438919067383
0.0038945674896240234
0.003334522247314453
0.00655364990234375
0.005936145782470703
0.0048580169677734375
0.004842281341552734
0.00489044189453125
0.005555868148803711
0.005075216293334961
0.005178689956665039
0.005764961242675781
0.004624128341674805
0.0057184696197509766
0.004962444305419922
0.0059473514556884766
0.004369497299194336
0.00515294075012207
0.004953145980834961
0.0063135623931884766
0.006354331970214844
0.005893230438232422
0.006349086761474609
0.00465703010559082
0.006341695785522461
0.005568504333496094
0.005758047103881836
0.006333827972412109
0.005654811859130859
0.005749702453613281
0.005225658416748047
0.005561113357543945
0.005842924118041992
0.0063288211822509766
0.0057103633880615234
0.00569915771484375
0.005957841873168945
0.004941701889038086
0.0061435699462890625
0.006648063659667969
0.00550389289855957
0.0056285858154296875
0.0058896541595458984
0.006337881088256836
0.006227254867553711
0.005447864532470703
0.005634307861328125
0.004381895065307617
0.0060770511627197266
0.0055387020111083984
0.004334449768066406
0.0055027008056640625
0.005769968032836914
0.0055005550384521484
0.005638837814331055
0.0040395259857177734
0.0053141117095947266
0.005240440368652344
0.005188941955566406
0.005508899688720703
0.0053021907806396484
0.003942012786865234
0.005585670471191406
0.004345893859863281
0.003878355026245117
0.004526376724243164
0.0055010318756103516
0.005599260330200195
0.004731416702270508
0.006272315979003906
0.006113529205322266
0.006346464157104492
0.006107807159423828
0.005531787872314453
0.0048830509185791016
0.0055904388427734375
0.00611424446105957
0.006184816360473633
0.006228923797607422
0.005103111267089844
0.005501985549926758
0.006627321243286133
0.006186008453369141
0.006220340728759766
0.00654911994934082
0.006350517272949219
0.00573420524597168
0.005048990249633789
0.006279945373535156
0.0059087276458740234
0.0063629150390625
0.006048917770385742
0.005736112594604492
0.004262447357177734
0.005633831024169922
0.00569462776184082
0.005756378173828125
0.005923032760620117
0.006500959396362305
0.005751371383666992
0.005251407623291016
0.005652666091918945
0.005867481231689453
0.005474090576171875
0.005975961685180664
0.00579833984375
0.005513429641723633
0.005911350250244141
0.005467414855957031
0.005295515060424805
0.004941463470458984
0.004865407943725586
0.005177736282348633
0.004434823989868164
0.00507664680480957
0.004555940628051758
0.004309654235839844
0.004190683364868164
0.004476308822631836
0.005067110061645508
0.0038766860961914062
0.004525899887084961
0.005136966705322266
0.005038738250732422
0.0046727657318115234
0.005390644073486328
0.0033910274505615234
0.005023956298828125
0.004197835922241211
0.004355907440185547
0.004187345504760742
0.0041577816009521484
0.005043983459472656
0.005124568939208984
0.0034089088439941406
0.004046201705932617
0.0036318302154541016
0.0053822994232177734
0.0048065185546875
0.004887819290161133
0.004929780960083008
0.004996299743652344
0.005089521408081055
0.004331350326538086
0.004849672317504883
0.004952907562255859
0.004943370819091797
0.004994869232177734
0.0049097537994384766
0.005031108856201172
0.0036406517028808594
0.004722118377685547
0.005082845687866211
0.005006074905395508
0.0048847198486328125
0.005240678787231445
0.0047113895416259766
0.0047550201416015625
0.005081653594970703
0.004300594329833984
0.004544496536254883
0.004372119903564453
0.004465341567993164
0.0043010711669921875
0.004660606384277344
0.0040013790130615234
0.003961324691772461
0.0049152374267578125
0.004628419876098633
0.00447845458984375
0.005175352096557617
0.004479408264160156
0.005004167556762695
0.004875659942626953
0.0047550201416015625
0.004977226257324219
0.005296468734741211
0.004702568054199219
0.004259824752807617
0.004537105560302734
0.004876136779785156
0.005216121673583984
0.004843711853027344
0.005335807800292969
0.00455474853515625
0.0051424503326416016
0.00487518310546875
0.004953145980834961
0.004945039749145508
0.004765748977661133
0.004822969436645508
0.004874467849731445
0.004866361618041992
0.00490117073059082
0.004434823989868164
0.004309892654418945
0.004315853118896484
0.004730701446533203
0.004330158233642578
0.004338979721069336
0.004287242889404297
0.004293203353881836
0.004321575164794922
0.0044667720794677734
0.004215717315673828
0.004712820053100586
0.004449367523193359
0.00438690185546875
0.0045185089111328125
0.004500150680541992
0.004052877426147461
0.003902435302734375
0.0041124820709228516
0.0042247772216796875
0.0044939517974853516
0.004303455352783203
0.004372596740722656
0.004308938980102539
0.004265785217285156
0.003052234649658203
0.0030608177185058594
0.004796266555786133
0.0047986507415771484
0.004909038543701172
0.004886627197265625
0.003542661666870117
0.005033016204833984
0.004431247711181641
0.0048520565032958984
0.004710674285888672
0.004827976226806641
0.0044727325439453125
0.00448298454284668
0.0043370723724365234
0.00402379035949707
0.004033565521240234
0.004740715026855469
0.0030443668365478516
0.004621982574462891
0.004776954650878906
0.00481414794921875
0.004799842834472656
0.005257844924926758
0.00465083122253418
0.004919767379760742
0.004510164260864258
0.004547834396362305
0.005225658416748047
0.004456043243408203
0.0043697357177734375
0.003993034362792969
0.0040514469146728516
0.004914283752441406
0.0045549869537353516
0.004094123840332031
0.0046291351318359375
0.00436854362487793
0.004739284515380859
0.004384756088256836
0.004756450653076172
0.0046923160552978516
0.004300832748413086
0.004502058029174805
0.004793882369995117
0.005019664764404297
0.0045735836029052734
0.004854679107666016
0.0040395259857177734
0.004416465759277344
0.004848003387451172
0.004685163497924805
0.0045948028564453125
0.004847049713134766
0.004960060119628906
0.0045642852783203125
0.002863168716430664
0.004560232162475586
0.0044863224029541016
0.004553794860839844
0.004632234573364258
0.004202365875244141
0.0032711029052734375
0.00500941276550293
0.004297494888305664
0.004160642623901367
0.0042803287506103516
0.0032110214233398438
0.004599332809448242
0.0044667720794677734
0.005932807922363281
0.004510402679443359
0.004533529281616211
0.0046329498291015625
0.0045299530029296875
0.004768848419189453
0.0041353702545166016
0.00487208366394043
0.00458526611328125
0.0028617382049560547
0.004538774490356445
0.00471949577331543
0.004530668258666992
0.004518747329711914
0.004662036895751953
0.005311250686645508
0.00461125373840332
0.00442194938659668
0.0044879913330078125
0.00406336784362793
0.0040416717529296875
0.003903627395629883
0.0042035579681396484
0.004137992858886719
0.004457950592041016
0.00370025634765625
0.0035927295684814453
0.003826141357421875
0.003525972366333008
0.004073143005371094
0.003558635711669922
0.0038177967071533203
0.0040760040283203125
0.004017353057861328
0.003909587860107422
0.004126071929931641
0.003988981246948242
0.0033502578735351562
0.0031049251556396484
0.002676725387573242
0.0028634071350097656
0.0025746822357177734
0.0028717517852783203
0.002729654312133789
0.0029451847076416016
0.002781391143798828
0.003065824508666992
0.002768993377685547
0.0027146339416503906
0.003072977066040039
0.003156900405883789
0.0030503273010253906
0.002753734588623047
0.003151416778564453
0.0031375885009765625
0.003145456314086914
0.0030791759490966797
0.0030922889709472656
0.002603769302368164
0.0026378631591796875
0.0025908946990966797
0.0030984878540039062
0.0011403560638427734
0.002344846725463867
0.002730846405029297
0.002763509750366211
0.0026111602783203125
0.002897977828979492
0.0029296875
0.0029058456420898438
0.002961874008178711
0.0030946731567382812
0.002928018569946289
0.003028392791748047
0.0026743412017822266
0.0026786327362060547
0.0031054019927978516
0.0030052661895751953
0.003104686737060547
0.0030355453491210938
0.002683401107788086
0.0030417442321777344
0.0026636123657226562
0.002772092819213867
0.0024650096893310547
0.0029523372650146484
0.002986907958984375
0.0026807785034179688
0.0026400089263916016
0.0026726722717285156
0.002702474594116211
0.0023179054260253906
0.003984689712524414
0.004489421844482422
0.004190206527709961
0.0033617019653320312
0.004423618316650391
0.004354238510131836
0.003098011016845703
0.004103183746337891
0.004045248031616211
0.0037546157836914062
0.004585742950439453
0.0042192935943603516
0.004765748977661133
0.004281282424926758
0.004640340805053711
0.004634380340576172
0.004029989242553711
0.0045850276947021484
0.004168987274169922
0.0030868053436279297
0.0022039413452148438
0.003988981246948242
0.0038299560546875
0.003038167953491211
0.004642486572265625
0.004571199417114258
0.004549264907836914
0.003834247589111328
0.0045566558837890625
0.0045130252838134766
0.004681110382080078
0.004022836685180664
0.00475764274597168
0.004183769226074219
0.004279613494873047
0.004504680633544922
0.004251718521118164
0.004276275634765625
0.0042726993560791016
0.004469156265258789
0.003072023391723633
0.004567623138427734
0.0046100616455078125
0.004652500152587891
0.0046176910400390625
0.003995180130004883
0.004507541656494141
0.0045893192291259766
0.004591226577758789
0.004698514938354492
0.004801750183105469
0.004128217697143555
0.002841949462890625
0.0043675899505615234
0.004408121109008789
0.004426479339599609
0.004392385482788086
0.0038919448852539062
0.004644155502319336
0.004614591598510742
0.004584550857543945
0.004541158676147461
0.004011631011962891
0.004042148590087891
0.002754688262939453
0.002691030502319336
0.00425267219543457
0.004229068756103516
0.0035982131958007812
0.004622697830200195
0.003875255584716797
0.004164457321166992
0.004285573959350586
0.003598928451538086
0.004300594329833984
0.0043790340423583984
0.004249095916748047
0.0042874813079833984
0.004300594329833984
0.004198551177978516
0.004353523254394531
0.004385948181152344
0.004269599914550781
0.004439592361450195
0.004159450531005859
0.004178524017333984
0.004129648208618164
0.004247426986694336
0.003794431686401367
0.004262685775756836
0.004322528839111328
0.004327535629272461
0.004312276840209961
0.004221439361572266
0.004149675369262695
0.004354238510131836
0.0037267208099365234
0.0038595199584960938
0.0038704872131347656
0.003786802291870117
0.0038568973541259766
0.00399470329284668
0.0038530826568603516
0.00392913818359375
0.0039784908294677734
0.003989219665527344
0.0039522647857666016
0.003396749496459961
0.0059163570404052734
0.005902767181396484
0.006229400634765625
0.0053217411041259766
0.005795478820800781
0.0059356689453125
0.004683256149291992
0.005808591842651367
0.005268573760986328
0.005398273468017578
0.0056917667388916016
0.0059354305267333984
0.006327390670776367
0.0062427520751953125
0.006150722503662109
0.0064008235931396484
0.005857944488525391
0.0064830780029296875
0.006241559982299805
0.0048406124114990234
0.003239154815673828
0.005899667739868164
0.005410909652709961
0.004689693450927734
0.006435394287109375
0.006017446517944336
0.0063283443450927734
0.005482196807861328
0.006380319595336914
0.0062830448150634766
0.005021095275878906
0.005771160125732422
0.0057795047760009766
0.005153179168701172
0.00596308708190918
0.006236076354980469
0.005777120590209961
0.0061893463134765625
0.005935192108154297
0.005900144577026367
0.0057909488677978516
0.0052754878997802734
0.005598306655883789
0.004592418670654297
0.005831718444824219
0.00665736198425293
0.0062754154205322266
0.0061299800872802734
0.005380392074584961
0.005402088165283203
0.006382465362548828
0.006734371185302734
0.006072282791137695
0.006136417388916016
0.006287097930908203
0.005684614181518555
0.005964040756225586
0.004518985748291016
0.0057735443115234375
0.005925655364990234
0.0055963993072509766
0.00592041015625
0.005237579345703125
0.004456996917724609
0.0048675537109375
0.0061032772064208984
0.00561070442199707
0.006744861602783203
0.005612850189208984
0.005341053009033203
0.005379676818847656
0.0043108463287353516
0.004534721374511719
0.004409074783325195
0.005772590637207031
0.005831480026245117
0.0067517757415771484
0.005804777145385742
0.005964517593383789
0.006467580795288086
0.0049517154693603516
0.006845235824584961
0.005892753601074219
0.006417036056518555
0.0059566497802734375
0.005840778350830078
0.005486011505126953
0.005660295486450195
0.005632638931274414
0.005804777145385742
0.00563359260559082
0.005700111389160156
0.0059337615966796875
0.005926609039306641
0.0061457157135009766
0.00506901741027832
0.006437540054321289
0.006072044372558594
0.005970478057861328
0.005314826965332031
0.005965709686279297
0.005668163299560547
0.0058727264404296875
0.0054340362548828125
0.005534648895263672
0.005443096160888672
0.005324125289916992
0.004982709884643555
0.0060427188873291016
0.005605220794677734
0.005483150482177734
0.005815267562866211
0.005926609039306641
0.00543975830078125
0.005541563034057617
0.005525112152099609
0.005766868591308594
0.004889726638793945
0.005027055740356445
0.00531315803527832
0.00468134880065918
0.0044858455657958984
0.004451274871826172
0.004235744476318359
0.00437164306640625
0.004536867141723633
0.004753828048706055
0.004605531692504883
0.004445314407348633
0.00447392463684082
0.0042269229888916016
0.004902362823486328
0.004724264144897461
0.004716396331787109
0.004384040832519531
0.004281759262084961
0.005090475082397461
0.004705905914306641
0.0047397613525390625
0.004776954650878906
0.004067182540893555
0.0045146942138671875
0.004380464553833008
0.00477290153503418
0.0021626949310302734
0.0044443607330322266
0.0044400691986083984
0.004576683044433594
0.004014730453491211
0.004595518112182617
0.004889965057373047
0.004609107971191406
0.004372835159301758
0.004716634750366211
0.0047550201416015625
0.004969120025634766
0.0047206878662109375
0.004627227783203125
0.0047664642333984375
0.004519462585449219
0.004351377487182617
0.00495147705078125
0.004996299743652344
0.004616260528564453
0.003433704376220703
0.004418611526489258
0.0048029422760009766
0.004614114761352539
0.004797220230102539
0.004683732986450195
0.0046787261962890625
0.005104541778564453
0.004850149154663086
0.0043337345123291016
0.0040323734283447266
0.004381656646728516
0.0043604373931884766
0.00449371337890625
0.0038046836853027344
0.004644632339477539
0.004462480545043945
0.004992008209228516
0.004726409912109375
0.004604816436767578
0.005102396011352539
0.004876613616943359
0.004706621170043945
0.004399776458740234
0.004720449447631836
0.004791259765625
0.004657745361328125
0.0045931339263916016
0.0049550533294677734
0.0046045780181884766
0.004652738571166992
0.0044820308685302734
0.0052509307861328125
0.004980564117431641
0.004763603210449219
0.004515171051025391
0.0045642852783203125
0.004464864730834961
0.004455089569091797
0.004175662994384766
0.004513740539550781
0.0048923492431640625
0.0038518905639648438
0.005145549774169922
0.0049588680267333984
0.004841804504394531
0.0044252872467041016
0.0050885677337646484
0.003397226333618164
0.004986286163330078
0.004395961761474609
0.0033884048461914062
0.004573345184326172
0.0042514801025390625
0.0027358531951904297
0.003969907760620117
0.004343271255493164
0.005018711090087891
0.004445552825927734
0.004836320877075195
0.004869222640991211
0.005051612854003906
0.004319190979003906
0.004836320877075195
0.00401616096496582
0.004352092742919922
0.004204750061035156
0.004444122314453125
0.005507469177246094
0.0042765140533447266
0.004879951477050781
0.004857778549194336
0.005247354507446289
0.0044901371002197266
0.004167795181274414
0.0043752193450927734
0.00403594970703125
0.004426002502441406
0.0041656494140625
0.00478053092956543
0.004697322845458984
0.004609107971191406
0.00469517707824707
0.004511356353759766
0.004353761672973633
0.004551887512207031
0.0042285919189453125
0.004085540771484375
0.004132509231567383
0.005456686019897461
0.004658699035644531
0.004195213317871094
0.004346609115600586
0.004446744918823242
0.004333019256591797
0.004767894744873047
0.004316091537475586
0.00419926643371582
0.00269317626953125
0.004736661911010742
0.0044155120849609375
0.003910541534423828
0.0043981075286865234
0.004144906997680664
0.0037546157836914062
0.004936695098876953
0.004377603530883789
0.0044553279876708984
0.004094600677490234
0.004132747650146484
0.004348039627075195
0.004033565521240234
0.003964900970458984
0.00410914421081543
0.004342317581176758
0.0037288665771484375
0.0037946701049804688
0.003969430923461914
0.002405881881713867
0.004319667816162109
0.004113912582397461
0.004481792449951172
0.004086017608642578
0.004299640655517578
0.004129886627197266
0.00350189208984375
0.002843618392944336
0.0024645328521728516
0.0035915374755859375
0.003477334976196289
0.0032958984375
0.0033020973205566406
0.003297090530395508
0.0034525394439697266
0.0024399757385253906
0.0028340816497802734
0.003309011459350586
0.003267526626586914
0.0028772354125976562
0.0033922195434570312
0.002904653549194336
0.0017404556274414062
0.0032999515533447266
0.0027256011962890625
0.0027599334716796875
0.0029392242431640625
0.002854585647583008
0.0017466545104980469
0.002958059310913086
0.002799510955810547
0.003305196762084961
0.003042459487915039
0.0035479068756103516
0.003053903579711914
0.003356456756591797
0.002470254898071289
0.0033473968505859375
0.0024700164794921875
0.0029795169830322266
0.002756834030151367
0.0028748512268066406
0.002894878387451172
0.0032846927642822266
0.0032796859741210938
0.0030193328857421875
0.002986431121826172
0.0023975372314453125
0.0027310848236083984
0.003039121627807617
0.0023696422576904297
0.0028510093688964844
0.0017046928405761719
0.003001689910888672
0.0030357837677001953
0.0011959075927734375
0.0017783641815185547
0.0029587745666503906
0.0018854141235351562
0.002526998519897461
0.0011022090911865234
0.0027370452880859375
0.0010955333709716797
0.003292560577392578
0.0032553672790527344
0.0016856193542480469
0.003195524215698242
0.0031986236572265625
0.003197908401489258
0.003200054168701172
0.0033142566680908203
0.0032100677490234375
0.003342151641845703
0.0032820701599121094
0.003315448760986328
0.003237009048461914
0.0032417774200439453
0.0033156871795654297
0.0032508373260498047
0.0033271312713623047
0.0032792091369628906
0.0033502578735351562
0.003282785415649414
0.003252744674682617
0.0032351016998291016
0.003307819366455078
0.0033364295959472656
0.003273487091064453
0.003322601318359375
0.0033197402954101562
0.003445148468017578
0.003281116485595703
0.0032415390014648438
0.0032765865325927734
0.0032150745391845703
0.0017120838165283203
0.0016872882843017578
0.0031614303588867188
0.0032160282135009766
0.003184080123901367
0.003210783004760742
0.003204345703125
0.0032453536987304688
0.003221750259399414
0.003168344497680664
0.0031104087829589844
0.0031995773315429688
0.0032012462615966797
0.0031969547271728516
0.003180265426635742
0.0031762123107910156
0.003213644027709961
0.0032095909118652344
0.003215789794921875
0.0032770633697509766
0.0031991004943847656
0.0032792091369628906
0.0032820701599121094
0.0032682418823242188
0.00331878662109375
0.0033478736877441406
0.0031495094299316406
0.0033402442932128906
0.0034322738647460938
0.003209352493286133
0.0032508373260498047
0.0032215118408203125
0.0033333301544189453
0.003223896026611328
0.0017697811126708984
0.0027132034301757812
0.002656698226928711
0.003245115280151367
0.0017216205596923828
0.0017232894897460938
0.0032482147216796875
0.0032050609588623047
0.0033245086669921875
0.003286600112915039
0.003387451171875
0.003294229507446289
0.0033845901489257812
0.003199338912963867
0.003305196762084961
0.003309488296508789
0.002723217010498047
0.003246307373046875
0.0032973289489746094
0.0032503604888916016
0.0032842159271240234
0.003238201141357422
0.00319671630859375
0.003263235092163086
0.002776622772216797
0.0032143592834472656
0.0031976699829101562
0.0031943321228027344
0.0028705596923828125
0.003218412399291992
0.001753091812133789
0.0032241344451904297
0.00266265869140625
0.00325775146484375
0.0028798580169677734
0.002942800521850586
0.0028705596923828125
0.002890348434448242
0.0028820037841796875
0.002992868423461914
0.002844095230102539
0.0028634071350097656
0.002853870391845703
0.0028672218322753906
0.0028662681579589844
0.002885580062866211
0.0029642581939697266
0.002901315689086914
0.0029730796813964844
0.0028340816497802734
0.0028493404388427734
0.0028383731842041016
0.0028467178344726562
0.002828836441040039
0.0028498172760009766
0.0028688907623291016
0.0029497146606445312
0.0028791427612304688
0.0029382705688476562
0.002969503402709961
0.003091573715209961
0.0028591156005859375
0.0029222965240478516
0.0029594898223876953
0.002857208251953125
0.0028524398803710938
0.0028905868530273438
0.0028846263885498047
0.0029730796813964844
0.002946138381958008
0.0029795169830322266
0.0029633045196533203
0.0029726028442382812
0.002884387969970703
0.002918243408203125
0.0029158592224121094
0.0029726028442382812
0.002947568893432617
0.002919435501098633
0.0029828548431396484
0.0029892921447753906
0.0028862953186035156
0.002836465835571289
0.0029478073120117188
0.0029408931732177734
0.002988100051879883
0.002864837646484375
0.0029032230377197266
0.002966642379760742
0.0029211044311523438
0.0029592514038085938
0.0028579235076904297
0.002986907958984375
0.0028955936431884766
0.0029001235961914062
0.0013179779052734375
0.002350330352783203
0.004788875579833984
0.0044803619384765625
0.004843235015869141
0.0054171085357666016
0.004790067672729492
0.005097627639770508
0.004993915557861328
0.004986763000488281
0.004111289978027344
0.004123210906982422
0.0051174163818359375
0.00487065315246582
0.004515171051025391
0.0052907466888427734
0.0033636093139648438
0.0035414695739746094
0.004992008209228516
0.004181385040283203
0.004419803619384766
0.004400730133056641
0.0046863555908203125
0.0033769607543945312
0.004369020462036133
0.004458904266357422
0.005066394805908203
0.0047948360443115234
0.00540614128112793
0.004736423492431641
0.004623889923095703
0.002971649169921875
0.005194902420043945
0.0041656494140625
0.004644155502319336
0.0046062469482421875
0.004331111907958984
0.004519224166870117
0.0048711299896240234
0.00462031364440918
0.0039899349212646484
0.004855155944824219
0.004117250442504883
0.004006624221801758
0.004910469055175781
0.0042421817779541016
0.004032611846923828
0.0032699108123779297
0.004735708236694336
0.004758596420288086
0.002197265625
0.0033216476440429688
0.004808187484741211
0.003283262252807617
0.00411677360534668
0.002793550491333008
0.004430294036865234
0.0028295516967773438
0.004677772521972656
0.004914045333862305
0.0033800601959228516
0.004973411560058594
0.005054950714111328
0.0050199031829833984
0.005281925201416016
0.003650188446044922
0.005009651184082031
0.005115509033203125
0.0046689510345458984
0.0046842098236083984
0.004968404769897461
0.004891395568847656
0.005010843276977539
0.004999876022338867
0.0048143863677978516
0.005007028579711914
0.0036606788635253906
0.004986286163330078
0.0048732757568359375
0.003710031509399414
0.004665851593017578
0.005084037780761719
0.004919767379760742
0.00533747673034668
0.005315542221069336
0.004691600799560547
0.004676103591918945
0.006012439727783203
0.0049097537994384766
0.0046558380126953125
0.004435539245605469
0.004424333572387695
0.0045146942138671875
0.00446772575378418
0.004503488540649414
0.004374265670776367
0.0046291351318359375
0.0043985843658447266
0.0044171810150146484
0.0041162967681884766
0.004804134368896484
0.004355907440185547
0.004340648651123047
0.004457712173461914
0.004454851150512695
0.0037140846252441406
0.0048828125
0.005313396453857422
0.004608154296875
0.003618001937866211
0.0034961700439453125
0.005086183547973633
0.005347013473510742
0.004910707473754883
0.0049440860748291016
0.004922628402709961
0.0036437511444091797
0.005097150802612305
0.005380868911743164
0.005051612854003906
0.00508427619934082
0.005077362060546875
0.004964590072631836
0.005022287368774414
0.004922628402709961
0.004593849182128906
0.0052258968353271484
0.004843950271606445
0.00464630126953125
0.004809379577636719
0.0048596858978271484
0.004616498947143555
0.0036406517028808594
0.00492405891418457
0.004539966583251953
0.00503849983215332
0.004583597183227539
0.004946708679199219
0.0046198368072509766
0.0050792694091796875
0.004906654357910156
0.00485539436340332
0.004545450210571289
0.0031080245971679688
0.004730939865112305
0.004515647888183594
0.004595756530761719
0.004341840744018555
0.0044934749603271484
0.0045506954193115234
0.004692792892456055
0.004401445388793945
0.004826068878173828
0.004860401153564453
0.004467010498046875
0.004029989242553711
0.0043582916259765625
0.004500389099121094
0.0045092105865478516
0.0038237571716308594
0.0032100677490234375
0.0037446022033691406
0.003423929214477539
0.0033981800079345703
0.005060911178588867
0.0036444664001464844
0.005012989044189453
0.004681587219238281
0.0032875537872314453
0.004981279373168945
0.0050203800201416016
0.005006074905395508
0.004703521728515625
0.005534172058105469
0.004508495330810547
0.0044209957122802734
0.004159212112426758
0.004760265350341797
0.004419088363647461
0.004361391067504883
0.00441741943359375
0.004805564880371094
0.0049250125885009766
0.005040168762207031
0.004992961883544922
0.005265951156616211
0.005408525466918945
0.004792213439941406
0.0046918392181396484
0.004317045211791992
0.004584789276123047
0.004020214080810547
0.004155874252319336
0.004473686218261719
0.005450725555419922
0.004351139068603516
0.005824565887451172
0.004602193832397461
0.0047528743743896484
0.003330707550048828
0.004496574401855469
0.0043675899505615234
0.004830121994018555
0.004201650619506836
0.004282951354980469
0.004543304443359375
0.004582643508911133
0.005026578903198242
0.004694461822509766
0.005486011505126953
0.005112886428833008
0.004788398742675781
0.0047435760498046875
0.00445866584777832
0.004678249359130859
0.004818916320800781
0.004788637161254883
0.003362417221069336
0.0046234130859375
0.004309892654418945
0.003937244415283203
0.004751920700073242
0.005103588104248047
0.0047454833984375
0.004555225372314453
0.004353523254394531
0.005045413970947266
0.0044481754302978516
0.004777193069458008
0.004927873611450195
0.005020856857299805
0.0034027099609375
0.0044155120849609375
0.004941701889038086
0.004750251770019531
0.004865884780883789
0.004596233367919922
0.004619598388671875
0.0046885013580322266
0.004675149917602539
0.004259586334228516
0.004370689392089844
0.0047948360443115234
0.00467371940612793
0.004316568374633789
0.004747152328491211
0.004685163497924805
0.0046312808990478516
0.004742860794067383
0.004366636276245117
0.004754304885864258
0.004385948181152344
0.004736423492431641
0.0050241947174072266
0.004606485366821289
0.003920793533325195
0.004609584808349609
0.0029129981994628906
0.004937410354614258
0.004202604293823242
0.004761934280395508
0.00491642951965332
0.004507303237915039
0.004354715347290039
0.003000974655151367
0.00418543815612793
0.00408625602722168
0.004286527633666992
0.004100322723388672
0.004076480865478516
0.004148244857788086
0.00418400764465332
0.0042972564697265625
0.0043849945068359375
0.0038881301879882812
0.003915071487426758
0.003971576690673828
0.004090785980224609
0.00413203239440918
0.003823518753051758
0.004477024078369141
0.004129648208618164
0.0041043758392333984
0.0028159618377685547
0.003814220428466797
0.0030944347381591797
0.003532886505126953
0.003261089324951172
0.0036287307739257812
0.0031151771545410156
0.0036864280700683594
0.0031490325927734375
0.0033512115478515625
0.0027539730072021484
0.003455638885498047
0.0033788681030273438
0.0040705204010009766
0.0034089088439941406
0.0032930374145507812
0.0036656856536865234
0.003090381622314453
0.003449678421020508
0.0034339427947998047
0.0033566951751708984
0.003525257110595703
0.0018973350524902344
0.0033478736877441406
0.0035178661346435547
0.0031630992889404297
0.0035042762756347656
0.0028133392333984375
0.003571033477783203
0.003354787826538086
0.0027306079864501953
0.0035238265991210938
0.0033986568450927734
0.003459453582763672
0.0031659603118896484
0.0034275054931640625
0.003910064697265625
0.0032155513763427734
0.003065347671508789
0.003683328628540039
0.0019335746765136719
0.0031669139862060547
0.003101348876953125
0.0033168792724609375
0.0030939579010009766
0.0035829544067382812
0.003425121307373047
0.00342559814453125
0.003551483154296875
0.003391265869140625
0.001798391342163086
0.0033998489379882812
0.0031070709228515625
0.002630472183227539
0.0031642913818359375
0.003227710723876953
0.0031006336212158203
0.003198385238647461
0.0034346580505371094
0.003406047821044922
0.0033965110778808594
0.0033795833587646484
0.003368854522705078
0.0033740997314453125
0.0031485557556152344
0.003055095672607422
0.003392934799194336
0.0037097930908203125
0.003141641616821289
0.0031213760375976562
0.0011835098266601562
0.0019457340240478516
0.0034537315368652344
0.00330352783203125
0.0017437934875488281
0.003141164779663086
0.001809835433959961
0.0033850669860839844
0.003415346145629883
0.0017991065979003906
0.0025072097778320312
0.004142284393310547
0.003923892974853516
0.0038442611694335938
0.0038285255432128906
0.004248380661010742
0.0036878585815429688
0.0035958290100097656
0.0038192272186279297
0.0033431053161621094
0.003586292266845703
0.0033223628997802734
0.003608226776123047
0.0035440921783447266
0.0033812522888183594
0.00339508056640625
0.003370046615600586
0.0033159255981445312
0.0033042430877685547
0.0032196044921875
0.003517627716064453
0.0034236907958984375
0.0036025047302246094
0.0033376216888427734
0.003360748291015625
0.003345489501953125
0.003505229949951172
0.003265857696533203
0.0034935474395751953
0.0033376216888427734
0.003619670867919922
0.003372669219970703
0.0033757686614990234
0.003314971923828125
0.003322601318359375
0.0033936500549316406
0.0034646987915039062
0.0033752918243408203
0.0033948421478271484
0.0033652782440185547
0.0035142898559570312
0.0036919116973876953
0.0035042762756347656
0.003397703170776367
0.0033638477325439453
0.0033435821533203125
0.0033216476440429688
0.0033605098724365234
0.0033483505249023438
0.0032951831817626953
0.003081798553466797
0.0031478404998779297
0.003134489059448242
0.003398418426513672
0.0033884048461914062
0.003660440444946289
0.003667116165161133
0.0033257007598876953
0.0033674240112304688
0.0036516189575195312
0.003420114517211914
0.003583192825317383
0.003425121307373047
0.0033843517303466797
0.0034286975860595703
0.0033707618713378906
0.0036695003509521484
0.0036194324493408203
0.0033423900604248047
0.003555774688720703
0.003602266311645508
0.0034470558166503906
0.0033864974975585938
0.0033800601959228516
0.003442049026489258
0.003409862518310547
0.0033559799194335938
0.0033333301544189453
0.0033707618713378906
0.002787351608276367
0.0036563873291015625
0.002723217010498047
0.0036590099334716797
0.0035696029663085938
0.0033063888549804688
0.0036013126373291016
0.003398895263671875
0.003379344940185547
0.003695249557495117
0.0035059452056884766
0.003428936004638672
0.0035140514373779297
0.003390073776245117
0.003393411636352539
0.0034139156341552734
0.003403186798095703
0.003414154052734375
0.003634214401245117
0.0034177303314208984
0.0036478042602539062
0.0034677982330322266
0.0033419132232666016
0.0034143924713134766
0.003348827362060547
0.0033903121948242188
0.0033066272735595703
0.0033321380615234375
0.0033414363861083984
0.003346681594848633
0.003401517868041992
0.003674745559692383
0.003354310989379883
0.0037026405334472656
0.003373861312866211
0.003689289093017578
0.0033893585205078125
0.0036885738372802734
0.0034003257751464844
0.0033273696899414062
0.0034351348876953125
0.003473520278930664
0.0034160614013671875
0.003770589828491211
0.003353595733642578
0.0033826828002929688
0.0034036636352539062
0.0034232139587402344
0.0031893253326416016
0.003122091293334961
0.003141164779663086
0.003106832504272461
0.0030672550201416016
0.003049135208129883
0.003140687942504883
0.003370523452758789
0.003437519073486328
0.003340482711791992
0.0030303001403808594
0.0035881996154785156
0.003334522247314453
0.0033757686614990234
0.0033740997314453125
0.0036246776580810547
0.0033643245697021484
0.003286600112915039
0.0033948421478271484
0.0033676624298095703
0.0038428306579589844
0.0032906532287597656
0.003334522247314453
0.003364086151123047
0.0034036636352539062
0.0034072399139404297
0.003513813018798828
0.003412008285522461
0.003717660903930664
0.0034198760986328125
0.003414630889892578
0.003742218017578125
0.0029888153076171875
0.0031061172485351562
0.002840280532836914
0.0022292137145996094
0.0033779144287109375
0.002216339111328125
0.0018737316131591797
0.0036067962646484375
0.003472566604614258
0.0034155845642089844
0.0036737918853759766
0.00342559814453125
0.003602743148803711
0.0035724639892578125
0.003332376480102539
0.003384828567504883
0.0034346580505371094
0.0017008781433105469
0.0033783912658691406
0.003385305404663086
0.003091096878051758
0.0030295848846435547
0.003503561019897461
0.0033197402954101562
0.003056764602661133
0.0036792755126953125
0.0033452510833740234
0.003566741943359375
0.003363370895385742
0.0033092498779296875
0.0033500194549560547
0.003448009490966797
0.0036759376525878906
0.0033788681030273438
0.003462076187133789
0.0033941268920898438
0.003618001937866211
0.003328084945678711
0.0021779537200927734
0.0034880638122558594
0.003958463668823242
0.003874540328979492
0.0039823055267333984
0.0042493343353271484
0.003376483917236328
0.0034770965576171875
0.003382444381713867
0.003710508346557617
0.003648519515991211
0.0032825469970703125
0.0033936500549316406
0.0036907196044921875
0.003659963607788086
0.0031104087829589844
0.003031492233276367
0.0034525394439697266
0.003329753875732422
0.0039052963256835938
0.003309488296508789
0.0037758350372314453
0.0030603408813476562
0.0031280517578125
0.0033638477325439453
0.003314495086669922
0.0038604736328125
0.003374814987182617
0.0029909610748291016
0.0032958984375
0.0038466453552246094
0.0042171478271484375
0.00347900390625
0.003445148468017578
0.0034024715423583984
0.0030853748321533203
0.0030488967895507812
0.0037055015563964844
0.0035550594329833984
0.0027251243591308594
0.0031769275665283203
0.0032851696014404297
0.0033750534057617188
0.0034246444702148438
0.0034160614013671875
0.0034017562866210938
0.003091573715209961
0.0029578208923339844
0.0043735504150390625
0.0040438175201416016
0.0034036636352539062
0.003370046615600586
0.003359079360961914
0.0033566951751708984
0.003337860107421875
0.003032684326171875
0.0033032894134521484
0.0014066696166992188
0.004024982452392578
0.003627777099609375
0.0038111209869384766
0.0033249855041503906
0.003572225570678711
0.0036482810974121094
0.0035829544067382812
0.0033659934997558594
0.004056692123413086
0.0033292770385742188
0.0031838417053222656
0.003200531005859375
0.003117799758911133
0.0032722949981689453
0.0030634403228759766
0.0030508041381835938
0.0033216476440429688
0.003075838088989258
0.0030400753021240234
0.0032110214233398438
0.00302886962890625
0.003077983856201172
0.0032896995544433594
0.0033659934997558594
0.003062725067138672
0.0032634735107421875
0.0030350685119628906
0.0030744075775146484
0.003016233444213867
0.0032427310943603516
0.003067493438720703
0.0030770301818847656
0.003047943115234375
0.003322124481201172
0.0031125545501708984
0.002971649169921875
0.0028197765350341797
0.0030045509338378906
0.002908945083618164
0.002983570098876953
0.0033228397369384766
0.0029528141021728516
0.0030412673950195312
0.0033075809478759766
0.003101348876953125
0.0029747486114501953
0.002976655960083008
0.003303050994873047
0.0029706954956054688
0.001394033432006836
0.0014562606811523438
0.0030384063720703125
0.0029976367950439453
0.002960205078125
0.0030493736267089844
0.0030412673950195312
0.0033273696899414062
0.0029942989349365234
0.0030045509338378906
0.003229856491088867
0.0030164718627929688
0.002989530563354492
0.0031790733337402344
0.0033426284790039062
0.002996206283569336
0.003092527389526367
0.003000497817993164
0.003007650375366211
0.0028951168060302734
0.0027267932891845703
0.002727508544921875
0.002627134323120117
0.0025920867919921875
0.0027544498443603516
0.002630949020385742
0.0030608177185058594
0.0013804435729980469
0.0030088424682617188
0.002919435501098633
0.0014073848724365234
0.0029671192169189453
0.002687215805053711
0.0039119720458984375
0.0033121109008789062
0.0030660629272460938
0.001416921615600586
0.0030477046966552734
0.0029916763305664062
0.003057241439819336
0.0030481815338134766
0.0030553340911865234
0.002949953079223633
0.003191232681274414
0.002727031707763672
0.0033102035522460938
0.003468751907348633
0.0030579566955566406
0.002947568893432617
0.003245115280151367
0.002909421920776367
0.0033447742462158203
0.003069162368774414
0.003040790557861328
0.0029916763305664062
0.0029654502868652344
0.003277301788330078
0.0030825138092041016
0.0029659271240234375
0.003009319305419922
0.003151416778564453
0.0030295848846435547
0.003045320510864258
0.003072977066040039
0.003024578094482422
0.0032889842987060547
0.0030181407928466797
0.003036022186279297
0.002931833267211914
0.0029175281524658203
0.003279447555541992
0.0026335716247558594
0.002367734909057617
0.0023946762084960938
0.0029621124267578125
0.002923250198364258
0.0028069019317626953
0.0016987323760986328
0.003871440887451172
0.0037353038787841797
0.0036890506744384766
0.003681182861328125
0.0035905838012695312
0.003704071044921875
0.0035958290100097656
0.0036182403564453125
0.003684520721435547
0.003607511520385742
0.0034978389739990234
0.003578662872314453
0.003347158432006836
0.003618955612182617
0.003963470458984375
0.003726959228515625
0.003634929656982422
0.0038423538208007812
0.0038323402404785156
0.0036401748657226562
0.0036749839782714844
0.0038022994995117188
0.0037109851837158203
0.003688335418701172
0.005879640579223633
0.003573179244995117
0.003567218780517578
0.0032727718353271484
0.004380226135253906
0.003657817840576172
0.003916740417480469
0.003587484359741211
0.003792285919189453
0.0037772655487060547
0.0037987232208251953
0.003744363784790039
0.003858327865600586
0.00405120849609375
0.003760814666748047
0.0037162303924560547
0.003676176071166992
0.0037889480590820312
0.003810405731201172
0.003731250762939453
0.0036041736602783203
0.003134489059448242
0.003345489501953125
0.003461599349975586
0.0034427642822265625
0.003439664840698242
0.0034008026123046875
0.0033342838287353516
0.003446340560913086
0.0033812522888183594
0.0035114288330078125
0.003419160842895508
0.0033426284790039062
0.0031671524047851562
0.0031273365020751953
0.003306865692138672
0.003362894058227539
0.0033113956451416016
0.003324747085571289
0.003334522247314453
0.0033185482025146484
0.003086566925048828
0.002732992172241211
0.005031585693359375
0.004758358001708984
0.004587888717651367
0.004628419876098633
0.004935026168823242
0.004873991012573242
0.004967451095581055
0.005054950714111328
0.005682229995727539
0.004843711853027344
0.006616115570068359
0.0064890384674072266
0.005934953689575195
0.005184650421142578
0.006453275680541992
0.004978656768798828
0.004998445510864258
0.0064961910247802734
0.004967212677001953
0.005196571350097656
0.005135059356689453
0.0061800479888916016
0.004814863204956055
0.007307767868041992
0.006320476531982422
0.0050275325775146484
0.005105018615722656
0.0049686431884765625
0.0044345855712890625
0.004473686218261719
0.004519462585449219
0.004076957702636719
0.004920005798339844
0.004613399505615234
0.004936933517456055
0.004788637161254883
0.0047948360443115234
0.004631519317626953
0.004427671432495117
0.004592180252075195
0.004430294036865234
0.004143238067626953
0.004282474517822266
0.0046846866607666016
0.00439906120300293
0.004706144332885742
0.0048673152923583984
0.004415750503540039
0.006426572799682617
0.00452113151550293
0.004293918609619141
0.0046575069427490234
0.00467681884765625
0.004208803176879883
0.004253387451171875
0.004331111907958984
0.004279613494873047
0.004305124282836914
0.004742622375488281
0.004655361175537109
0.004722118377685547
0.004491329193115234
0.004167079925537109
0.0042188167572021484
0.0038061141967773438
0.006630897521972656
0.005990028381347656
0.00605463981628418
0.006232500076293945
0.006222248077392578
0.008151054382324219
0.006493330001831055
0.0059854984283447266
0.00608372688293457
0.006359577178955078
0.0068149566650390625
0.00661468505859375
0.004678249359130859
0.0063364505767822266
0.005591392517089844
0.005953073501586914
0.006310939788818359
0.006577014923095703
0.006752729415893555
0.006726264953613281
0.006768465042114258
0.0067365169525146484
0.0065500736236572266
0.009052753448486328
0.006540775299072266
0.0064313411712646484
0.0045473575592041016
0.0062007904052734375
0.005556821823120117
0.0059356689453125
0.005156993865966797
0.005410909652709961
0.0062677860260009766
0.005566835403442383
0.006174325942993164
0.005934953689575195
0.005701780319213867
0.005279541015625
0.006370067596435547
0.00550532341003418
0.005893707275390625
0.005243062973022461
0.0056803226470947266
0.005789041519165039
0.005768537521362305
0.006073951721191406
0.005939960479736328
0.005601167678833008
0.0053746700286865234
0.005426883697509766
0.004780292510986328
0.00836324691772461
0.007942676544189453
0.00727534294128418
0.007467031478881836
0.007865190505981445
0.007520437240600586
0.008135080337524414
0.007442474365234375
0.007863283157348633
0.007834196090698242
0.008336782455444336
0.008146286010742188
0.006461620330810547
0.007955789566040039
0.00652003288269043
0.008109092712402344
0.007948160171508789
0.008580923080444336
0.008214235305786133
0.008594989776611328
0.007215976715087891
0.008141040802001953
0.008408069610595703
0.008266448974609375
0.00811457633972168
0.007950544357299805
0.006409406661987305
0.00783991813659668
0.007619619369506836
0.007266998291015625
0.007125139236450195
0.007072925567626953
0.007440805435180664
0.006865024566650391
0.007068634033203125
0.006613016128540039
0.006651401519775391
0.006683826446533203
0.008394241333007812
0.007901906967163086
0.007336139678955078
0.0076982975006103516
0.007771730422973633
0.007118940353393555
0.007781028747558594
0.007658958435058594
0.0071942806243896484
0.007365226745605469
0.006951093673706055
0.00745701789855957
0.007875680923461914
0.007274627685546875
0.006695270538330078
0.007437944412231445
0.010897636413574219
0.008064031600952148
0.008418083190917969
0.00926971435546875
0.006354093551635742
0.006320476531982422
0.009129524230957031
0.007096529006958008
0.012012958526611328
0.006308794021606445
0.012282848358154297
0.008846759796142578
0.006728172302246094
0.006631135940551758
0.006692647933959961
0.007399797439575195
0.0067632198333740234
0.006505727767944336
0.006704092025756836
0.007053852081298828
0.0064449310302734375
0.006914615631103516
0.0065996646881103516
0.006732940673828125
0.006630420684814453
0.006453514099121094
0.007452964782714844
0.006818056106567383
0.007058382034301758
0.0067479610443115234
0.006704092025756836
0.006575345993041992
0.006500959396362305
0.005454540252685547
0.006529092788696289
0.006663799285888672
0.005290985107421875
0.00661778450012207
0.008391141891479492
0.007254838943481445
0.006697654724121094
0.0064775943756103516
0.0066089630126953125
0.008242368698120117
0.0065860748291015625
0.006090879440307617
0.006018638610839844
0.00576329231262207
0.005741119384765625
0.0063931941986083984
0.006382465362548828
0.006039619445800781
0.006268739700317383
0.006646871566772461
0.0065021514892578125
0.006228923797607422
0.006422758102416992
0.0062868595123291016
0.00615382194519043
0.006089448928833008
0.005610942840576172
0.00861978530883789
0.006854534149169922
0.00614619255065918
0.0066034793853759766
0.007005214691162109
0.007062196731567383
0.00606226921081543
0.004477977752685547
0.0063457489013671875
0.005744218826293945
0.00612640380859375
0.0057909488677978516
0.005772590637207031
0.006124734878540039
0.006463527679443359
0.005807161331176758
0.005218982696533203
0.006593227386474609
0.006814241409301758
0.0065228939056396484
0.006697416305541992
0.006403923034667969
0.0064237117767333984
0.00664973258972168
0.00597071647644043
0.006145000457763672
0.00595855712890625
0.0067293643951416016
0.005730628967285156
0.005868196487426758
0.006128072738647461
0.005999565124511719
0.005951881408691406
0.00632166862487793
0.005642414093017578
0.0059337615966796875
0.007806062698364258
0.005290031433105469
0.005864381790161133
0.00599217414855957
0.005683183670043945
0.005921840667724609
0.007236480712890625
0.0056765079498291016
0.007863759994506836
0.005587100982666016
0.006091594696044922
0.00532984733581543
0.00567317008972168
0.005478382110595703
0.004731893539428711
0.0051457881927490234
0.005139827728271484
0.0077571868896484375
0.005688905715942383
0.005555629730224609
0.004887580871582031
0.005552053451538086
0.005547523498535156
0.005334615707397461
0.005288124084472656
0.005232572555541992
0.005407094955444336
0.00535130500793457
0.005440473556518555
0.005620479583740234
0.006529331207275391
0.005394935607910156
0.00685572624206543
0.004735708236694336
0.003695249557495117
0.0054798126220703125
0.005329608917236328
0.005171537399291992
0.005347728729248047
0.007595539093017578
0.005454063415527344
0.004912614822387695
0.005547761917114258
0.005776643753051758
0.007187604904174805
0.0055963993072509766
0.0055735111236572266
0.004988670349121094
0.004949808120727539
0.005516529083251953
0.006751537322998047
0.0055620670318603516
0.004823207855224609
0.00543522834777832
0.005532503128051758
0.005440711975097656
0.0054776668548583984
0.005511045455932617
0.00535130500793457
0.007920980453491211
0.005143880844116211
0.00564265251159668
0.008224248886108398
0.011973381042480469
0.011993169784545898
0.004975080490112305
0.005003213882446289
0.00499415397644043
0.007949352264404297
0.005022764205932617
0.010782957077026367
0.005063056945800781
0.004891157150268555
0.005400657653808594
0.005148410797119141
0.005469322204589844
0.004908323287963867
0.007860898971557617
0.00497126579284668
0.004796743392944336
0.0031926631927490234
0.004101753234863281
0.005492448806762695
0.005525350570678711
0.005394935607910156
0.00556635856628418
0.004835844039916992
0.005529880523681641
0.004843473434448242
0.004786014556884766
0.005042552947998047
0.004836559295654297
0.0049800872802734375
0.0033996105194091797
0.004465341567993164
0.0049877166748046875
0.006567478179931641
0.005077362060546875
0.005077362060546875
0.004416465759277344
0.006793975830078125
0.005218982696533203
0.006786346435546875
0.00510406494140625
0.005166769027709961
0.005515575408935547
0.0052642822265625
0.005158901214599609
0.00523686408996582
0.005218505859375
0.004653215408325195
0.004651546478271484
0.005208492279052734
0.005189657211303711
0.004533052444458008
0.005246639251708984
0.00454401969909668
0.003376007080078125
0.004571199417114258
0.009515523910522461
0.004525661468505859
0.003271818161010742
0.0047266483306884766
0.0044994354248046875
0.004723787307739258
0.004572629928588867
0.0047435760498046875
0.0046939849853515625
0.004698038101196289
0.006865501403808594
0.004637002944946289
0.005079030990600586
0.004904270172119141
0.004679203033447266
0.00463104248046875
0.004025697708129883
0.007276773452758789
0.007174491882324219
0.006977558135986328
0.0068552494049072266
0.005434751510620117
0.010538816452026367
0.007285356521606445
0.006707668304443359
0.006356477737426758
0.00616908073425293
0.006259441375732422
0.0071332454681396484
0.0072901248931884766
0.007402658462524414
0.0075092315673828125
0.0068378448486328125
0.011630058288574219
0.006682395935058594
0.007531166076660156
0.007142305374145508
0.012367486953735352
0.006550788879394531
0.007193803787231445
0.007245302200317383
0.00640869140625
0.006103515625
0.006323814392089844
0.0055463314056396484
0.005801200866699219
0.00591731071472168
0.007203102111816406
0.0072863101959228516
0.007250785827636719
0.0070993900299072266
0.00679469108581543
0.010370492935180664
0.006456136703491211
0.0051538944244384766
0.007299184799194336
0.0071642398834228516
0.006650447845458984
0.007185459136962891
0.006875753402709961
0.0076944828033447266
0.006549358367919922
0.006656646728515625
0.005225658416748047
0.007571697235107422
0.007268190383911133
0.005181550979614258
0.007195234298706055
0.006517887115478516
0.006684064865112305
0.007169961929321289
0.007201433181762695
0.006829977035522461
0.007188081741333008
0.00585174560546875
0.0069272518157958984
0.007550954818725586
0.007178306579589844
0.006342649459838867
0.007216215133666992
0.007178306579589844
0.006608724594116211
0.006556034088134766
0.006434202194213867
0.007383108139038086
0.006005525588989258
0.006201744079589844
0.009508371353149414
0.0066525936126708984
0.006651401519775391
0.006696462631225586
0.006875276565551758
0.006791830062866211
0.0062596797943115234
0.006351470947265625
0.006711483001708984
0.0066645145416259766
0.006731271743774414
0.005285739898681641
0.006300449371337891
0.006055355072021484
0.006376743316650391
0.007185935974121094
0.006445646286010742
0.0068857669830322266
0.006031036376953125
0.006319284439086914
0.00663304328918457
0.005705595016479492
0.0056993961334228516
0.006561994552612305
0.0056269168853759766
0.004675865173339844
0.0060498714447021484
0.008206605911254883
0.007195949554443359
0.006798267364501953
0.005800485610961914
0.007426261901855469
0.007127523422241211
0.006529092788696289
0.0064830780029296875
0.006733417510986328
0.0061187744140625
0.00665283203125
0.004631996154785156
0.006109952926635742
0.005597591400146484
0.005929470062255859
0.006036281585693359
0.00651860237121582
0.007178068161010742
0.006105184555053711
0.006146430969238281
0.0066776275634765625
0.006727457046508789
0.008255720138549805
0.0065784454345703125
0.005536556243896484
0.006472110748291016
0.00690150260925293
0.006932258605957031
0.006779193878173828
0.006937265396118164
0.006308078765869141
0.005867719650268555
0.006554841995239258
0.006469011306762695
0.006280660629272461
0.006983280181884766
0.006884098052978516
0.0062732696533203125
0.006616353988647461
0.0061910152435302734
0.006404876708984375
0.005995988845825195
0.006309032440185547
0.005916118621826172
0.004667997360229492
0.006408214569091797
0.00667262077331543
0.00638580322265625
0.005933046340942383
0.005013704299926758
0.006781816482543945
0.00600123405456543
0.006081581115722656
0.0062296390533447266
0.006319999694824219
0.006255149841308594
0.006394863128662109
0.0065805912017822266
0.005814313888549805
0.008482933044433594
0.0058820247650146484
0.005930662155151367
0.00608515739440918
0.005556344985961914
0.005577802658081055
0.005621910095214844
0.005894184112548828
0.006075143814086914
0.005499601364135742
0.005165815353393555
0.005319356918334961
0.005726337432861328
0.003714323043823242
0.005669355392456055
0.005089521408081055
0.005072593688964844
0.008975505828857422
0.0053920745849609375
0.005452156066894531
0.006221771240234375
0.005696535110473633
0.005586385726928711
0.006400346755981445
0.005201816558837891
0.004995822906494141
0.005530118942260742
0.00551295280456543
0.005433559417724609
0.005427122116088867
0.00564122200012207
0.005431413650512695
0.005629539489746094
0.005838155746459961
0.005756855010986328
0.014152050018310547
0.008268594741821289
0.007823467254638672
0.005568265914916992
0.005446672439575195
0.005579948425292969
0.005352973937988281
0.005270719528198242
0.005258798599243164
0.005494356155395508
0.00647282600402832
0.005879402160644531
0.005937337875366211
0.007896184921264648
0.0056726932525634766
0.0054018497467041016
0.005581855773925781
0.005739688873291016
0.005494356155395508
0.005444526672363281
0.005866527557373047
0.007775068283081055
0.005741119384765625
0.0057506561279296875
0.005615949630737305
0.005462646484375
0.005561113357543945
0.005916595458984375
0.0051958560943603516
0.005605459213256836
0.005439043045043945
0.0057468414306640625
0.005573272705078125
0.005321502685546875
0.005079746246337891
0.004124641418457031
0.006262302398681641
0.005537271499633789
0.005626201629638672
0.008252620697021484
0.005626201629638672
0.005669116973876953
0.005766868591308594
0.0055544376373291016
0.005785465240478516
0.005524873733520508
0.005155086517333984
0.0052623748779296875
0.005537271499633789
0.0054967403411865234
0.00552058219909668
0.005446910858154297
0.005479574203491211
0.004138946533203125
0.005537748336791992
0.005517482757568359
0.005017995834350586
0.004205226898193359
0.005450248718261719
0.005576372146606445
0.011287689208984375
0.012110233306884766
0.0060117244720458984
0.005988597869873047
0.007642984390258789
0.007657766342163086
0.005490779876708984
0.005133152008056641
0.005716800689697266
0.005540609359741211
0.005528450012207031
0.005507230758666992
0.005727529525756836
0.005192756652832031
0.005802631378173828
0.005809783935546875
0.005522251129150391
0.004105329513549805
0.006420612335205078
0.009143590927124023
0.005225658416748047
0.006584644317626953
0.005589723587036133
0.005452632904052734
0.005722999572753906
0.005443096160888672
0.005577564239501953
0.005535125732421875
0.0056095123291015625
0.005643367767333984
0.0055615901947021484
0.0064809322357177734
0.005558967590332031
0.005558013916015625
0.005490779876708984
0.006213188171386719
0.006306648254394531
0.005276679992675781
0.005030632019042969
0.005010366439819336
0.005099773406982422
0.005036592483520508
0.00500941276550293
0.00542759895324707
0.00539398193359375
0.0050470829010009766
0.004942178726196289
0.005011558532714844
0.00516963005065918
0.004988908767700195
0.005354404449462891
0.004833221435546875
0.005331516265869141
0.005161285400390625
0.004994392395019531
0.005006313323974609
0.005355358123779297
0.005257129669189453
0.00491023063659668
0.005106449127197266
0.008014440536499023
0.004984140396118164
0.0050449371337890625
0.0053863525390625
0.0050067901611328125
0.0050241947174072266
0.005028247833251953
0.005021810531616211
0.004835367202758789
0.004934787750244141
0.004978656768798828
0.004969120025634766
0.004992246627807617
0.004575014114379883
0.0046312808990478516
0.004658937454223633
0.005192995071411133
0.004817485809326172
0.004825115203857422
0.005341768264770508
0.008745670318603516
0.005079030990600586
0.005259513854980469
0.005013704299926758
0.005017518997192383
0.004948854446411133
0.004479646682739258
0.004604816436767578
0.004628896713256836
0.004622697830200195
0.0036191940307617188
0.005960226058959961
0.005571603775024414
0.005502462387084961
0.005488395690917969
0.005226850509643555
0.005537986755371094
0.005539655685424805
0.0056002140045166016
0.00510406494140625
0.006455898284912109
0.0069293975830078125
0.0048062801361083984
0.005756855010986328
0.008772611618041992
0.00547337532043457
0.0060176849365234375
0.004173994064331055
0.005580425262451172
0.005472660064697266
0.005628108978271484
0.005583047866821289
0.005827426910400391
0.005502939224243164
0.005773305892944336
0.005368232727050781
0.005528688430786133
0.005426168441772461
0.005184173583984375
0.005276679992675781
0.0049550533294677734
0.0050928592681884766
0.008291482925415039
0.005114316940307617
0.0031719207763671875
0.0050008296966552734
0.005995512008666992
0.0047833919525146484
0.005159616470336914
0.005067586898803711
0.004687309265136719
0.005311250686645508
0.004312992095947266
0.004712581634521484
0.004609346389770508
0.005701780319213867
0.005632638931274414
0.00531315803527832
0.004816770553588867
0.005185842514038086
0.0039250850677490234
0.005514621734619141
0.008275985717773438
0.0052852630615234375
0.004896879196166992
0.005314826965332031
0.005624294281005859
0.005433320999145508
0.0048923492431640625
0.005365133285522461
0.0051915645599365234
0.005394935607910156
0.005526304244995117
0.005938291549682617
0.005760908126831055
0.005165815353393555
0.0052492618560791016
0.0052683353424072266
0.0048732757568359375
0.0047876834869384766
0.005110740661621094
0.005141258239746094
0.005044221878051758
0.004998683929443359
0.010263919830322266
0.004638671875
0.0048329830169677734
0.003924846649169922
0.006258249282836914
0.005301475524902344
0.006983280181884766
0.006299734115600586
0.0055027008056640625
0.0050618648529052734
0.005140066146850586
0.0052890777587890625
0.005035400390625
0.005459785461425781
0.005079984664916992
0.005246400833129883
0.005097627639770508
0.0051500797271728516
0.007437229156494141
0.010634422302246094
0.01180267333984375
0.011665821075439453
0.009732246398925781
0.008497953414916992
0.007188558578491211
0.005062103271484375
0.006667375564575195
0.005431175231933594
0.0049364566802978516
0.0055789947509765625
0.0060346126556396484
0.005296230316162109
0.005524873733520508
0.00489354133605957
0.004920244216918945
0.004721879959106445
0.0074388980865478516
0.004679441452026367
0.0044841766357421875
0.004556894302368164
0.004716396331787109
0.0048367977142333984
0.00496220588684082
0.004988670349121094
0.004921674728393555
0.004671812057495117
0.004615306854248047
0.005042076110839844
0.004785060882568359
0.004436969757080078
0.004358768463134766
0.0042378902435302734
0.004496335983276367
0.006745338439941406
0.004716396331787109
0.0046384334564208984
0.008145809173583984
0.004886150360107422
0.004692554473876953
0.004547834396362305
0.004719257354736328
0.004655122756958008
0.004287242889404297
0.0033996105194091797
0.0036857128143310547
0.0036668777465820312
0.0037097930908203125
0.003672361373901367
0.003342151641845703
0.0036733150482177734
0.003748178482055664
0.003755807876586914
0.0033614635467529297
0.003401517868041992
0.003273487091064453
0.003322124481201172
0.0029799938201904297
0.005532026290893555
0.00523686408996582
0.0051724910736083984
0.0045168399810791016
0.005341529846191406
0.005181312561035156
0.005188703536987305
0.0053136348724365234
0.0037980079650878906
0.004731178283691406
0.005420684814453125
0.006640911102294922
0.005431652069091797
0.005407094955444336
0.0063745975494384766
0.00552821159362793
0.0047075748443603516
0.003386259078979492
0.005146980285644531
0.004972696304321289
0.004820585250854492
0.005007028579711914
0.0042798519134521484
0.004750490188598633
0.004942655563354492
0.004379749298095703
0.00507807731628418
0.004737377166748047
0.0048215389251708984
0.005021572113037109
0.004513978958129883
0.005038261413574219
0.0041844844818115234
0.004815101623535156
0.004742860794067383
0.006229400634765625
0.004526853561401367
0.004586458206176758
0.005624532699584961
0.0037348270416259766
0.0069806575775146484
0.007285118103027344
0.00685882568359375
0.006766080856323242
0.006459474563598633
0.005910158157348633
0.009945392608642578
0.006875753402709961
0.007489681243896484
0.006890296936035156
0.005550384521484375
0.0061643123626708984
0.006281375885009766
0.006335258483886719
0.0070095062255859375
0.00719761848449707
0.006987571716308594
0.005617618560791016
0.006749629974365234
0.0071108341217041016
0.006791591644287109
0.006309986114501953
0.006136178970336914
0.0062177181243896484
0.006419658660888672
0.0063648223876953125
0.008510828018188477
0.005054473876953125
0.006606101989746094
0.007361650466918945
0.005734443664550781
0.0068302154541015625
0.00591731071472168
0.0067844390869140625
0.0054318904876708984
0.006037473678588867
0.0064849853515625
0.0055294036865234375
0.006469249725341797
0.005309343338012695
0.0062978267669677734
0.006951093673706055
0.00841975212097168
0.005755424499511719
0.007017374038696289
0.0056149959564208984
0.006076335906982422
0.006392717361450195
0.005959749221801758
0.006284475326538086
0.00624847412109375
0.0069217681884765625
0.005617856979370117
0.0060770511627197266
0.006108283996582031
0.006682872772216797
0.0053288936614990234
0.005327701568603516
0.0055217742919921875
0.005415678024291992
0.0054454803466796875
0.008920431137084961
0.005266904830932617
0.005669355392456055
0.005318641662597656
0.005323648452758789
0.005438327789306641
0.005699872970581055
0.005299091339111328
0.005342245101928711
0.005025386810302734
0.004971981048583984
0.005013465881347656
0.005368471145629883
0.005215167999267578
0.005297422409057617
0.005578517913818359
0.0051000118255615234
0.005225181579589844
0.0051882266998291016
0.00930023193359375
0.011656522750854492
0.0054929256439208984
0.005892276763916016
0.005582571029663086
0.005103588104248047
0.0063629150390625
0.005492448806762695
0.0067310333251953125
0.0053250789642333984
0.0050466060638427734
0.005002498626708984
0.005029439926147461
0.005213260650634766
0.0058460235595703125
0.005275249481201172
0.005324840545654297
0.005954265594482422
0.005324840545654297
0.005362749099731445
0.0053555965423583984
0.005341053009033203
0.005281686782836914
0.005354166030883789
0.005385398864746094
0.005428791046142578
0.005648612976074219
0.005326271057128906
0.005889177322387695
0.0053806304931640625
0.00531315803527832
0.005179643630981445
0.0055620670318603516
0.005366325378417969
0.00537419319152832
0.005600452423095703
0.005312919616699219
0.005293846130371094
0.004912376403808594
0.005685329437255859
0.0061702728271484375
0.005323886871337891
0.0053806304931640625
0.005314350128173828
0.003983259201049805
0.004983663558959961
0.005247354507446289
0.004834890365600586
0.005061149597167969
0.005293607711791992
0.00479578971862793
0.004954814910888672
0.005227565765380859
0.004830598831176758
0.005102872848510742
0.005003929138183594
0.0057375431060791016
0.004794597625732422
0.005174875259399414
0.00496363639831543
0.0053026676177978516
0.005052328109741211
0.003606557846069336
0.0057032108306884766
0.005921363830566406
0.00543665885925293
0.005671501159667969
0.005725860595703125
0.0036771297454833984
0.005700111389160156
0.0053865909576416016
0.004929065704345703
0.006719827651977539
0.0053670406341552734
0.005083322525024414
0.006537199020385742
0.005314826965332031
0.005079030990600586
0.005463361740112305
0.0052945613861083984
0.005115509033203125
0.0049211978912353516
0.005152463912963867
0.005057811737060547
0.004737138748168945
0.007281780242919922
0.004860877990722656
0.0048944950103759766
0.00613093376159668
0.005244016647338867
0.004788875579833984
0.004586935043334961
0.004671335220336914
0.004854440689086914
0.005289793014526367
0.004883289337158203
0.0049762725830078125
0.0053119659423828125
0.006582736968994141
0.00478672981262207
0.004901409149169922
0.005286216735839844
0.004557132720947266
0.0051116943359375
0.009347915649414062
0.004957675933837891
0.004580259323120117
0.0037429332733154297
0.0059244632720947266
0.004579067230224609
0.004976987838745117
0.005469560623168945
0.005490779876708984
0.005386829376220703
0.0053730010986328125
0.004718303680419922
0.004725217819213867
0.004701375961303711
0.0048980712890625
0.0046269893646240234
0.004637241363525391
0.004841804504394531
0.004879474639892578
0.004914999008178711
0.004968404769897461
0.004801034927368164
0.004373788833618164
0.0048367977142333984
0.005541801452636719
0.004170656204223633
0.0046498775482177734
0.00469207763671875
0.004097700119018555
0.004087924957275391
0.004059791564941406
0.003909111022949219
0.004976034164428711
0.004061222076416016
0.0038754940032958984
0.003888845443725586
0.003787517547607422
0.003818988800048828
0.002175569534301758
0.003940105438232422
0.0038366317749023438
0.0037665367126464844
0.003915548324584961
0.0038993358612060547
0.003914833068847656
0.005845546722412109
0.0039014816284179688
0.0038678646087646484
0.003804445266723633
0.004539966583251953
0.003883838653564453
0.0038776397705078125
0.0037636756896972656
0.004037618637084961
0.0037467479705810547
0.0038878917694091797
0.003912925720214844
0.003937721252441406
0.003910064697265625
0.003882884979248047
0.00390625
0.005094766616821289
0.004037618637084961
0.003922700881958008
0.0038580894470214844
0.003960371017456055
0.0039844512939453125
0.003729104995727539
0.0038270950317382812
0.0038328170776367188
0.003906726837158203
0.003807544708251953
0.0038051605224609375
0.003762483596801758
0.003889322280883789
0.0037937164306640625
0.0038242340087890625
0.0037724971771240234
0.0063207149505615234
0.003735065460205078
0.003945112228393555
0.0038917064666748047
0.0039141178131103516
0.004053831100463867
0.00396418571472168
0.003919363021850586
0.0038721561431884766
0.003944873809814453
0.003893613815307617
0.0039141178131103516
0.0038526058197021484
0.0039098262786865234
0.0038781166076660156
0.003907442092895508
0.003902435302734375
0.003923654556274414
0.004470109939575195
0.0040585994720458984
0.004000186920166016
0.00391077995300293
0.005347728729248047
0.004351615905761719
0.0037386417388916016
0.010561943054199219
0.009006738662719727
0.00897359848022461
0.005029916763305664
0.009035110473632812
0.008719444274902344
0.006179332733154297
0.0038275718688964844
0.003734588623046875
0.005631208419799805
0.0037326812744140625
0.003911018371582031
0.003968000411987305
0.003899812698364258
0.0038423538208007812
0.003766298294067383
0.003699064254760742
0.003985881805419922
0.003901958465576172
0.003981351852416992
0.003922462463378906
0.0039861202239990234
0.0038831233978271484
0.003970623016357422
0.0039632320404052734
0.005653858184814453
0.0041539669036865234
0.003995418548583984
0.003976106643676758
0.003960609436035156
0.003885030746459961
0.0021483898162841797
0.003957986831665039
0.0032958984375
0.003906726837158203
0.003984689712524414
0.0039370059967041016
0.003988504409790039
0.004157543182373047
0.003968238830566406
0.003871440887451172
0.003771066665649414
0.003823995590209961
0.0058743953704833984
0.003985166549682617
0.003877878189086914
0.005191802978515625
0.003891468048095703
0.0038537979125976562
0.0038793087005615234
0.004526853561401367
0.00615382194519043
0.0038347244262695312
0.003779888153076172
0.003890514373779297
0.002352476119995117
0.0032181739807128906
0.0019121170043945312
0.0019123554229736328
0.003454446792602539
0.004132270812988281
0.0035479068756103516
0.0035238265991210938
0.003464937210083008
0.0034379959106445312
0.003463268280029297
0.003496408462524414
0.0035309791564941406
0.0035486221313476562
0.0036199092864990234
0.003583192825317383
0.0034639835357666016
0.0035371780395507812
0.0036149024963378906
0.0034379959106445312
0.0034608840942382812
0.003440380096435547
0.0035467147827148438
0.003561258316040039
0.003618001937866211
0.003613710403442383
0.0035448074340820312
0.007500171661376953
0.00366973876953125
0.0035314559936523438
0.00599217414855957
0.0036323070526123047
0.0034122467041015625
0.006174325942993164
0.0034332275390625
0.00467991828918457
0.003628969192504883
0.0037355422973632812
0.003564119338989258
0.003545045852661133
0.0035409927368164062
0.0035305023193359375
0.0038967132568359375
0.0035126209259033203
0.003643512725830078
0.0036292076110839844
0.0036351680755615234
0.003555774688720703
0.0036814212799072266
0.003515958786010742
0.0018570423126220703
0.002954721450805664
0.005929470062255859
0.00559544563293457
0.0052814483642578125
0.0053558349609375
0.008614063262939453
0.005495309829711914
0.005570173263549805
0.005854368209838867
0.005631446838378906
0.003958940505981445
0.005637168884277344
0.005585193634033203
0.005417346954345703
0.0065593719482421875
0.0057103633880615234
0.00549626350402832
0.004943370819091797
0.006124973297119141
0.005998134613037109
0.005711793899536133
0.0042684078216552734
0.006106376647949219
0.005537509918212891
0.00550532341003418
0.005475521087646484
0.0058727264404296875
0.005849599838256836
0.004163026809692383
0.005652666091918945
0.0058290958404541016
0.005116701126098633
0.004331827163696289
0.005381345748901367
0.005814313888549805
0.005469083786010742
0.005842685699462891
0.004935503005981445
0.005530118942260742
0.004153013229370117
0.005181312561035156
0.0058634281158447266
0.005837202072143555
0.005827188491821289
0.005803346633911133
0.0037658214569091797
0.005169868469238281
0.005046367645263672
0.005679607391357422
0.005611419677734375
0.005635499954223633
0.005589008331298828
0.006082057952880859
0.005697965621948242
0.005671262741088867
0.005859851837158203
0.005243778228759766
0.005631208419799805
0.00568079948425293
0.005507469177246094
0.005533456802368164
0.005641460418701172
0.005541324615478516
0.005194664001464844
0.005286216735839844
0.00421595573425293
0.006181240081787109
0.005518436431884766
0.005518674850463867
0.005440235137939453
0.0054705142974853516
0.0051686763763427734
0.005727052688598633
0.005932807922363281
0.005644321441650391
0.005615234375
0.005742073059082031
0.005675315856933594
0.00568842887878418
0.005417346954345703
0.005501747131347656
0.005728721618652344
0.0055615901947021484
0.005588531494140625
0.005427837371826172
0.0056378841400146484
0.005917072296142578
0.005408525466918945
0.005204677581787109
0.005581855773925781
0.0042607784271240234
0.005919933319091797
0.0056362152099609375
0.005164623260498047
0.004223346710205078
0.006017446517944336
0.005173444747924805
0.005046844482421875
0.005970954895019531
0.005176067352294922
0.005678653717041016
0.005927085876464844
0.005417346954345703
0.005715608596801758
0.008843421936035156
0.006257534027099609
0.0045583248138427734
0.006810665130615234
0.005307912826538086
0.0068781375885009766
0.005239963531494141
0.00481867790222168
0.005362987518310547
0.004973649978637695
0.005026817321777344
0.00532841682434082
0.005354404449462891
0.005848884582519531
0.0050678253173828125
0.004910469055175781
0.004703998565673828
0.004934787750244141
0.0049762725830078125
0.005337238311767578
0.004877328872680664
0.005108356475830078
0.007877349853515625
0.004875659942626953
0.005005359649658203
0.004916667938232422
0.00531005859375
0.003453493118286133
0.005293846130371094
0.00517725944519043
0.004996538162231445
0.005186319351196289
0.004996061325073242
0.004754543304443359
0.004622220993041992
0.005189657211303711
0.004721403121948242
0.004979133605957031
0.005329608917236328
0.004953145980834961
0.004984378814697266
0.0049321651458740234
0.005685091018676758
0.00491786003112793
0.004973888397216797
0.0051212310791015625
0.004979372024536133
0.004604339599609375
0.003626585006713867
0.005837440490722656
0.005242109298706055
0.00522613525390625
0.005387306213378906
0.0054929256439208984
0.005784034729003906
0.005638837814331055
0.0042552947998046875
0.005461931228637695
0.00523686408996582
0.003855466842651367
0.0058956146240234375
0.0051326751708984375
0.005832672119140625
0.005403995513916016
0.006118059158325195
0.007126569747924805
0.0056192874908447266
0.0052030086517333984
0.005673408508300781
0.005941152572631836
0.0036351680755615234
0.005181550979614258
0.0052032470703125
0.005015373229980469
0.005005598068237305
0.005197763442993164
0.0051937103271484375
0.004717826843261719
0.005034446716308594
0.005080699920654297
0.005026817321777344
0.005034923553466797
0.005007028579711914
0.004618167877197266
0.004354715347290039
0.0037794113159179688
0.0036842823028564453
0.004919528961181641
0.0086517333984375
0.005026817321777344
0.003997325897216797
0.0049533843994140625
0.004810810089111328
0.005529165267944336
0.004141330718994141
0.004930257797241211
0.005681037902832031
0.029637813568115234
0.011438131332397461
0.010056257247924805
0.005364179611206055
0.005026817321777344
0.004118680953979492
0.007310628890991211
0.0053632259368896484
0.005334377288818359
0.005346775054931641
0.007083892822265625
0.005367755889892578
0.005340576171875
0.0048902034759521484
0.0057446956634521484
0.005273103713989258
0.00530695915222168
0.006562948226928711
0.0049877166748046875
0.005307912826538086
0.005651712417602539
0.005319356918334961
0.0049762725830078125
0.005349636077880859
0.005345582962036133
0.005306720733642578
0.0053293704986572266
0.005387067794799805
0.006388187408447266
0.005687713623046875
0.0036139488220214844
0.004037618637084961
0.007017612457275391
0.005260467529296875
0.005368947982788086
0.005457162857055664
0.0037355422973632812
0.0055789947509765625
0.005100250244140625
0.0047454833984375
0.004904270172119141
0.0049359798431396484
0.004565715789794922
0.004631519317626953
0.004749298095703125
0.004415750503540039
0.0049266815185546875
0.004871368408203125
0.009024381637573242
0.004692792892456055
0.005019187927246094
0.0042514801025390625
0.004521608352661133
0.00446319580078125
0.004594564437866211
0.004273414611816406
0.0044329166412353516
0.004544258117675781
0.00439906120300293
0.004469394683837891
0.004532337188720703
0.004482269287109375
0.006793975830078125
0.0037970542907714844
0.004528045654296875
0.004073619842529297
0.004857540130615234
0.004464626312255859
0.0047338008880615234
0.004554033279418945
0.003772735595703125
0.004547595977783203
0.0041544437408447266
0.007020711898803711
0.00410914421081543
0.003842592239379883
0.0039424896240234375
0.004183053970336914
0.003883838653564453
0.00383758544921875
0.0039370059967041016
0.003770112991333008
0.003819704055786133
0.003914356231689453
0.003877401351928711
0.003977537155151367
0.003997325897216797
0.003879547119140625
0.0039441585540771484
0.004194021224975586
0.006609678268432617
0.0039942264556884766
0.0038344860076904297
0.009531736373901367
0.008692026138305664
0.009075164794921875
0.00856471061706543
0.0038776397705078125
0.0038764476776123047
0.006079435348510742
0.008424043655395508
0.0038537979125976562
0.0049855709075927734
0.003980159759521484
0.0037174224853515625
0.004134654998779297
0.003908872604370117
0.0038805007934570312
0.003843069076538086
0.0038383007049560547
0.0038285255432128906
0.004187822341918945
0.004151344299316406
0.003930330276489258
0.0037860870361328125
0.0037658214569091797
0.0038123130798339844
0.003711700439453125
0.0037517547607421875
0.0039048194885253906
0.0038251876831054688
0.0038175582885742188
0.0037584304809570312
0.00722193717956543
0.0037589073181152344
0.0038263797760009766
0.003765106201171875
0.003975391387939453
0.004137516021728516
0.00395655632019043
0.0037581920623779297
0.004297971725463867
0.0038604736328125
0.003851652145385742
0.0072672367095947266
0.004282236099243164
0.0038645267486572266
0.0038514137268066406
0.003968477249145508
0.003812551498413086
0.003839254379272461
0.004273653030395508
0.004018545150756836
0.004174232482910156
0.0037224292755126953
0.0038759708404541016
0.0038268566131591797
0.005362033843994141
0.0038242340087890625
0.0038590431213378906
0.003753662109375
0.0037841796875
0.0038886070251464844
0.004073381423950195
0.004220485687255859
0.004127979278564453
0.003784656524658203
0.003918647766113281
0.004150390625
0.0038373470306396484
0.0038776397705078125
0.0038347244262695312
0.0037927627563476562
0.002219676971435547
0.0021996498107910156
0.003955841064453125
0.003757953643798828
0.0037941932678222656
0.003939390182495117
0.0038864612579345703
0.0038950443267822266
0.00397038459777832
0.003817319869995117
0.004125833511352539
0.00420689582824707
0.004121541976928711
0.003996372222900391
0.010028600692749023
0.004213094711303711
0.0039484500885009766
0.003864765167236328
0.004004001617431641
0.004153728485107422
0.003868579864501953
0.004252910614013672
0.00422978401184082
0.0039539337158203125
0.004063129425048828
0.004155158996582031
0.0038743019104003906
0.003976583480834961
0.003892183303833008
0.004318714141845703
0.003921031951904297
0.003869295120239258
0.004096508026123047
0.0038330554962158203
0.003789663314819336
0.004026651382446289
0.004012584686279297
0.003864765167236328
0.0039000511169433594
0.003787994384765625
0.004180431365966797
0.008003950119018555
0.0038480758666992188
0.0038750171661376953
0.003975629806518555
0.0037724971771240234
0.003949165344238281
0.004027843475341797
0.004072427749633789
0.004172801971435547
0.003797769546508789
0.0037734508514404297
0.0039479732513427734
0.0036165714263916016
0.0037958621978759766
0.003785848617553711
0.003742694854736328
0.003648519515991211
0.003595113754272461
0.0038161277770996094
0.003452777862548828
0.0036194324493408203
0.003576517105102539
0.0034875869750976562
0.0034646987915039062
0.003408193588256836
0.003539562225341797
0.0036013126373291016
0.0034296512603759766
0.0034894943237304688
0.006914377212524414
0.0032968521118164062
0.004043102264404297
0.003966808319091797
0.003760099411010742
0.005609273910522461
0.0035576820373535156
0.0034122467041015625
0.0037107467651367188
0.0037000179290771484
0.0037369728088378906
0.0038497447967529297
0.003808259963989258
0.0043871402740478516
0.0038144588470458984
0.0038597583770751953
0.0035753250122070312
0.0043828487396240234
0.0037975311279296875
0.0043261051177978516
0.004295825958251953
0.0037565231323242188
0.004052877426147461
0.003997325897216797
0.003983497619628906
0.003978729248046875
0.0044515132904052734
0.00379180908203125
0.003777742385864258
0.0038297176361083984
0.003918647766113281
0.0037946701049804688
0.0037887096405029297
0.004002809524536133
0.003675222396850586
0.003751039505004883
0.00390625
0.003984928131103516
0.003839254379272461
0.0041730403900146484
0.0037703514099121094
0.0038483142852783203
0.0038704872131347656
0.0038819313049316406
0.0041811466217041016
0.0038025379180908203
0.0037729740142822266
0.0037467479705810547
0.0042247772216796875
0.003893613815307617
0.0038063526153564453
0.0038585662841796875
0.0061566829681396484
0.0038678646087646484
0.0038640499114990234
0.005667448043823242
0.003788471221923828
0.0039331912994384766
0.003561258316040039
0.0038204193115234375
0.003700733184814453
0.003850698471069336
0.0036699771881103516
0.003734111785888672
0.0038192272186279297
0.003671884536743164
0.0037450790405273438
0.0040130615234375
0.0036468505859375
0.003760814666748047
0.003659963607788086
0.0037522315979003906
0.0042269229888916016
0.003877401351928711
0.003837108612060547
0.003894329071044922
0.003813028335571289
0.0037984848022460938
0.003926992416381836
0.003971576690673828
0.004098415374755859
0.0037925243377685547
0.004168510437011719
0.003419160842895508
0.00670933723449707
0.0034792423248291016
0.003478527069091797
0.003460407257080078
0.0034418106079101562
0.0035338401794433594
0.0038552284240722656
0.0037081241607666016
0.003260374069213867
0.0037031173706054688
0.0037479400634765625
0.0027098655700683594
0.004259586334228516
0.0041315555572509766
0.004904747009277344
0.0044155120849609375
0.00606083869934082
0.004765033721923828
0.0039215087890625
0.006025791168212891
0.005719900131225586
0.005992412567138672
0.005831003189086914
0.006309032440185547
0.004115104675292969
0.0039517879486083984
0.005494832992553711
0.003985166549682617
0.0038993358612060547
0.004244089126586914
0.0038480758666992188
0.005248069763183594
0.005019426345825195
0.003897428512573242
0.005968332290649414
0.00407862663269043
0.003808259963989258
0.0036406517028808594
0.004065036773681641
0.0038504600524902344
0.004153251647949219
0.003825664520263672
0.003864288330078125
0.004021406173706055
0.0038776397705078125
0.003787994384765625
0.003827810287475586
0.003943204879760742
0.0037915706634521484
0.003820180892944336
0.0041675567626953125
0.004773616790771484
0.003904581069946289
0.0037643909454345703
0.0038619041442871094
0.004103422164916992
0.003756284713745117
0.0021674633026123047
0.003604412078857422
0.0037343502044677734
0.004017353057861328
0.0035696029663085938
0.003655672073364258
0.0034787654876708984
0.003569364547729492
0.003555774688720703
0.0035247802734375
0.00416874885559082
0.00396275520324707
0.004750728607177734
0.0037698745727539062
0.003766775131225586
0.003853321075439453
0.004138946533203125
0.0037457942962646484
0.0036818981170654297
0.004281520843505859
0.004405498504638672
0.003849029541015625
0.004751443862915039
0.003860950469970703
0.008351802825927734
0.0040132999420166016
0.003684520721435547
0.0036830902099609375
0.0037500858306884766
0.003850698471069336
0.004149198532104492
0.003960132598876953
0.004544496536254883
0.002218008041381836
0.0039348602294921875
0.004167318344116211
0.004129171371459961
0.004019737243652344
0.003801107406616211
0.0038979053497314453
0.003988504409790039
0.0032749176025390625
0.003288745880126953
0.0031566619873046875
0.003759145736694336
0.0025904178619384766
0.004625797271728516
0.004077911376953125
0.00438690185546875
0.0040667057037353516
0.0036935806274414062
0.0042459964752197266
0.0040149688720703125
0.00422358512878418
0.0075871944427490234
0.003743410110473633
0.003859281539916992
0.004073381423950195
0.007411479949951172
0.0037450790405273438
0.0038335323333740234
0.003965139389038086
0.0035474300384521484
0.0035996437072753906
0.003687143325805664
0.0041272640228271484
0.0036935806274414062
0.0034694671630859375
0.0036649703979492188
0.003907203674316406
0.003521442413330078
0.0037055015563964844
0.003498077392578125
0.003462076187133789
0.0036547183990478516
0.003797292709350586
0.0034759044647216797
0.0034847259521484375
0.0035088062286376953
0.0051076412200927734
0.003344297409057617
0.003394603729248047
0.003568887710571289
0.0034410953521728516
0.0036585330963134766
0.0035293102264404297
0.00354766845703125
0.0034613609313964844
0.0020263195037841797
0.0037164688110351562
0.003951549530029297
0.0037894248962402344
0.003509521484375
0.0035440921783447266
0.0035109519958496094
0.003964900970458984
0.004128932952880859
0.0035719871520996094
0.003783702850341797
0.003655672073364258
0.003365039825439453
0.0038263797760009766
0.00372314453125
0.0038328170776367188
0.003356456756591797
0.003792285919189453
0.003523111343383789
0.003464937210083008
0.003359556198120117
0.0038132667541503906
0.004221200942993164
0.003548145294189453
0.003648519515991211
0.0035800933837890625
0.0037093162536621094
0.005903482437133789
0.003240346908569336
0.0032770633697509766
0.003950595855712891
0.003871440887451172
0.0037343502044677734
0.0033385753631591797
0.0032150745391845703
0.003374814987182617
0.00391840934753418
0.003506183624267578
0.003292083740234375
0.003201723098754883
0.003242969512939453
0.00384521484375
0.0034775733947753906
0.003288745880126953
0.0031414031982421875
0.003384113311767578
0.0037789344787597656
0.003343343734741211
0.003518342971801758
0.0038521289825439453
0.003387928009033203
0.0036230087280273438
0.0036509037017822266
0.0034875869750976562
0.008502483367919922
0.003526926040649414
0.0034475326538085938
0.003627300262451172
0.0035715103149414062
0.004977703094482422
0.0032546520233154297
0.0032753944396972656
0.0035047531127929688
0.005310535430908203
0.003552675247192383
0.0032885074615478516
0.003525972366333008
0.003369569778442383
0.003800630569458008
0.003735065460205078
0.003278017044067383
0.003500223159790039
0.003927469253540039
0.0036203861236572266
0.003410816192626953
0.003493785858154297
0.0032896995544433594
0.003320455551147461
0.003455638885498047
0.003038167953491211
0.0031402111053466797
0.00319671630859375
0.005848407745361328
0.003082752227783203
0.0028839111328125
0.0022046566009521484
0.003183603286743164
0.0029997825622558594
0.0027587413787841797
0.0024993419647216797
0.002314329147338867
0.0028901100158691406
0.002835988998413086
0.0026798248291015625
0.0027451515197753906
0.0024919509887695312
0.0026144981384277344
0.002704620361328125
0.0026884078979492188
0.002508401870727539
0.002854585647583008
0.0026350021362304688
0.002832174301147461
0.002620220184326172
0.0026311874389648438
0.0024628639221191406
0.004596710205078125
0.0028066635131835938
0.0027191638946533203
0.0028951168060302734
0.002395153045654297
0.004065752029418945
0.002847433090209961
0.003065347671508789
0.0026044845581054688
0.002997159957885742
0.00431060791015625
0.0029561519622802734
0.002981901168823242
0.0027303695678710938
0.003019571304321289
0.002959728240966797
0.004120349884033203
0.0027098655700683594
0.002949237823486328
0.002835512161254883
0.0030112266540527344
0.0027136802673339844
0.002422332763671875
0.0029103755950927734
0.002333402633666992
0.0026466846466064453
0.002758502960205078
0.002737760543823242
0.002315521240234375
0.0024361610412597656
0.0028061866760253906
0.0028913021087646484
0.0028848648071289062
0.002736330032348633
0.00290679931640625
0.0029299259185791016
0.002730846405029297
0.002690553665161133
0.002772092819213867
0.002619028091430664
0.002666473388671875
0.0026526451110839844
0.0025870800018310547
0.0024247169494628906
0.002373218536376953
0.002720355987548828
0.0028443336486816406
0.002882242202758789
0.002312898635864258
0.002620697021484375
0.0027472972869873047
0.002211332321166992
0.0021686553955078125
0.002287626266479492
0.002244234085083008
0.0018537044525146484
0.004653453826904297
0.003619670867919922
0.0038480758666992188
0.0041773319244384766
0.004276275634765625
0.0036385059356689453
0.00451207160949707
0.003479480743408203
0.0040395259857177734
0.0040934085845947266
0.0040323734283447266
0.0037741661071777344
0.0043146610260009766
0.00372314453125
0.003923177719116211
0.0038018226623535156
0.004340171813964844
0.004228830337524414
0.003694295883178711
0.004456520080566406
0.0034530162811279297
0.004064083099365234
0.003528118133544922
0.003381490707397461
0.004486083984375
0.004212379455566406
0.003618478775024414
0.00442194938659668
0.0047914981842041016
0.003910541534423828
0.004632472991943359
0.0045201778411865234
0.004672050476074219
0.003929615020751953
0.00416874885559082
0.004049539566040039
0.004151582717895508
0.0031821727752685547
0.004192352294921875
0.0034956932067871094
0.0044062137603759766
0.0046808719635009766
0.004558563232421875
0.004683732986450195
0.004572629928588867
0.004549264907836914
0.004523515701293945
0.004278898239135742
0.0025703907012939453
0.003876924514770508
0.004077911376953125
0.004316568374633789
0.004061460494995117
0.0038335323333740234
0.003718852996826172
0.0034317970275878906
0.002979278564453125
0.0035042762756347656
0.004105567932128906
0.0034906864166259766
0.004071712493896484
0.00403141975402832
0.004280805587768555
0.004194021224975586
0.0034606456756591797
0.0038208961486816406
0.003626108169555664
0.003551959991455078
0.004330873489379883
0.004071474075317383
0.0032274723052978516
0.003298521041870117
0.004276275634765625
0.00420069694519043
0.004530668258666992
0.004254579544067383
0.004128932952880859
0.004100322723388672
0.0037446022033691406
0.003720998764038086
0.00372314453125
0.0032176971435546875
0.003198385238647461
0.004151344299316406
0.004060029983520508
0.0036177635192871094
0.0044133663177490234
0.00391697883605957
0.0040264129638671875
0.003988504409790039
0.003482818603515625
0.004473209381103516
0.004340410232543945
0.0044345855712890625
0.002355813980102539
0.004207134246826172
0.003901958465576172
0.004060268402099609
0.0038411617279052734
0.0037734508514404297
0.0030107498168945312
0.0035724639892578125
0.0035524368286132812
0.0038230419158935547
0.0038149356842041016
0.0035800933837890625
0.0035576820373535156
0.0035648345947265625
0.003595113754272461
0.0036771297454833984
0.0037546157836914062
0.0023415088653564453
0.0030443668365478516
0.0031595230102539062
0.0038263797760009766
0.0037937164306640625
0.003751516342163086
0.003545522689819336
0.003762960433959961
0.004036426544189453
0.003609895706176758
0.0037436485290527344
0.003995656967163086
0.003326416015625
0.0019450187683105469
0.00341033935546875
0.001964569091796875
0.0033140182495117188
0.0038764476776123047
0.003326416015625
0.0035889148712158203
0.0032570362091064453
0.003309965133666992
0.0034296512603759766
0.003560781478881836
0.003461122512817383
0.0033016204833984375
0.0034575462341308594
0.0032536983489990234
0.0032761096954345703
0.0027170181274414062
0.005744457244873047
0.005499839782714844
0.004995107650756836
0.0052928924560546875
0.004823207855224609
0.0058062076568603516
0.005579710006713867
0.004678010940551758
0.004820585250854492
0.005843162536621094
0.006117105484008789
0.005796670913696289
0.005047321319580078
0.006179094314575195
0.004945278167724609
0.005789279937744141
0.005054950714111328
0.006033658981323242
0.00575709342956543
0.005034685134887695
0.006101846694946289
0.005087137222290039
0.0047380924224853516
0.0061147212982177734
0.00511622428894043
0.0053217411041259766
0.005471229553222656
0.004667997360229492
0.006093740463256836
0.005816936492919922
0.005154609680175781
0.006044149398803711
0.006400108337402344
0.004990100860595703
0.006016254425048828
0.0057642459869384766
0.0062830448150634766
0.005446195602416992
0.0062885284423828125
0.005853891372680664
0.0055010318756103516
0.00520014762878418
0.006118059158325195
0.0050275325775146484
0.004487514495849609
0.00594639778137207
0.0057964324951171875
0.0058956146240234375
0.005743980407714844
0.005864620208740234
0.005436897277832031
0.005583286285400391
0.004115104675292969
0.00539088249206543
0.004191398620605469
0.004942178726196289
0.00578618049621582
0.005547285079956055
0.005496025085449219
0.003954648971557617
0.004395961761474609
0.0058400630950927734
0.005930423736572266
0.0053288936614990234
0.006133079528808594
0.005578279495239258
0.0060176849365234375
0.005588531494140625
0.005496025085449219
0.005280971527099609
0.005146026611328125
0.006556272506713867
0.006062746047973633
0.005169868469238281
0.00544428825378418
0.00606536865234375
0.0063629150390625
0.0050656795501708984
0.006245851516723633
0.0067691802978515625
0.005879402160644531
0.0055806636810302734
0.005715847015380859
0.005306720733642578
0.005876302719116211
0.00511932373046875
0.006260871887207031
0.005786418914794922
0.00506901741027832
0.005759716033935547
0.005035400390625
0.00409245491027832
0.005422115325927734
0.004495859146118164
0.005400896072387695
0.006081581115722656
0.006055355072021484
0.005669116973876953
0.0037670135498046875
0.005135774612426758
0.005382061004638672
0.005579233169555664
0.005002498626708984
0.004876136779785156
0.004880189895629883
0.004616498947143555
0.004749774932861328
0.00527644157409668
0.004033803939819336
0.0050563812255859375
0.005142688751220703
0.0056629180908203125
0.005156278610229492
0.005456686019897461
0.005813121795654297
0.005542755126953125
0.005562782287597656
0.004221677780151367
0.0050432682037353516
0.0050313472747802734
0.004800081253051758
0.005526065826416016
0.005083799362182617
0.004762887954711914
0.0057260990142822266
0.0056955814361572266
0.005351543426513672
0.004930257797241211
0.005379199981689453
0.005431413650512695
0.005585670471191406
0.005706787109375
0.005465507507324219
0.005133152008056641
0.005511283874511719
0.005087614059448242
0.004988193511962891
0.004730939865112305
0.005014181137084961
0.004845380783081055
0.004329204559326172
0.00342559814453125
0.0048427581787109375
0.0036292076110839844
0.0049664974212646484
0.004825115203857422
0.004563093185424805
0.0048062801361083984
0.0048444271087646484
0.005024909973144531
0.005027294158935547
0.005353212356567383
0.005129814147949219
0.005006551742553711
0.00546717643737793
0.004892826080322266
0.00498199462890625
0.004777669906616211
0.004506826400756836
0.0050907135009765625
0.004681587219238281
0.00454258918762207
0.004936933517456055
0.004622220993041992
0.0042877197265625
0.0039632320404052734
0.004275798797607422
0.003973245620727539
0.0039272308349609375
0.004361391067504883
0.004716396331787109
0.0032126903533935547
0.0045697689056396484
0.0041942596435546875
0.004088401794433594
0.003253936767578125
0.004248857498168945
0.0039517879486083984
0.0044879913330078125
0.0045740604400634766
0.0044002532958984375
0.0046539306640625
0.004174232482910156
0.004578828811645508
0.0044097900390625
0.0039014816284179688
0.003967761993408203
0.004289150238037109
0.003844738006591797
0.0038678646087646484
0.003977298736572266
0.0035169124603271484
0.003943443298339844
0.004736661911010742
0.0043904781341552734
0.004189014434814453
0.00444340705871582
0.004235267639160156
0.0043413639068603516
0.004302501678466797
0.004142284393310547
0.0046122074127197266
0.004517555236816406
0.0036263465881347656
0.004619121551513672
0.004481315612792969
0.004604339599609375
0.00487065315246582
0.004731178283691406
0.00444483757019043
0.004642486572265625
0.004689455032348633
0.004261016845703125
0.004554271697998047
0.004764080047607422
0.0044002532958984375
0.004767894744873047
0.004502058029174805
0.0046977996826171875
0.004052639007568359
0.0038356781005859375
0.0044476985931396484
0.0047872066497802734
0.0047032833099365234
0.004309177398681641
0.00429081916809082
0.003705739974975586
0.004833698272705078
0.004495143890380859
0.00490880012512207
0.004485130310058594
0.0046939849853515625
0.004312276840209961
0.004565000534057617
0.004428386688232422
0.0042989253997802734
0.004019975662231445
0.00292205810546875
0.004416465759277344
0.004452705383300781
0.004235982894897461
0.002894878387451172
0.004723787307739258
0.32665276527404785
0.004550933837890625
0.0051021575927734375
0.004290103912353516
0.004479408264160156
0.004198312759399414
0.004271030426025391
0.004116058349609375
0.004213571548461914
0.004308223724365234
0.0041124820709228516
0.0039179325103759766
0.003055572509765625
0.004414081573486328
0.004819631576538086
0.004604816436767578
0.004480838775634766
0.004652976989746094
0.004771709442138672
0.004599809646606445
0.0047228336334228516
0.004334688186645508
0.004159450531005859
0.004631996154785156
0.004654407501220703
0.004190206527709961
0.004335641860961914
0.00423121452331543
0.00458073616027832
0.0044100284576416016
0.004424571990966797
0.00474238395690918
0.005251407623291016
0.004205942153930664
0.004275083541870117
0.005725860595703125
0.0032126903533935547
0.003952741622924805
0.00469970703125
0.004502058029174805
0.0041997432708740234
0.00319671630859375
0.0048274993896484375
0.0048046112060546875
0.004947185516357422
0.004680633544921875
0.004387855529785156
0.004592418670654297
0.0032911300659179688
0.004202365875244141
0.0037713050842285156
0.004174470901489258
0.003966093063354492
0.004377603530883789
0.00372314453125
0.004220008850097656
0.004345893859863281
0.0036864280700683594
0.005008697509765625
0.0047037601470947266
0.0049092769622802734
0.004326820373535156
0.004452943801879883
0.004479885101318359
0.0045778751373291016
0.004486083984375
0.004996776580810547
0.004259347915649414
0.004359722137451172
0.004832029342651367
0.004799365997314453
0.00431513786315918
0.0033087730407714844
0.003914594650268555
0.0025103092193603516
0.003828763961791992
0.004171133041381836
0.0037136077880859375
0.004239082336425781
0.004231929779052734
0.004552364349365234
0.004363298416137695
0.004410982131958008
0.003656625747680664
0.004256248474121094
0.004563093185424805
0.003844738006591797
0.0040283203125
0.003843545913696289
0.0039365291595458984
0.00395512580871582
0.004116535186767578
0.002353191375732422
0.0038521289825439453
0.003809690475463867
0.003683328628540039
0.003616809844970703
0.004194021224975586
0.003859281539916992
0.004003763198852539
0.003521442413330078
0.0037772655487060547
0.003930807113647461
0.003749370574951172
0.004144906997680664
0.0042874813079833984
0.003771543502807617
0.0039539337158203125
0.0036954879760742188
0.00403594970703125
0.003943443298339844
0.0037593841552734375
0.0038161277770996094
0.004417896270751953
0.0038025379180908203
0.004297494888305664
0.004373073577880859
0.00411677360534668
0.0038170814514160156
0.0038123130798339844
0.003919124603271484
0.0036530494689941406
0.0038123130798339844
0.004094839096069336
0.0038793087005615234
0.0039653778076171875
0.004137754440307617
0.0038580894470214844
0.003832101821899414
0.003876924514770508
0.0026547908782958984
0.0035581588745117188
0.003681659698486328
0.004330158233642578
0.003926277160644531
0.0040874481201171875
0.0038073062896728516
0.004337310791015625
0.004131793975830078
0.0039272308349609375
0.004425764083862305
0.004070758819580078
0.004090547561645508
0.004045009613037109
0.003956794738769531
0.004454135894775391
0.004129648208618164
0.003921031951904297
0.003945112228393555
0.004137516021728516
0.004052162170410156
0.003704547882080078
0.004365205764770508
0.003914594650268555
0.0039539337158203125
0.003939151763916016
0.0036971569061279297
0.0036292076110839844
0.004532575607299805
0.0041468143463134766
0.003931999206542969
0.0037238597869873047
0.003725290298461914
0.004033803939819336
0.0037059783935546875
0.003804445266723633
0.003560304641723633
0.0041654109954833984
0.003796100616455078
0.003708362579345703
0.0035452842712402344
0.0037412643432617188
0.0033943653106689453
0.003683805465698242
0.003373384475708008
0.003612518310546875
0.003415346145629883
0.003448486328125
0.0034046173095703125
0.003697633743286133
0.0037505626678466797
0.0038628578186035156
0.0039670467376708984
0.003802061080932617
0.003762483596801758
0.003710031509399414
0.003941059112548828
0.003647327423095703
0.003922939300537109
0.0033571720123291016
0.003278493881225586
0.0033597946166992188
0.003161191940307617
0.0031201839447021484
0.0026388168334960938
0.0032269954681396484
0.0016255378723144531
0.0031805038452148438
0.003238201141357422
0.003187417984008789
0.0026018619537353516
0.003113985061645508
0.003103494644165039
0.0031499862670898438
0.0031011104583740234
0.003241300582885742
0.002969503402709961
0.002910137176513672
0.002886533737182617
0.0031881332397460938
0.003158092498779297
0.0031900405883789062
0.003218412399291992
0.0025882720947265625
0.003204822540283203
0.002555370330810547
0.0031690597534179688
0.0032491683959960938
0.0030825138092041016
0.0032265186309814453
0.003118753433227539
0.0031816959381103516
0.0031921863555908203
0.003185272216796875
0.003153562545776367
0.0025489330291748047
0.003218412399291992
0.0016789436340332031
0.003258228302001953
0.0033516883850097656
0.003201723098754883
0.003367185592651367
0.0031197071075439453
0.003217458724975586
0.0031342506408691406
0.0030498504638671875
0.003049612045288086
0.0030667781829833984
0.0031893253326416016
0.0031707286834716797
0.003144979476928711
0.0031626224517822266
0.003144979476928711
0.0032885074615478516
0.0034291744232177734
0.0033097267150878906
0.003155231475830078
0.003181934356689453
0.003262758255004883
0.003298521041870117
0.0031752586364746094
0.003191709518432617
0.0025718212127685547
0.003229856491088867
0.0016224384307861328
0.0029358863830566406
0.002992391586303711
0.003159046173095703
0.0031375885009765625
0.0028743743896484375
0.0029392242431640625
0.0031592845916748047
0.0029592514038085938
0.0032165050506591797
0.003108978271484375
0.0031409263610839844
0.002938985824584961
0.003210783004760742
0.0030279159545898438
0.0029838085174560547
0.003022432327270508
0.0031731128692626953
0.0030486583709716797
0.002952098846435547
0.0028564929962158203
0.0030171871185302734
0.0030460357666015625
0.0031938552856445312
0.0032465457916259766
0.0031239986419677734
0.0031931400299072266
0.0025827884674072266
0.003364086151123047
0.003098011016845703
0.0016312599182128906
0.0031464099884033203
0.003044605255126953
0.003120899200439453
0.003096342086791992
0.003346681594848633
0.0033054351806640625
0.0025856494903564453
0.003275632858276367
0.003289937973022461
0.003339052200317383
0.003165721893310547
0.003228902816772461
0.003239154815673828
0.0032711029052734375
0.0031697750091552734
0.002442598342895508
0.0026352405548095703
0.0032608509063720703
0.0033719539642333984
0.0027408599853515625
0.0033643245697021484
0.003409147262573242
0.0032529830932617188
0.003251791000366211
0.0027565956115722656
0.003324747085571289
0.0033431053161621094
0.002744913101196289
0.0033669471740722656
0.002731800079345703
0.002763986587524414
0.0034151077270507812
0.003439664840698242
0.002965211868286133
0.0031790733337402344
0.003339052200317383
0.0033559799194335938
0.003384828567504883
0.003199338912963867
0.0035719871520996094
0.003290891647338867
0.003409862518310547
0.0031671524047851562
0.0032286643981933594
0.0026450157165527344
0.002628326416015625
0.0031838417053222656
0.003159046173095703
0.0025141239166259766
0.0017066001892089844
0.0032258033752441406
0.003201723098754883
0.003202676773071289
0.003194570541381836
0.0026133060455322266
0.0033409595489501953
0.002778768539428711
0.003298521041870117
0.0025370121002197266
0.0032639503479003906
0.0027115345001220703
0.0026683807373046875
0.0033385753631591797
0.003064393997192383
0.0031418800354003906
0.0024785995483398438
0.003105640411376953
0.0026862621307373047
0.0026121139526367188
0.0011026859283447266
0.002816438674926758
0.0011739730834960938
0.002658843994140625
0.0026121139526367188
0.0027801990509033203
0.0029687881469726562
0.0028755664825439453
0.001165151596069336
0.0011870861053466797
0.002701997756958008
0.002848386764526367
0.0028557777404785156
0.0028383731842041016
0.0028324127197265625
0.0027894973754882812
0.0028564929962158203
0.002843618392944336
0.0028493404388427734
0.0028879642486572266
0.0028579235076904297
0.0028581619262695312
0.002827167510986328
0.0028574466705322266
0.002854585647583008
0.0028557777404785156
0.002851247787475586
0.0028624534606933594
0.0028543472290039062
0.002866029739379883
0.0028455257415771484
0.0028562545776367188
0.00284576416015625
0.002905607223510742
0.0028467178344726562
0.002856016159057617
0.002859354019165039
0.002832174301147461
0.003075122833251953
0.0027523040771484375
0.002641916275024414
0.002583026885986328
0.002675771713256836
0.002651214599609375
0.0026667118072509766
0.0027430057525634766
0.0027284622192382812
0.0026731491088867188
0.0028731822967529297
0.002856731414794922
0.002689838409423828
0.002735614776611328
0.0028319358825683594
0.002736806869506836
0.0028192996978759766
0.0027327537536621094
0.0028433799743652344
0.0028226375579833984
0.0027968883514404297
0.0027463436126708984
0.002898693084716797
0.002803802490234375
0.002848386764526367
0.002869844436645508
0.002861499786376953
0.0028791427612304688
0.0028579235076904297
0.0028705596923828125
0.0028514862060546875
0.002887248992919922
0.0031397342681884766
0.0011584758758544922
0.0011768341064453125
0.002888917922973633
0.0011827945709228516
0.0022287368774414062
0.003967761993408203
0.0052258968353271484
0.004632472991943359
0.004837751388549805
0.0052928924560546875
0.005440473556518555
0.0048220157623291016
0.004091978073120117
0.0038895606994628906
0.0032296180725097656
0.0040585994720458984
0.004805564880371094
0.0050809383392333984
0.0046710968017578125
0.004904508590698242
0.004172325134277344
0.004789590835571289
0.004675388336181641
0.005494117736816406
0.0054492950439453125
0.0033719539642333984
0.005556583404541016
0.004753589630126953
0.005379676818847656
0.00474858283996582
0.005171298980712891
0.005061626434326172
0.0054929256439208984
0.004429817199707031
0.00448918342590332
0.004103183746337891
0.004389286041259766
0.004781961441040039
0.004045724868774414
0.005106449127197266
0.005152702331542969
0.005059242248535156
0.005127429962158203
0.005039215087890625
0.004647731781005859
0.005374431610107422
0.005126476287841797
0.0048487186431884766
0.004271268844604492
0.004421234130859375
0.0047109127044677734
0.003903627395629883
0.004235506057739258
0.003621339797973633
0.004888057708740234
0.0033104419708251953
0.0045855045318603516
0.004927396774291992
0.005115985870361328
0.004890918731689453
0.0048520565032958984
0.005152463912963867
0.005191326141357422
0.0052490234375
0.005208015441894531
0.00507807731628418
0.004955768585205078
0.0047571659088134766
0.0054700374603271484
0.005016803741455078
0.004604816436767578
0.005183696746826172
0.005147457122802734
0.005057811737060547
0.004952192306518555
0.0050411224365234375
0.003545522689819336
0.005257606506347656
0.004839897155761719
0.0049839019775390625
0.004488706588745117
0.004248380661010742
0.003993988037109375
0.004725933074951172
0.004243612289428711
0.003648042678833008
0.0033338069915771484
0.0036284923553466797
0.005186796188354492
0.004681587219238281
0.005012035369873047
0.004910707473754883
0.003657817840576172
0.004529714584350586
0.0035698413848876953
0.003587007522583008
0.0047419071197509766
0.005002498626708984
0.0044858455657958984
0.005104780197143555
0.005055904388427734
0.0049512386322021484
0.004901409149169922
0.004790067672729492
0.004964113235473633
0.005002021789550781
0.005227804183959961
0.00475764274597168
0.004902362823486328
0.0048770904541015625
0.00516963005065918
0.0050127506256103516
0.004854917526245117
0.005042552947998047
0.004494667053222656
0.0039048194885253906
0.0043642520904541016
0.004353523254394531
0.003996133804321289
0.003026247024536133
0.004871845245361328
0.004700422286987305
0.003383636474609375
0.005031585693359375
0.004698038101196289
0.005022287368774414
0.005083322525024414
0.005095481872558594
0.005511760711669922
0.004517316818237305
0.00456690788269043
0.0045795440673828125
0.004362583160400391
0.004485368728637695
0.0042650699615478516
0.004412174224853516
0.004396200180053711
0.004340410232543945
0.004558086395263672
0.0031006336212158203
0.0049822330474853516
0.004632234573364258
0.0049860477447509766
0.005068063735961914
0.00487208366394043
0.004996299743652344
0.004943132400512695
0.0049037933349609375
0.0029850006103515625
0.005088329315185547
0.004959583282470703
0.004341840744018555
0.004341602325439453
0.004992961883544922
0.0050928592681884766
0.005419731140136719
0.0048139095306396484
0.004290342330932617
0.004034519195556641
0.004300117492675781
0.004710674285888672
0.005074977874755859
0.00423884391784668
0.0046269893646240234
0.004677295684814453
0.005114555358886719
0.004413127899169922
0.004482746124267578
0.005102396011352539
0.004771709442138672
0.0049593448638916016
0.0049936771392822266
0.004461526870727539
0.004436969757080078
0.004510402679443359
0.0048084259033203125
0.005041360855102539
0.0035822391510009766
0.004647016525268555
0.004983425140380859
0.004759788513183594
0.004403591156005859
0.004441261291503906
0.005360126495361328
0.004496335983276367
0.0052721500396728516
0.004889965057373047
0.004228830337524414
0.003338336944580078
0.0051555633544921875
0.0050144195556640625
0.005338191986083984
0.004886150360107422
0.004251241683959961
0.004300832748413086
0.004010438919067383
0.0038950443267822266
0.00442051887512207
0.0042569637298583984
0.004819393157958984
0.002954244613647461
0.004772186279296875
0.003948211669921875
0.0043566226959228516
0.005032777786254883
0.0047149658203125
0.004971504211425781
0.005132913589477539
0.00495147705078125
0.0045375823974609375
0.0039215087890625
0.00452113151550293
0.0040929317474365234
0.004433870315551758
0.004652976989746094
0.0028717517852783203
0.0032563209533691406
0.002735137939453125
0.0044078826904296875
0.004339456558227539
0.0044171810150146484
0.0045316219329833984
0.004362344741821289
0.0028672218322753906
0.003038644790649414
0.004225969314575195
0.004534721374511719
0.004369020462036133
0.004832267761230469
0.0047414302825927734
0.004312038421630859
0.0041713714599609375
0.0043795108795166016
0.00444483757019043
0.004790782928466797
0.0045795440673828125
0.00397801399230957
0.004093647003173828
0.0042133331298828125
0.004328727722167969
0.0032236576080322266
0.004827737808227539
0.004400491714477539
0.00452733039855957
0.004389762878417969
0.004679203033447266
0.0039653778076171875
0.004930973052978516
0.004703521728515625
0.004605531692504883
0.004492521286010742
0.0046079158782958984
0.004061698913574219
0.004381656646728516
0.0042765140533447266
0.004364490509033203
0.0043642520904541016
0.004041194915771484
0.00484776496887207
0.00436711311340332
0.0042951107025146484
0.004042148590087891
0.004561662673950195
0.004831790924072266
0.00432586669921875
0.004387855529785156
0.004419088363647461
0.0045223236083984375
0.0044591426849365234
0.004275798797607422
0.004793643951416016
0.004848480224609375
0.00463104248046875
0.004382610321044922
0.004242658615112305
0.004527568817138672
0.004127025604248047
0.0041158199310302734
0.004232645034790039
0.004616260528564453
0.004432201385498047
0.0044536590576171875
0.00459742546081543
0.004383087158203125
0.004361391067504883
0.0029611587524414062
0.0031871795654296875
0.00456690788269043
0.002513408660888672
0.0041065216064453125
0.0038802623748779297
0.0039174556732177734
0.004024028778076172
0.003801107406616211
0.004523277282714844
0.003965139389038086
0.003975391387939453
0.003953695297241211
0.003974199295043945
0.003910064697265625
0.0039517879486083984
0.003944873809814453
0.004326581954956055
0.004143238067626953
0.0040667057037353516
0.003934621810913086
0.0037813186645507812
0.003993511199951172
0.004098415374755859
0.004093647003173828
0.0041120052337646484
0.0038480758666992188
0.003811359405517578
0.00380706787109375
0.003875255584716797
0.003719329833984375
0.0036203861236572266
0.0037336349487304688
0.003707408905029297
0.0035011768341064453
0.004263162612915039
0.004006147384643555
0.0037648677825927734
0.003934383392333984
0.003945350646972656
0.0035202503204345703
0.003473520278930664
0.0025091171264648438
0.0035810470581054688
0.003771066665649414
0.0037050247192382812
0.0037195682525634766
0.003767728805541992
0.003276824951171875
0.0035419464111328125
0.003512859344482422
0.002977609634399414
0.0030536651611328125
0.003560781478881836
0.0033957958221435547
0.0021855831146240234
0.003625631332397461
0.0036666393280029297
0.003378152847290039
0.0032587051391601562
0.003016948699951172
0.003052234649658203
0.0029697418212890625
0.003615140914916992
0.003406047821044922
0.0030078887939453125
0.002008676528930664
0.003550291061401367
0.0036132335662841797
0.0032444000244140625
0.003620147705078125
0.0036187171936035156
0.0032825469970703125
0.0031785964965820312
0.0034868717193603516
0.0035920143127441406
0.003251791000366211
0.0016431808471679688
0.0032231807708740234
0.0036547183990478516
0.0033915042877197266
0.003145933151245117
0.003074169158935547
0.003292560577392578
0.0034143924713134766
0.003363370895385742
0.003383159637451172
0.002856731414794922
0.0028955936431884766
0.0033082962036132812
0.0033028125762939453
0.003301858901977539
0.003242015838623047
0.003720521926879883
0.003246307373046875
0.0031585693359375
0.0036640167236328125
0.0032470226287841797
0.0033833980560302734
0.0036857128143310547
0.003350496292114258
0.0034613609313964844
0.0033791065216064453
0.003789186477661133
0.003465414047241211
0.0031583309173583984
0.003052949905395508
0.0033164024353027344
0.003316164016723633
0.003161907196044922
0.0035598278045654297
0.0026907920837402344
0.0043582916259765625
0.0035293102264404297
0.0034067630767822266
0.0034639835357666016
0.0033385753631591797
0.003652811050415039
0.0032837390899658203
0.003213644027709961
0.0032765865325927734
0.003671884536743164
0.00368499755859375
0.0037708282470703125
0.0035262107849121094
0.0037453174591064453
0.003504514694213867
0.004167795181274414
0.0034694671630859375
0.0033495426177978516
0.003314971923828125
0.003338336944580078
0.0033121109008789062
0.0029973983764648438
0.0030858516693115234
0.0030541419982910156
0.0032939910888671875
0.0031037330627441406
0.0033521652221679688
0.0030307769775390625
0.0036439895629882812
0.003184080123901367
0.0033414363861083984
0.0031843185424804688
0.0038423538208007812
0.003604412078857422
0.0033996105194091797
0.0032558441162109375
0.0036382675170898438
0.003749847412109375
0.0034029483795166016
0.003650665283203125
0.003745555877685547
0.003412961959838867
0.003522157669067383
0.0027425289154052734
0.0027539730072021484
0.0020563602447509766
0.004312038421630859
0.004281282424926758
0.0035903453826904297
0.003345012664794922
0.0032949447631835938
0.0031921863555908203
0.0032892227172851562
0.0036308765411376953
0.0032706260681152344
0.0035643577575683594
0.0033304691314697266
0.003289461135864258
0.0033593177795410156
0.0033257007598876953
0.0032749176025390625
0.0035829544067382812
0.0031194686889648438
0.003368854522705078
0.003575563430786133
0.0033457279205322266
0.003426790237426758
0.0016870498657226562
0.0035474300384521484
0.0034673213958740234
0.0034799575805664062
0.0037958621978759766
0.0033719539642333984
0.0036420822143554688
0.0033807754516601562
0.0033295154571533203
0.0028879642486572266
0.0029785633087158203
0.003567934036254883
0.0032095909118652344
0.0031766891479492188
0.0035774707794189453
0.0032088756561279297
0.0031843185424804688
0.0032165050506591797
0.0031404495239257812
0.0032377243041992188
0.0032732486724853516
0.0033926963806152344
0.0033562183380126953
0.0030701160430908203
0.001604318618774414
0.0032358169555664062
0.003309011459350586
0.003361225128173828
0.002822399139404297
0.002881765365600586
0.0028998851776123047
0.002942800521850586
0.002904653549194336
0.002009153366088867
0.00400853157043457
0.0035250186920166016
0.003381967544555664
0.0033752918243408203
0.003456592559814453
0.0035085678100585938
0.003381013870239258
0.0036163330078125
0.003246784210205078
0.0036003589630126953
0.003162384033203125
0.003276824951171875
0.0034279823303222656
0.0034492015838623047
0.003296375274658203
0.0033288002014160156
0.003403186798095703
0.0033082962036132812
0.003015756607055664
0.0030591487884521484
0.002919912338256836
0.003395557403564453
0.0032186508178710938
0.0032608509063720703
0.0032651424407958984
0.0031723976135253906
0.003615140914916992
0.003305673599243164
0.002000570297241211
0.0035669803619384766
0.003355264663696289
0.0034317970275878906
0.003217935562133789
0.0032126903533935547
0.0033419132232666016
0.0032532215118408203
0.0033190250396728516
0.0033004283905029297
0.0033829212188720703
0.0033135414123535156
0.0027675628662109375
0.003081798553466797
0.0019698143005371094
0.0019767284393310547
0.0032622814178466797
0.003265857696533203
0.003273487091064453
0.003297090530395508
0.0029976367950439453
0.0032987594604492188
0.0033681392669677734
0.0033059120178222656
0.003293752670288086
0.0029397010803222656
0.0035440921783447266
0.003089427947998047
0.0033676624298095703
0.0033991336822509766
0.0035924911499023438
0.0045261383056640625
0.003298521041870117
0.0033257007598876953
0.002931833267211914
0.003507852554321289
0.0030837059020996094
0.003267526626586914
0.003228425979614258
0.0033712387084960938
0.0032460689544677734
0.003265857696533203
0.003337383270263672
0.0020368099212646484
0.003450155258178711
0.003273487091064453
0.0033528804779052734
0.0033004283905029297
0.003220081329345703
0.0035915374755859375
0.003366231918334961
0.0035915374755859375
0.003224611282348633
0.003509998321533203
0.0031332969665527344
0.0031130313873291016
0.0035071372985839844
0.003527402877807617
0.0030541419982910156
0.0030219554901123047
0.0031528472900390625
0.002755403518676758
0.003225564956665039
0.003719329833984375
0.0031464099884033203
0.003297567367553711
0.0030965805053710938
0.003209829330444336
0.003045320510864258
0.0033745765686035156
0.0033752918243408203
0.0033919811248779297
0.003294229507446289
0.0028510093688964844
0.0029129981994628906
0.003087759017944336
0.003252267837524414
0.003375530242919922
0.0035872459411621094
0.003264188766479492
0.002052783966064453
0.00402379035949707
0.003426074981689453
0.0029518604278564453
0.0032749176025390625
0.002645730972290039
0.0031175613403320312
0.003312349319458008
0.0032889842987060547
0.003313779830932617
0.0032401084899902344
0.0032477378845214844
0.0035638809204101562
0.003392457962036133
0.0034139156341552734
0.0031642913818359375
0.0033876895904541016
0.0034978389739990234
0.0036025047302246094
0.003213644027709961
0.0030655860900878906
0.0030198097229003906
0.0029397010803222656
0.003161907196044922
0.0016772747039794922
0.0033774375915527344
0.0033991336822509766
0.0034143924713134766
0.003281116485595703
0.0035169124603271484
0.0033388137817382812
0.0034532546997070312
0.0034551620483398438
0.003284931182861328
0.0032455921173095703
0.0020537376403808594
0.003033161163330078
0.0029702186584472656
0.003121614456176758
0.0032062530517578125
0.003313302993774414
0.0032052993774414062
0.0034723281860351562
0.0035905838012695312
0.003348112106323242
0.0033447742462158203
0.0030488967895507812
0.003289937973022461
0.003063678741455078
0.003330707550048828
0.003389120101928711
0.0035800933837890625
0.0030412673950195312
0.0032079219818115234
0.0028181076049804688
0.0032944679260253906
0.0033693313598632812
0.003106355667114258
0.0040645599365234375
0.003022909164428711
0.0031638145446777344
0.0031087398529052734
0.0027370452880859375
0.0028791427612304688
0.003113269805908203
0.002921581268310547
0.00323486328125
0.0029594898223876953
0.0029039382934570312
0.0032198429107666016
0.0028815269470214844
0.002826213836669922
0.0028574466705322266
0.002776622772216797
0.0027816295623779297
0.0028564929962158203
0.0029458999633789062
0.0029587745666503906
0.0029718875885009766
0.002991914749145508
0.002957582473754883
0.0029554367065429688
0.003340482711791992
0.003316640853881836
0.0029959678649902344
0.002980470657348633
0.0030908584594726562
0.0029973983764648438
0.0029075145721435547
0.0028150081634521484
0.0028362274169921875
0.002874612808227539
0.0027327537536621094
0.0029413700103759766
0.002907276153564453
0.002889394760131836
0.002797842025756836
0.002769947052001953
0.002859354019165039
0.0029447078704833984
0.0029497146606445312
0.003169536590576172
0.0029528141021728516
0.0027990341186523438
0.0030274391174316406
0.002856016159057617
0.003278970718383789
0.003280162811279297
0.003140687942504883
0.003084421157836914
0.002880573272705078
0.0030074119567871094
0.0033354759216308594
0.0029649734497070312
0.002979755401611328
0.002958059310913086
0.003003835678100586
0.0032465457916259766
0.0033843517303466797
0.003089427947998047
0.0031054019927978516
0.003366231918334961
0.002973794937133789
0.0032815933227539062
0.002977609634399414
0.003221750259399414
0.002971649169921875
0.002925395965576172
0.003046274185180664
0.0033860206604003906
0.002847909927368164
0.0028977394104003906
0.002956867218017578
0.003161191940307617
0.0030138492584228516
0.0032241344451904297
0.0029473304748535156
0.0028312206268310547
0.002964496612548828
0.0029273033142089844
0.0030078887939453125
0.0028667449951171875
0.0031588077545166016
0.002973318099975586
0.0030045509338378906
0.0030775070190429688
0.0012042522430419922
0.002791166305541992
0.0029163360595703125
0.0028562545776367188
0.002889871597290039
0.0029420852661132812
0.0029714107513427734
0.0029048919677734375
0.0027196407318115234
0.0026962757110595703
0.002678394317626953
0.0026841163635253906
0.002662181854248047
0.0026481151580810547
0.0026340484619140625
0.0026216506958007812
0.002651214599609375
0.0026335716247558594
0.0027146339416503906
0.0025687217712402344
0.002536296844482422
0.002498149871826172
0.0030617713928222656
0.002772092819213867
0.002722024917602539
0.0027379989624023438
0.002741098403930664
0.0026886463165283203
0.002466440200805664
0.002996683120727539
0.0029077529907226562
0.0028450489044189453
0.002516508102416992
0.002824544906616211
0.002580404281616211
0.0032541751861572266
0.003294229507446289
0.0035445690155029297
0.00283050537109375
0.0028128623962402344
0.0031478404998779297
0.0032079219818115234
0.0031354427337646484
0.0028226375579833984
0.002942323684692383
0.0028023719787597656
0.0028772354125976562
0.002910614013671875
0.0031998157501220703
0.0029625892639160156
0.002980470657348633
0.002840757369995117
0.0028667449951171875
0.003078460693359375
0.003263711929321289
0.002865314483642578
0.0012083053588867188
0.0029039382934570312
0.0030438899993896484
0.002847433090209961
0.003057718276977539
0.0030307769775390625
0.002958059310913086
0.003192901611328125
0.0029282569885253906
0.003112316131591797
0.0028641223907470703
0.0031189918518066406
0.002933502197265625
0.0030014514923095703
0.0030028820037841797
0.002922534942626953
0.0024194717407226562
0.0024538040161132812
0.0024101734161376953
0.0025255680084228516
0.0025415420532226562
0.0025887489318847656
0.0025720596313476562
0.0022034645080566406
0.0015239715576171875
0.0015573501586914062
0.0033011436462402344
0.0031049251556396484
0.0031096935272216797
0.003025054931640625
0.0014710426330566406
0.0014793872833251953
0.003172636032104492
0.003254413604736328
0.003087759017944336
0.0031828880310058594
0.0031092166900634766
0.0032138824462890625
0.003122568130493164
0.0031862258911132812
0.003101825714111328
0.0031692981719970703
0.0032138824462890625
0.0031456947326660156
0.003085613250732422
0.0029985904693603516
0.003244638442993164
0.003216266632080078
0.0030107498168945312
0.0030510425567626953
0.0032312870025634766
0.003131866455078125
0.0031044483184814453
0.003147602081298828
0.003186941146850586
0.0030291080474853516
0.0031516551971435547
0.003209352493286133
0.0025191307067871094
0.003179311752319336
0.0032205581665039062
0.0031130313873291016
0.0014412403106689453
0.0031578540802001953
0.0031518936157226562
0.0030355453491210938
0.0030486583709716797
0.0030808448791503906
0.002973794937133789
0.003033161163330078
0.0030803680419921875
0.003034353256225586
0.0031616687774658203
0.0031006336212158203
0.0029730796813964844
0.003006458282470703
0.003143310546875
0.0031592845916748047
0.0030307769775390625
0.0034067630767822266
0.0032007694244384766
0.003121614456176758
0.003169536590576172
0.0032052993774414062
0.003047943115234375
0.003087282180786133
0.002825498580932617
0.003217935562133789
0.003064870834350586
0.0029838085174560547
0.003024578094482422
0.003072500228881836
0.003011465072631836
0.0031194686889648438
0.0032434463500976562
0.00304412841796875
0.0032224655151367188
0.0030732154846191406
0.003092050552368164
0.0031075477600097656
0.00308990478515625
0.003040790557861328
0.0014798641204833984
0.0029959678649902344
0.003097057342529297
0.0025954246520996094
0.003171205520629883
0.003265857696533203
0.003224611282348633
0.0025758743286132812
0.003242969512939453
0.003246307373046875
0.0033044815063476562
0.0031747817993164062
0.003271341323852539
0.0015091896057128906
0.0031349658966064453
0.0032227039337158203
0.0031900405883789062
0.0030455589294433594
0.0031976699829101562
0.0031418800354003906
0.003083944320678711
0.003180980682373047
0.0031931400299072266
0.003175973892211914
0.0031280517578125
0.003180265426635742
0.0029916763305664062
0.002872943878173828
0.0031778812408447266
0.003078937530517578
0.0030527114868164062
0.0031392574310302734
0.0030624866485595703
0.0032334327697753906
0.003219127655029297
0.0031578540802001953
0.0030639171600341797
0.0032346248626708984
0.003020048141479492
0.003225564956665039
0.003231525421142578
0.0030138492584228516
0.0032503604888916016
0.003155946731567383
0.003183603286743164
0.0032088756561279297
0.003199338912963867
0.003023862838745117
0.0029387474060058594
0.0028488636016845703
0.003126382827758789
0.0031108856201171875
0.00308990478515625
0.0025064945220947266
0.0029108524322509766
0.002843141555786133
0.0026693344116210938
0.0011556148529052734
0.002882242202758789
0.0028543472290039062
0.002791166305541992
0.002845287322998047
0.0011661052703857422
0.0028548240661621094
0.0011799335479736328
0.0011587142944335938
0.00287628173828125
0.002850055694580078
0.002911090850830078
0.0027837753295898438
0.0028595924377441406
0.002881765365600586
0.00270843505859375
0.0029077529907226562
0.0028154850006103516
0.002820253372192383
0.0033109188079833984
0.002864837646484375
0.0028676986694335938
0.002847433090209961
0.002814769744873047
0.0028412342071533203
0.002842426300048828
0.002874612808227539
0.0027697086334228516
0.002880573272705078
0.002792835235595703
0.0028319358825683594
0.0028846263885498047
0.0028281211853027344
0.0026640892028808594
0.002672910690307617
0.0026483535766601562
0.0026521682739257812
0.002674102783203125
0.0026504993438720703
0.002802610397338867
0.0026657581329345703
0.0026640892028808594
0.0028722286224365234
0.0028076171875
0.0027208328247070312
0.002706766128540039
0.002835512161254883
0.002679109573364258
0.0025625228881835938
0.0027358531951904297
0.0028228759765625
0.0028390884399414062
0.0026750564575195312
0.002604246139526367
0.0028328895568847656
0.0026009082794189453
0.002701282501220703
0.0027496814727783203
0.0028514862060546875
0.002808094024658203
0.002836465835571289
0.002927064895629883
0.0028765201568603516
0.0027294158935546875
0.0028531551361083984
0.0028200149536132812
0.002683401107788086
0.002180814743041992
0.003370523452758789
0.004236698150634766
0.005630016326904297
0.004948616027832031
0.005007743835449219
0.003229856491088867
0.0031871795654296875
0.004755258560180664
0.0046117305755615234
0.00489354133605957
0.0048487186431884766
0.004651546478271484
0.004397392272949219
0.004105806350708008
0.004368782043457031
0.0046117305755615234
0.004736423492431641
0.004680633544921875
0.005045413970947266
0.00416874885559082
0.004845142364501953
0.004537343978881836
0.004834890365600586
0.004882335662841797
0.004451751708984375
0.004918813705444336
0.0046122074127197266
0.004427909851074219
0.0049822330474853516
0.004930973052978516
0.00450587272644043
0.004541635513305664
0.004258394241333008
0.004468441009521484
0.004116058349609375
0.003912448883056641
0.003983259201049805
0.00443267822265625
0.0038537979125976562
0.004018068313598633
0.003824949264526367
0.004214286804199219
0.004144906997680664
0.003828763961791992
0.0047664642333984375
0.004705905914306641
0.0040853023529052734
0.004128456115722656
0.0041370391845703125
0.0036296844482421875
0.003592252731323242
0.0046389102935791016
0.005251884460449219
0.002946615219116211
0.0033011436462402344
0.004126310348510742
0.0031461715698242188
0.004756927490234375
0.004339694976806641
0.0032138824462890625
0.0044405460357666016
0.00436091423034668
0.004380226135253906
0.004311084747314453
0.004523754119873047
0.005333423614501953
0.004207611083984375
0.004186391830444336
0.00469207763671875
0.004750490188598633
0.004639387130737305
0.005105495452880859
0.004714250564575195
0.004389524459838867
0.00445556640625
0.0044841766357421875
0.004681110382080078
0.0048329830169677734
0.004260540008544922
0.004672527313232422
0.004671812057495117
0.003267526626586914
0.003655672073364258
0.004234790802001953
0.004093170166015625
0.004273891448974609
0.004503488540649414
0.004461765289306641
0.004625082015991211
0.0044481754302978516
0.0043294429779052734
0.004361629486083984
0.005125522613525391
0.00468897819519043
0.004492282867431641
0.003324270248413086
0.004740238189697266
0.004342794418334961
0.0043675899505615234
0.0037512779235839844
0.004349946975708008
0.0039806365966796875
0.0038900375366210938
0.004030942916870117
0.004003286361694336
0.003579378128051758
0.0033655166625976562
0.004055500030517578
0.003860950469970703
0.0037941932678222656
0.0038497447967529297
0.004109859466552734
0.004580974578857422
0.004695415496826172
0.004328489303588867
0.003650188446044922
0.004576444625854492
0.004494667053222656
0.004967927932739258
0.0047168731689453125
0.00442051887512207
0.0028808116912841797
0.004528045654296875
0.004708290100097656
0.005100727081298828
0.005278825759887695
0.004644155502319336
0.0047452449798583984
0.003808736801147461
0.0045871734619140625
0.004544973373413086
0.004795074462890625
0.004542827606201172
0.004597902297973633
0.004509925842285156
0.004461526870727539
0.004380226135253906
0.004507541656494141
0.004615068435668945
0.004475116729736328
0.004623889923095703
0.003994464874267578
0.004820346832275391
0.004402875900268555
0.004670381546020508
0.0042896270751953125
0.004352569580078125
0.004319906234741211
0.004378080368041992
0.00413060188293457
0.00432276725769043
0.0046100616455078125
0.00453639030456543
0.0047588348388671875
0.004174232482910156
0.004487037658691406
0.0033211708068847656
0.004374980926513672
0.004518032073974609
0.004676342010498047
0.004458427429199219
0.003756999969482422
0.003897428512573242
0.004056692123413086
0.0039958953857421875
0.003782987594604492
0.0036725997924804688
0.003738880157470703
0.004043102264404297
0.0038526058197021484
0.0038003921508789062
0.003880739212036133
0.004022359848022461
0.004175662994384766
0.0036954879760742188
0.0036971569061279297
0.0034346580505371094
0.003908872604370117
0.0033893585205078125
0.003669261932373047
0.002614259719848633
0.0038030147552490234
0.004014730453491211
0.0041332244873046875
0.002560138702392578
0.003661632537841797
0.003999948501586914
0.004551887512207031
0.004529714584350586
0.0027239322662353516
0.004050731658935547
0.0028808116912841797
0.002665281295776367
0.004015207290649414
0.003994464874267578
0.004492044448852539
0.00416874885559082
0.00427556037902832
0.0040891170501708984
0.003972291946411133
0.004042863845825195
0.004433393478393555
0.0036504268646240234
0.0028121471405029297
0.0038709640502929688
0.0039958953857421875
0.003675222396850586
0.0038809776306152344
0.004030466079711914
0.004168033599853516
0.0026092529296875
0.004148960113525391
0.004040241241455078
0.003986358642578125
0.004100322723388672
0.0041751861572265625
0.0045168399810791016
0.004465341567993164
0.00395965576171875
0.003742218017578125
0.0036983489990234375
0.004131793975830078
0.0038940906524658203
0.004141092300415039
0.004129886627197266
0.004197597503662109
0.004015922546386719
0.0046520233154296875
0.003716707229614258
0.004024505615234375
0.004362583160400391
0.004178762435913086
0.0041201114654541016
0.0046083927154541016
0.004174947738647461
0.003689289093017578
0.004154682159423828
0.004052162170410156
0.004175901412963867
0.004251003265380859
0.004216432571411133
0.004605770111083984
0.0038480758666992188
0.004162311553955078
0.0039632320404052734
0.004323244094848633
0.004033327102661133
0.004642963409423828
0.005268096923828125
0.004098653793334961
0.003968954086303711
0.004245758056640625
0.00417637825012207
0.003710031509399414
0.003880739212036133
0.00362396240234375
0.0034332275390625
0.0038824081420898438
0.0036742687225341797
0.003564596176147461
0.004083156585693359
0.0039784908294677734
0.003715991973876953
0.0034406185150146484
0.0031604766845703125
0.003446817398071289
0.003490924835205078
0.0031309127807617188
0.0037856101989746094
0.0037326812744140625
0.004083156585693359
0.0038881301879882812
0.003134012222290039
0.0031349658966064453
0.002471923828125
0.004053592681884766
0.0030841827392578125
0.0033402442932128906
0.0029935836791992188
0.0030188560485839844
0.003117799758911133
0.002891063690185547
0.0032148361206054688
0.0032644271850585938
0.0030794143676757812
0.0029876232147216797
0.002984285354614258
0.0031633377075195312
0.0030705928802490234
0.0031585693359375
0.0028634071350097656
0.003195047378540039
0.003032207489013672
0.002935647964477539
0.0031719207763671875
0.0030775070190429688
0.0030965805053710938
0.0028467178344726562
0.0028166770935058594
0.003240823745727539
0.0031881332397460938
0.003185749053955078
0.0028657913208007812
0.0031092166900634766
0.003367185592651367
0.002979755401611328
0.00302886962890625
0.0033311843872070312
0.0029430389404296875
0.0032083988189697266
0.0014579296112060547
0.002903461456298828
0.0030236244201660156
0.0028867721557617188
0.00262451171875
0.0025703907012939453
0.0025544166564941406
0.002766132354736328
0.003226757049560547
0.0031533241271972656
0.0029294490814208984
0.0027604103088378906
0.0029888153076171875
0.002931356430053711
0.002933025360107422
0.0032646656036376953
0.0029916763305664062
0.0026688575744628906
0.002614736557006836
0.003431558609008789
0.003506898880004883
0.0029370784759521484
0.0028312206268310547
0.003168344497680664
0.0028488636016845703
0.002918720245361328
0.002904176712036133
0.0032851696014404297
0.0031735897064208984
0.0031108856201171875
0.0029196739196777344
0.0028793811798095703
0.0028235912322998047
0.0029299259185791016
0.002835512161254883
0.003138303756713867
0.003195047378540039
0.003104686737060547
0.0031197071075439453
0.0029015541076660156
0.0029022693634033203
0.0030188560485839844
0.0032329559326171875
0.0027980804443359375
0.0035238265991210938
0.002607107162475586
0.0027937889099121094
0.0028798580169677734
0.0025708675384521484
0.002842426300048828
0.0018634796142578125
0.003165006637573242
0.003612995147705078
0.0038771629333496094
0.003104686737060547
0.0030477046966552734
0.0031194686889648438
0.002983570098876953
0.0030570030212402344
0.0034761428833007812
0.00307464599609375
0.0034952163696289062
0.0030188560485839844
0.0032999515533447266
0.003167867660522461
0.0030388832092285156
0.002885580062866211
0.0033392906188964844
0.0028045177459716797
0.0029456615447998047
0.003216266632080078
0.003103017807006836
0.0028395652770996094
0.0027875900268554688
0.0028498172760009766
0.003244161605834961
0.003079652786254883
0.003284454345703125
0.003062725067138672
0.0028769969940185547
0.0032906532287597656
0.0031020641326904297
0.003156900405883789
0.0029757022857666016
0.0030333995819091797
0.0030317306518554688
0.003081083297729492
0.002983570098876953
0.0032265186309814453
0.0032672882080078125
0.0032401084899902344
0.003222227096557617
0.0029947757720947266
0.0030274391174316406
0.0028982162475585938
0.002923250198364258
0.0029561519622802734
0.0028345584869384766
0.0029611587524414062
0.002921581268310547
0.0028715133666992188
0.002789735794067383
0.0037689208984375
0.003177165985107422
0.003412008285522461
0.0033397674560546875
0.003316164016723633
0.0037207603454589844
0.002930164337158203
0.0035898685455322266
0.0032889842987060547
0.0033996105194091797
0.002872467041015625
0.0029888153076171875
0.0028159618377685547
0.0032279491424560547
0.0029015541076660156
0.0034155845642089844
0.0028820037841796875
0.0030443668365478516
0.001466512680053711
0.003241300582885742
0.002985239028930664
0.0029404163360595703
0.002889871597290039
0.002886533737182617
0.003277301788330078
0.003050565719604492
0.003153562545776367
0.002798318862915039
0.002933979034423828
0.0029973983764648438
0.0030362606048583984
0.002743244171142578
0.002580881118774414
0.002398967742919922
0.0016858577728271484
0.002843618392944336
0.00290679931640625
0.0028650760650634766
0.0030388832092285156
0.002801656723022461
0.002590179443359375
0.004343509674072266
0.0039789676666259766
0.0032510757446289062
0.003357410430908203
0.0031251907348632812
0.003099203109741211
0.003273487091064453
0.003229379653930664
0.0032944679260253906
0.0031266212463378906
0.0034453868865966797
0.0030193328857421875
0.0029158592224121094
0.003161191940307617
0.002925395965576172
0.003070354461669922
0.0030171871185302734
0.003336668014526367
0.0032999515533447266
0.002935647964477539
0.002917766571044922
0.002941608428955078
0.003248453140258789
0.002840280532836914
0.002956867218017578
0.00310516357421875
0.0029556751251220703
0.002853870391845703
0.0028510093688964844
0.002797842025756836
0.003022432327270508
0.003134489059448242
0.0034551620483398438
0.0027937889099121094
0.002841949462890625
0.002823352813720703
0.0032939910888671875
0.0032601356506347656
0.003287076950073242
0.0014340877532958984
0.002833127975463867
0.002885103225708008
0.002946615219116211
0.0029036998748779297
0.0029325485229492188
0.0032129287719726562
0.002816915512084961
0.003149271011352539
0.0031702518463134766
0.003330707550048828
0.0034189224243164062
0.0029671192169189453
0.0032105445861816406
0.003187417984008789
0.0033118724822998047
0.003055572509765625
0.002843141555786133
0.0029501914978027344
0.003207683563232422
0.0028667449951171875
0.002978801727294922
0.002806425094604492
0.002833843231201172
0.002815723419189453
0.002931833267211914
0.002995014190673828
0.0028166770935058594
0.002737283706665039
0.0030024051666259766
0.003293275833129883
0.002888917922973633
0.0027914047241210938
0.002623319625854492
0.0025370121002197266
0.0031037330627441406
0.0034332275390625
0.0025587081909179688
0.0033111572265625
0.0030536651611328125
0.0029952526092529297
0.002917766571044922
0.0030896663665771484
0.003172636032104492
0.003131866455078125
0.003081083297729492
0.002949237823486328
0.0033388137817382812
0.00257110595703125
0.002644062042236328
0.002361297607421875
0.0029115676879882812
0.0017621517181396484
0.0027320384979248047
0.0030355453491210938
0.0031447410583496094
0.0032224655151367188
0.0032346248626708984
0.0032019615173339844
0.003662109375
0.003647327423095703
0.002538442611694336
0.0028007030487060547
0.0027933120727539062
0.002863645553588867
0.002827167510986328
0.0027985572814941406
0.002701282501220703
0.0029740333557128906
0.002622365951538086
0.002736330032348633
0.002785921096801758
0.0026476383209228516
0.002830028533935547
0.003298521041870117
0.002851247787475586
0.002864837646484375
0.002762317657470703
0.0027761459350585938
0.0027306079864501953
0.0029833316802978516
0.002816438674926758
0.0027284622192382812
0.0028333663940429688
0.0028734207153320312
0.0028400421142578125
0.0025496482849121094
0.0024957656860351562
0.0027179718017578125
0.0025517940521240234
0.0027768611907958984
0.002603292465209961
0.0028319358825683594
0.0027451515197753906
0.002572774887084961
0.0028352737426757812
0.0031588077545166016
0.0027916431427001953
0.003106832504272461
0.0027189254760742188
0.0027191638946533203
0.002843141555786133
0.0029065608978271484
0.002534151077270508
0.002857208251953125
0.0030672550201416016
0.0026705265045166016
0.002508401870727539
0.002496480941772461
0.0011298656463623047
0.0023102760314941406
0.0025141239166259766
0.0025777816772460938
0.0023865699768066406
0.0024802684783935547
0.002500772476196289
0.0023567676544189453
0.0023348331451416016
0.0023419857025146484
0.002332925796508789
0.0025796890258789062
0.0028336048126220703
0.002699136734008789
0.002773284912109375
0.0025789737701416016
0.0025844573974609375
0.002465486526489258
0.0028464794158935547
0.0030755996704101562
0.002595186233520508
0.0028214454650878906
0.002798795700073242
0.0027399063110351562
0.0029523372650146484
0.0011773109436035156
0.0028128623962402344
0.0025634765625
0.003277301788330078
0.0028162002563476562
0.003039836883544922
0.0026056766510009766
0.0028061866760253906
0.0027027130126953125
0.003316640853881836
0.0035409927368164062
0.003213644027709961
0.0022711753845214844
0.002657651901245117
0.0023436546325683594
0.003081083297729492
0.0027205944061279297
0.002657651901245117
0.002632617950439453
0.0030999183654785156
0.0028247833251953125
0.002630949020385742
0.0027098655700683594
0.0028731822967529297
0.0029213428497314453
0.0025959014892578125
0.0027761459350585938
0.0027627944946289062
0.002660512924194336
0.0026543140411376953
0.0024271011352539062
0.0024650096893310547
0.0025482177734375
0.002811431884765625
0.0027518272399902344
0.002850770950317383
0.002949953079223633
0.0026929378509521484
0.002721548080444336
0.002533435821533203
0.003116130828857422
0.002770662307739258
0.0029077529907226562
0.0028533935546875
0.0030329227447509766
0.0029239654541015625
0.00270843505859375
0.002259969711303711
0.0022077560424804688
0.0022325515747070312
0.002190828323364258
0.0019230842590332031
0.0019490718841552734
0.0020194053649902344
0.0014269351959228516
0.0031898021697998047
0.003573179244995117
0.0030825138092041016
0.0017173290252685547
0.0017702579498291016
0.0018105506896972656
0.003160238265991211
0.0031278133392333984
0.002871274948120117
0.0017552375793457031
0.002822399139404297
0.0016434192657470703
0.002927064895629883
0.001911163330078125
0.0028047561645507812
0.0028905868530273438
0.0016613006591796875
0.0030663013458251953
0.003415346145629883
0.003347158432006836
0.003253936767578125
0.0028395652770996094
0.0033028125762939453
0.0035696029663085938
0.0018265247344970703
0.0028841495513916016
0.003774404525756836
0.003154277801513672
0.0033385753631591797
0.003104686737060547
0.0030493736267089844
0.0033903121948242188
0.0034770965576171875
0.0035343170166015625
0.0030798912048339844
0.0037183761596679688
0.003156423568725586
0.0028526782989501953
0.0031740665435791016
0.003319978713989258
0.003314971923828125
0.0017762184143066406
0.0034880638122558594
0.003136157989501953
0.0017347335815429688
0.0033795833587646484
0.002786397933959961
0.0037000179290771484
0.003348827362060547
0.0029091835021972656
0.003110170364379883
0.0015254020690917969
0.0020766258239746094
0.001775503158569336
0.003029346466064453
0.0017151832580566406
0.0031557083129882812
0.0016183853149414062
0.0030710697174072266
0.002025127410888672
0.0016570091247558594
0.0028014183044433594
0.00325775146484375
0.003171205520629883
0.0028269290924072266
0.0032629966735839844
0.0031392574310302734
0.0029785633087158203
0.0033416748046875
0.0033292770385742188
0.0032625198364257812
0.0032083988189697266
0.00327301025390625
0.003239154815673828
0.0038340091705322266
0.003391265869140625
0.0032873153686523438
0.003205537796020508
0.003143787384033203
0.002795696258544922
0.0034503936767578125
0.003324270248413086
0.0030863285064697266
0.003048419952392578
0.0033876895904541016
0.003353595733642578
0.0030641555786132812
0.0032019615173339844
0.0031654834747314453
0.0032033920288085938
0.002000093460083008
0.0037546157836914062
0.0021581649780273438
0.0031461715698242188
0.003361940383911133
0.002830982208251953
0.0037202835083007812
0.0020668506622314453
0.00328826904296875
0.0031599998474121094
0.0032024383544921875
0.003373861312866211
0.002942323684692383
0.0032448768615722656
0.003055095672607422
0.002906322479248047
0.0032715797424316406
0.0031557083129882812
0.003139495849609375
0.003062725067138672
0.003115415573120117
0.0031821727752685547
0.0028722286224365234
0.0028204917907714844
0.0034456253051757812
0.003179788589477539
0.0031604766845703125
0.0031359195709228516
0.0035910606384277344
0.0029189586639404297
0.002015352249145508
0.003195047378540039
0.002678394317626953
0.0017936229705810547
0.0031867027282714844
0.0035347938537597656
0.003827810287475586
0.0032396316528320312
0.0031502246856689453
0.0032644271850585938
0.0029723644256591797
0.0033478736877441406
0.002736806869506836
0.003146648406982422
0.0029916763305664062
0.0028786659240722656
0.003196239471435547
0.003640890121459961
0.002043008804321289
0.001878499984741211
0.003266572952270508
0.0031876564025878906
0.0032949447631835938
0.002831697463989258
0.003075122833251953
0.0032410621643066406
0.0028569698333740234
0.0035414695739746094
0.003438234329223633
0.0030417442321777344
0.0031609535217285156
0.0033168792724609375
0.0029048919677734375
0.003397703170776367
0.0028078556060791016
0.0035593509674072266
0.003317117691040039
0.002855062484741211
0.0032944679260253906
0.003251314163208008
0.003144979476928711
0.0032401084899902344
0.002948760986328125
0.0016489028930664062
0.0028116703033447266
0.002964019775390625
0.003075122833251953
0.0035347938537597656
0.003236055374145508
0.0034465789794921875
0.003204822540283203
0.003142118453979492
0.0035479068756103516
0.003252744674682617
0.002781391143798828
0.0026006698608398438
0.0030159950256347656
0.0019104480743408203
0.002651214599609375
0.0029516220092773438
0.003444671630859375
0.002792835235595703
0.003386974334716797
0.003005504608154297
0.003535747528076172
0.002697467803955078
0.0030744075775146484
0.002720355987548828
0.003154754638671875
0.0031342506408691406
0.0032231807708740234
0.003354787826538086
0.0031251907348632812
0.0027909278869628906
0.003174304962158203
0.0017108917236328125
0.0026891231536865234
0.0026793479919433594
0.0031931400299072266
0.0029871463775634766
0.002783060073852539
0.0031621456146240234
0.003145456314086914
0.003332376480102539
0.003423929214477539
0.0032720565795898438
0.003106832504272461
0.0031664371490478516
0.0031981468200683594
0.0027747154235839844
0.0031118392944335938
0.0033576488494873047
0.0032148361206054688
0.0036058425903320312
0.002005338668823242
0.0030517578125
0.003592252731323242
0.003340005874633789
0.0038764476776123047
0.003427743911743164
0.0033044815063476562
0.0034220218658447266
0.002857685089111328
0.003081798553466797
0.003103971481323242
0.0032618045806884766
0.003564119338989258
0.0032951831817626953
0.0030875205993652344
0.0030808448791503906
0.0031366348266601562
0.00311279296875
0.0034227371215820312
0.002815723419189453
0.003139019012451172
0.0032067298889160156
0.003753185272216797
0.0032253265380859375
0.0027587413787841797
0.0032584667205810547
0.0026650428771972656
0.003069639205932617
0.0027458667755126953
0.003136157989501953
0.003626585006713867
0.003213644027709961
0.0031707286834716797
0.0027942657470703125
0.0029392242431640625
0.0031976699829101562
0.004107475280761719
0.0031425952911376953
0.0032546520233154297
0.0031850337982177734
0.003174304962158203
0.003084421157836914
0.0028336048126220703
0.003154754638671875
0.0031752586364746094
0.0030646324157714844
0.0027697086334228516
0.0030901432037353516
0.002789735794067383
0.0027534961700439453
0.003144502639770508
0.003175020217895508
0.003585338592529297
0.003139972686767578
0.003225564956665039
0.0030868053436279297
0.0031440258026123047
0.0031540393829345703
0.0019998550415039062
0.0035982131958007812
0.0031092166900634766
0.0026242733001708984
0.0029723644256591797
0.003307819366455078
0.003336191177368164
0.003252744674682617
0.003373861312866211
0.003381967544555664
0.0033636093139648438
0.002931356430053711
0.002881288528442383
0.003701925277709961
0.0030901432037353516
0.0031418800354003906
0.002882719039916992
0.002033233642578125
0.0033087730407714844
0.0028998851776123047
0.003107786178588867
0.0028133392333984375
0.0030913352966308594
0.0030858516693115234
0.0032231807708740234
0.003793954849243164
0.003241300582885742
0.0032634735107421875
0.003136157989501953
0.0030384063720703125
0.0033767223358154297
0.0031168460845947266
0.0031905174255371094
0.002847433090209961
0.0032033920288085938
0.003432035446166992
0.002943754196166992
0.003239870071411133
0.003481626510620117
0.0034732818603515625
0.003491640090942383
0.002871990203857422
0.003116130828857422
0.003006458282470703
0.0030753612518310547
0.0034134387969970703
0.0031142234802246094
0.003081798553466797
0.0030946731567382812
0.003333568572998047
0.002920389175415039
0.0027532577514648438
0.0031919479370117188
0.003229379653930664
0.003176450729370117
0.0035316944122314453
0.0030813217163085938
0.003299236297607422
0.0032587051391601562
0.003088712692260742
0.003123760223388672
0.003184795379638672
0.003013134002685547
0.003222227096557617
0.0028815269470214844
0.003291606903076172
0.003038167953491211
0.003094196319580078
0.003129243850708008
0.003704547882080078
0.0035698413848876953
0.0035805702209472656
0.0032994747161865234
0.003282308578491211
0.003273487091064453
0.003314971923828125
0.003106832504272461
0.003392457962036133
0.0031239986419677734
0.0033845901489257812
0.0033998489379882812
0.003215789794921875
0.003135204315185547
0.003371715545654297
0.0032949447631835938
0.003147602081298828
0.0032625198364257812
0.0025551319122314453
0.0032770633697509766
0.00371551513671875
0.003041982650756836
0.0035958290100097656
0.0032846927642822266
0.0030846595764160156
0.003328084945678711
0.002887725830078125
0.0016548633575439453
0.0035817623138427734
0.0028662681579589844
0.001931905746459961
0.003232717514038086
0.0032944679260253906
0.0032083988189697266
0.0035352706909179688
0.0029304027557373047
0.0033380985260009766
0.003379344940185547
0.003072023391723633
0.0030317306518554688
0.0020079612731933594
0.0030031204223632812
0.0036385059356689453
0.0020303726196289062
0.003095865249633789
0.003157377243041992
0.003452301025390625
0.0034329891204833984
0.0027899742126464844
0.0043184757232666016
0.002859830856323242
0.003477334976196289
0.0029501914978027344
0.0031218528747558594
0.003229379653930664
0.003338336944580078
0.003108978271484375
0.0031311511993408203
0.0029916763305664062
0.0030527114868164062
0.003054380416870117
0.003386259078979492
0.0031685829162597656
0.0030794143676757812
0.0031425952911376953
0.0033342838287353516
0.0029554367065429688
0.0031435489654541016
0.0030744075775146484
0.003104686737060547
0.0033545494079589844
0.0030961036682128906
0.0018775463104248047
0.002093791961669922
0.0030651092529296875
0.0034682750701904297
0.0028743743896484375
0.0017001628875732422
0.0014660358428955078
0.002779722213745117
0.0016527175903320312
0.003019094467163086
0.0031108856201171875
0.0029654502868652344
0.0027735233306884766
0.0031511783599853516
0.002918243408203125
0.0033550262451171875
0.002908468246459961
0.002687215805053711
0.002718210220336914
0.0026667118072509766
0.0027358531951904297
0.002574443817138672
0.002753734588623047
0.002902507781982422
0.002577066421508789
0.002595186233520508
0.0025196075439453125
0.0026056766510009766
0.0029382705688476562
0.0026578903198242188
0.002808809280395508
0.0031049251556396484
0.0027849674224853516
0.0027740001678466797
0.002796649932861328
0.0029261112213134766
0.002847433090209961
0.0028913021087646484
0.002920389175415039
0.0030498504638671875
0.002942800521850586
0.003007173538208008
0.0025658607482910156
0.002531766891479492
0.0029807090759277344
0.002745389938354492
0.002844095230102539
0.0026710033416748047
0.0025484561920166016
0.0029754638671875
0.0025568008422851562
0.002922534942626953
0.0026030540466308594
0.0028028488159179688
0.0025739669799804688
0.002799510955810547
0.002797842025756836
0.0029740333557128906
0.003107309341430664
0.0028808116912841797
0.0025959014892578125
0.0028417110443115234
0.0025339126586914062
0.0027980804443359375
0.0026009082794189453
0.0029153823852539062
0.002902507781982422
0.0031652450561523438
0.0027916431427001953
0.002763509750366211
0.002974271774291992
0.002605915069580078
0.0027980804443359375
0.0028891563415527344
0.002652406692504883
0.002643108367919922
0.0011768341064453125
0.002736330032348633
0.0029745101928710938
0.0028586387634277344
0.0029878616333007812
0.0029039382934570312
0.0026845932006835938
0.0032002925872802734
0.0028922557830810547
0.0028486251831054688
0.0031652450561523438
0.0030498504638671875
0.0028564929962158203
0.0029554367065429688
0.0031890869140625
0.0027921199798583984
0.0028374195098876953
0.0025839805603027344
0.0025491714477539062
0.0028471946716308594
0.003027677536010742
0.002699136734008789
0.0026116371154785156
0.002565145492553711
0.002561807632446289
0.002794504165649414
0.003055095672607422
0.0027649402618408203
0.0028963088989257812
0.0025701522827148438
0.0025997161865234375
0.0027055740356445312
0.0025551319122314453
0.0023987293243408203
0.0024399757385253906
0.0024106502532958984
0.0024023056030273438
0.002352476119995117
0.002444028854370117
0.002752542495727539
0.002796173095703125
0.002799510955810547
0.0029001235961914062
0.0028777122497558594
0.002957582473754883
0.002254962921142578
0.002795696258544922
0.0028007030487060547
0.002340555191040039
0.0031845569610595703
0.003313779830932617
0.0025615692138671875
0.0026428699493408203
0.0024290084838867188
0.00298309326171875
0.002330780029296875
0.0029282569885253906
0.0029075145721435547
0.0026772022247314453
0.002760648727416992
0.0026133060455322266
0.0027587413787841797
0.0032138824462890625
0.0026710033416748047
0.0028748512268066406
0.0030095577239990234
0.0025136470794677734
0.00266265869140625
0.0026738643646240234
0.002512693405151367
0.002733469009399414
0.0026292800903320312
0.0025873184204101562
0.0028831958770751953
0.0028333663940429688
0.002598285675048828
0.0027370452880859375
0.0027532577514648438
0.00266265869140625
0.002596616744995117
0.0028717517852783203
0.002584218978881836
0.0026595592498779297
0.002955913543701172
0.0027887821197509766
0.002887725830078125
0.0028634071350097656
0.002716541290283203
0.0027341842651367188
0.0029888153076171875
0.002613544464111328
0.0027379989624023438
0.0022330284118652344
0.002405881881713867
0.0025358200073242188
0.002052783966064453
0.0020127296447753906
0.0020263195037841797
0.002046346664428711
0.0014379024505615234
