0.004730224609375
0.010670185089111328
0.011776208877563477
0.010729312896728516
0.011716365814208984
0.010981559753417969
0.008774280548095703
0.010375261306762695
0.009927034378051758
0.009428739547729492
0.00887608528137207
0.01047205924987793
0.010764360427856445
0.010871171951293945
0.00627446174621582
0.010889768600463867
0.009853363037109375
0.010932445526123047
0.012254953384399414
0.003079652786254883
0.0020427703857421875
0.0036590099334716797
0.0035376548767089844
0.0035750865936279297
0.0035829544067382812
0.0032753944396972656
0.003274679183959961
0.0032758712768554688
0.0035474300384521484
0.0036382675170898438
0.003362417221069336
0.0035223960876464844
0.003670215606689453
0.0032799243927001953
0.003577709197998047
0.0035529136657714844
0.003386974334716797
0.0035381317138671875
0.0036547183990478516
0.003572225570678711
0.0032770633697509766
0.003572702407836914
0.0035696029663085938
0.003302335739135742
0.003266572952270508
0.0030183792114257812
0.004827976226806641
0.004927635192871094
0.0047299861907958984
0.004312038421630859
0.004422903060913086
0.004656314849853516
0.008805036544799805
0.016823530197143555
0.013859033584594727
0.003692626953125
0.00513458251953125
0.005204916000366211
0.005089759826660156
0.004607200622558594
0.005098819732666016
0.004889726638793945
0.004810333251953125
0.0051727294921875
0.005348682403564453
0.006027936935424805
0.005081653594970703
0.005247831344604492
0.005120992660522461
0.0046656131744384766
0.0051343441009521484
0.004638671875
0.004851102828979492
0.004813432693481445
0.004883527755737305
0.004843235015869141
0.004301309585571289
0.0043833255767822266
0.005114316940307617
0.005106687545776367
0.004703044891357422
0.004836082458496094
0.005138397216796875
0.005163669586181641
0.0050890445709228516
0.0051174163818359375
0.004647016525268555
0.0046443939208984375
0.007588863372802734
0.004826068878173828
0.005171537399291992
0.005178928375244141
0.00508570671081543
0.005086421966552734
0.005114316940307617
0.004800081253051758
0.010892629623413086
0.014863014221191406
0.009989023208618164
0.00474858283996582
0.00473475456237793
0.004773378372192383
0.00428462028503418
0.0047283172607421875
0.0047342777252197266
0.004715919494628906
0.004755496978759766
0.0047342777252197266
0.0044286251068115234
0.012853622436523438
0.014621973037719727
0.013861417770385742
0.004054069519042969
0.006142139434814453
0.00572514533996582
0.005989551544189453
0.005364418029785156
0.005821704864501953
0.005716562271118164
0.010310173034667969
0.019559383392333984
0.0070073604583740234
0.005648136138916016
0.006694316864013672
0.006401538848876953
0.00684046745300293
0.006696224212646484
0.006054878234863281
0.0060918331146240234
0.020527362823486328
0.020699262619018555
0.017890214920043945
0.010739326477050781
0.005814790725708008
0.00580906867980957
0.006448984146118164
0.006136178970336914
0.00603485107421875
0.005880594253540039
0.00541377067565918
0.006066799163818359
0.007221221923828125
0.006608486175537109
0.006674766540527344
0.0062105655670166016
0.005616188049316406
0.00669407844543457
0.00667119026184082
0.006297588348388672
0.006335258483886719
0.005692481994628906
0.005707263946533203
0.005879402160644531
0.005886554718017578
0.0058841705322265625
0.006310701370239258
0.009169578552246094
0.00638890266418457
0.0110626220703125
0.0060291290283203125
0.006009340286254883
0.006073713302612305
0.006155729293823242
0.0056111812591552734
0.004921674728393555
0.007888555526733398
0.006980180740356445
0.0072934627532958984
0.007246971130371094
0.007903337478637695
0.010967016220092773
0.006282806396484375
0.007762432098388672
0.007850885391235352
0.005942106246948242
0.007131338119506836
0.008185863494873047
0.007288455963134766
0.008060455322265625
0.008124351501464844
0.009717226028442383
0.00789642333984375
0.008382081985473633
0.007947683334350586
0.00730133056640625
0.00601506233215332
0.0074841976165771484
0.007474660873413086
0.008027315139770508
0.006318569183349609
0.010898828506469727
0.0070285797119140625
0.007160663604736328
0.0073261260986328125
0.007766008377075195
0.007911443710327148
0.008025407791137695
0.00814056396484375
0.007909536361694336
0.006936311721801758
0.0139007568359375
0.008367776870727539
0.007717132568359375
0.00835108757019043
0.007548809051513672
0.0063169002532958984
0.008169412612915039
0.0074176788330078125
0.007626771926879883
0.007227182388305664
0.006662130355834961
0.008336544036865234
0.008100748062133789
0.0074920654296875
0.006515026092529297
0.007741212844848633
0.007753610610961914
0.0075151920318603516
0.0073015689849853516
0.006604671478271484
0.006121397018432617
0.01589202880859375
0.008695125579833984
0.005651235580444336
0.005995512008666992
0.006625652313232422
0.005204439163208008
0.006600141525268555
0.005953788757324219
0.005243062973022461
0.006797075271606445
0.006717681884765625
0.006777286529541016
0.006793975830078125
0.006794929504394531
0.006278276443481445
0.006645679473876953
0.004953861236572266
0.006264209747314453
0.006730318069458008
0.00654911994934082
0.006673097610473633
0.0061533451080322266
0.005681276321411133
0.007080793380737305
0.0064470767974853516
0.006406068801879883
0.006403207778930664
0.006865262985229492
0.006805896759033203
0.00862741470336914
0.008946657180786133
0.006830930709838867
0.0063037872314453125
0.006330251693725586
0.006270170211791992
0.006317138671875
0.006328582763671875
0.006291627883911133
0.006363391876220703
0.007065773010253906
0.007164478302001953
0.010605335235595703
0.008928298950195312
0.0066869258880615234
0.006500720977783203
0.006448507308959961
0.006425380706787109
0.006523609161376953
0.006434440612792969
0.006026506423950195
0.0060269832611083984
0.006392717361450195
0.005720615386962891
0.011357307434082031
0.006886720657348633
0.006767749786376953
0.006848573684692383
0.007413148880004883
0.006383180618286133
0.007149219512939453
0.0067479610443115234
0.007038116455078125
0.0067522525787353516
0.006968021392822266
0.006304502487182617
0.0059354305267333984
0.006040811538696289
0.006632328033447266
0.006841182708740234
0.006864070892333984
0.0064239501953125
0.00647282600402832
0.006412029266357422
0.006709098815917969
0.006803035736083984
0.006142854690551758
0.006974935531616211
0.006587982177734375
0.006184577941894531
0.006459951400756836
0.005169391632080078
0.006534099578857422
0.009580373764038086
0.009246826171875
0.0065801143646240234
0.007167816162109375
0.006365776062011719
0.0059757232666015625
0.006005764007568359
0.006411075592041016
0.005675315856933594
0.005663156509399414
0.005971431732177734
0.006713390350341797
0.012379169464111328
0.007142782211303711
0.0065839290618896484
0.006511688232421875
0.006173133850097656
0.006157398223876953
0.006212472915649414
0.0048792362213134766
0.005822896957397461
0.006144046783447266
0.005816936492919922
0.0065648555755615234
0.0074291229248046875
0.0056879520416259766
0.005229473114013672
0.00507354736328125
0.004728555679321289
0.0047342777252197266
0.004682302474975586
0.004868030548095703
0.00436854362487793
0.004820823669433594
0.004360675811767578
0.004869937896728516
0.005251646041870117
0.0046651363372802734
0.003446817398071289
0.0032262802124023438
0.005189418792724609
0.00844120979309082
0.004631519317626953
0.005196809768676758
0.0051805973052978516
0.005164384841918945
0.004655599594116211
0.004900217056274414
0.004937410354614258
0.005190849304199219
0.005277395248413086
0.005135297775268555
0.00517582893371582
0.005176067352294922
0.005192995071411133
0.0051610469818115234
0.011338949203491211
0.0052640438079833984
0.005365133285522461
0.005902767181396484
0.004666566848754883
0.005349636077880859
0.005361080169677734
0.004697084426879883
0.004734039306640625
0.004924774169921875
0.0049228668212890625
0.004928112030029297
0.004930019378662109
0.004971742630004883
0.004950046539306641
0.004364967346191406
0.0043735504150390625
0.005246400833129883
0.005173206329345703
0.004631757736206055
0.005284786224365234
0.00464320182800293
0.004923820495605469
0.004372358322143555
0.005178928375244141
0.005160093307495117
0.004758596420288086
0.0051953792572021484
0.005211830139160156
0.004829883575439453
0.004826545715332031
0.008973360061645508
0.015160560607910156
0.015787363052368164
0.012205123901367188
0.004812002182006836
0.004813432693481445
0.004919290542602539
0.0048351287841796875
0.0048258304595947266
0.004816532135009766
0.0042877197265625
0.004832744598388672
0.004823923110961914
0.004826545715332031
0.004302978515625
0.004551887512207031
0.004531145095825195
0.004526853561401367
0.004529476165771484
0.004624843597412109
0.0045435428619384766
0.0030431747436523438
0.00396418571472168
0.007018566131591797
0.00659942626953125
0.006134510040283203
0.00635528564453125
0.005048274993896484
0.0062067508697509766
0.006014108657836914
0.0063877105712890625
0.004736185073852539
0.006626129150390625
0.006525754928588867
0.005953311920166016
0.005165815353393555
0.0047607421875
0.006856441497802734
0.006435871124267578
0.006542682647705078
0.006273746490478516
0.006307125091552734
0.006343364715576172
0.006351947784423828
0.006422281265258789
0.005033969879150391
0.0069730281829833984
0.005502223968505859
0.00791621208190918
0.006627798080444336
0.006575107574462891
0.007367372512817383
0.006232500076293945
0.0061337947845458984
0.0053691864013671875
0.006999015808105469
0.0069580078125
0.0072591304779052734
0.006821632385253906
0.0065653324127197266
0.005533456802368164
0.00687861442565918
0.0065920352935791016
0.006888151168823242
0.007425069808959961
0.007277727127075195
0.00655817985534668
0.006387472152709961
0.0059812068939208984
0.006855964660644531
0.006701946258544922
0.0050165653228759766
0.0063707828521728516
0.0062563419342041016
0.006678104400634766
0.005273103713989258
0.006660938262939453
0.00624847412109375
0.006708860397338867
0.021034717559814453
0.0202789306640625
0.015460014343261719
0.0064809322357177734
0.009080648422241211
0.006073713302612305
0.005658626556396484
0.00694727897644043
0.006372213363647461
0.007071971893310547
0.006345272064208984
0.006549835205078125
0.0060312747955322266
0.006114482879638672
0.006949901580810547
0.006681680679321289
0.006798982620239258
0.006300449371337891
0.0059773921966552734
0.006613492965698242
0.006913900375366211
0.006186723709106445
0.006276845932006836
0.014739036560058594
0.010199785232543945
0.006995201110839844
0.005568504333496094
0.006223917007446289
0.0065305233001708984
0.006488323211669922
0.0066089630126953125
0.006199836730957031
0.0065746307373046875
0.006179332733154297
0.006288051605224609
0.006117820739746094
0.0057086944580078125
0.005684614181518555
0.005048274993896484
0.006562471389770508
0.006840229034423828
0.00947117805480957
0.005994319915771484
0.005683183670043945
0.006197690963745117
0.006075382232666016
0.006005287170410156
0.005006551742553711
0.006354331970214844
0.006289482116699219
0.0063629150390625
0.004619121551513672
0.0047681331634521484
0.005661964416503906
0.005530834197998047
0.004697084426879883
0.0053060054779052734
0.005040884017944336
0.005020856857299805
0.005312204360961914
0.003427267074584961
0.00471806526184082
0.006595611572265625
0.009774446487426758
0.005343437194824219
0.004168272018432617
0.0051119327545166016
0.004997968673706055
0.0037937164306640625
0.005006551742553711
0.005235433578491211
0.0049436092376708984
0.005499124526977539
0.003492593765258789
0.0037500858306884766
0.005948066711425781
0.005291461944580078
0.0052301883697509766
0.011838674545288086
0.005244255065917969
0.005226612091064453
0.005388736724853516
0.005437612533569336
0.005323886871337891
0.012255430221557617
0.017821788787841797
0.013940095901489258
0.005263090133666992
0.0050771236419677734
0.004944324493408203
0.005204916000366211
0.005744457244873047
0.005242586135864258
0.005263328552246094
0.004149913787841797
0.005805253982543945
0.005701780319213867
0.005379676818847656
0.005313396453857422
0.0052149295806884766
0.00522923469543457
0.004064321517944336
0.005231380462646484
0.005085468292236328
0.005084991455078125
0.004661083221435547
0.005036830902099609
0.0050220489501953125
0.004927396774291992
0.0052340030670166016
0.004314899444580078
0.0054399967193603516
0.005279064178466797
0.005239725112915039
0.0053217411041259766
0.005190610885620117
0.005214214324951172
0.005190372467041016
0.011986255645751953
0.005654096603393555
0.005243062973022461
0.005216360092163086
0.005238056182861328
0.00522303581237793
0.0050051212310791016
0.0049610137939453125
0.0049898624420166016
0.005069732666015625
0.0054624080657958984
0.005285501480102539
0.005345821380615234
0.005197048187255859
0.013959646224975586
0.015976667404174805
0.01798081398010254
0.016898632049560547
0.015811920166015625
0.017452478408813477
0.013071060180664062
0.017551183700561523
0.016766786575317383
0.01695418357849121
0.010596513748168945
0.005318880081176758
0.005216836929321289
0.0055239200592041016
0.005528450012207031
0.005767345428466797
0.00607752799987793
0.00558018684387207
0.005549192428588867
0.0056438446044921875
0.0053136348724365234
0.005201578140258789
0.006155252456665039
0.0066318511962890625
0.0050506591796875
0.0051496028900146484
0.004696369171142578
0.004659414291381836
0.0049285888671875
0.004948616027832031
0.0049800872802734375
0.0050029754638671875
0.003810405731201172
0.00516963005065918
0.00545191764831543
0.005575418472290039
0.005242347717285156
0.0049169063568115234
0.005232572555541992
0.005238771438598633
0.0052568912506103516
0.004048347473144531
0.005356788635253906
0.0053212642669677734
0.0052716732025146484
0.00519871711730957
0.00512385368347168
0.0048334598541259766
0.016148090362548828
0.016843080520629883
0.009763002395629883
0.0053119659423828125
0.005766868591308594
0.005349397659301758
0.004936933517456055
0.005139589309692383
0.0048601627349853516
0.005320549011230469
0.005533456802368164
0.005792856216430664
0.004964351654052734
0.005458354949951172
0.005082130432128906
0.005442380905151367
0.005277156829833984
0.004926919937133789
0.005036592483520508
0.005409955978393555
0.005023479461669922
0.005339145660400391
0.00508880615234375
0.004881858825683594
0.005349397659301758
0.0157930850982666
0.015748023986816406
0.017008543014526367
0.015218496322631836
0.016045093536376953
0.018898725509643555
0.015967607498168945
0.015677690505981445
0.016190052032470703
0.017721176147460938
0.015665054321289062
0.015175104141235352
0.015936613082885742
0.016574621200561523
0.015307188034057617
0.015923261642456055
0.016062021255493164
0.01606607437133789
0.007918357849121094
0.005833625793457031
0.005336284637451172
0.004792451858520508
0.0049610137939453125
0.004990577697753906
0.004994630813598633
0.004995584487915039
0.004966259002685547
0.005109548568725586
0.005082607269287109
0.005097627639770508
0.0050432682037353516
0.005463600158691406
0.003779888153076172
0.005248069763183594
0.00500941276550293
0.0053484439849853516
0.005042314529418945
0.0050258636474609375
0.004960775375366211
0.005094289779663086
0.004713535308837891
0.005023956298828125
0.01868748664855957
0.012477874755859375
0.005045175552368164
0.005043983459472656
0.004672527313232422
0.0030820369720458984
0.00469970703125
0.004862070083618164
0.00439906120300293
0.005049467086791992
0.006819486618041992
0.007726192474365234
0.005990743637084961
0.008365869522094727
0.004698276519775391
0.004661083221435547
0.004777669906616211
0.003543376922607422
0.002985239028930664
0.0033648014068603516
0.0028150081634521484
0.0024538040161132812
0.002809286117553711
0.0028128623962402344
0.0032808780670166016
0.0023970603942871094
0.0028040409088134766
0.002919435501098633
0.00336456298828125
0.003264188766479492
0.0032596588134765625
0.003065824508666992
0.0032744407653808594
0.0027773380279541016
0.003056764602661133
0.008797645568847656
0.0074994564056396484
0.008824825286865234
0.003263235092163086
0.0016818046569824219
0.002905607223510742
0.0032062530517578125
0.003175973892211914
0.0031807422637939453
0.003194570541381836
0.003167390823364258
0.0031583309173583984
0.0031998157501220703
0.0031664371490478516
0.0031681060791015625
0.003248929977416992
0.0030965805053710938
0.003034830093383789
0.003028392791748047
0.003145456314086914
0.005783557891845703
0.010254383087158203
0.010284185409545898
0.0036351680755615234
0.0031719207763671875
0.0031633377075195312
0.003197193145751953
0.003185272216796875
0.0031599998474121094
0.003238201141357422
0.0027039051055908203
0.002717733383178711
0.003598928451538086
0.0031528472900390625
0.003025054931640625
0.0030236244201660156
0.0031464099884033203
0.0031681060791015625
0.003033876419067383
0.0026590824127197266
0.009374618530273438
0.010004043579101562
0.010705947875976562
0.00954890251159668
0.010039091110229492
0.01020359992980957
0.010224580764770508
0.010168313980102539
0.008305072784423828
0.009862661361694336
0.010084867477416992
0.008814096450805664
0.00996088981628418
0.010216236114501953
0.008460044860839844
0.009160041809082031
0.0028104782104492188
0.0028069019317626953
0.002810239791870117
0.002777576446533203
0.0028150081634521484
0.0027887821197509766
0.0027921199798583984
0.0028116703033447266
0.0027778148651123047
0.0027923583984375
0.002764463424682617
0.002689838409423828
0.0027565956115722656
0.002791166305541992
0.002707958221435547
0.0027000904083251953
0.0027496814727783203
0.0022821426391601562
0.004197120666503906
0.0032444000244140625
0.0041544437408447266
0.004089832305908203
0.004472017288208008
0.004589080810546875
0.004478931427001953
0.0036029815673828125
0.0036106109619140625
0.003706693649291992
0.0040645599365234375
0.004079580307006836
0.004155874252319336
0.0043048858642578125
0.004315376281738281
0.004137754440307617
0.004509925842285156
0.0044515132904052734
0.004477739334106445
0.004009246826171875
0.004282236099243164
0.0042989253997802734
0.004506587982177734
0.004497051239013672
0.004453420639038086
0.003945827484130859
0.003986358642578125
0.004006862640380859
0.004051685333251953
0.004410743713378906
0.003954648971557617
0.004305362701416016
0.003949880599975586
0.003983736038208008
0.004105806350708008
0.003933906555175781
0.003851175308227539
0.003811359405517578
0.0037992000579833984
0.0036225318908691406
0.0035309791564941406
0.004019260406494141
0.004248380661010742
0.004394054412841797
0.004438638687133789
0.0041353702545166016
0.004035234451293945
0.004027128219604492
0.003694295883178711
0.004138946533203125
0.004151105880737305
0.004424571990966797
0.004021406173706055
0.0036873817443847656
0.004021644592285156
0.004029750823974609
0.004103183746337891
0.003780841827392578
0.004130125045776367
0.004121303558349609
0.004257678985595703
0.0041124820709228516
0.0037543773651123047
0.00413823127746582
0.00417017936706543
0.0036356449127197266
0.004129648208618164
0.004149675369262695
0.004016399383544922
0.0040433406829833984
0.003916025161743164
0.003582000732421875
0.0036520957946777344
0.0036537647247314453
0.003653287887573242
0.0035402774810791016
0.0034470558166503906
0.0034630298614501953
0.0034492015838623047
0.003121614456176758
0.005573272705078125
0.004129171371459961
0.004797935485839844
0.004918813705444336
0.0059201717376708984
0.00524139404296875
0.005339622497558594
0.0060558319091796875
0.0057294368743896484
0.005564689636230469
0.004251003265380859
0.0056002140045166016
0.005259990692138672
0.0060498714447021484
0.00498652458190918
0.005281209945678711
0.005602121353149414
0.006101131439208984
0.005450248718261719
0.0051000118255615234
0.005757808685302734
0.005097150802612305
0.004042625427246094
0.005636930465698242
0.004984617233276367
0.005613088607788086
0.005844831466674805
0.0052890777587890625
0.00526118278503418
0.005604982376098633
0.005110502243041992
0.0037124156951904297
0.0037064552307128906
0.005343437194824219
0.00572967529296875
0.005050182342529297
0.005307435989379883
0.005083560943603516
0.005720376968383789
0.005722522735595703
0.005751609802246094
0.004767417907714844
0.005729198455810547
0.005728721618652344
0.004949808120727539
0.005334615707397461
0.005327701568603516
0.0052073001861572266
0.004637241363525391
0.005283355712890625
0.005255222320556641
0.004663705825805664
0.004935741424560547
0.004936933517456055
0.007643699645996094
0.0061795711517333984
0.006300449371337891
0.0069425106048583984
0.007474184036254883
0.007193803787231445
0.006688356399536133
0.006552934646606445
0.007941007614135742
0.007430553436279297
0.0061872005462646484
0.0073337554931640625
0.006792306900024414
0.007733583450317383
0.006636619567871094
0.006763458251953125
0.006539344787597656
0.006922245025634766
0.007725238800048828
0.007119655609130859
0.006116390228271484
0.007436037063598633
0.006983280181884766
0.005646228790283203
0.006940603256225586
0.006665945053100586
0.007640838623046875
0.007157564163208008
0.0068988800048828125
0.006951808929443359
0.006162405014038086
0.006475210189819336
0.005355119705200195
0.005419731140136719
0.006667137145996094
0.0073566436767578125
0.006674289703369141
0.0065460205078125
0.006441354751586914
0.007619380950927734
0.0074405670166015625
0.007709026336669922
0.006815671920776367
0.0070362091064453125
0.007028818130493164
0.006665468215942383
0.006737232208251953
0.007158756256103516
0.006438493728637695
0.0059125423431396484
0.00622105598449707
0.006870746612548828
0.006650209426879883
0.0066356658935546875
0.006747245788574219
0.005881309509277344
0.0051422119140625
0.005428314208984375
0.005873680114746094
0.0063610076904296875
0.0060579776763916016
0.006407976150512695
0.004852294921875
0.00560307502746582
0.005125761032104492
0.005581855773925781
0.0058248043060302734
0.005222797393798828
0.0048334598541259766
0.00632023811340332
0.0057544708251953125
0.0063326358795166016
0.0049800872802734375
0.00609135627746582
0.005736589431762695
0.005724668502807617
0.005893707275390625
0.0058193206787109375
0.006151676177978516
0.005846500396728516
0.005904436111450195
0.0056972503662109375
0.005392313003540039
0.0059871673583984375
0.005291938781738281
0.005583763122558594
0.00594639778137207
0.005422830581665039
0.005907773971557617
0.00499272346496582
0.006420612335205078
0.005354642868041992
0.0059375762939453125
0.005978107452392578
0.005083560943603516
0.005622386932373047
0.005574941635131836
0.0052373409271240234
0.005395650863647461
0.005097150802612305
0.0054247379302978516
0.00549006462097168
0.005221366882324219
0.005452394485473633
0.005347728729248047
0.005480051040649414
0.006375312805175781
0.005666494369506836
0.005264997482299805
0.005334377288818359
0.005572795867919922
0.005612611770629883
0.006170034408569336
0.004821062088012695
0.006090641021728516
0.005602121353149414
0.0042192935943603516
0.0053293704986572266
0.005162715911865234
0.0051577091217041016
0.0049588680267333984
0.005429267883300781
0.005408525466918945
0.0057659149169921875
0.005738258361816406
0.005743503570556641
0.005867958068847656
0.005127429962158203
0.005751848220825195
0.005704641342163086
0.0054874420166015625
0.00545954704284668
0.006013154983520508
0.005975246429443359
0.005584001541137695
0.006162881851196289
0.00584864616394043
0.0058252811431884766
0.005700349807739258
0.003997087478637695
0.0055027008056640625
0.005574226379394531
0.0056171417236328125
0.005746364593505859
0.006892204284667969
0.006000995635986328
0.005934953689575195
0.0049915313720703125
0.003717184066772461
0.005483388900756836
0.005410909652709961
0.005174875259399414
0.004935026168823242
0.005418300628662109
0.004957914352416992
0.005648136138916016
0.0053102970123291016
0.005247592926025391
0.004654645919799805
0.005463838577270508
0.0050563812255859375
0.004631519317626953
0.005133152008056641
0.0049648284912109375
0.00502467155456543
0.004847288131713867
0.004155874252319336
0.0032377243041992188
0.0035698413848876953
0.003621816635131836
0.004199028015136719
0.003856182098388672
0.0035986900329589844
0.004849433898925781
0.003756999969482422
0.003865480422973633
0.0035953521728515625
0.004040718078613281
0.0025751590728759766
0.00464630126953125
0.004740715026855469
0.004752159118652344
0.004794120788574219
0.004145383834838867
0.004714012145996094
0.003046274185180664
0.004743337631225586
0.00402522087097168
0.004063844680786133
0.004779338836669922
0.004381418228149414
0.004776954650878906
0.004839897155761719
0.004082441329956055
0.004795074462890625
0.0041522979736328125
0.0047969818115234375
0.004784584045410156
0.00414586067199707
0.004153013229370117
0.004747152328491211
0.004735231399536133
0.0041010379791259766
0.004263401031494141
0.0026149749755859375
0.004226207733154297
0.0042078495025634766
0.004136323928833008
0.004061222076416016
0.0041959285736083984
0.004201412200927734
0.004302263259887695
0.0027391910552978516
0.003839254379272461
0.003637075424194336
0.004090547561645508
0.0042743682861328125
0.0025954246520996094
0.0026493072509765625
0.004332780838012695
0.004351377487182617
0.003656148910522461
0.004773139953613281
0.004158496856689453
0.004769802093505859
0.004333019256591797
0.0036950111389160156
0.004335165023803711
0.004770994186401367
0.0047762393951416016
0.004391670227050781
0.0036559104919433594
0.004259586334228516
0.004271507263183594
0.004339456558227539
0.004404544830322266
0.004221677780151367
0.004255771636962891
0.0036742687225341797
0.004365444183349609
0.00424504280090332
0.004202127456665039
0.004301548004150391
0.004203081130981445
0.0036008358001708984
0.003763914108276367
0.003687143325805664
0.003674030303955078
0.004306316375732422
0.004401683807373047
0.0044097900390625
0.003934144973754883
0.0037522315979003906
0.003877878189086914
0.0037300586700439453
0.003879547119140625
0.0038378238677978516
0.0038940906524658203
0.003894805908203125
0.003830432891845703
0.0032041072845458984
0.006608009338378906
0.006150245666503906
0.00514531135559082
0.005060911178588867
0.005070686340332031
0.0058786869049072266
0.00533747673034668
0.0053751468658447266
0.006085395812988281
0.0042171478271484375
0.0059223175048828125
0.004991292953491211
0.0058901309967041016
0.0042760372161865234
0.005110979080200195
0.005148887634277344
0.006502866744995117
0.006617069244384766
0.005834341049194336
0.0064160823822021484
0.0048046112060546875
0.00635075569152832
0.0054607391357421875
0.005925655364990234
0.006478071212768555
0.005590915679931641
0.0055694580078125
0.005316019058227539
0.00565648078918457
0.0061473846435546875
0.006388187408447266
0.005757808685302734
0.005769968032836914
0.006099224090576172
0.005101919174194336
0.006166219711303711
0.006514787673950195
0.005408048629760742
0.005848407745361328
0.005921840667724609
0.006503582000732422
0.0065250396728515625
0.0058650970458984375
0.006041765213012695
0.004350900650024414
0.006093025207519531
0.005819559097290039
0.004614353179931641
0.00580906867980957
0.005928754806518555
0.005642414093017578
0.005589485168457031
0.00414729118347168
0.005443572998046875
0.0053713321685791016
0.005352020263671875
0.0055463314056396484
0.005551576614379883
0.0040283203125
0.0059278011322021484
0.004621982574462891
0.0044214725494384766
0.00442051887512207
0.0059664249420166016
0.0056650638580322266
0.004990100860595703
0.006424903869628906
0.005963563919067383
0.006164073944091797
0.005967140197753906
0.005320549011230469
0.005080223083496094
0.0054607391357421875
0.006168842315673828
0.006337165832519531
0.006323814392089844
0.005094289779663086
0.0057413578033447266
0.006423234939575195
0.006145954132080078
0.006006002426147461
0.006406068801879883
0.0062673091888427734
0.005715608596801758
0.0047528743743896484
0.006043672561645508
0.005955696105957031
0.006139278411865234
0.006027936935424805
0.005609750747680664
0.004168033599853516
0.0054912567138671875
0.005430459976196289
0.0057222843170166016
0.005753517150878906
0.005861043930053711
0.0055577754974365234
0.004922389984130859
0.0055696964263916016
0.0054318904876708984
0.0052814483642578125
0.0057332515716552734
0.005583763122558594
0.005276203155517578
0.0055463314056396484
0.0053217411041259766
0.005099773406982422
0.0047304630279541016
0.004731178283691406
0.00496673583984375
0.004143476486206055
0.004828453063964844
0.004393577575683594
0.004170656204223633
0.0039484500885009766
0.00394749641418457
0.004799842834472656
0.0035762786865234375
0.00433802604675293
0.004683732986450195
0.0049593448638916016
0.004477500915527344
0.0050542354583740234
0.003218412399291992
0.004990339279174805
0.004037380218505859
0.004265546798706055
0.003977775573730469
0.0039675235748291016
0.004808902740478516
0.004845857620239258
0.0033409595489501953
0.00391077995300293
0.0034852027893066406
0.004952430725097656
0.004836082458496094
0.005260467529296875
0.004764556884765625
0.004820346832275391
0.005038261413574219
0.004148244857788086
0.004805564880371094
0.004778385162353516
0.004754781723022461
0.004713535308837891
0.0047342777252197266
0.004976034164428711
0.003474712371826172
0.004316568374633789
0.0047969818115234375
0.004851341247558594
0.0048182010650634766
0.005051374435424805
0.00465083122253418
0.004820108413696289
0.0050201416015625
0.0048673152923583984
0.004908323287963867
0.0041849613189697266
0.004330635070800781
0.0044443607330322266
0.004539012908935547
0.004053354263305664
0.0039789676666259766
0.004663228988647461
0.004663705825805664
0.004313468933105469
0.00508427619934082
0.004468679428100586
0.0050067901611328125
0.004790306091308594
0.004717111587524414
0.004830360412597656
0.005126953125
0.0044634342193603516
0.0041120052337646484
0.004495143890380859
0.00480961799621582
0.005102396011352539
0.004850864410400391
0.0053288936614990234
0.004429340362548828
0.004756927490234375
0.004942893981933594
0.0049250125885009766
0.00483250617980957
0.00478816032409668
0.004685640335083008
0.004800558090209961
0.004871368408203125
0.0048410892486572266
0.0043506622314453125
0.004586935043334961
0.0043218135833740234
0.0048520565032958984
0.004340171813964844
0.004308223724365234
0.00440526008605957
0.0042324066162109375
0.004287242889404297
0.004261016845703125
0.0043642520904541016
0.004662036895751953
0.004240751266479492
0.0042912960052490234
0.0042188167572021484
0.0042874813079833984
0.00403285026550293
0.0038633346557617188
0.004069328308105469
0.004268169403076172
0.004545688629150391
0.004297971725463867
0.00433039665222168
0.004302024841308594
0.004094600677490234
0.003125905990600586
0.003064870834350586
0.00502777099609375
0.004753589630126953
0.004728555679321289
0.004812717437744141
0.0034263134002685547
0.0048503875732421875
0.004847049713134766
0.005282163619995117
0.005148887634277344
0.004654884338378906
0.00434422492980957
0.004170656204223633
0.004304170608520508
0.0040552616119384766
0.0040743350982666016
0.004665851593017578
0.0029828548431396484
0.004431486129760742
0.004767656326293945
0.004652976989746094
0.004705190658569336
0.005077362060546875
0.004478931427001953
0.004855632781982422
0.004433631896972656
0.00443577766418457
0.005674600601196289
0.004186868667602539
0.004412412643432617
0.0040285587310791016
0.004002571105957031
0.004843711853027344
0.004679203033447266
0.004379749298095703
0.004538059234619141
0.004409313201904297
0.004426240921020508
0.0043718814849853516
0.004756927490234375
0.0047266483306884766
0.004301786422729492
0.0044667720794677734
0.0049779415130615234
0.004861354827880859
0.0044863224029541016
0.0049364566802978516
0.004151344299316406
0.004532814025878906
0.005026340484619141
0.004960298538208008
0.004489421844482422
0.0048334598541259766
0.004796266555786133
0.0044708251953125
0.0028257369995117188
0.00453948974609375
0.004545927047729492
0.004612922668457031
0.004436492919921875
0.004132509231567383
0.003214120864868164
0.004652738571166992
0.004273176193237305
0.004153251647949219
0.0044214725494384766
0.0031850337982177734
0.0045320987701416016
0.004246234893798828
0.005574226379394531
0.0044345855712890625
0.004428386688232422
0.0043888092041015625
0.004369974136352539
0.004676342010498047
0.004256486892700195
0.004873991012573242
0.004501819610595703
0.002809286117553711
0.004683256149291992
0.0047457218170166016
0.004518985748291016
0.00449824333190918
0.004631757736206055
0.005169868469238281
0.004312276840209961
0.0042798519134521484
0.004298686981201172
0.00422215461730957
0.004032611846923828
0.004028797149658203
0.004052639007568359
0.0041730403900146484
0.0044286251068115234
0.003717660903930664
0.0038299560546875
0.004001617431640625
0.003705263137817383
0.004327297210693359
0.0037174224853515625
0.003993988037109375
0.004101991653442383
0.0040090084075927734
0.0039675235748291016
0.0041429996490478516
0.004129171371459961
0.003396272659301758
0.003012418746948242
0.002757549285888672
0.002961874008178711
0.0024051666259765625
0.002922534942626953
0.002640247344970703
0.002941131591796875
0.0028333663940429688
0.0029485225677490234
0.0026412010192871094
0.0026259422302246094
0.0031516551971435547
0.0030448436737060547
0.0030355453491210938
0.0028455257415771484
0.0031011104583740234
0.003092527389526367
0.0030651092529296875
0.0036263465881347656
0.003083467483520508
0.002755403518676758
0.002717256546020508
0.0026814937591552734
0.0032012462615966797
0.001146554946899414
0.0023453235626220703
0.0032160282135009766
0.0027844905853271484
0.0026161670684814453
0.0029754638671875
0.0030264854431152344
0.0030198097229003906
0.0030345916748046875
0.003014802932739258
0.003000020980834961
0.002996683120727539
0.002749204635620117
0.002726316452026367
0.0030517578125
0.003001689910888672
0.0030062198638916016
0.0030088424682617188
0.002703428268432617
0.003160715103149414
0.002716541290283203
0.0026929378509521484
0.0027163028717041016
0.0030024051666259766
0.0029871463775634766
0.002678394317626953
0.002828836441040039
0.0026454925537109375
0.002656221389770508
0.002358675003051758
0.0040662288665771484
0.00466465950012207
0.004464864730834961
0.003590822219848633
0.004439830780029297
0.0043811798095703125
0.003252744674682617
0.0044100284576416016
0.004066944122314453
0.003780841827392578
0.004366159439086914
0.004186391830444336
0.004679441452026367
0.0043392181396484375
0.004670858383178711
0.004877328872680664
0.004067897796630859
0.004836082458496094
0.004279136657714844
0.0032110214233398438
0.002129793167114258
0.004182338714599609
0.003914833068847656
0.003038644790649414
0.004613637924194336
0.0045964717864990234
0.004651784896850586
0.003947257995605469
0.004688262939453125
0.004775285720825195
0.004708528518676758
0.003980875015258789
0.004637479782104492
0.004460811614990234
0.0043065547943115234
0.004296541213989258
0.004285573959350586
0.004472970962524414
0.004307985305786133
0.004250526428222656
0.0030357837677001953
0.004643440246582031
0.004613637924194336
0.004758596420288086
0.004624843597412109
0.003974199295043945
0.004930257797241211
0.00461125373840332
0.0046613216400146484
0.0046155452728271484
0.005316019058227539
0.003983736038208008
0.0027332305908203125
0.004336118698120117
0.004324913024902344
0.004189729690551758
0.004430532455444336
0.003665924072265625
0.004632472991943359
0.004582405090332031
0.004731893539428711
0.00458073616027832
0.003961086273193359
0.00399327278137207
0.002736330032348633
0.002912282943725586
0.004313230514526367
0.004286527633666992
0.003657817840576172
0.004556179046630859
0.003782987594604492
0.004118680953979492
0.0045130252838134766
0.003618955612182617
0.004248857498168945
0.004225015640258789
0.004377126693725586
0.004229545593261719
0.004227399826049805
0.004369020462036133
0.004117727279663086
0.004180908203125
0.004225969314575195
0.00414586067199707
0.004201650619506836
0.00422358512878418
0.004160881042480469
0.004534482955932617
0.0036203861236572266
0.00440669059753418
0.004344940185546875
0.004336833953857422
0.00441431999206543
0.004219532012939453
0.0042650699615478516
0.004251241683959961
0.0035843849182128906
0.004091978073120117
0.00391840934753418
0.00391840934753418
0.004097700119018555
0.0039272308349609375
0.003916025161743164
0.003921031951904297
0.0039288997650146484
0.003962993621826172
0.004183769226074219
0.0032868385314941406
0.00588536262512207
0.006003379821777344
0.0061151981353759766
0.005156517028808594
0.0059814453125
0.00603032112121582
0.0048258304595947266
0.0062220096588134766
0.005385875701904297
0.0053691864013671875
0.005808115005493164
0.005967855453491211
0.0062732696533203125
0.006163120269775391
0.005957841873168945
0.006255388259887695
0.005636692047119141
0.006231069564819336
0.006317615509033203
0.004797935485839844
0.003178834915161133
0.006090641021728516
0.005426883697509766
0.004627227783203125
0.00627899169921875
0.005881309509277344
0.006552219390869141
0.005628824234008789
0.006282329559326172
0.006662845611572266
0.004935264587402344
0.0060231685638427734
0.005587100982666016
0.005268573760986328
0.005925655364990234
0.006197214126586914
0.0055615901947021484
0.006129741668701172
0.006186962127685547
0.006045341491699219
0.005853414535522461
0.005609989166259766
0.005650997161865234
0.00466609001159668
0.00590825080871582
0.0063457489013671875
0.0063321590423583984
0.00623011589050293
0.00561833381652832
0.005675315856933594
0.006559848785400391
0.006562948226928711
0.0061473846435546875
0.006278514862060547
0.006330728530883789
0.005803585052490234
0.006193876266479492
0.004727840423583984
0.00598597526550293
0.006242275238037109
0.005677223205566406
0.0060672760009765625
0.005378246307373047
0.0046961307525634766
0.0049686431884765625
0.006358623504638672
0.00586390495300293
0.006562232971191406
0.005652666091918945
0.005264997482299805
0.005287647247314453
0.004347801208496094
0.004534244537353516
0.0045318603515625
0.00577855110168457
0.005843162536621094
0.006760120391845703
0.00574946403503418
0.005946159362792969
0.006384372711181641
0.005011796951293945
0.0069141387939453125
0.005761623382568359
0.0066988468170166016
0.006139039993286133
0.006034135818481445
0.005585908889770508
0.005609989166259766
0.00558018684387207
0.005834817886352539
0.005551815032958984
0.005715608596801758
0.0059814453125
0.00601649284362793
0.006262779235839844
0.005058765411376953
0.0063037872314453125
0.0061109066009521484
0.0060122013092041016
0.005331993103027344
0.005994319915771484
0.005635738372802734
0.0059621334075927734
0.005375862121582031
0.0052242279052734375
0.0053288936614990234
0.0057489871978759766
0.0050470829010009766
0.006020069122314453
0.005713939666748047
0.0056879520416259766
0.005835294723510742
0.005864143371582031
0.005424022674560547
0.005629062652587891
0.005720853805541992
0.005772590637207031
0.00504612922668457
0.005061626434326172
0.0054166316986083984
0.004812002182006836
0.004441738128662109
0.004626035690307617
0.00419163703918457
0.004386425018310547
0.004533290863037109
0.004740238189697266
0.00458216667175293
0.004374980926513672
0.0044100284576416016
0.004077434539794922
0.0049474239349365234
0.004801750183105469
0.004720211029052734
0.004407405853271484
0.004293203353881836
0.005059957504272461
0.004667520523071289
0.004667997360229492
0.004836559295654297
0.004065513610839844
0.0045506954193115234
0.004302978515625
0.004662513732910156
0.0021915435791015625
0.004336357116699219
0.0043582916259765625
0.0045049190521240234
0.0037500858306884766
0.0046558380126953125
0.004935026168823242
0.004645586013793945
0.004469394683837891
0.004680156707763672
0.004724979400634766
0.004967689514160156
0.004755735397338867
0.0045893192291259766
0.004678487777709961
0.0044977664947509766
0.004311323165893555
0.005106925964355469
0.004894256591796875
0.0046656131744384766
0.003293752670288086
0.004397153854370117
0.0045375823974609375
0.004565238952636719
0.0046770572662353516
0.004616498947143555
0.00461888313293457
0.004990816116333008
0.004679679870605469
0.004313230514526367
0.0039958953857421875
0.004332304000854492
0.004282951354980469
0.004376649856567383
0.0036995410919189453
0.0047740936279296875
0.004416942596435547
0.0046901702880859375
0.004650115966796875
0.004660129547119141
0.005060911178588867
0.004878044128417969
0.004714250564575195
0.004371166229248047
0.004607677459716797
0.0045740604400634766
0.004465818405151367
0.0046062469482421875
0.004996061325073242
0.0045697689056396484
0.004781246185302734
0.00461888313293457
0.005007743835449219
0.0050127506256103516
0.004681587219238281
0.004410982131958008
0.004485607147216797
0.0043370723724365234
0.0043790340423583984
0.004013776779174805
0.00440526008605957
0.00467991828918457
0.003686189651489258
0.004880189895629883
0.0049610137939453125
0.004678964614868164
0.004286766052246094
0.0049784183502197266
0.0033180713653564453
0.004821300506591797
0.0043065547943115234
0.00330352783203125
0.00452876091003418
0.004317760467529297
0.0026619434356689453
0.0041065216064453125
0.004330158233642578
0.004847288131713867
0.0043985843658447266
0.004688262939453125
0.0047130584716796875
0.005041837692260742
0.004335880279541016
0.004943370819091797
0.004072904586791992
0.004320383071899414
0.004007577896118164
0.004406929016113281
0.0052721500396728516
0.004487514495849609
0.004724740982055664
0.004689693450927734
0.00507807731628418
0.00436711311340332
0.004038572311401367
0.004503965377807617
0.00400853157043457
0.00434112548828125
0.004109621047973633
0.004549980163574219
0.004316568374633789
0.004401445388793945
0.004662036895751953
0.0044214725494384766
0.0043561458587646484
0.004338264465332031
0.004099607467651367
0.003976345062255859
0.003981590270996094
0.00542759895324707
0.004666805267333984
0.004319667816162109
0.00435185432434082
0.004510641098022461
0.004337787628173828
0.0046422481536865234
0.004334688186645508
0.004323482513427734
0.0026552677154541016
0.0047037601470947266
0.004464149475097656
0.00399470329284668
0.0042874813079833984
0.003976106643676758
0.0036742687225341797
0.004650592803955078
0.004180431365966797
0.004284381866455078
0.0040934085845947266
0.00422358512878418
0.004602670669555664
0.0043795108795166016
0.004217624664306641
0.0041425228118896484
0.004405498504638672
0.0036787986755371094
0.00380706787109375
0.004274845123291016
0.0023670196533203125
0.004438877105712891
0.0040857791900634766
0.004472017288208008
0.004508256912231445
0.004790544509887695
0.004371166229248047
0.0038101673126220703
0.002731800079345703
0.0023877620697021484
0.003000497817993164
0.003358125686645508
0.0037140846252441406
0.0037178993225097656
0.003317594528198242
0.003362417221069336
0.002424001693725586
0.002928018569946289
0.003530740737915039
0.003587007522583008
0.003031015396118164
0.0034024715423583984
0.0029299259185791016
0.0021092891693115234
0.0032606124877929688
0.0028257369995117188
0.0030677318572998047
0.0032129287719726562
0.002984285354614258
0.001829385757446289
0.0029861927032470703
0.0028553009033203125
0.0035772323608398438
0.0029587745666503906
0.0033020973205566406
0.0029325485229492188
0.003336668014526367
0.002429962158203125
0.0035333633422851562
0.0025501251220703125
0.0032804012298583984
0.0030927658081054688
0.0030372142791748047
0.0027909278869628906
0.0033364295959472656
0.0033402442932128906
0.0030143260955810547
0.003423929214477539
0.0025637149810791016
0.0029096603393554688
0.002948760986328125
0.002634763717651367
0.0029647350311279297
0.0017888545989990234
0.002950906753540039
0.0029637813568115234
0.0011315345764160156
0.00176239013671875
0.002977132797241211
0.001775979995727539
0.00244903564453125
0.0011570453643798828
0.002793550491333008
0.0011479854583740234
0.0032968521118164062
0.0033767223358154297
0.0018947124481201172
0.0034477710723876953
0.0034639835357666016
0.003617525100708008
0.0032873153686523438
0.003287792205810547
0.003278970718383789
0.0035860538482666016
0.003551959991455078
0.0034699440002441406
0.003464221954345703
0.0035059452056884766
0.0033044815063476562
0.0034270286560058594
0.003407716751098633
0.003394603729248047
0.003404378890991211
0.003396749496459961
0.0034410953521728516
0.0032405853271484375
0.003261566162109375
0.0032198429107666016
0.0032405853271484375
0.003301858901977539
0.0032701492309570312
0.003238201141357422
0.0032448768615722656
0.00322723388671875
0.0032396316528320312
0.0032300949096679688
0.0017299652099609375
0.0016329288482666016
0.003150463104248047
0.0032548904418945312
0.0032088756561279297
0.003221273422241211
0.0033066272735595703
0.003242969512939453
0.0032579898834228516
0.003237485885620117
0.003215789794921875
0.0032308101654052734
0.0032393932342529297
0.0036382675170898438
0.003246307373046875
0.0032281875610351562
0.003242969512939453
0.003231525421142578
0.0032346248626708984
0.0032231807708740234
0.003227710723876953
0.0032405853271484375
0.0032312870025634766
0.003232717514038086
0.0032367706298828125
0.0032241344451904297
0.0032362937927246094
0.0032470226287841797
0.0032432079315185547
0.003240346908569336
0.0032377243041992188
0.0032279491424560547
0.0032286643981933594
0.0032494068145751953
0.0017120838165283203
0.0026464462280273438
0.0027246475219726562
0.0032660961151123047
0.0017080307006835938
0.001636505126953125
0.0034019947052001953
0.0032494068145751953
0.003230571746826172
0.003239154815673828
0.0032198429107666016
0.0032346248626708984
0.003232240676879883
0.00347137451171875
0.0032510757446289062
0.0032358169555664062
0.0027017593383789062
0.003337860107421875
0.0032906532287597656
0.003243684768676758
0.0034575462341308594
0.0035130977630615234
0.003644227981567383
0.003512144088745117
0.0029425621032714844
0.003646373748779297
0.0035729408264160156
0.003553628921508789
0.002958536148071289
0.0037221908569335938
0.001995086669921875
0.003427743911743164
0.002925395965576172
0.003551959991455078
0.003141641616821289
0.0029921531677246094
0.0032415390014648438
0.003170490264892578
0.0031507015228271484
0.0030975341796875
0.0032138824462890625
0.00316619873046875
0.0034058094024658203
0.0029108524322509766
0.0030579566955566406
0.002866029739379883
0.0030336380004882812
0.002886533737182617
0.0028884410858154297
0.002881765365600586
0.002864837646484375
0.002858877182006836
0.0028638839721679688
0.002859830856323242
0.002867460250854492
0.0028884410858154297
0.0028753280639648438
0.0031447410583496094
0.0028791427612304688
0.002936124801635742
0.0028841495513916016
0.0029418468475341797
0.0028722286224365234
0.0028913021087646484
0.002895832061767578
0.0028612613677978516
0.0028619766235351562
0.002868175506591797
0.002829313278198242
0.0028753280639648438
0.002860546112060547
0.002859354019165039
0.0028433799743652344
0.002870798110961914
0.0028731822967529297
0.0028917789459228516
0.002840757369995117
0.0028645992279052734
0.0030221939086914062
0.002886056900024414
0.0028679370880126953
0.0028710365295410156
0.0028657913208007812
0.0028772354125976562
0.002878427505493164
0.0028405189514160156
0.00286865234375
0.002862691879272461
0.002858877182006836
0.002856016159057617
0.0028562545776367188
0.002872943878173828
0.0028390884399414062
0.002863168716430664
0.002851247787475586
0.0013365745544433594
0.0023224353790283203
0.004702568054199219
0.004329681396484375
0.0047380924224853516
0.00522613525390625
0.0047147274017333984
0.00494384765625
0.005133390426635742
0.004947662353515625
0.004170894622802734
0.0041828155517578125
0.004943132400512695
0.0049021244049072266
0.004459381103515625
0.005022287368774414
0.0034368038177490234
0.0034668445587158203
0.005437135696411133
0.0044214725494384766
0.004945993423461914
0.004715442657470703
0.005205631256103516
0.003790140151977539
0.004853963851928711
0.004845857620239258
0.004920244216918945
0.004693508148193359
0.0052759647369384766
0.004700660705566406
0.004589080810546875
0.0027937889099121094
0.005038738250732422
0.0041713714599609375
0.00464177131652832
0.004575014114379883
0.004392862319946289
0.004613161087036133
0.0048983097076416016
0.004575967788696289
0.004305601119995117
0.0049059391021728516
0.0040929317474365234
0.0040493011474609375
0.004962921142578125
0.004392147064208984
0.0040476322174072266
0.0036673545837402344
0.005168914794921875
0.005065441131591797
0.0023984909057617188
0.003757476806640625
0.005166053771972656
0.003487825393676758
0.004159450531005859
0.0028371810913085938
0.004468202590942383
0.0030677318572998047
0.00463104248046875
0.004960060119628906
0.003291606903076172
0.004926919937133789
0.0049474239349365234
0.00490260124206543
0.005181789398193359
0.003559112548828125
0.004935741424560547
0.004931211471557617
0.004626035690307617
0.004518032073974609
0.004941225051879883
0.00486302375793457
0.004919290542602539
0.005043983459472656
0.004789829254150391
0.004990100860595703
0.003572225570678711
0.005175113677978516
0.004840850830078125
0.003548145294189453
0.0046100616455078125
0.004978179931640625
0.00487828254699707
0.005181789398193359
0.005109071731567383
0.004524707794189453
0.004532814025878906
0.005456686019897461
0.0048062801361083984
0.005053281784057617
0.004638671875
0.0046291351318359375
0.004670858383178711
0.004381418228149414
0.0043795108795166016
0.004389047622680664
0.0045223236083984375
0.004441022872924805
0.004427909851074219
0.004184246063232422
0.0047376155853271484
0.0043487548828125
0.0043222904205322266
0.004383563995361328
0.0044476985931396484
0.0036973953247070312
0.004963397979736328
0.005320072174072266
0.00451350212097168
0.003705739974975586
0.0032939910888671875
0.005024909973144531
0.005307197570800781
0.0048046112060546875
0.00491786003112793
0.004918336868286133
0.0035669803619384766
0.004933357238769531
0.005240201950073242
0.0051877498626708984
0.004925251007080078
0.004899263381958008
0.004984378814697266
0.00487065315246582
0.004843235015869141
0.004546165466308594
0.005332469940185547
0.0048675537109375
0.004638671875
0.004547119140625
0.004897356033325195
0.004563808441162109
0.0036706924438476562
0.0049114227294921875
0.004513263702392578
0.004965782165527344
0.004857301712036133
0.005504608154296875
0.00509190559387207
0.005646705627441406
0.005054950714111328
0.004859447479248047
0.0045490264892578125
0.0029850006103515625
0.004808664321899414
0.0044133663177490234
0.004538774490356445
0.004370212554931641
0.004406929016113281
0.00439453125
0.0043773651123046875
0.004446506500244141
0.00478053092956543
0.004835367202758789
0.004453420639038086
0.0040073394775390625
0.004400491714477539
0.004369497299194336
0.0044002532958984375
0.003674745559692383
0.0031023025512695312
0.0036826133728027344
0.0037658214569091797
0.0033559799194335938
0.004956245422363281
0.003582000732421875
0.004964351654052734
0.004525423049926758
0.0032672882080078125
0.00491786003112793
0.004866600036621094
0.004881143569946289
0.004592418670654297
0.0054090023040771484
0.004892826080322266
0.004700899124145508
0.004435300827026367
0.005181074142456055
0.004666805267333984
0.005265235900878906
0.00435328483581543
0.004827260971069336
0.0049285888671875
0.005205631256103516
0.00487208366394043
0.005312919616699219
0.005282878875732422
0.0046689510345458984
0.0046651363372802734
0.004308462142944336
0.004479169845581055
0.004006147384643555
0.00404667854309082
0.0044019222259521484
0.00530552864074707
0.004304647445678711
0.0059015750885009766
0.004752635955810547
0.004733085632324219
0.0032377243041992188
0.0045928955078125
0.0044362545013427734
0.00481104850769043
0.004219770431518555
0.004533052444458008
0.004615306854248047
0.004474639892578125
0.004987478256225586
0.004545688629150391
0.005264759063720703
0.0049686431884765625
0.004653215408325195
0.004610776901245117
0.004291534423828125
0.004572153091430664
0.00473785400390625
0.004586696624755859
0.003285646438598633
0.004725217819213867
0.004393339157104492
0.0038895606994628906
0.00458979606628418
0.005163431167602539
0.004930019378662109
0.004644155502319336
0.004250049591064453
0.004895448684692383
0.004318714141845703
0.0047414302825927734
0.0046923160552978516
0.0048487186431884766
0.0033130645751953125
0.0042421817779541016
0.004710197448730469
0.004639148712158203
0.004925727844238281
0.004508495330810547
0.0046155452728271484
0.004581928253173828
0.0045855045318603516
0.004209995269775391
0.0041961669921875
0.004858732223510742
0.0045130252838134766
0.004240751266479492
0.004754304885864258
0.0046656131744384766
0.004515647888183594
0.00457000732421875
0.004268169403076172
0.004683017730712891
0.0043566226959228516
0.004650592803955078
0.00463414192199707
0.004529714584350586
0.004026174545288086
0.004620075225830078
0.002963542938232422
0.0049571990966796875
0.004316568374633789
0.004594087600708008
0.0048978328704833984
0.004848957061767578
0.004235267639160156
0.003030061721801758
0.004243612289428711
0.0041501522064208984
0.004359006881713867
0.004102230072021484
0.004014492034912109
0.004012584686279297
0.004047870635986328
0.004281044006347656
0.004341602325439453
0.0037279129028320312
0.0036988258361816406
0.00406336784362793
0.004029512405395508
0.003981113433837891
0.0036847591400146484
0.004420757293701172
0.0041539669036865234
0.004009246826171875
0.0028209686279296875
0.003687143325805664
0.003066539764404297
0.003580808639526367
0.003257274627685547
0.003496408462524414
0.0030138492584228516
0.003573894500732422
0.0030105113983154297
0.003280162811279297
0.0026977062225341797
0.0033245086669921875
0.003316164016723633
0.003958940505981445
0.003307819366455078
0.003062009811401367
0.003530263900756836
0.003044605255126953
0.003304004669189453
0.003338336944580078
0.003287076950073242
0.0033843517303466797
0.0018291473388671875
0.003212451934814453
0.0035552978515625
0.0030336380004882812
0.0033416748046875
0.0027701854705810547
0.003523111343383789
0.0032851696014404297
0.0026645660400390625
0.0033621788024902344
0.0033223628997802734
0.003410816192626953
0.0030477046966552734
0.003328084945678711
0.003609895706176758
0.0030825138092041016
0.002980947494506836
0.0037992000579833984
0.0018808841705322266
0.0032570362091064453
0.0031676292419433594
0.003263711929321289
0.0030138492584228516
0.0036270618438720703
0.0032875537872314453
0.0032796859741210938
0.0034852027893066406
0.0032927989959716797
0.0017273426055908203
0.0033407211303710938
0.0030274391174316406
0.002546548843383789
0.003095865249633789
0.0033271312713623047
0.0030715465545654297
0.003180265426635742
0.0029838085174560547
0.0035424232482910156
0.0033311843872070312
0.003278017044067383
0.003311634063720703
0.0033273696899414062
0.0030486583709716797
0.0030145645141601562
0.0032927989959716797
0.003629922866821289
0.0033540725708007812
0.0030622482299804688
0.001171112060546875
0.0018711090087890625
0.0034215450286865234
0.003284931182861328
0.0017354488372802734
0.0030493736267089844
0.00176239013671875
0.0033071041107177734
0.003370523452758789
0.0017571449279785156
0.0024900436401367188
0.004006385803222656
0.0038733482360839844
0.0038073062896728516
0.003825664520263672
0.004179239273071289
0.0035686492919921875
0.0035331249237060547
0.0038309097290039062
0.0032978057861328125
0.00359344482421875
0.003293275833129883
0.003587007522583008
0.0037131309509277344
0.0033483505249023438
0.0032842159271240234
0.0033409595489501953
0.003258228302001953
0.0033431053161621094
0.0032606124877929688
0.003426790237426758
0.0033826828002929688
0.0035986900329589844
0.003272533416748047
0.0033102035522460938
0.0032470226287841797
0.0034258365631103516
0.0032989978790283203
0.0033423900604248047
0.003244638442993164
0.003421783447265625
0.003287792205810547
0.003313302993774414
0.003292560577392578
0.003313779830932617
0.003310680389404297
0.0032782554626464844
0.00330352783203125
0.003328084945678711
0.003255605697631836
0.0034341812133789062
0.0035867691040039062
0.003618001937866211
0.003301382064819336
0.0032558441162109375
0.003258943557739258
0.0032150745391845703
0.003343820571899414
0.003383636474609375
0.003134012222290039
0.002980470657348633
0.0030319690704345703
0.0030508041381835938
0.003319978713989258
0.0032606124877929688
0.0036046504974365234
0.003579854965209961
0.0032341480255126953
0.0032358169555664062
0.0035614967346191406
0.003248453140258789
0.0032660961151123047
0.0033342838287353516
0.0032720565795898438
0.003292560577392578
0.003934144973754883
0.004024505615234375
0.003554105758666992
0.0032203197479248047
0.0034780502319335938
0.003512144088745117
0.003335237503051758
0.003240823745727539
0.0032415390014648438
0.0037708282470703125
0.0033202171325683594
0.003283977508544922
0.0032134056091308594
0.0032579898834228516
0.0026340484619140625
0.003400087356567383
0.0026917457580566406
0.0035979747772216797
0.003429412841796875
0.003139495849609375
0.003456592559814453
0.0032758712768554688
0.003221273422241211
0.003463268280029297
0.0033676624298095703
0.0033071041107177734
0.003256559371948242
0.0032694339752197266
0.0033528804779052734
0.0033125877380371094
0.003300189971923828
0.0032820701599121094
0.003565549850463867
0.003383159637451172
0.0035467147827148438
0.003326416015625
0.003256559371948242
0.0033037662506103516
0.0032515525817871094
0.0033926963806152344
0.003271341323852539
0.0031435489654541016
0.003236532211303711
0.0032393932342529297
0.0032808780670166016
0.003750324249267578
0.003266572952270508
0.0036466121673583984
0.0032761096954345703
0.0035855770111083984
0.003221273422241211
0.0035326480865478516
0.0032503604888916016
0.0031914710998535156
0.003253936767578125
0.003177165985107422
0.0032110214233398438
0.0035843849182128906
0.003175020217895508
0.0032415390014648438
0.00328826904296875
0.0032587051391601562
0.0030565261840820312
0.0033864974975585938
0.0030133724212646484
0.002984762191772461
0.0029785633087158203
0.002909421920776367
0.0030536651611328125
0.003286600112915039
0.0032777786254882812
0.003359556198120117
0.0029518604278564453
0.003487825393676758
0.003195047378540039
0.003184795379638672
0.003144502639770508
0.003599882125854492
0.0032804012298583984
0.0032224655151367188
0.0032324790954589844
0.0032393932342529297
0.003785371780395508
0.0032083988189697266
0.003226041793823242
0.003237009048461914
0.003272533416748047
0.003232717514038086
0.0032372474670410156
0.0032851696014404297
0.0034737586975097656
0.003262758255004883
0.00322723388671875
0.0036237239837646484
0.0028324127197265625
0.002877473831176758
0.002598285675048828
0.0020835399627685547
0.0031397342681884766
0.0020751953125
0.0015671253204345703
0.003453969955444336
0.003399372100830078
0.003297090530395508
0.0035376548767089844
0.0032701492309570312
0.003488302230834961
0.003423929214477539
0.0032198429107666016
0.003214120864868164
0.0032491683959960938
0.0016427040100097656
0.0032019615173339844
0.0032150745391845703
0.0028676986694335938
0.0029218196868896484
0.003317117691040039
0.003187417984008789
0.002886056900024414
0.003508329391479492
0.003172159194946289
0.003278493881225586
0.003206968307495117
0.003221750259399414
0.003259420394897461
0.0033388137817382812
0.0035910606384277344
0.0032935142517089844
0.0033025741577148438
0.0032722949981689453
0.003525972366333008
0.0032608509063720703
0.002080678939819336
0.0035152435302734375
0.003771543502807617
0.0037682056427001953
0.0038182735443115234
0.004159688949584961
0.0032117366790771484
0.0033271312713623047
0.003240346908569336
0.0035855770111083984
0.0034554004669189453
0.0032434463500976562
0.0034618377685546875
0.003620147705078125
0.0035173892974853516
0.002964019775390625
0.0029425621032714844
0.0031218528747558594
0.0032455921173095703
0.0037755966186523438
0.0032188892364501953
0.0036933422088623047
0.002965211868286133
0.003062009811401367
0.0033190250396728516
0.003236055374145508
0.0037000179290771484
0.0032362937927246094
0.0028722286224365234
0.003238677978515625
0.0038034915924072266
0.004148960113525391
0.0033540725708007812
0.004027843475341797
0.0033638477325439453
0.0030128955841064453
0.002963542938232422
0.0036890506744384766
0.003503561019897461
0.0026891231536865234
0.003167867660522461
0.003221750259399414
0.003300189971923828
0.003308534622192383
0.0034067630767822266
0.003412008285522461
0.0030269622802734375
0.0029511451721191406
0.004141569137573242
0.003814697265625
0.0033113956451416016
0.003289461135864258
0.003274202346801758
0.003294229507446289
0.0032684803009033203
0.002980470657348633
0.0031898021697998047
0.0013239383697509766
0.003927707672119141
0.0034990310668945312
0.0037026405334472656
0.0033922195434570312
0.003427743911743164
0.003471851348876953
0.003444194793701172
0.003300905227661133
0.003874540328979492
0.0032989978790283203
0.0031065940856933594
0.003131389617919922
0.003092527389526367
0.003230571746826172
0.0030014514923095703
0.0029647350311279297
0.0032334327697753906
0.0029757022857666016
0.0030159950256347656
0.0029938220977783203
0.003031015396118164
0.0030202865600585938
0.0033419132232666016
0.0032875537872314453
0.0029916763305664062
0.0032007694244384766
0.002962350845336914
0.0030198097229003906
0.0029642581939697266
0.0031833648681640625
0.002998828887939453
0.003129720687866211
0.003040790557861328
0.003256082534790039
0.003072500228881836
0.0029761791229248047
0.0029795169830322266
0.0029709339141845703
0.002991914749145508
0.0029702186584472656
0.0032134056091308594
0.0029168128967285156
0.0029518604278564453
0.0032389163970947266
0.003002166748046875
0.0032231807708740234
0.0034203529357910156
0.0033593177795410156
0.002979278564453125
0.0013761520385742188
0.0013568401336669922
0.003217458724975586
0.0031986236572265625
0.0031855106353759766
0.003220796585083008
0.003201007843017578
0.0034139156341552734
0.003173828125
0.0031919479370117188
0.0034685134887695312
0.003422975540161133
0.002977132797241211
0.0033392906188964844
0.003300189971923828
0.0029973983764648438
0.0031354427337646484
0.002931356430053711
0.0032961368560791016
0.003003358840942383
0.0027358531951904297
0.0027077198028564453
0.0027108192443847656
0.0026433467864990234
0.0029485225677490234
0.002696990966796875
0.0030257701873779297
0.0013356208801269531
0.002980470657348633
0.002980947494506836
0.0013556480407714844
0.0030074119567871094
0.002654552459716797
0.0034465789794921875
0.003241300582885742
0.0029172897338867188
0.0013093948364257812
0.003048419952392578
0.0029649734497070312
0.002997159957885742
0.002989530563354492
0.002949237823486328
0.002904176712036133
0.003128528594970703
0.0026826858520507812
0.0033385753631591797
0.003388643264770508
0.0029952526092529297
0.0030057430267333984
0.0034942626953125
0.002960205078125
0.003276824951171875
0.002866983413696289
0.0029816627502441406
0.002975940704345703
0.0029299259185791016
0.003239154815673828
0.0029671192169189453
0.0029039382934570312
0.003088235855102539
0.003023862838745117
0.002893686294555664
0.0029413700103759766
0.0030205249786376953
0.0029125213623046875
0.003040790557861328
0.002974987030029297
0.0030286312103271484
0.0030565261840820312
0.0029468536376953125
0.0033981800079345703
0.002568483352661133
0.0023851394653320312
0.00228118896484375
0.0030355453491210938
0.002874135971069336
0.0028536319732666016
0.0018231868743896484
0.0042040348052978516
0.0038292407989501953
0.003778219223022461
0.00365447998046875
0.0038106441497802734
0.004023551940917969
0.003828763961791992
0.0038340091705322266
0.003721952438354492
0.0037419795989990234
0.0038068294525146484
0.003852367401123047
0.0037398338317871094
0.003763914108276367
0.0037679672241210938
0.0037200450897216797
0.0037958621978759766
0.0037682056427001953
0.003786325454711914
0.004609584808349609
0.0037772655487060547
0.003786325454711914
0.0037696361541748047
0.003758668899536133
0.0037899017333984375
0.003759145736694336
0.0037670135498046875
0.003262042999267578
0.003798246383666992
0.0037941932678222656
0.003764629364013672
0.003756999969482422
0.003734111785888672
0.003584146499633789
0.003718852996826172
0.003772735595703125
0.0037479400634765625
0.0037508010864257812
0.0037648677825927734
0.0037403106689453125
0.0037686824798583984
0.003782033920288086
0.003798961639404297
0.0036864280700683594
0.0036683082580566406
0.0032873153686523438
0.004384517669677734
0.0034008026123046875
0.0034308433532714844
0.0034346580505371094
0.0034394264221191406
0.0033936500549316406
0.0035653114318847656
0.003447294235229492
0.0034122467041015625
0.003406524658203125
0.0034410953521728516
0.003424406051635742
0.003452777862548828
0.003428936004638672
0.003408670425415039
0.0032982826232910156
0.003480195999145508
0.003412961959838867
0.003407716751098633
0.003404378890991211
0.0029630661010742188
0.005178213119506836
0.00514984130859375
0.004794597625732422
0.005115509033203125
0.005111217498779297
0.00502777099609375
0.004980325698852539
0.0050945281982421875
0.0051212310791015625
0.00510096549987793
0.004739999771118164
0.0051364898681640625
0.005098819732666016
0.005093097686767578
0.004692554473876953
0.005057573318481445
0.005115985870361328
0.0050008296966552734
0.005074739456176758
0.005143642425537109
0.005049943923950195
0.0053119659423828125
0.004747629165649414
0.005140781402587891
0.0051212310791015625
0.0051343441009521484
0.0051038265228271484
0.005249738693237305
0.004655361175537109
0.004714250564575195
0.005016326904296875
0.004347801208496094
0.005165815353393555
0.0047760009765625
0.005128145217895508
0.005110740661621094
0.005110263824462891
0.004788875579833984
0.004650592803955078
0.004628181457519531
0.004655599594116211
0.004264354705810547
0.004431247711181641
0.004805088043212891
0.004351377487182617
0.004776716232299805
0.004761695861816406
0.004698991775512695
0.0047533512115478516
0.004858493804931641
0.004425525665283203
0.004746913909912109
0.004791975021362305
0.004498004913330078
0.004442930221557617
0.004432201385498047
0.00442957878112793
0.004439115524291992
0.007688999176025391
0.004771232604980469
0.004786491394042969
0.004136800765991211
0.004292964935302734
0.004328727722167969
0.003949642181396484
0.006857633590698242
0.006116390228271484
0.0061168670654296875
0.006165266036987305
0.006062746047973633
0.006106138229370117
0.006765604019165039
0.006051301956176758
0.0061261653900146484
0.0063016414642333984
0.006716489791870117
0.006795406341552734
0.004911899566650391
0.006532430648803711
0.005742549896240234
0.00610661506652832
0.0061304569244384766
0.006762027740478516
0.0066776275634765625
0.006703615188598633
0.006798505783081055
0.006573200225830078
0.006380558013916016
0.006712436676025391
0.006303310394287109
0.006287097930908203
0.004677772521972656
0.006310701370239258
0.006281852722167969
0.005968332290649414
0.005293130874633789
0.006657838821411133
0.006761789321899414
0.006089210510253906
0.006299257278442383
0.0062673091888427734
0.005774021148681641
0.005402565002441406
0.006431102752685547
0.005738496780395508
0.0060656070709228516
0.005408287048339844
0.005792140960693359
0.005773782730102539
0.0059206485748291016
0.005930662155151367
0.005934953689575195
0.00556635856628418
0.005594968795776367
0.005603313446044922
0.004929542541503906
0.008564472198486328
0.00811314582824707
0.007556915283203125
0.0073642730712890625
0.007849454879760742
0.007680177688598633
0.008357763290405273
0.007700443267822266
0.007853507995605469
0.00819087028503418
0.008280038833618164
0.008297204971313477
0.006524085998535156
0.006786823272705078
0.005991220474243164
0.008074283599853516
0.0077097415924072266
0.008530616760253906
0.00798487663269043
0.008397579193115234
0.0070188045501708984
0.00917363166809082
0.00876617431640625
0.008981466293334961
0.00831913948059082
0.008110761642456055
0.006691455841064453
0.007949113845825195
0.007740020751953125
0.007271289825439453
0.007328510284423828
0.0076754093170166016
0.008010387420654297
0.0071756839752197266
0.007208108901977539
0.006909847259521484
0.006912708282470703
0.007250785827636719
0.007345676422119141
0.008032560348510742
0.007939815521240234
0.007973909378051758
0.008179426193237305
0.0070803165435791016
0.008115768432617188
0.00752711296081543
0.007095813751220703
0.0077838897705078125
0.007567644119262695
0.008107662200927734
0.008179187774658203
0.007287502288818359
0.0069539546966552734
0.007237672805786133
0.006968498229980469
0.007332801818847656
0.007026195526123047
0.007051229476928711
0.006445407867431641
0.0061609745025634766
0.006365060806274414
0.0070552825927734375
0.006658792495727539
0.006421566009521484
0.007278919219970703
0.0066530704498291016
0.006773471832275391
0.006705522537231445
0.006662607192993164
0.007332324981689453
0.007212400436401367
0.006932735443115234
0.006697177886962891
0.007097721099853516
0.006667137145996094
0.006932735443115234
0.006634950637817383
0.006686210632324219
0.0067424774169921875
0.006485700607299805
0.005073070526123047
0.006960868835449219
0.006874561309814453
0.00693058967590332
0.006590127944946289
0.007468223571777344
0.006425142288208008
0.005535602569580078
0.006499052047729492
0.006913423538208008
0.005406379699707031
0.0065424442291259766
0.006646156311035156
0.007451772689819336
0.0066928863525390625
0.00708770751953125
0.006706714630126953
0.006749153137207031
0.006693363189697266
0.006338834762573242
0.006236076354980469
0.006211996078491211
0.006055116653442383
0.006520509719848633
0.00634765625
0.005907297134399414
0.006316423416137695
0.006622314453125
0.006419658660888672
0.00619959831237793
0.00618433952331543
0.006128072738647461
0.0058672428131103516
0.005762577056884766
0.0058002471923828125
0.006194591522216797
0.006693363189697266
0.006049633026123047
0.006695270538330078
0.007038116455078125
0.007042646408081055
0.006192445755004883
0.0045223236083984375
0.006554603576660156
0.005867719650268555
0.006239175796508789
0.005780220031738281
0.005845785140991211
0.006659030914306641
0.006470441818237305
0.0060536861419677734
0.0050506591796875
0.006528377532958984
0.00565028190612793
0.00650334358215332
0.006609678268432617
0.006445407867431641
0.006351470947265625
0.006514310836791992
0.00575566291809082
0.006062507629394531
0.006578922271728516
0.006830453872680664
0.006130218505859375
0.005960226058959961
0.005876064300537109
0.006055116653442383
0.006186723709106445
0.006380319595336914
0.006133079528808594
0.006088733673095703
0.005624532699584961
0.005778312683105469
0.005972623825073242
0.00592803955078125
0.005930900573730469
0.006005048751831055
0.005986928939819336
0.005494594573974609
0.006205320358276367
0.0057222843170166016
0.005978822708129883
0.005310535430908203
0.0057866573333740234
0.005646705627441406
0.005040168762207031
0.0057752132415771484
0.0054547786712646484
0.004739284515380859
0.005421638488769531
0.005373716354370117
0.004762411117553711
0.005430698394775391
0.005362033843994141
0.005453586578369141
0.005716085433959961
0.005671024322509766
0.005663394927978516
0.005382537841796875
0.005389213562011719
0.005383968353271484
0.005402565002441406
0.0053784847259521484
0.005402088165283203
0.0049746036529541016
0.004021406173706055
0.005354166030883789
0.005378007888793945
0.005368471145629883
0.005398273468017578
0.005348682403564453
0.005359649658203125
0.00475001335144043
0.005402803421020508
0.0053865909576416016
0.004809856414794922
0.0053403377532958984
0.005355358123779297
0.004758119583129883
0.004964113235473633
0.005682229995727539
0.0050280094146728516
0.005605220794677734
0.004725217819213867
0.005419015884399414
0.0053484439849853516
0.005373239517211914
0.0053746700286865234
0.00537109375
0.005343437194824219
0.0055408477783203125
0.004898548126220703
0.0057675838470458984
0.005689144134521484
0.005014181137084961
0.004998207092285156
0.004802703857421875
0.0048046112060546875
0.004937648773193359
0.004916667938232422
0.005046844482421875
0.0050182342529296875
0.004807472229003906
0.004941701889038086
0.0049076080322265625
0.004904985427856445
0.004906654357910156
0.0049343109130859375
0.004918575286865234
0.004975318908691406
0.004719257354736328
0.003301858901977539
0.004302024841308594
0.005440950393676758
0.0052950382232666016
0.0053997039794921875
0.0053446292877197266
0.0046558380126953125
0.005380392074584961
0.004673957824707031
0.004849672317504883
0.0049440860748291016
0.004944324493408203
0.004929542541503906
0.003326416015625
0.004330873489379883
0.005079746246337891
0.0043833255767822266
0.00507807731628418
0.005155086517333984
0.004379987716674805
0.004390239715576172
0.005117177963256836
0.005044460296630859
0.005074501037597656
0.00503993034362793
0.0050487518310546875
0.005066394805908203
0.0050411224365234375
0.005037069320678711
0.005046844482421875
0.004578351974487305
0.004472017288208008
0.005083560943603516
0.005002021789550781
0.004414081573486328
0.005096435546875
0.00442957878112793
0.003454446792602539
0.004441022872924805
0.004442930221557617
0.0057299137115478516
0.0030112266540527344
0.004570960998535156
0.004597187042236328
0.004561662673950195
0.004588603973388672
0.004581451416015625
0.004582881927490234
0.004570484161376953
0.0046350955963134766
0.004606962203979492
0.004585981369018555
0.00458216667175293
0.004550457000732422
0.004561662673950195
0.003918647766113281
0.007155418395996094
0.006857872009277344
0.006723165512084961
0.006586313247680664
0.005236387252807617
0.0061550140380859375
0.006993770599365234
0.006656169891357422
0.0062885284423828125
0.0060269832611083984
0.006258249282836914
0.006999969482421875
0.007366657257080078
0.007223606109619141
0.007130861282348633
0.006581306457519531
0.006726264953613281
0.006662130355834961
0.007231473922729492
0.007040500640869141
0.007025003433227539
0.005666971206665039
0.007100582122802734
0.006447315216064453
0.006342887878417969
0.006033897399902344
0.006367683410644531
0.005446672439575195
0.005864143371582031
0.005852460861206055
0.0071315765380859375
0.007505655288696289
0.0070531368255615234
0.006926536560058594
0.006559610366821289
0.00623011589050293
0.006256818771362305
0.004952669143676758
0.006963968276977539
0.006972074508666992
0.006468057632446289
0.006502628326416016
0.006627082824707031
0.006420135498046875
0.006300926208496094
0.006367683410644531
0.0049860477447509766
0.0071258544921875
0.006982564926147461
0.005011081695556641
0.0069122314453125
0.006331443786621094
0.0067903995513916016
0.007033109664916992
0.006945371627807617
0.00666499137878418
0.007013797760009766
0.005661487579345703
0.006547212600708008
0.0071620941162109375
0.007033348083496094
0.0063016414642333984
0.006985187530517578
0.0069904327392578125
0.006608486175537109
0.006433725357055664
0.006335020065307617
0.006490230560302734
0.0063323974609375
0.006036281585693359
0.00687408447265625
0.0065364837646484375
0.00643610954284668
0.006679534912109375
0.006416797637939453
0.006598949432373047
0.006071329116821289
0.006157636642456055
0.006489753723144531
0.0065157413482666016
0.006485700607299805
0.00523066520690918
0.006133317947387695
0.005967617034912109
0.006308078765869141
0.006117105484008789
0.005874156951904297
0.005819559097290039
0.005796909332275391
0.0060062408447265625
0.005824565887451172
0.005417346954345703
0.005535125732421875
0.006213665008544922
0.005806446075439453
0.004530429840087891
0.005855083465576172
0.007344245910644531
0.006981611251831055
0.006582975387573242
0.0056307315826416016
0.006992340087890625
0.006215095520019531
0.006328582763671875
0.006733894348144531
0.006543636322021484
0.0061321258544921875
0.006494283676147461
0.004561424255371094
0.006102800369262695
0.005556344985961914
0.005370378494262695
0.005719900131225586
0.006424665451049805
0.007080078125
0.006072282791137695
0.006097316741943359
0.0065000057220458984
0.00664973258972168
0.0070226192474365234
0.0063304901123046875
0.00539851188659668
0.006591081619262695
0.006699323654174805
0.006730318069458008
0.006648540496826172
0.006876468658447266
0.0060577392578125
0.005712270736694336
0.006059408187866211
0.006116628646850586
0.0061321258544921875
0.006713390350341797
0.006679058074951172
0.006165027618408203
0.006304502487182617
0.006021261215209961
0.005146026611328125
0.0058498382568359375
0.0060651302337646484
0.0059773921966552734
0.00463557243347168
0.006173372268676758
0.006513357162475586
0.006234884262084961
0.0058917999267578125
0.006876945495605469
0.006284475326538086
0.005754709243774414
0.005875110626220703
0.0061380863189697266
0.006312370300292969
0.006150722503662109
0.0061550140380859375
0.006206512451171875
0.005599260330200195
0.0057525634765625
0.005783796310424805
0.005944252014160156
0.005997419357299805
0.005633115768432617
0.005594491958618164
0.005763530731201172
0.005669593811035156
0.0056993961334228516
0.005312681198120117
0.0050029754638671875
0.005407094955444336
0.005740642547607422
0.003646373748779297
0.005552530288696289
0.005444049835205078
0.0050220489501953125
0.005764484405517578
0.00529170036315918
0.005312681198120117
0.0054225921630859375
0.005895137786865234
0.005541086196899414
0.005409717559814453
0.005079030990600586
0.004976749420166016
0.005329132080078125
0.005226612091064453
0.005696296691894531
0.0053615570068359375
0.005436420440673828
0.005316972732543945
0.005314826965332031
0.005638837814331055
0.00565648078918457
0.005715131759643555
0.005412101745605469
0.005481719970703125
0.005634784698486328
0.005503177642822266
0.005675077438354492
0.005034446716308594
0.005044698715209961
0.0050487518310546875
0.005372762680053711
0.005284786224365234
0.005880117416381836
0.005731105804443359
0.0053386688232421875
0.0054018497467041016
0.004049777984619141
0.005488872528076172
0.0055544376373291016
0.005348682403564453
0.005298614501953125
0.005656003952026367
0.0053310394287109375
0.005411624908447266
0.0057032108306884766
0.005434274673461914
0.0053670406341552734
0.005402565002441406
0.005410671234130859
0.005006074905395508
0.0054759979248046875
0.005304098129272461
0.0055332183837890625
0.005330085754394531
0.005412578582763672
0.005161285400390625
0.004045724868774414
0.006145954132080078
0.0053598880767822266
0.00535130500793457
0.005483150482177734
0.0054225921630859375
0.005581378936767578
0.005687713623046875
0.005346059799194336
0.0054547786712646484
0.005375385284423828
0.004995822906494141
0.005134105682373047
0.005330562591552734
0.00526881217956543
0.005291938781738281
0.0053424835205078125
0.0053904056549072266
0.00400233268737793
0.005526542663574219
0.005339384078979492
0.004885196685791016
0.004026651382446289
0.005463838577270508
0.0053708553314208984
0.005448341369628906
0.005320310592651367
0.0053365230560302734
0.005307435989379883
0.005354642868041992
0.005641937255859375
0.005306243896484375
0.005007743835449219
0.005296468734741211
0.005289554595947266
0.005330085754394531
0.005433082580566406
0.005404949188232422
0.004951953887939453
0.0050029754638671875
0.005593061447143555
0.0053670406341552734
0.003962278366088867
0.00616002082824707
0.005266904830932617
0.00500178337097168
0.005596160888671875
0.005239248275756836
0.005351543426513672
0.005377054214477539
0.005086183547973633
0.005361080169677734
0.0053212642669677734
0.005425691604614258
0.005475044250488281
0.005311489105224609
0.005626201629638672
0.005475044250488281
0.005417585372924805
0.005333662033081055
0.006078004837036133
0.00508570671081543
0.005278587341308594
0.004934787750244141
0.0048770904541015625
0.00513458251953125
0.004915952682495117
0.0051004886627197266
0.0053064823150634766
0.005265474319458008
0.004922628402709961
0.0048980712890625
0.004896640777587891
0.004882335662841797
0.00503230094909668
0.004848003387451172
0.004884243011474609
0.005255937576293945
0.004820108413696289
0.0049457550048828125
0.004998922348022461
0.005316019058227539
0.005286693572998047
0.004904747009277344
0.004929304122924805
0.005539655685424805
0.004929542541503906
0.0049266815185546875
0.005276679992675781
0.004848480224609375
0.005238771438598633
0.004919767379760742
0.004914999008178711
0.004664897918701172
0.0048160552978515625
0.0048944950103759766
0.004851341247558594
0.004868268966674805
0.004584074020385742
0.004560232162475586
0.004557371139526367
0.004551887512207031
0.004621267318725586
0.004534482955932617
0.0052411556243896484
0.004898548126220703
0.004929065704345703
0.0052263736724853516
0.0048558712005615234
0.0058596134185791016
0.004904508590698242
0.004399299621582031
0.0045375823974609375
0.004492998123168945
0.004512786865234375
0.0035622119903564453
0.005778789520263672
0.005544185638427734
0.0053882598876953125
0.00531458854675293
0.005048990249633789
0.005436897277832031
0.0053806304931640625
0.005354881286621094
0.004987001419067383
0.0062711238861083984
0.005360603332519531
0.004712581634521484
0.005331516265869141
0.005639314651489258
0.0052835941314697266
0.0057485103607177734
0.003984928131103516
0.005520820617675781
0.005326509475708008
0.005475521087646484
0.005387306213378906
0.0057065486907958984
0.005299568176269531
0.0056915283203125
0.005794048309326172
0.005379438400268555
0.005335569381713867
0.005033731460571289
0.005132436752319336
0.004916191101074219
0.005083322525024414
0.00481414794921875
0.00496363639831543
0.0031747817993164062
0.0051610469818115234
0.004565000534057617
0.004599094390869141
0.005026817321777344
0.004877567291259766
0.0045697689056396484
0.0052182674407958984
0.003161907196044922
0.0046694278717041016
0.0045621395111083984
0.005788564682006836
0.005700588226318359
0.005597114562988281
0.005024433135986328
0.005599260330200195
0.004142284393310547
0.0060613155364990234
0.006092071533203125
0.005117177963256836
0.004647970199584961
0.005312442779541016
0.0057430267333984375
0.005299091339111328
0.005013465881347656
0.005163669586181641
0.005126237869262695
0.005031108856201172
0.005405902862548828
0.005807638168334961
0.005707502365112305
0.005071163177490234
0.005074739456176758
0.005136728286743164
0.0047609806060791016
0.004732847213745117
0.005049467086791992
0.0050852298736572266
0.005008697509765625
0.004978179931640625
0.0050716400146484375
0.004823923110961914
0.0047109127044677734
0.0036890506744384766
0.0050983428955078125
0.005118846893310547
0.004742145538330078
0.005059003829956055
0.005376100540161133
0.0051348209381103516
0.005183696746826172
0.005060672760009766
0.005074501037597656
0.005285739898681641
0.00521397590637207
0.004864692687988281
0.005046844482421875
0.005070686340332031
0.005194425582885742
0.005204200744628906
0.005080699920654297
0.004739046096801758
0.005525827407836914
0.0051288604736328125
0.005231142044067383
0.00510406494140625
0.005106449127197266
0.005514860153198242
0.004694461822509766
0.005589723587036133
0.005217075347900391
0.005171537399291992
0.005363941192626953
0.004843950271606445
0.004545688629150391
0.00460052490234375
0.004827260971069336
0.004611492156982422
0.004502534866333008
0.004559040069580078
0.004604339599609375
0.004770040512084961
0.00491642951965332
0.005011081695556641
0.004995822906494141
0.004647731781005859
0.004598379135131836
0.0051882266998291016
0.0046575069427490234
0.004316568374633789
0.00432133674621582
0.004200458526611328
0.004464149475097656
0.00499272346496582
0.004670858383178711
0.004598379135131836
0.004637956619262695
0.004734516143798828
0.005506992340087891
0.005942821502685547
0.006044149398803711
0.005934000015258789
0.005654096603393555
0.003248453140258789
0.003802776336669922
0.0037965774536132812
0.003663301467895508
0.0036122798919677734
0.0033333301544189453
0.00360870361328125
0.0035943984985351562
0.003728628158569336
0.003303050994873047
0.003291606903076172
0.003416299819946289
0.0031654834747314453
0.002949237823486328
0.00542759895324707
0.005548954010009766
0.00529789924621582
0.004580259323120117
0.0052852630615234375
0.005372762680053711
0.005263328552246094
0.0052454471588134766
0.003474712371826172
0.004637956619262695
0.005257844924926758
0.005202054977416992
0.005226850509643555
0.005329608917236328
0.005384206771850586
0.005286455154418945
0.004496574401855469
0.0033125877380371094
0.004977226257324219
0.0049555301666259766
0.0051615238189697266
0.004904508590698242
0.004296302795410156
0.00461125373840332
0.004960536956787109
0.004256010055541992
0.004971504211425781
0.0051860809326171875
0.004914522171020508
0.004929542541503906
0.004227638244628906
0.004930257797241211
0.004250764846801758
0.0047338008880615234
0.004560947418212891
0.00470280647277832
0.004634380340576172
0.0046389102935791016
0.004495382308959961
0.003949642181396484
0.007187604904174805
0.006547451019287109
0.007065534591674805
0.006717681884765625
0.006412029266357422
0.007911205291748047
0.007008790969848633
0.007000923156738281
0.007054567337036133
0.006991386413574219
0.0055811405181884766
0.0058422088623046875
0.006279468536376953
0.00623011589050293
0.0067844390869140625
0.006656646728515625
0.006994724273681641
0.005505800247192383
0.006642818450927734
0.006891012191772461
0.006548166275024414
0.006198406219482422
0.006216764450073242
0.0061550140380859375
0.006360769271850586
0.0062313079833984375
0.006073474884033203
0.0050122737884521484
0.0064182281494140625
0.00704193115234375
0.005219459533691406
0.006731271743774414
0.0058689117431640625
0.006197452545166016
0.0045604705810546875
0.005962848663330078
0.006605625152587891
0.0055103302001953125
0.006618499755859375
0.005301952362060547
0.006269693374633789
0.0067996978759765625
0.005990743637084961
0.005599021911621094
0.007218360900878906
0.005553245544433594
0.005834102630615234
0.006287097930908203
0.005883455276489258
0.006241559982299805
0.0062372684478759766
0.006746768951416016
0.005710601806640625
0.006024837493896484
0.0059850215911865234
0.005684375762939453
0.005247592926025391
0.005342960357666016
0.005440950393676758
0.005242824554443359
0.005326747894287109
0.0052988529205322266
0.005137920379638672
0.005781412124633789
0.0051920413970947266
0.00520634651184082
0.005174398422241211
0.005501508712768555
0.005191802978515625
0.005116939544677734
0.004874229431152344
0.004866123199462891
0.0048580169677734375
0.005220651626586914
0.0050051212310791016
0.005298614501953125
0.005397319793701172
0.0048007965087890625
0.005031108856201172
0.003835916519165039
0.005963802337646484
0.006275177001953125
0.0051975250244140625
0.005162954330444336
0.005591392517089844
0.005166530609130859
0.0055425167083740234
0.0057637691497802734
0.0065081119537353516
0.006048917770385742
0.005812406539916992
0.005336761474609375
0.0052225589752197266
0.005120992660522461
0.005288839340209961
0.0051538944244384766
0.005249500274658203
0.005679607391357422
0.005171298980712891
0.005357027053833008
0.005187034606933594
0.005084991455078125
0.005184650421142578
0.005247354507446289
0.005139589309692383
0.0052411556243896484
0.005659341812133789
0.0051729679107666016
0.005185127258300781
0.005081892013549805
0.005596160888671875
0.005145549774169922
0.00558161735534668
0.005239963531494141
0.005212306976318359
0.0053844451904296875
0.005201101303100586
0.005146026611328125
0.004992246627807617
0.005628347396850586
0.005730152130126953
0.005259513854980469
0.005246877670288086
0.005132198333740234
0.0038411617279052734
0.004914283752441406
0.004865407943725586
0.0048694610595703125
0.004957675933837891
0.0051424503326416016
0.004838705062866211
0.005090236663818359
0.0051517486572265625
0.00469660758972168
0.0052165985107421875
0.0049474239349365234
0.005789279937744141
0.004923820495605469
0.005110979080200195
0.005019426345825195
0.005213499069213867
0.0049591064453125
0.0035543441772460938
0.005376338958740234
0.005521535873413086
0.005139589309692383
0.005547046661376953
0.005547523498535156
0.0034639835357666016
0.005486488342285156
0.005246639251708984
0.004860877990722656
0.0053212642669677734
0.005218029022216797
0.00506281852722168
0.005541086196899414
0.005297183990478516
0.004778623580932617
0.00538325309753418
0.005262136459350586
0.004949331283569336
0.004755973815917969
0.005087614059448242
0.005056619644165039
0.004579067230224609
0.004588127136230469
0.004715442657470703
0.004888057708740234
0.005636930465698242
0.005030155181884766
0.004610538482666016
0.0045320987701416016
0.004816532135009766
0.004859447479248047
0.005235433578491211
0.004900217056274414
0.0048830509185791016
0.005251407623291016
0.0044863224029541016
0.004851579666137695
0.0048830509185791016
0.004958391189575195
0.004557609558105469
0.0051991939544677734
0.004954814910888672
0.004903078079223633
0.004513978958129883
0.0036127567291259766
0.005715608596801758
0.00607752799987793
0.004758358001708984
0.0054090023040771484
0.0052034854888916016
0.0051670074462890625
0.005142927169799805
0.004567861557006836
0.004594564437866211
0.004596710205078125
0.004456758499145508
0.0045168399810791016
0.0047147274017333984
0.004629850387573242
0.004896640777587891
0.0076596736907958984
0.0048828125
0.0061376094818115234
0.004503488540649414
0.004945039749145508
0.004852771759033203
0.004113435745239258
0.004603862762451172
0.004590034484863281
0.00412750244140625
0.004319429397583008
0.0038623809814453125
0.003812551498413086
0.0038785934448242188
0.0037980079650878906
0.003814220428466797
0.0038650035858154297
0.003854036331176758
0.0038101673126220703
0.0022988319396972656
0.003660440444946289
0.0038275718688964844
0.0038068294525146484
0.003807544708251953
0.003859996795654297
0.0038025379180908203
0.0038743019104003906
0.003821134567260742
0.0037806034088134766
0.00409388542175293
0.003813028335571289
0.0038144588470458984
0.0037946701049804688
0.004038333892822266
0.0038177967071533203
0.003831148147583008
0.0037987232208251953
0.0038404464721679688
0.0038170814514160156
0.0037994384765625
0.003794431686401367
0.003809213638305664
0.0038063526153564453
0.003812074661254883
0.0038535594940185547
0.0038042068481445312
0.0038137435913085938
0.0037925243377685547
0.003996849060058594
0.004030704498291016
0.0036792755126953125
0.00384521484375
0.003793954849243164
0.0038216114044189453
0.0037810802459716797
0.0038385391235351562
0.003804445266723633
0.003813505172729492
0.0037908554077148438
0.003930568695068359
0.003908872604370117
0.0039055347442626953
0.0037620067596435547
0.0037178993225097656
0.003795623779296875
0.0039637088775634766
0.0037932395935058594
0.003821849822998047
0.0037178993225097656
0.003811359405517578
0.003825664520263672
0.0038161277770996094
0.003929615020751953
0.003848552703857422
0.0037751197814941406
0.0038208961486816406
0.003796815872192383
0.004637718200683594
0.0038170814514160156
0.0038025379180908203
0.003823995590209961
0.0037751197814941406
0.003824949264526367
0.0038852691650390625
0.0037920475006103516
0.003800630569458008
0.0038254261016845703
0.003766775131225586
0.0037856101989746094
0.003770112991333008
0.003772735595703125
0.003749370574951172
0.0037975311279296875
0.0038089752197265625
0.003782987594604492
0.0038216114044189453
0.0038077831268310547
0.0039825439453125
0.0038237571716308594
0.00382232666015625
0.0037848949432373047
0.0038068294525146484
0.003782987594604492
0.003810882568359375
0.0036323070526123047
0.003796815872192383
0.003816843032836914
0.003709554672241211
0.003748178482055664
0.003720521926879883
0.0037915706634521484
0.0036711692810058594
0.0037565231323242188
0.0037751197814941406
0.003789663314819336
0.0021543502807617188
0.003634929656982422
0.003129720687866211
0.003720998764038086
0.0038061141967773438
0.0037970542907714844
0.003818511962890625
0.0038025379180908203
0.0038094520568847656
0.003813028335571289
0.0038406848907470703
0.003793954849243164
0.0037937164306640625
0.0038039684295654297
0.0038192272186279297
0.003993511199951172
0.0037941932678222656
0.0038390159606933594
0.003879547119140625
0.003911018371582031
0.0037872791290283203
0.003826618194580078
0.0037822723388671875
0.003810405731201172
0.002291440963745117
0.0031366348266601562
0.001962900161743164
0.0017764568328857422
0.0034728050231933594
0.0034630298614501953
0.0034775733947753906
0.003574848175048828
0.003448486328125
0.003444671630859375
0.0034537315368652344
0.0034651756286621094
0.0034494400024414062
0.003458261489868164
0.0034880638122558594
0.0034515857696533203
0.003496408462524414
0.003448963165283203
0.0034818649291992188
0.0034716129302978516
0.003448486328125
0.0034525394439697266
0.0034711360931396484
0.003457307815551758
0.006571054458618164
0.005361318588256836
0.003539562225341797
0.003504514694213867
0.0034885406494140625
0.003551959991455078
0.004378795623779297
0.0034554004669189453
0.003463268280029297
0.0034928321838378906
0.003462553024291992
0.003465414047241211
0.0034656524658203125
0.0034570693969726562
0.0034596920013427734
0.003423929214477539
0.0034515857696533203
0.003478527069091797
0.0034749507904052734
0.0034580230712890625
0.0034530162811279297
0.003454446792602539
0.003492593765258789
0.003468036651611328
0.0034952163696289062
0.003450155258178711
0.001962900161743164
0.002797365188598633
0.005724906921386719
0.005472421646118164
0.00522923469543457
0.005162477493286133
0.005377531051635742
0.005379438400268555
0.005617618560791016
0.005431652069091797
0.005423069000244141
0.0038957595825195312
0.005409717559814453
0.005414009094238281
0.005496025085449219
0.005344867706298828
0.0055010318756103516
0.005401134490966797
0.0047762393951416016
0.005707979202270508
0.005711793899536133
0.00542140007019043
0.0041081905364990234
0.00584101676940918
0.005694389343261719
0.005507230758666992
0.005413532257080078
0.005129575729370117
0.0057752132415771484
0.004105329513549805
0.00548863410949707
0.005698680877685547
0.0050449371337890625
0.0040624141693115234
0.005548715591430664
0.0057489871978759766
0.005353689193725586
0.0056803226470947266
0.004908323287963867
0.005409717559814453
0.004075765609741211
0.005114555358886719
0.00729823112487793
0.005842685699462891
0.0062253475189208984
0.005048990249633789
0.003693819046020508
0.00519871711730957
0.005068063735961914
0.005536079406738281
0.005372047424316406
0.005430936813354492
0.005430459976196289
0.005768537521362305
0.0054645538330078125
0.005463838577270508
0.005796909332275391
0.005124807357788086
0.00543665885925293
0.005625486373901367
0.005358457565307617
0.005613088607788086
0.0054340362548828125
0.005388498306274414
0.005250215530395508
0.005084514617919922
0.004095792770385742
0.005491971969604492
0.005364656448364258
0.00535893440246582
0.00534510612487793
0.005403041839599609
0.005113363265991211
0.00548863410949707
0.00577545166015625
0.005586862564086914
0.005445003509521484
0.005481243133544922
0.005448579788208008
0.005456447601318359
0.00538325309753418
0.005377292633056641
0.005689144134521484
0.005730628967285156
0.005553245544433594
0.005375385284423828
0.0054361820220947266
0.005571126937866211
0.0054895877838134766
0.005149364471435547
0.005445241928100586
0.004122018814086914
0.005598306655883789
0.00550079345703125
0.005034685134887695
0.004084587097167969
0.005868434906005859
0.005117654800415039
0.005074739456176758
0.005852699279785156
0.005067110061645508
0.005454063415527344
0.005248546600341797
0.005740642547607422
0.0054471492767333984
0.00507044792175293
0.005435466766357422
0.0040705204010009766
0.005357503890991211
0.005040884017944336
0.0051648616790771484
0.0052297115325927734
0.004858493804931641
0.005003452301025391
0.00496220588684082
0.0050542354583740234
0.0052852630615234375
0.005090475082397461
0.005228996276855469
0.005028724670410156
0.004846096038818359
0.004889726638793945
0.004883766174316406
0.004873752593994141
0.0052106380462646484
0.005070209503173828
0.0051653385162353516
0.005033016204833984
0.004839658737182617
0.0049402713775634766
0.004914522171020508
0.005255460739135742
0.0031507015228271484
0.005156755447387695
0.005105495452880859
0.004941463470458984
0.004946708679199219
0.004876613616943359
0.004563570022583008
0.004575490951538086
0.0050411224365234375
0.004668235778808594
0.004853487014770508
0.005219697952270508
0.004838466644287109
0.004813671112060547
0.004873752593994141
0.00490880012512207
0.004898548126220703
0.0050907135009765625
0.004981040954589844
0.004934787750244141
0.004651069641113281
0.0035593509674072266
0.005625009536743164
0.005160331726074219
0.005076885223388672
0.00543212890625
0.005445003509521484
0.005421876907348633
0.0054514408111572266
0.004106760025024414
0.0053136348724365234
0.0051043033599853516
0.0038182735443115234
0.005785703659057617
0.005047798156738281
0.005656003952026367
0.005423307418823242
0.0060999393463134766
0.005656003952026367
0.0053844451904296875
0.005034923553466797
0.005445003509521484
0.005610227584838867
0.0036504268646240234
0.005071878433227539
0.005043745040893555
0.004843473434448242
0.004925251007080078
0.004826784133911133
0.005126953125
0.004589080810546875
0.0049288272857666016
0.004961490631103516
0.004933357238769531
0.004891872406005859
0.005341768264770508
0.004521846771240234
0.004416227340698242
0.003661632537841797
0.0035469532012939453
0.004899501800537109
0.0053594112396240234
0.004767179489135742
0.0037784576416015625
0.004885196685791016
0.0047359466552734375
0.005440473556518555
0.003862142562866211
0.004737138748168945
0.005187511444091797
0.005144357681274414
0.005045890808105469
0.0051708221435546875
0.005189657211303711
0.004807710647583008
0.0038623809814453125
0.005523204803466797
0.00523686408996582
0.005160093307495117
0.0052492618560791016
0.00514984130859375
0.005317211151123047
0.005152463912963867
0.004927635192871094
0.00553584098815918
0.0051116943359375
0.005057096481323242
0.006695270538330078
0.004799604415893555
0.005189657211303711
0.0051305294036865234
0.005142927169799805
0.004769325256347656
0.00514531135559082
0.005156755447387695
0.0051534175872802734
0.00520014762878418
0.005145549774169922
0.005235433578491211
0.005606889724731445
0.0035059452056884766
0.0040662288665771484
0.00555729866027832
0.00509333610534668
0.005182027816772461
0.005594491958618164
0.0038423538208007812
0.005247592926025391
0.00485682487487793
0.004591941833496094
0.004572629928588867
0.004790544509887695
0.004546165466308594
0.00458073616027832
0.004741668701171875
0.004572391510009766
0.004937410354614258
0.004938364028930664
0.004645586013793945
0.004578590393066406
0.004983663558959961
0.004584074020385742
0.004793405532836914
0.004591941833496094
0.00461578369140625
0.0044095516204833984
0.0045163631439208984
0.004505634307861328
0.004519939422607422
0.004573345184326172
0.004639148712158203
0.004628896713256836
0.00416874885559082
0.0038831233978271484
0.004410982131958008
0.0040760040283203125
0.004738807678222656
0.004337310791015625
0.004640102386474609
0.0038874149322509766
0.0037567615509033203
0.004285573959350586
0.00402069091796875
0.003842592239379883
0.004002094268798828
0.0037841796875
0.0039179325103759766
0.004071235656738281
0.003777027130126953
0.003940582275390625
0.0037851333618164062
0.003796100616455078
0.003807544708251953
0.0038290023803710938
0.0038230419158935547
0.003909111022949219
0.0037679672241210938
0.003782510757446289
0.003863811492919922
0.004075527191162109
0.0038216114044189453
0.0038335323333740234
0.0037789344787597656
0.004037618637084961
0.0038771629333496094
0.003823518753051758
0.003973245620727539
0.003803253173828125
0.003809213638305664
0.0041577816009521484
0.003825664520263672
0.003779172897338867
0.0041162967681884766
0.003943920135498047
0.0043179988861083984
0.004116535186767578
0.003849506378173828
0.003966569900512695
0.004134416580200195
0.0038001537322998047
0.0038323402404785156
0.004076719284057617
0.004023313522338867
0.003759145736694336
0.0037260055541992188
0.003911495208740234
0.004095554351806641
0.0038559436798095703
0.004019498825073242
0.003850698471069336
0.0037717819213867188
0.003828763961791992
0.003765583038330078
0.004087686538696289
0.003782510757446289
0.0038030147552490234
0.003787517547607422
0.0037775039672851562
0.0040476322174072266
0.003774881362915039
0.0037653446197509766
0.004065752029418945
0.0037615299224853516
0.003744840621948242
0.0037658214569091797
0.004082441329956055
0.0038361549377441406
0.003770112991333008
0.0044629573822021484
0.33086180686950684
0.004525184631347656
0.004212617874145508
0.0038175582885742188
0.004162788391113281
0.003847360610961914
0.003838777542114258
0.00376129150390625
0.004113435745239258
0.003768444061279297
0.0039026737213134766
0.003818988800048828
0.0037660598754882812
0.0038909912109375
0.004128217697143555
0.0039997100830078125
0.004143714904785156
0.0037322044372558594
0.003983259201049805
0.004091739654541016
0.0037996768951416016
0.0037186145782470703
0.004060506820678711
0.003779888153076172
0.0021736621856689453
0.0021805763244628906
0.003958225250244141
0.0038259029388427734
0.003841400146484375
0.0038824081420898438
0.0038237571716308594
0.0038263797760009766
0.004050016403198242
0.003949880599975586
0.004003047943115234
0.004134654998779297
0.004109859466552734
0.0038018226623535156
0.003868579864501953
0.004245758056640625
0.003798246383666992
0.003953695297241211
0.0038161277770996094
0.0038573741912841797
0.004027128219604492
0.004003763198852539
0.0037844181060791016
0.00393986701965332
0.003956794738769531
0.00409698486328125
0.0037925243377685547
0.003793001174926758
0.0038542747497558594
0.0041501522064208984
0.0038750171661376953
0.0038344860076904297
0.004017829895019531
0.0038356781005859375
0.0038857460021972656
0.0039038658142089844
0.004026174545288086
0.0038137435913085938
0.004065752029418945
0.003984928131103516
0.004871845245361328
0.0037994384765625
0.0038352012634277344
0.0037992000579833984
0.0038154125213623047
0.0037872791290283203
0.0038204193115234375
0.004133939743041992
0.0038156509399414062
0.0037603378295898438
0.0035800933837890625
0.0037567615509033203
0.0037746429443359375
0.00388336181640625
0.003748655319213867
0.0037751197814941406
0.0037338733673095703
0.0037953853607177734
0.0037696361541748047
0.0035800933837890625
0.0035941600799560547
0.003583192825317383
0.0035462379455566406
0.003524303436279297
0.0036542415618896484
0.0035300254821777344
0.003591775894165039
0.0035643577575683594
0.0035147666931152344
0.0035402774810791016
0.0034863948822021484
0.0036439895629882812
0.004111051559448242
0.0041620731353759766
0.0037431716918945312
0.003580808639526367
0.003615140914916992
0.003498077392578125
0.003778219223022461
0.0038259029388427734
0.003839254379272461
0.003841400146484375
0.0038640499114990234
0.004033803939819336
0.0038945674896240234
0.0038378238677978516
0.0036115646362304688
0.004290580749511719
0.003917217254638672
0.004130840301513672
0.004262685775756836
0.0037975311279296875
0.004000186920166016
0.0040934085845947266
0.003923177719116211
0.0039017200469970703
0.0038192272186279297
0.0037534236907958984
0.0037300586700439453
0.0037643909454345703
0.003850698471069336
0.003793001174926758
0.0038001537322998047
0.004020214080810547
0.0037772655487060547
0.0038700103759765625
0.004059314727783203
0.004053354263305664
0.0038034915924072266
0.00397038459777832
0.003940582275390625
0.004113912582397461
0.003957986831665039
0.00395512580871582
0.004259347915649414
0.003920316696166992
0.0039014816284179688
0.004001140594482422
0.0042154788970947266
0.004042387008666992
0.0037593841552734375
0.0036962032318115234
0.0039691925048828125
0.00372314453125
0.0036988258361816406
0.0036928653717041016
0.0038204193115234375
0.003973960876464844
0.003760099411010742
0.0037844181060791016
0.003973484039306641
0.0038275718688964844
0.0037860870361328125
0.0039713382720947266
0.0038459300994873047
0.003819704055786133
0.003716707229614258
0.0038290023803710938
0.0037784576416015625
0.003859996795654297
0.0037994384765625
0.0037696361541748047
0.004111528396606445
0.003839254379272461
0.003830432891845703
0.0037767887115478516
0.003780364990234375
0.003742694854736328
0.0038182735443115234
0.0038404464721679688
0.0037872791290283203
0.0037965774536132812
0.004100322723388672
0.003327608108520508
0.0034589767456054688
0.003508329391479492
0.00377655029296875
0.003584146499633789
0.003565073013305664
0.003556966781616211
0.0035953521728515625
0.003740549087524414
0.0032117366790771484
0.0038797855377197266
0.0037338733673095703
0.002638101577758789
0.0042421817779541016
0.004045248031616211
0.004490852355957031
0.004322052001953125
0.0042569637298583984
0.004553079605102539
0.003911018371582031
0.0039408206939697266
0.0037920475006103516
0.003747701644897461
0.003949642181396484
0.003968477249145508
0.00447845458984375
0.0040283203125
0.003966331481933594
0.004052877426147461
0.0038118362426757812
0.00391840934753418
0.003778219223022461
0.0037584304809570312
0.0038444995880126953
0.0038633346557617188
0.0037631988525390625
0.003778219223022461
0.003755807876586914
0.003790140151977539
0.0037543773651123047
0.003755331039428711
0.003981590270996094
0.003938436508178711
0.0037446022033691406
0.004146099090576172
0.0037877559661865234
0.0037801265716552734
0.003753662109375
0.003895998001098633
0.003900766372680664
0.0038139820098876953
0.004416227340698242
0.004205226898193359
0.00397038459777832
0.003866910934448242
0.0037965774536132812
0.0041315555572509766
0.0037772655487060547
0.002155780792236328
0.003979682922363281
0.003643035888671875
0.0035560131072998047
0.0035352706909179688
0.003543853759765625
0.003557920455932617
0.0035049915313720703
0.0034780502319335938
0.003704547882080078
0.003871917724609375
0.00402069091796875
0.002147674560546875
0.003774404525756836
0.0038149356842041016
0.003787517547607422
0.003937244415283203
0.00379180908203125
0.0035810470581054688
0.004380464553833008
0.003847360610961914
0.003744363784790039
0.004418134689331055
0.0037796497344970703
0.0034983158111572266
0.003791332244873047
0.0038526058197021484
0.003810405731201172
0.003799915313720703
0.0037953853607177734
0.0041272640228271484
0.004005908966064453
0.004456281661987305
0.002288341522216797
0.003961086273193359
0.00424957275390625
0.003918647766113281
0.0037736892700195312
0.0037903785705566406
0.0038008689880371094
0.00377655029296875
0.003366231918334961
0.0035474300384521484
0.003309965133666992
0.0038633346557617188
0.0026235580444335938
0.004968404769897461
0.0042116641998291016
0.004910945892333984
0.00425410270690918
0.003899097442626953
0.004444599151611328
0.0042951107025146484
0.004406452178955078
0.00400090217590332
0.003741025924682617
0.0037910938262939453
0.0037963390350341797
0.0036683082580566406
0.003701925277709961
0.003544330596923828
0.0035402774810791016
0.0034644603729248047
0.0034487247467041016
0.003580331802368164
0.00372314453125
0.003462076187133789
0.0035021305084228516
0.0035200119018554688
0.0035257339477539062
0.003519296646118164
0.003772258758544922
0.0037441253662109375
0.003504037857055664
0.0035181045532226562
0.0037565231323242188
0.003531932830810547
0.0034987926483154297
0.0035369396209716797
0.0034554004669189453
0.003673076629638672
0.0037026405334472656
0.0037348270416259766
0.0036542415618896484
0.0037841796875
0.0035676956176757812
0.0036110877990722656
0.0034368038177490234
0.0018286705017089844
0.0036554336547851562
0.003816843032836914
0.004369974136352539
0.004888057708740234
0.003597736358642578
0.0035588741302490234
0.003866910934448242
0.0037665367126464844
0.003482818603515625
0.0040950775146484375
0.003756999969482422
0.0037088394165039062
0.0041387081146240234
0.004256486892700195
0.003968715667724609
0.0035521984100341797
0.0039310455322265625
0.0035419464111328125
0.00351715087890625
0.0035088062286376953
0.0037775039672851562
0.0035965442657470703
0.0035610198974609375
0.003538846969604492
0.0035386085510253906
0.0035402774810791016
0.0031914710998535156
0.0033025741577148438
0.0032684803009033203
0.003754854202270508
0.003487110137939453
0.003606557846069336
0.0033190250396728516
0.003332853317260742
0.0035240650177001953
0.0039386749267578125
0.003469705581665039
0.0032777786254882812
0.003298521041870117
0.0032036304473876953
0.003759145736694336
0.0035333633422851562
0.003449678421020508
0.003183126449584961
0.0034852027893066406
0.0039136409759521484
0.0034890174865722656
0.0036208629608154297
0.003904581069946289
0.0035376548767089844
0.003516674041748047
0.0035631656646728516
0.0035772323608398438
0.0037908554077148438
0.0034894943237304688
0.003498077392578125
0.003507375717163086
0.003605365753173828
0.00344085693359375
0.0034639835357666016
0.0035028457641601562
0.0034618377685546875
0.003882884979248047
0.0034630298614501953
0.0035212039947509766
0.0035898685455322266
0.003511190414428711
0.003912210464477539
0.0036640167236328125
0.003448486328125
0.003804922103881836
0.0035593509674072266
0.0035784244537353516
0.003549814224243164
0.003902912139892578
0.0035369396209716797
0.0034837722778320312
0.0035419464111328125
0.003043651580810547
0.003290891647338867
0.003242015838623047
0.0037882328033447266
0.0032091140747070312
0.002940654754638672
0.0024251937866210938
0.003154754638671875
0.0031011104583740234
0.0029098987579345703
0.002727508544921875
0.0026731491088867188
0.0029916763305664062
0.0030057430267333984
0.00299072265625
0.0030100345611572266
0.002672433853149414
0.003038644790649414
0.0029306411743164062
0.0030052661895751953
0.0026526451110839844
0.0029702186584472656
0.002872467041015625
0.003003358840942383
0.0030188560485839844
0.0030167102813720703
0.002656698226928711
0.003006458282470703
0.003004312515258789
0.0029938220977783203
0.002994060516357422
0.0026559829711914062
0.002995729446411133
0.0029997825622558594
0.003020048141479492
0.0025985240936279297
0.0030024051666259766
0.003000974655151367
0.003016233444213867
0.003018617630004883
0.0028722286224365234
0.003007173538208008
0.002993345260620117
0.002669095993041992
0.0026547908782958984
0.003000974655151367
0.002996206283569336
0.0029754638671875
0.002991914749145508
0.0026390552520751953
0.0029947757720947266
0.002683877944946289
0.0029883384704589844
0.0029897689819335938
0.0028426647186279297
0.0026540756225585938
0.0026645660400390625
0.0029997825622558594
0.003091096878051758
0.002987384796142578
0.0030364990234375
0.002935647964477539
0.003009796142578125
0.003004312515258789
0.0029821395874023438
0.0029363632202148438
0.0029702186584472656
0.0032329559326171875
0.0026559829711914062
0.0026252269744873047
0.0025832653045654297
0.002482175827026367
0.0027844905853271484
0.00283050537109375
0.0029010772705078125
0.00250244140625
0.002898693084716797
0.0029916763305664062
0.002492189407348633
0.002345561981201172
0.0023000240325927734
0.0023953914642333984
0.0019807815551757812
0.004690408706665039
0.004073143005371094
0.004576683044433594
0.004647731781005859
0.004632711410522461
0.004030466079711914
0.004647016525268555
0.004014730453491211
0.00464940071105957
0.0046234130859375
0.0046465396881103516
0.004008293151855469
0.004621744155883789
0.0043184757232666016
0.0042841434478759766
0.00429534912109375
0.004285335540771484
0.004630565643310547
0.004015445709228516
0.004630327224731445
0.003973960876464844
0.00462651252746582
0.004013776779174805
0.003663778305053711
0.004639148712158203
0.004628181457519531
0.004003047943115234
0.004622936248779297
0.004856109619140625
0.003835439682006836
0.004315614700317383
0.00434565544128418
0.004307746887207031
0.0037136077880859375
0.0044596195220947266
0.004857301712036133
0.0048580169677734375
0.003864288330078125
0.005031108856201172
0.004582881927490234
0.005127906799316406
0.004999876022338867
0.004896640777587891
0.005055427551269531
0.004987955093383789
0.005509138107299805
0.0055751800537109375
0.005999088287353516
0.0030088424682617188
0.005017518997192383
0.004606008529663086
0.004290103912353516
0.004213571548461914
0.005036115646362305
0.005057573318481445
0.004257678985595703
0.003582000732421875
0.004276752471923828
0.005223274230957031
0.004332304000854492
0.005109548568725586
0.004713296890258789
0.005177736282348633
0.005339145660400391
0.0036826133728027344
0.004011631011962891
0.003981113433837891
0.004496097564697266
0.0047605037689208984
0.004096031188964844
0.0036792755126953125
0.0036461353302001953
0.004791975021362305
0.004632234573364258
0.004621744155883789
0.0046193599700927734
0.00484919548034668
0.004300832748413086
0.00421452522277832
0.0047168731689453125
0.00473332405090332
0.00391387939453125
0.003882169723510742
0.005006551742553711
0.004643678665161133
0.004004716873168945
0.0047760009765625
0.004783153533935547
0.004580974578857422
0.004530429840087891
0.003861665725708008
0.005752086639404297
0.004774570465087891
0.004575014114379883
0.0024878978729248047
0.004054546356201172
0.00410008430480957
0.004075765609741211
0.004044771194458008
0.004038572311401367
0.003463268280029297
0.004041910171508789
0.004082679748535156
0.00423884391784668
0.0042307376861572266
0.004498720169067383
0.0043032169342041016
0.0042498111724853516
0.003927707672119141
0.004081010818481445
0.0040760040283203125
0.002561330795288086
0.003429412841796875
0.003512859344482422
0.0041103363037109375
0.00409388542175293
0.004099607467651367
0.004091978073120117
0.004077911376953125
0.004106998443603516
0.0040967464447021484
0.0040819644927978516
0.004160404205322266
0.0037102699279785156
0.002270221710205078
0.003957033157348633
0.0022895336151123047
0.003912687301635742
0.0038154125213623047
0.0037391185760498047
0.003943204879760742
0.003847360610961914
0.003910541534423828
0.003960371017456055
0.00395655632019043
0.003940105438232422
0.003672361373901367
0.0037360191345214844
0.0036559104919433594
0.0037457942962646484
0.003106832504272461
0.0064067840576171875
0.005489826202392578
0.005349397659301758
0.005700349807739258
0.004945516586303711
0.006338357925415039
0.0060155391693115234
0.004937887191772461
0.005384206771850586
0.0064067840576171875
0.0071566104888916016
0.0062372684478759766
0.0056345462799072266
0.006533622741699219
0.005280017852783203
0.005939483642578125
0.005582332611083984
0.0062656402587890625
0.005925655364990234
0.005186796188354492
0.0061109066009521484
0.0056803226470947266
0.005304574966430664
0.006285905838012695
0.0056078433990478516
0.005300283432006836
0.005562782287597656
0.004576683044433594
0.006487131118774414
0.0060214996337890625
0.005059242248535156
0.006164073944091797
0.006575822830200195
0.0055522918701171875
0.006233930587768555
0.006265878677368164
0.006650686264038086
0.005786418914794922
0.006363391876220703
0.005807638168334961
0.005795001983642578
0.005477190017700195
0.0060732364654541016
0.005273580551147461
0.004381656646728516
0.006275653839111328
0.006211280822753906
0.006385326385498047
0.006404876708984375
0.00652003288269043
0.0059583187103271484
0.0062296390533447266
0.004409313201904297
0.005967378616333008
0.0045948028564453125
0.005669832229614258
0.00590205192565918
0.005845785140991211
0.0058765411376953125
0.003930807113647461
0.004480123519897461
0.005738496780395508
0.0062100887298583984
0.00552058219909668
0.006230592727661133
0.0059702396392822266
0.006299018859863281
0.005879640579223633
0.005414724349975586
0.005632638931274414
0.005176067352294922
0.006540775299072266
0.005838155746459961
0.0051996707916259766
0.005295991897583008
0.005871295928955078
0.00650477409362793
0.004944801330566406
0.006096601486206055
0.006556987762451172
0.005784749984741211
0.0054645538330078125
0.0055921077728271484
0.00528264045715332
0.006139993667602539
0.005254030227661133
0.006384134292602539
0.006284475326538086
0.005324602127075195
0.006269931793212891
0.005298614501953125
0.004166841506958008
0.00592350959777832
0.004814863204956055
0.006110668182373047
0.006258726119995117
0.0063741207122802734
0.0057489871978759766
0.004158735275268555
0.005753517150878906
0.006008625030517578
0.006230831146240234
0.005445241928100586
0.005446910858154297
0.005144834518432617
0.00494384765625
0.0047876834869384766
0.005859375
0.0045261383056640625
0.005929708480834961
0.0056378841400146484
0.00586700439453125
0.00558161735534668
0.005808830261230469
0.005953311920166016
0.005937814712524414
0.005986452102661133
0.0045473575592041016
0.00514531135559082
0.005071878433227539
0.005051851272583008
0.0054819583892822266
0.005167245864868164
0.0048296451568603516
0.00600743293762207
0.006133079528808594
0.005362510681152344
0.005063533782958984
0.005764007568359375
0.005675315856933594
0.006135702133178711
0.005967378616333008
0.005881309509277344
0.005182504653930664
0.00564885139465332
0.005209445953369141
0.005208015441894531
0.005259513854980469
0.005194664001464844
0.005181789398193359
0.0048329830169677734
0.003828763961791992
0.00550389289855957
0.003922462463378906
0.005276679992675781
0.005486488342285156
0.0051441192626953125
0.005396127700805664
0.005465507507324219
0.005663871765136719
0.005482196807861328
0.0055353641510009766
0.0054225921630859375
0.005584716796875
0.0055277347564697266
0.005125999450683594
0.00507807731628418
0.004780769348144531
0.004782199859619141
0.005215883255004883
0.004892110824584961
0.0048007965087890625
0.005153179168701172
0.004968404769897461
0.004508495330810547
0.004395008087158203
0.004666805267333984
0.004296541213989258
0.004138946533203125
0.004434823989868164
0.004689931869506836
0.003336668014526367
0.005104780197143555
0.0046198368072509766
0.004327058792114258
0.0033669471740722656
0.0043675899505615234
0.003986358642578125
0.00477290153503418
0.00503230094909668
0.004670858383178711
0.004997730255126953
0.00463104248046875
0.005003929138183594
0.004713296890258789
0.004341840744018555
0.0041425228118896484
0.0046329498291015625
0.00399327278137207
0.003955841064453125
0.0043261051177978516
0.0038373470306396484
0.0043184757232666016
0.004995107650756836
0.0048675537109375
0.00461888313293457
0.0047931671142578125
0.0042879581451416016
0.0045948028564453125
0.004589557647705078
0.004288434982299805
0.004961252212524414
0.0046405792236328125
0.0036492347717285156
0.004671573638916016
0.004378795623779297
0.0046198368072509766
0.0049724578857421875
0.004734516143798828
0.00461578369140625
0.0048944950103759766
0.004659175872802734
0.004705190658569336
0.004799842834472656
0.005048990249633789
0.004631996154785156
0.004987001419067383
0.004999399185180664
0.004580020904541016
0.004302501678466797
0.003965616226196289
0.004606485366821289
0.004827022552490234
0.004586696624755859
0.004235506057739258
0.004398345947265625
0.0036568641662597656
0.004960775375366211
0.004612445831298828
0.004992246627807617
0.00457453727722168
0.004847049713134766
0.004316806793212891
0.004579305648803711
0.004642486572265625
0.004683732986450195
0.004292726516723633
0.0029244422912597656
0.0047607421875
0.0048122406005859375
0.004595041275024414
0.0029633045196533203
0.00558161735534668
0.004625797271728516
0.004255056381225586
0.005059957504272461
0.004271745681762695
0.004258155822753906
0.0042803287506103516
0.004321098327636719
0.00431060791015625
0.004280805587768555
0.004232645034790039
0.004275083541870117
0.003865957260131836
0.002979755401611328
0.0047702789306640625
0.004817485809326172
0.004595041275024414
0.00439143180847168
0.004743337631225586
0.004770517349243164
0.004676103591918945
0.004761695861816406
0.004283428192138672
0.004244804382324219
0.004864692687988281
0.0046498775482177734
0.0043599605560302734
0.004270315170288086
0.004287242889404297
0.0046634674072265625
0.004815101623535156
0.004266977310180664
0.004618167877197266
0.004978656768798828
0.004354953765869141
0.004355192184448242
0.005778312683105469
0.0033254623413085938
0.00444483757019043
0.00498652458190918
0.004828929901123047
0.004351139068603516
0.003347158432006836
0.004773855209350586
0.004670143127441406
0.005011320114135742
0.004720449447631836
0.004279375076293945
0.004880428314208984
0.0033359527587890625
0.004403591156005859
0.0039217472076416016
0.004284858703613281
0.004317522048950195
0.004314899444580078
0.0038557052612304688
0.0043506622314453125
0.0045680999755859375
0.003930091857910156
0.0050809383392333984
0.004642486572265625
0.004951953887939453
0.004280805587768555
0.004364490509033203
0.004712343215942383
0.004668235778808594
0.004572868347167969
0.00503993034362793
0.004326820373535156
0.004262685775756836
0.004671812057495117
0.004468679428100586
0.004521846771240234
0.0033118724822998047
0.004014015197753906
0.0026154518127441406
0.0044040679931640625
0.004314899444580078
0.004019737243652344
0.00434565544128418
0.004314422607421875
0.0046844482421875
0.004464626312255859
0.004390716552734375
0.003968238830566406
0.0043792724609375
0.004449605941772461
0.0042266845703125
0.004082441329956055
0.004139423370361328
0.004171133041381836
0.004361152648925781
0.004202127456665039
0.002498149871826172
0.004187583923339844
0.0039522647857666016
0.0038771629333496094
0.003853321075439453
0.004454851150512695
0.004059791564941406
0.004184722900390625
0.0038666725158691406
0.00417637825012207
0.004290342330932617
0.004141330718994141
0.004385709762573242
0.0045680999755859375
0.004152059555053711
0.004287004470825195
0.003972768783569336
0.004251003265380859
0.004228115081787109
0.0041961669921875
0.004168272018432617
0.0045697689056396484
0.0041713714599609375
0.004286766052246094
0.004343509674072266
0.004279375076293945
0.004167795181274414
0.003992319107055664
0.003809690475463867
0.004058361053466797
0.004220247268676758
0.0045473575592041016
0.0041730403900146484
0.004237651824951172
0.004296541213989258
0.004173755645751953
0.004212856292724609
0.0037064552307128906
0.002904176712036133
0.0039005279541015625
0.003853321075439453
0.004588127136230469
0.0041201114654541016
0.00421905517578125
0.004213809967041016
0.00457763671875
0.004251956939697266
0.00422978401184082
0.0046234130859375
0.00426483154296875
0.004174470901489258
0.004221200942993164
0.004418373107910156
0.0045206546783447266
0.004273176193237305
0.004097461700439453
0.004271984100341797
0.004236936569213867
0.0041654109954833984
0.0038874149322509766
0.004515647888183594
0.004151821136474609
0.004228830337524414
0.00417017936706543
0.0037755966186523438
0.003542184829711914
0.004550457000732422
0.00446629524230957
0.004068613052368164
0.003893613815307617
0.0039033889770507812
0.0037827491760253906
0.0038280487060546875
0.003828763961791992
0.0038230419158935547
0.004517316818237305
0.003902435302734375
0.003843545913696289
0.0038251876831054688
0.003835439682006836
0.0036728382110595703
0.003833293914794922
0.003465890884399414
0.003555774688720703
0.0035228729248046875
0.003659486770629883
0.0036373138427734375
0.003834247589111328
0.003884553909301758
0.0042531490325927734
0.0038437843322753906
0.0038993358612060547
0.0038826465606689453
0.003950357437133789
0.004182577133178711
0.0038449764251708984
0.003950834274291992
0.0033202171325683594
0.0033240318298339844
0.0033011436462402344
0.0035042762756347656
0.0033049583435058594
0.002666950225830078
0.00327301025390625
0.0017197132110595703
0.0031926631927490234
0.003261089324951172
0.0032415390014648438
0.002755880355834961
0.003302335739135742
0.0032901763916015625
0.0032804012298583984
0.0032389163970947266
0.0033321380615234375
0.003355741500854492
0.003226041793823242
0.0032846927642822266
0.0033347606658935547
0.003326892852783203
0.003189563751220703
0.003275156021118164
0.002651691436767578
0.0032868385314941406
0.00264739990234375
0.003290414810180664
0.0032677650451660156
0.0032804012298583984
0.003284931182861328
0.0032939910888671875
0.003280162811279297
0.003277301788330078
0.0032944679260253906
0.003263711929321289
0.002684354782104492
0.0034940242767333984
0.0016894340515136719
0.0033292770385742188
0.0032660961151123047
0.003282308578491211
0.0033037662506103516
0.003228425979614258
0.003274679183959961
0.0032944679260253906
0.003315448760986328
0.003373384475708008
0.0033066272735595703
0.0032880306243896484
0.0032896995544433594
0.003235340118408203
0.00328826904296875
0.003354310989379883
0.0033044815063476562
0.003282308578491211
0.0032901763916015625
0.003267526626586914
0.003300189971923828
0.003240346908569336
0.003251314163208008
0.0032660961151123047
0.003305196762084961
0.0026504993438720703
0.003287076950073242
0.0016820430755615234
0.003287076950073242
0.0033113956451416016
0.003209352493286133
0.003271818161010742
0.0034875869750976562
0.003359556198120117
0.003286600112915039
0.0032765865325927734
0.0032958984375
0.003281116485595703
0.0032885074615478516
0.0032913684844970703
0.0032787322998046875
0.0032918453216552734
0.0032775402069091797
0.003495931625366211
0.003298044204711914
0.003272533416748047
0.003299236297607422
0.003267526626586914
0.0032706260681152344
0.003253936767578125
0.003268718719482422
0.0032727718353271484
0.003342866897583008
0.003285646438598633
0.002644777297973633
0.0033197402954101562
0.003294706344604492
0.0016772747039794922
0.00325775146484375
0.003235340118408203
0.0032761096954345703
0.003278017044067383
0.003304004669189453
0.003181934356689453
0.0026519298553466797
0.003453969955444336
0.0031697750091552734
0.003325223922729492
0.0032854080200195312
0.003232240676879883
0.00328826904296875
0.0032279491424560547
0.003292560577392578
0.0025954246520996094
0.002655506134033203
0.0032265186309814453
0.0032744407653808594
0.002664327621459961
0.0032663345336914062
0.003288745880126953
0.0033271312713623047
0.003223419189453125
0.0026018619537353516
0.0032806396484375
0.0032448768615722656
0.002666950225830078
0.0032634735107421875
0.0026433467864990234
0.0026140213012695312
0.003200531005859375
0.003083944320678711
0.0032303333282470703
0.0032601356506347656
0.0030813217163085938
0.00330352783203125
0.0031862258911132812
0.0032265186309814453
0.0032601356506347656
0.0032334327697753906
0.003763914108276367
0.0033578872680664062
0.003300905227661133
0.002671957015991211
0.0026552677154541016
0.0033597946166992188
0.0033555030822753906
0.0026853084564208984
0.0016973018646240234
0.0032601356506347656
0.003288745880126953
0.0032629966735839844
0.003281831741333008
0.002655506134033203
0.003268003463745117
0.0026595592498779297
0.003274202346801758
0.0026595592498779297
0.003274202346801758
0.0026547908782958984
0.002653837203979492
0.0032701492309570312
0.003256082534790039
0.0032858848571777344
0.002652406692504883
0.0032753944396972656
0.0026535987854003906
0.002721548080444336
0.0011589527130126953
0.0027344226837158203
0.0011496543884277344
0.0027379989624023438
0.002732992172241211
0.002729654312133789
0.002732992172241211
0.00275421142578125
0.0011508464813232422
0.0011408329010009766
0.0028820037841796875
0.0027468204498291016
0.0027458667755126953
0.0027551651000976562
0.002766847610473633
0.0028007030487060547
0.0027320384979248047
0.0027387142181396484
0.0027425289154052734
0.002729177474975586
0.002732992172241211
0.002744436264038086
0.0028302669525146484
0.0027587413787841797
0.0027441978454589844
0.0027332305908203125
0.002732515335083008
0.0027463436126708984
0.002731800079345703
0.002756357192993164
0.002744913101196289
0.0027365684509277344
0.0027277469635009766
0.0027463436126708984
0.002724885940551758
0.0027549266815185547
0.002746105194091797
0.0027489662170410156
0.002737283706665039
0.002759695053100586
0.002734661102294922
0.002752065658569336
0.0029358863830566406
0.002741575241088867
0.0027718544006347656
0.002738475799560547
0.0027399063110351562
0.0027256011962890625
0.00275421142578125
0.002736806869506836
0.002755880355834961
0.002729654312133789
0.0028328895568847656
0.002744913101196289
0.0027565956115722656
0.0027399063110351562
0.0027344226837158203
0.0027136802673339844
0.002733469009399414
0.0027472972869873047
0.0027513504028320312
0.0027468204498291016
0.002741575241088867
0.0027379989624023438
0.0027534961700439453
0.002737760543823242
0.0027451515197753906
0.002735614776611328
0.0027561187744140625
0.0032563209533691406
0.002779245376586914
0.0011589527130126953
0.0011510848999023438
0.0027527809143066406
0.0011627674102783203
0.0023097991943359375
0.0037746429443359375
0.0049495697021484375
0.004483699798583984
0.0046787261962890625
0.005113124847412109
0.005384206771850586
0.004614830017089844
0.003989696502685547
0.003611326217651367
0.003124237060546875
0.0036275386810302734
0.004565715789794922
0.004877328872680664
0.0044977664947509766
0.004661083221435547
0.003973722457885742
0.0045664310455322266
0.004499912261962891
0.005221128463745117
0.004960060119628906
0.00324249267578125
0.005553483963012695
0.004602670669555664
0.0052814483642578125
0.004546642303466797
0.004898548126220703
0.004746675491333008
0.005206108093261719
0.004308462142944336
0.004328489303588867
0.003807544708251953
0.004390716552734375
0.004586696624755859
0.0039708614349365234
0.004908323287963867
0.0049304962158203125
0.004967451095581055
0.00498199462890625
0.004945516586303711
0.0045871734619140625
0.00492548942565918
0.0049285888671875
0.004839897155761719
0.004303932189941406
0.004366874694824219
0.004691362380981445
0.00397181510925293
0.0042994022369384766
0.003672361373901367
0.004998683929443359
0.0034537315368652344
0.004614353179931641
0.004971027374267578
0.005272626876831055
0.005019187927246094
0.004862785339355469
0.005461931228637695
0.005447864532470703
0.005209207534790039
0.005234241485595703
0.00499415397644043
0.0044591426849365234
0.0045549869537353516
0.005481719970703125
0.004929304122924805
0.004671335220336914
0.00496220588684082
0.0050258636474609375
0.004931926727294922
0.005052804946899414
0.0047948360443115234
0.003531932830810547
0.005384206771850586
0.004862308502197266
0.004689455032348633
0.004636526107788086
0.0042459964752197266
0.003922462463378906
0.004586935043334961
0.00453948974609375
0.0038726329803466797
0.00339508056640625
0.0037412643432617188
0.005234718322753906
0.0050928592681884766
0.005176067352294922
0.005015850067138672
0.0037374496459960938
0.004326343536376953
0.0036225318908691406
0.0038356781005859375
0.0044651031494140625
0.004939079284667969
0.00452113151550293
0.004881381988525391
0.004886150360107422
0.004691362380981445
0.004793882369995117
0.0047419071197509766
0.004696846008300781
0.0047397613525390625
0.005249500274658203
0.004528522491455078
0.004852771759033203
0.0050258636474609375
0.004952192306518555
0.004980802536010742
0.004883527755737305
0.0049021244049072266
0.004584312438964844
0.003978729248046875
0.00423884391784668
0.00439453125
0.003957033157348633
0.002996683120727539
0.0049932003021240234
0.00443267822265625
0.003299236297607422
0.004915714263916016
0.004701137542724609
0.0049250125885009766
0.004940032958984375
0.004944562911987305
0.004911184310913086
0.004433870315551758
0.004480838775634766
0.004820585250854492
0.0043871402740478516
0.0044825077056884766
0.004322528839111328
0.004342794418334961
0.004305124282836914
0.0043222904205322266
0.0043354034423828125
0.0029959678649902344
0.005033731460571289
0.0045375823974609375
0.004973173141479492
0.004927635192871094
0.004965543746948242
0.004929542541503906
0.005173206329345703
0.004980325698852539
0.002988576889038086
0.0049591064453125
0.004891157150268555
0.00430750846862793
0.004497528076171875
0.004941701889038086
0.00506138801574707
0.0052967071533203125
0.004724979400634766
0.004595041275024414
0.00398564338684082
0.004377126693725586
0.004622697830200195
0.004923582077026367
0.004340171813964844
0.0045506954193115234
0.004428386688232422
0.004942178726196289
0.004328250885009766
0.004372119903564453
0.004983663558959961
0.0045850276947021484
0.004810810089111328
0.005551815032958984
0.0052814483642578125
0.0052700042724609375
0.005282402038574219
0.005552530288696289
0.005648374557495117
0.004128932952880859
0.005409717559814453
0.005669832229614258
0.005325794219970703
0.004824161529541016
0.004921436309814453
0.005965471267700195
0.004886627197265625
0.005967140197753906
0.0056304931640625
0.0048160552978515625
0.003803253173828125
0.005814075469970703
0.005645751953125
0.005628347396850586
0.005461692810058594
0.005339622497558594
0.00482177734375
0.0044536590576171875
0.00461125373840332
0.004740476608276367
0.005053281784057617
0.005618095397949219
0.0032727718353271484
0.005190610885620117
0.004506826400756836
0.004847288131713867
0.0056018829345703125
0.005272388458251953
0.005504131317138672
0.005663156509399414
0.005442142486572266
0.005224943161010742
0.004411935806274414
0.005147695541381836
0.004277944564819336
0.004959583282470703
0.004992961883544922
0.0036978721618652344
0.003506898880004883
0.0032472610473632812
0.0049173831939697266
0.004896879196166992
0.005068778991699219
0.005038022994995117
0.004586458206176758
0.003220796585083008
0.003203868865966797
0.004522800445556641
0.004857540130615234
0.004672527313232422
0.005432844161987305
0.005388975143432617
0.004938602447509766
0.004367828369140625
0.004390716552734375
0.004518270492553711
0.004535675048828125
0.004467964172363281
0.004076957702636719
0.004197597503662109
0.00413203239440918
0.0039730072021484375
0.0031719207763671875
0.004686832427978516
0.004472255706787109
0.004520416259765625
0.004244089126586914
0.0047702789306640625
0.00399017333984375
0.004711627960205078
0.004565000534057617
0.004496335983276367
0.004514455795288086
0.0044596195220947266
0.0038933753967285156
0.004384279251098633
0.004177570343017578
0.0044765472412109375
0.004589557647705078
0.0041675567626953125
0.004951953887939453
0.004513263702392578
0.00444340705871582
0.004140138626098633
0.00457310676574707
0.0048427581787109375
0.004456758499145508
0.004453182220458984
0.004547119140625
0.004619598388671875
0.004488468170166016
0.0044901371002197266
0.00462031364440918
0.004728078842163086
0.0045855045318603516
0.004155158996582031
0.0041615962982177734
0.004692792892456055
0.00413203239440918
0.004105806350708008
0.0041599273681640625
0.0044367313385009766
0.004462480545043945
0.004483699798583984
0.0045626163482666016
0.004511833190917969
0.004476308822631836
0.003030061721801758
0.003204345703125
0.004621744155883789
0.0027251243591308594
0.004141330718994141
0.003911018371582031
0.003894329071044922
0.00386810302734375
0.003923654556274414
0.004265308380126953
0.0037980079650878906
0.004144191741943359
0.0039789676666259766
0.003905773162841797
0.0038442611694335938
0.0038466453552246094
0.0038471221923828125
0.004174709320068359
0.00402069091796875
0.004036426544189453
0.0038509368896484375
0.003823995590209961
0.003929615020751953
0.004244089126586914
0.004208564758300781
0.004254817962646484
0.003887176513671875
0.004099607467651367
0.003882169723510742
0.003891468048095703
0.003827810287475586
0.003737211227416992
0.003641843795776367
0.003550291061401367
0.003515958786010742
0.0044057369232177734
0.004179716110229492
0.0038280487060546875
0.0037801265716552734
0.0038776397705078125
0.003448009490966797
0.003496885299682617
0.002517223358154297
0.0035076141357421875
0.0036504268646240234
0.003637075424194336
0.0037086009979248047
0.0036478042602539062
0.0031731128692626953
0.0033822059631347656
0.003579854965209961
0.0029315948486328125
0.002950429916381836
0.0034494400024414062
0.0033087730407714844
0.0019941329956054688
0.0036437511444091797
0.00362396240234375
0.0032804012298583984
0.003290414810180664
0.003023862838745117
0.003056764602661133
0.002966165542602539
0.0033872127532958984
0.0033593177795410156
0.003018617630004883
0.002069234848022461
0.003971099853515625
0.0036249160766601562
0.0032567977905273438
0.0036597251892089844
0.003771543502807617
0.0033164024353027344
0.0032701492309570312
0.0036118030548095703
0.0036551952362060547
0.003258228302001953
0.0016033649444580078
0.003431081771850586
0.0036437511444091797
0.003332376480102539
0.003028392791748047
0.002969503402709961
0.0033719539642333984
0.0034151077270507812
0.0033750534057617188
0.003354310989379883
0.0029091835021972656
0.002969503402709961
0.0032820701599121094
0.003328561782836914
0.003352642059326172
0.0033180713653564453
0.0036759376525878906
0.0032863616943359375
0.003286123275756836
0.00328826904296875
0.0032973289489746094
0.003422260284423828
0.0039014816284179688
0.0033385753631591797
0.003449678421020508
0.003360271453857422
0.0036792755126953125
0.0032958984375
0.0030622482299804688
0.0029687881469726562
0.0033354759216308594
0.003267049789428711
0.003266572952270508
0.0035376548767089844
0.0026230812072753906
0.0042438507080078125
0.0034372806549072266
0.0032808780670166016
0.003377676010131836
0.003378152847290039
0.003681182861328125
0.00328826904296875
0.0032722949981689453
0.003290891647338867
0.0036072731018066406
0.0035600662231445312
0.0037202835083007812
0.0033998489379882812
0.003659486770629883
0.0034759044647216797
0.003609180450439453
0.0034754276275634766
0.0035812854766845703
0.0033745765686035156
0.003394603729248047
0.0033462047576904297
0.003018617630004883
0.00308990478515625
0.002979278564453125
0.0033125877380371094
0.003011465072631836
0.003317594528198242
0.002983570098876953
0.0036749839782714844
0.003309488296508789
0.0034394264221191406
0.00327301025390625
0.0038542747497558594
0.003642559051513672
0.00331878662109375
0.003276348114013672
0.0036160945892333984
0.0036597251892089844
0.003278493881225586
0.0035698413848876953
0.0036170482635498047
0.003303050994873047
0.003425121307373047
0.0026662349700927734
0.002662181854248047
0.0020110607147216797
0.0041697025299072266
0.003969430923461914
0.0034949779510498047
0.0035676956176757812
0.0035562515258789062
0.003345012664794922
0.0032777786254882812
0.0036568641662597656
0.003290891647338867
0.003626108169555664
0.0033664703369140625
0.0033304691314697266
0.0033638477325439453
0.003320455551147461
0.003300189971923828
0.0036089420318603516
0.0032410621643066406
0.003373384475708008
0.0036416053771972656
0.003282785415649414
0.0034058094024658203
0.0016086101531982422
0.0034372806549072266
0.00331878662109375
0.0033576488494873047
0.0036902427673339844
0.0033752918243408203
0.003759622573852539
0.0033197402954101562
0.003324270248413086
0.0029754638671875
0.0030841827392578125
0.0036149024963378906
0.0032911300659179688
0.0033054351806640625
0.0038764476776123047
0.003300905227661133
0.0033931732177734375
0.003283262252807617
0.003267049789428711
0.0032684803009033203
0.0032460689544677734
0.003348112106323242
0.0035529136657714844
0.0032792091369628906
0.0016024112701416016
0.0034356117248535156
0.0032987594604492188
0.0031549930572509766
0.0028209686279296875
0.0028994083404541016
0.0029344558715820312
0.002942800521850586
0.002942800521850586
0.002002716064453125
0.0040247440338134766
0.003424406051635742
0.0032720565795898438
0.0033049583435058594
0.003345012664794922
0.0034592151641845703
0.003385305404663086
0.003490924835205078
0.0032668113708496094
0.003618478775024414
0.0032913684844970703
0.0038535594940185547
0.0034363269805908203
0.0033676624298095703
0.003305673599243164
0.003371715545654297
0.003265380859375
0.003284931182861328
0.003046751022338867
0.002994537353515625
0.0029726028442382812
0.003328084945678711
0.0032744407653808594
0.003233194351196289
0.0033025741577148438
0.003310680389404297
0.0033130645751953125
0.003305196762084961
0.001984834671020508
0.003702402114868164
0.003314971923828125
0.0033087730407714844
0.003334522247314453
0.0032689571380615234
0.003319978713989258
0.0033295154571533203
0.003300189971923828
0.0033316612243652344
0.0033164024353027344
0.0033648014068603516
0.002870798110961914
0.0029222965240478516
0.0019965171813964844
0.0020644664764404297
0.0036203861236572266
0.003297567367553711
0.0032913684844970703
0.003309488296508789
0.0030159950256347656
0.003304719924926758
0.003448009490966797
0.0033054351806640625
0.003329038619995117
0.0029587745666503906
0.0035195350646972656
0.003098726272583008
0.0033817291259765625
0.0033524036407470703
0.0036449432373046875
0.004431962966918945
0.0033881664276123047
0.003325939178466797
0.0029518604278564453
0.0035376548767089844
0.0030968189239501953
0.00330352783203125
0.003283262252807617
0.003400087356567383
0.0035343170166015625
0.003268718719482422
0.0033419132232666016
0.0019919872283935547
0.003507375717163086
0.003306150436401367
0.0036475658416748047
0.003326892852783203
0.003309965133666992
0.003656625747680664
0.0032939910888671875
0.0036797523498535156
0.0034003257751464844
0.003515481948852539
0.0033206939697265625
0.0033254623413085938
0.0036046504974365234
0.0036525726318359375
0.003282308578491211
0.0031087398529052734
0.0033113956451416016
0.0029909610748291016
0.0032999515533447266
0.003679513931274414
0.003309011459350586
0.003270387649536133
0.0032629966735839844
0.0032320022583007812
0.003238677978515625
0.0034050941467285156
0.0033111572265625
0.003363370895385742
0.00334930419921875
0.002884387969970703
0.002960205078125
0.0029518604278564453
0.003292560577392578
0.0035893917083740234
0.0036191940307617188
0.00331878662109375
0.001989126205444336
0.0040891170501708984
0.003840208053588867
0.002945423126220703
0.0035588741302490234
0.0026721954345703125
0.0030477046966552734
0.0033779144287109375
0.0032880306243896484
0.0033261775970458984
0.0032570362091064453
0.0032765865325927734
0.003644704818725586
0.003243684768676758
0.0033457279205322266
0.0033533573150634766
0.0032737255096435547
0.003442049026489258
0.0036983489990234375
0.0033121109008789062
0.0030846595764160156
0.003020048141479492
0.003042936325073242
0.0031080245971679688
0.0016129016876220703
0.003421783447265625
0.003367185592651367
0.0032417774200439453
0.00330352783203125
0.0036101341247558594
0.0033338069915771484
0.003338336944580078
0.0033981800079345703
0.0033164024353027344
0.0032510757446289062
0.001971721649169922
0.003084421157836914
0.002955913543701172
0.0033500194549560547
0.0035321712493896484
0.003312349319458008
0.00330352783203125
0.0036830902099609375
0.0036363601684570312
0.0035636425018310547
0.0034728050231933594
0.0031485557556152344
0.003358125686645508
0.002979278564453125
0.0032606124877929688
0.003355264663696289
0.0036857128143310547
0.0029468536376953125
0.0032770633697509766
0.0029783248901367188
0.0035400390625
0.0034737586975097656
0.003324270248413086
0.0039746761322021484
0.003203868865966797
0.0033648014068603516
0.003147125244140625
0.0027556419372558594
0.002881288528442383
0.0031270980834960938
0.002820253372192383
0.0032329559326171875
0.002928495407104492
0.0028336048126220703
0.003095388412475586
0.0028505325317382812
0.0028247833251953125
0.0028743743896484375
0.0028085708618164062
0.0028514862060546875
0.0029103755950927734
0.0028667449951171875
0.0028564929962158203
0.0028672218322753906
0.0029320716857910156
0.0028655529022216797
0.002869129180908203
0.003247976303100586
0.003213644027709961
0.0028913021087646484
0.0029168128967285156
0.0029332637786865234
0.002947092056274414
0.0029985904693603516
0.0028150081634521484
0.00281524658203125
0.0028150081634521484
0.0027341842651367188
0.002748727798461914
0.0028617382049560547
0.002802133560180664
0.002825021743774414
0.0028002262115478516
0.0028374195098876953
0.0028793811798095703
0.0028524398803710938
0.003204822540283203
0.0027997493743896484
0.0028045177459716797
0.002891063690185547
0.00302886962890625
0.003160238265991211
0.0031690597534179688
0.003015756607055664
0.003059864044189453
0.0027916431427001953
0.0028145313262939453
0.003172636032104492
0.0028095245361328125
0.0028951168060302734
0.0028486251831054688
0.0029151439666748047
0.0028717517852783203
0.0032300949096679688
0.0031926631927490234
0.0030107498168945312
0.003598928451538086
0.002880096435546875
0.003232240676879883
0.0028791427612304688
0.003168821334838867
0.0028600692749023438
0.0031490325927734375
0.0028684139251708984
0.003252267837524414
0.002872943878173828
0.003067493438720703
0.002840280532836914
0.0030608177185058594
0.00299072265625
0.0031757354736328125
0.0028162002563476562
0.002865314483642578
0.0029168128967285156
0.0028429031372070312
0.0028922557830810547
0.0028340816497802734
0.0031557083129882812
0.00289154052734375
0.0030536651611328125
0.002935171127319336
0.0011749267578125
0.0026922225952148438
0.0029973983764648438
0.0028319358825683594
0.0028374195098876953
0.002876758575439453
0.002885580062866211
0.0028955936431884766
0.00275421142578125
0.0026443004608154297
0.002639293670654297
0.0025980472564697266
0.0027494430541992188
0.0025784969329833984
0.0025403499603271484
0.0025467872619628906
0.0025386810302734375
0.0025429725646972656
0.0025458335876464844
0.002529621124267578
0.0025353431701660156
0.002481222152709961
0.003011941909790039
0.0028324127197265625
0.0026798248291015625
0.0026428699493408203
0.002632617950439453
0.00262451171875
0.002501249313354492
0.0029096603393554688
0.002823352813720703
0.002870798110961914
0.0025076866149902344
0.0028281211853027344
0.002508401870727539
0.0031652450561523438
0.0031957626342773438
0.0027794837951660156
0.0028684139251708984
0.0031294822692871094
0.0030024051666259766
0.003178834915161133
0.0031404495239257812
0.0027921199798583984
0.002917051315307617
0.0028374195098876953
0.002785921096801758
0.002778768539428711
0.0031995773315429688
0.0028498172760009766
0.002904176712036133
0.002791881561279297
0.002784252166748047
0.0030333995819091797
0.0031774044036865234
0.0027632713317871094
0.0011620521545410156
0.0028486251831054688
0.002948284149169922
0.0028917789459228516
0.0029480457305908203
0.002884387969970703
0.0028264522552490234
0.003202199935913086
0.0028905868530273438
0.0029582977294921875
0.002870321273803711
0.002833843231201172
0.0028121471405029297
0.0031194686889648438
0.002986907958984375
0.0028018951416015625
0.0023870468139648438
0.002414703369140625
0.0024602413177490234
0.002474546432495117
0.0024652481079101562
0.002481222152709961
0.002501249313354492
0.0021898746490478516
0.001531362533569336
0.0015747547149658203
0.0032558441162109375
0.003075838088989258
0.003087282180786133
0.003160715103149414
0.0014095306396484375
0.001497507095336914
0.0031273365020751953
0.0031309127807617188
0.003039121627807617
0.003076791763305664
0.0030794143676757812
0.003106832504272461
0.0030956268310546875
0.003093242645263672
0.003094196319580078
0.003100156784057617
0.0031223297119140625
0.003094911575317383
0.003086566925048828
0.003117799758911133
0.0030498504638671875
0.0031027793884277344
0.0031042098999023438
0.0033528804779052734
0.003117084503173828
0.0030977725982666016
0.003106832504272461
0.0030918121337890625
0.003100156784057617
0.0031566619873046875
0.0030994415283203125
0.0030951499938964844
0.0024585723876953125
0.0031096935272216797
0.003094911575317383
0.003087759017944336
0.0014920234680175781
0.0031099319458007812
0.003099203109741211
0.003095388412475586
0.0031239986419677734
0.003023386001586914
0.003139495849609375
0.0031027793884277344
0.0030879974365234375
0.003093242645263672
0.0031020641326904297
0.003097057342529297
0.0030896663665771484
0.003097057342529297
0.003092527389526367
0.003077268600463867
0.0030765533447265625
0.003086090087890625
0.0030889511108398438
0.003090381622314453
0.003751039505004883
0.0030906200408935547
0.0031042098999023438
0.0031175613403320312
0.003109455108642578
0.0030965805053710938
0.003096342086791992
0.0030944347381591797
0.0031108856201171875
0.0030820369720458984
0.0030837059020996094
0.0031011104583740234
0.003094911575317383
0.003101825714111328
0.0031135082244873047
0.0030901432037353516
0.003090381622314453
0.0030875205993652344
0.003094911575317383
0.003081798553466797
0.0014827251434326172
0.0031092166900634766
0.0030889511108398438
0.002469778060913086
0.0031151771545410156
0.0030977725982666016
0.0031096935272216797
0.0024509429931640625
0.0031044483184814453
0.0030939579010009766
0.003098011016845703
0.003089427947998047
0.003160238265991211
0.0016818046569824219
0.003124237060546875
0.0031108856201171875
0.0030846595764160156
0.003083944320678711
0.0032806396484375
0.003123044967651367
0.003174304962158203
0.003154277801513672
0.003116130828857422
0.003573179244995117
0.003120899200439453
0.0031099319458007812
0.0031311511993408203
0.003125429153442383
0.0031173229217529297
0.0031087398529052734
0.0030961036682128906
0.0031270980834960938
0.003100872039794922
0.003081083297729492
0.0031080245971679688
0.003110170364379883
0.0030913352966308594
0.0030896663665771484
0.003088235855102539
0.0030984878540039062
0.0030944347381591797
0.003175973892211914
0.0030889511108398438
0.003084897994995117
0.0030875205993652344
0.003305196762084961
0.0030863285064697266
0.003091096878051758
0.0031011104583740234
0.0030913352966308594
0.0030739307403564453
0.0030846595764160156
0.0030765533447265625
0.0024695396423339844
0.0027549266815185547
0.0027379989624023438
0.0027458667755126953
0.00113677978515625
0.0027751922607421875
0.0027391910552978516
0.002758502960205078
0.0027341842651367188
0.0011334419250488281
0.0027489662170410156
0.0011243820190429688
0.0011394023895263672
0.0028069019317626953
0.0027244091033935547
0.002773761749267578
0.0027387142181396484
0.002743244171142578
0.0027875900268554688
0.0027396678924560547
0.0027506351470947266
0.0027322769165039062
0.002759695053100586
0.0027856826782226562
0.0027692317962646484
0.002729654312133789
0.0029401779174804688
0.002766132354736328
0.0027348995208740234
0.002759218215942383
0.002778291702270508
0.0027589797973632812
0.0027365684509277344
0.002969980239868164
0.002778291702270508
0.0027437210083007812
0.0028541088104248047
0.0027387142181396484
0.0027551651000976562
0.002751588821411133
0.0027430057525634766
0.002740144729614258
0.002758502960205078
0.0027251243591308594
0.0027599334716796875
0.0027310848236083984
0.002772808074951172
0.002762317657470703
0.0027565956115722656
0.0027337074279785156
0.0027544498443603516
0.0027685165405273438
0.002730131149291992
0.0028467178344726562
0.0027446746826171875
0.002756357192993164
0.0027256011962890625
0.0027513504028320312
0.002924203872680664
0.002756834030151367
0.002742767333984375
0.002788066864013672
0.002755403518676758
0.0027496814727783203
0.0027930736541748047
0.0029609203338623047
0.0027539730072021484
0.002753734588623047
0.0027484893798828125
0.0027534961700439453
0.0027632713317871094
0.002099752426147461
0.003389596939086914
0.004488229751586914
0.005511045455932617
0.004828929901123047
0.005198955535888672
0.003132343292236328
0.0031702518463134766
0.0047702789306640625
0.0048122406005859375
0.004801750183105469
0.004706621170043945
0.004899024963378906
0.004945516586303711
0.004461050033569336
0.004758119583129883
0.004781961441040039
0.004975080490112305
0.0047986507415771484
0.0051364898681640625
0.00440526008605957
0.0047454833984375
0.004436016082763672
0.004767894744873047
0.004811763763427734
0.004418373107910156
0.0057659149169921875
0.004415750503540039
0.004433870315551758
0.005044221878051758
0.00467371940612793
0.004585742950439453
0.0050678253173828125
0.004425764083862305
0.004458427429199219
0.004304647445678711
0.004117250442504883
0.004135608673095703
0.004562854766845703
0.004140377044677734
0.003947019577026367
0.0038383007049560547
0.004300117492675781
0.004207611083984375
0.0038383007049560547
0.00469970703125
0.004784584045410156
0.004196643829345703
0.004148006439208984
0.004258394241333008
0.0037751197814941406
0.0038733482360839844
0.00500798225402832
0.005115985870361328
0.0030896663665771484
0.003513336181640625
0.004714250564575195
0.0031883716583251953
0.005306720733642578
0.004778623580932617
0.0034694671630859375
0.005083322525024414
0.004777193069458008
0.004836082458496094
0.004773139953613281
0.004795074462890625
0.00529170036315918
0.00444793701171875
0.004448890686035156
0.0045299530029296875
0.0046045780181884766
0.004360198974609375
0.004779815673828125
0.004853725433349609
0.004377603530883789
0.004803895950317383
0.00509953498840332
0.005048274993896484
0.005208730697631836
0.004729270935058594
0.005128622055053711
0.00495457649230957
0.003479480743408203
0.0042743682861328125
0.004834651947021484
0.004521608352661133
0.0048215389251708984
0.0048525333404541016
0.0048007965087890625
0.004975318908691406
0.004864931106567383
0.004796266555786133
0.004759073257446289
0.004774570465087891
0.005163431167602539
0.005193471908569336
0.00353240966796875
0.005219459533691406
0.004897117614746094
0.004536628723144531
0.0041654109954833984
0.004567623138427734
0.004203081130981445
0.004184722900390625
0.004162311553955078
0.0042188167572021484
0.004082679748535156
0.0038275718688964844
0.0045435428619384766
0.004126548767089844
0.0041730403900146484
0.0041544437408447266
0.004431009292602539
0.004831552505493164
0.004945278167724609
0.00477147102355957
0.003805875778198242
0.005110740661621094
0.004862546920776367
0.005171775817871094
0.005135059356689453
0.004954814910888672
0.0030477046966552734
0.0049076080322265625
0.004835367202758789
0.005113840103149414
0.0050504207611083984
0.004723072052001953
0.004803895950317383
0.004121065139770508
0.004921436309814453
0.0047643184661865234
0.0050907135009765625
0.004830121994018555
0.00475001335144043
0.0047321319580078125
0.005086660385131836
0.004880189895629883
0.004893302917480469
0.0051422119140625
0.005030393600463867
0.005078792572021484
0.004238605499267578
0.005018949508666992
0.004439353942871094
0.005012035369873047
0.00472569465637207
0.004770755767822266
0.004714250564575195
0.004782199859619141
0.004365205764770508
0.004458427429199219
0.00454401969909668
0.004830598831176758
0.004909992218017578
0.0042607784271240234
0.0050661563873291016
0.003292083740234375
0.004306793212890625
0.004651308059692383
0.00448918342590332
0.0045642852783203125
0.004080295562744141
0.003996133804321289
0.004299163818359375
0.004335641860961914
0.003927946090698242
0.0039653778076171875
0.003902912139892578
0.003943681716918945
0.00390934944152832
0.003976345062255859
0.0041582584381103516
0.004300594329833984
0.004334688186645508
0.003967761993408203
0.0038852691650390625
0.0035309791564941406
0.00427699089050293
0.0037174224853515625
0.003939628601074219
0.0028023719787597656
0.003897428512573242
0.003981113433837891
0.00429081916809082
0.002759695053100586
0.0038733482360839844
0.004479408264160156
0.004763603210449219
0.0045702457427978516
0.002939939498901367
0.00408482551574707
0.003141164779663086
0.0027997493743896484
0.004075050354003906
0.004312992095947266
0.004483699798583984
0.004848003387451172
0.00432133674621582
0.004604816436767578
0.004426002502441406
0.004557132720947266
0.0049664974212646484
0.004054546356201172
0.003149271011352539
0.0042018890380859375
0.004450559616088867
0.004092693328857422
0.004423856735229492
0.004201173782348633
0.0041005611419677734
0.002653837203979492
0.0044939517974853516
0.004341840744018555
0.0044248104095458984
0.0044918060302734375
0.0046236515045166016
0.005006313323974609
0.005346536636352539
0.004486083984375
0.004099845886230469
0.003817319869995117
0.004380464553833008
0.00390625
0.004206180572509766
0.004180431365966797
0.004369020462036133
0.004258394241333008
0.004967212677001953
0.003993988037109375
0.0043451786041259766
0.0047762393951416016
0.004317760467529297
0.0042569637298583984
0.004311084747314453
0.004454851150512695
0.00402522087097168
0.004465579986572266
0.0043370723724365234
0.004408121109008789
0.004406929016113281
0.0042819976806640625
0.004707813262939453
0.003881692886352539
0.004149913787841797
0.004129648208618164
0.0045015811920166016
0.004153251647949219
0.004769802093505859
0.005421876907348633
0.004439115524291992
0.004405498504638672
0.004847526550292969
0.004472017288208008
0.004130840301513672
0.004115104675292969
0.003871440887451172
0.004029989242553711
0.003931760787963867
0.0037806034088134766
0.003808259963989258
0.004215717315673828
0.004208564758300781
0.0038657188415527344
0.0038115978240966797
0.003548145294189453
0.003818035125732422
0.003860950469970703
0.003568410873413086
0.004113435745239258
0.0040814876556396484
0.004228115081787109
0.003969907760620117
0.0031914710998535156
0.0031523704528808594
0.0025267601013183594
0.003891468048095703
0.003159761428833008
0.0034689903259277344
0.0031545162200927734
0.003553152084350586
0.0032372474670410156
0.003398418426513672
0.0035293102264404297
0.003345012664794922
0.0031707286834716797
0.0030388832092285156
0.0031991004943847656
0.0031087398529052734
0.0030286312103271484
0.0033109188079833984
0.003075838088989258
0.003068685531616211
0.0029828548431396484
0.003649473190307617
0.0034208297729492188
0.0030775070190429688
0.0032684803009033203
0.003005504608154297
0.003142118453979492
0.0035021305084228516
0.0033638477325439453
0.0035033226013183594
0.003143310546875
0.0031805038452148438
0.003345489501953125
0.003015279769897461
0.0030426979064941406
0.003544330596923828
0.003146648406982422
0.0033211708068847656
0.0014383792877197266
0.0033614635467529297
0.0031557083129882812
0.002940654754638672
0.002869129180908203
0.0028374195098876953
0.0028142929077148438
0.002864360809326172
0.0033113956451416016
0.0032944679260253906
0.0029807090759277344
0.002840280532836914
0.0031049251556396484
0.003083467483520508
0.003167390823364258
0.0030999183654785156
0.003166675567626953
0.002855539321899414
0.002771615982055664
0.0037772655487060547
0.003749370574951172
0.0031740665435791016
0.0030956268310546875
0.0034003257751464844
0.0030972957611083984
0.003124237060546875
0.003146648406982422
0.0031685829162597656
0.003148794174194336
0.0031654834747314453
0.003147125244140625
0.0030837059020996094
0.0031032562255859375
0.003170490264892578
0.0033059120178222656
0.0033774375915527344
0.003479480743408203
0.0033893585205078125
0.0034563541412353516
0.0032262802124023438
0.003245115280151367
0.003137350082397461
0.003167390823364258
0.0027747154235839844
0.003451108932495117
0.0027844905853271484
0.0027997493743896484
0.0030052661895751953
0.0024962425231933594
0.0028846263885498047
0.0018534660339355469
0.003546476364135742
0.0036690235137939453
0.004156351089477539
0.0033075809478759766
0.0030608177185058594
0.003188610076904297
0.003153085708618164
0.003205537796020508
0.003039836883544922
0.003119230270385742
0.003312826156616211
0.0030167102813720703
0.0032215118408203125
0.0030236244201660156
0.0032227039337158203
0.00302886962890625
0.003282308578491211
0.003065824508666992
0.003087282180786133
0.003345489501953125
0.0030901432037353516
0.002985239028930664
0.0029382705688476562
0.002850055694580078
0.003209352493286133
0.0029485225677490234
0.002934694290161133
0.0029392242431640625
0.0029172897338867188
0.0030624866485595703
0.002969503402709961
0.003299236297607422
0.0030851364135742188
0.002871990203857422
0.003002166748046875
0.0030684471130371094
0.0028243064880371094
0.003076314926147461
0.0030510425567626953
0.0030481815338134766
0.0030715465545654297
0.003011465072631836
0.0030050277709960938
0.0028748512268066406
0.002774477005004883
0.0028409957885742188
0.0029230117797851562
0.0027532577514648438
0.0028607845306396484
0.0027408599853515625
0.0026865005493164062
0.0035965442657470703
0.002878904342651367
0.0033121109008789062
0.0030400753021240234
0.003031492233276367
0.0034744739532470703
0.003002643585205078
0.0034475326538085938
0.003094196319580078
0.0033190250396728516
0.0030426979064941406
0.0029497146606445312
0.0031583309173583984
0.0034635066986083984
0.0030868053436279297
0.0033957958221435547
0.0032639503479003906
0.0033979415893554688
0.0014586448669433594
0.0032846927642822266
0.003303050994873047
0.003148794174194336
0.0031859874725341797
0.003139495849609375
0.0035104751586914062
0.003218412399291992
0.0032715797424316406
0.003047466278076172
0.003117084503173828
0.00310516357421875
0.003153085708618164
0.0026292800903320312
0.0027723312377929688
0.002602100372314453
0.0019004344940185547
0.0034859180450439453
0.003311634063720703
0.0031354427337646484
0.0034186840057373047
0.002863645553588867
0.002820253372192383
0.004453897476196289
0.0037887096405029297
0.003419637680053711
0.003322601318359375
0.0030286312103271484
0.003108501434326172
0.003171205520629883
0.003240346908569336
0.0031347274780273438
0.0031478404998779297
0.0034971237182617188
0.0031397342681884766
0.0031578540802001953
0.0032303333282470703
0.0036673545837402344
0.0032148361206054688
0.0031659603118896484
0.0035970211029052734
0.003514528274536133
0.00319671630859375
0.003114461898803711
0.0031070709228515625
0.0033524036407470703
0.003032207489013672
0.0029802322387695312
0.0030694007873535156
0.0030765533447265625
0.003162384033203125
0.0029706954956054688
0.003033876419067383
0.0029582977294921875
0.003026723861694336
0.003304004669189453
0.003157377243041992
0.0030646324157714844
0.0031397342681884766
0.003555774688720703
0.0035505294799804688
0.003483295440673828
0.0014476776123046875
0.0032279491424560547
0.003195524215698242
0.003167867660522461
0.0031747817993164062
0.003217935562133789
0.003692150115966797
0.0031499862670898438
0.0034677982330322266
0.0032846927642822266
0.0035054683685302734
0.0035431385040283203
0.0031442642211914062
0.0034945011138916016
0.003480195999145508
0.0033655166625976562
0.0030159950256347656
0.002884387969970703
0.002880573272705078
0.003126382827758789
0.0030748844146728516
0.0030639171600341797
0.0028743743896484375
0.0029425621032714844
0.0030794143676757812
0.003147602081298828
0.0029366016387939453
0.0028607845306396484
0.002661466598510742
0.0032558441162109375
0.003198862075805664
0.0031490325927734375
0.0031366348266601562
0.002775430679321289
0.002800464630126953
0.003448486328125
0.00351715087890625
0.0027801990509033203
0.003823995590209961
0.003101348876953125
0.0030281543731689453
0.002973318099975586
0.0034470558166503906
0.0031549930572509766
0.003149747848510742
0.0031096935272216797
0.0031304359436035156
0.0034754276275634766
0.0026972293853759766
0.002767801284790039
0.0025000572204589844
0.0031003952026367188
0.0018198490142822266
0.0031592845916748047
0.003484964370727539
0.0035467147827148438
0.003572225570678711
0.003496885299682617
0.0033829212188720703
0.0037703514099121094
0.0035834312438964844
0.0026938915252685547
0.0029604434967041016
0.0030853748321533203
0.002830028533935547
0.0028543472290039062
0.0028824806213378906
0.0030510425567626953
0.003142118453979492
0.0027608871459960938
0.0026895999908447266
0.0027298927307128906
0.0027856826782226562
0.0030889511108398438
0.0030438899993896484
0.0028841495513916016
0.002834796905517578
0.0027866363525390625
0.0028524398803710938
0.0027551651000976562
0.002880096435546875
0.002797842025756836
0.0026733875274658203
0.0030379295349121094
0.002740621566772461
0.002841472625732422
0.0026950836181640625
0.002687215805053711
0.0027899742126464844
0.0026252269744873047
0.002740621566772461
0.002768993377685547
0.00293731689453125
0.0028159618377685547
0.0029201507568359375
0.002762317657470703
0.003140687942504883
0.0030317306518554688
0.0031626224517822266
0.002852916717529297
0.0028312206268310547
0.0030395984649658203
0.003012418746948242
0.002727508544921875
0.003288745880126953
0.0030317306518554688
0.002819061279296875
0.0028471946716308594
0.0030536651611328125
0.0011615753173828125
0.002681732177734375
0.0026311874389648438
0.0027251243591308594
0.002620697021484375
0.002465486526489258
0.0024309158325195312
0.0024580955505371094
0.0024330615997314453
0.0024445056915283203
0.0024366378784179688
0.0027768611907958984
0.0029189586639404297
0.002557992935180664
0.0025267601013183594
0.002584695816040039
0.0025360584259033203
0.002400636672973633
0.002724170684814453
0.0031023025512695312
0.0027065277099609375
0.0030689239501953125
0.002682924270629883
0.002755880355834961
0.002939462661743164
0.0011293888092041016
0.002659320831298828
0.002417325973510742
0.003344297409057617
0.0027010440826416016
0.0029511451721191406
0.0027048587799072266
0.0026793479919433594
0.0026738643646240234
0.003177642822265625
0.003546476364135742
0.003206014633178711
0.0024073123931884766
0.0028777122497558594
0.002685070037841797
0.003200531005859375
0.0029251575469970703
0.002748250961303711
0.0027074813842773438
0.0031969547271728516
0.0028765201568603516
0.0027425289154052734
0.002833127975463867
0.003401517868041992
0.0034737586975097656
0.0029108524322509766
0.002851724624633789
0.003187894821166992
0.002878904342651367
0.002796173095703125
0.0027685165405273438
0.00278472900390625
0.002779722213745117
0.002877473831176758
0.002882242202758789
0.0028412342071533203
0.0029506683349609375
0.002872943878173828
0.005907535552978516
0.004729509353637695
0.003150463104248047
0.002728700637817383
0.0028846263885498047
0.0029382705688476562
0.0027685165405273438
0.003202676773071289
0.0026574134826660156
0.002393484115600586
0.002433300018310547
0.0024034976959228516
0.0020983219146728516
0.0021932125091552734
0.002191305160522461
0.0021657943725585938
0.0015261173248291016
0.0036385059356689453
0.003777742385864258
0.00318145751953125
0.001994609832763672
0.0018017292022705078
0.0018157958984375
0.0035088062286376953
0.0034308433532714844
0.0030374526977539062
0.001756429672241211
0.0030472278594970703
0.0016758441925048828
0.003384828567504883
0.0020732879638671875
0.003178119659423828
0.003223896026611328
0.001828908920288086
0.003597736358642578
0.0036537647247314453
0.003565073013305664
0.0035355091094970703
0.0030951499938964844
0.0033125877380371094
0.003374814987182617
0.0017771720886230469
0.0029222965240478516
0.003710508346557617
0.003229379653930664
0.003507852554321289
0.003437042236328125
0.00324249267578125
0.0036461353302001953
0.0037941932678222656
0.003614664077758789
0.0032269954681396484
0.004210710525512695
0.0034830570220947266
0.003199338912963867
0.0035724639892578125
0.003956794738769531
0.003526449203491211
0.0018420219421386719
0.003858327865600586
0.003396272659301758
0.001836538314819336
0.003575563430786133
0.003072500228881836
0.003345966339111328
0.0036363601684570312
0.003042936325073242
0.0031900405883789062
0.0014796257019042969
0.0021371841430664062
0.0017747879028320312
0.0034132003784179688
0.001733541488647461
0.0034863948822021484
0.0017518997192382812
0.0032501220703125
0.0019795894622802734
0.0018110275268554688
0.0029294490814208984
0.00359344482421875
0.0032453536987304688
0.0029480457305908203
0.0033669471740722656
0.003271818161010742
0.0029075145721435547
0.003366708755493164
0.003318309783935547
0.003331422805786133
0.003374814987182617
0.003383159637451172
0.0032494068145751953
0.0036334991455078125
0.0033190250396728516
0.0034329891204833984
0.0037682056427001953
0.003553152084350586
0.0028755664825439453
0.004057884216308594
0.003796815872192383
0.0033113956451416016
0.003427743911743164
0.003809213638305664
0.0035033226013183594
0.003163576126098633
0.003427267074584961
0.0033197402954101562
0.003365755081176758
0.0020570755004882812
0.0037450790405273438
0.0020623207092285156
0.003474712371826172
0.0033617019653320312
0.0028853416442871094
0.0036852359771728516
0.0021169185638427734
0.0036573410034179688
0.003697633743286133
0.0036344528198242188
0.003610372543334961
0.003269672393798828
0.0034317970275878906
0.003489971160888672
0.0032150745391845703
0.0034193992614746094
0.003383636474609375
0.0033693313598632812
0.0033500194549560547
0.0034012794494628906
0.0032913684844970703
0.0030927658081054688
0.002956867218017578
0.0037081241607666016
0.003266572952270508
0.003277301788330078
0.003374814987182617
0.003656148910522461
0.0029180049896240234
0.0020074844360351562
0.0032987594604492188
0.002618074417114258
0.0016946792602539062
0.0030143260955810547
0.003506898880004883
0.0038847923278808594
0.003223419189453125
0.0033507347106933594
0.003753662109375
0.0032300949096679688
0.0036468505859375
0.0028946399688720703
0.0033965110778808594
0.0030739307403564453
0.0030527114868164062
0.0033342838287353516
0.003914594650268555
0.002094745635986328
0.0021419525146484375
0.003640890121459961
0.0034689903259277344
0.0033750534057617188
0.0030241012573242188
0.0033998489379882812
0.003358602523803711
0.0030281543731689453
0.0037147998809814453
0.003432750701904297
0.003381967544555664
0.003201007843017578
0.0033605098724365234
0.0028657913208007812
0.003259897232055664
0.0031621456146240234
0.0036478042602539062
0.0035445690155029297
0.003164529800415039
0.003401517868041992
0.0036923885345458984
0.003421306610107422
0.0032825469970703125
0.0030202865600585938
0.0016753673553466797
0.0030574798583984375
0.003264904022216797
0.003350496292114258
0.003698110580444336
0.003526449203491211
0.0037279129028320312
0.0033731460571289062
0.0033998489379882812
0.0035996437072753906
0.003391265869140625
0.002928495407104492
0.0028290748596191406
0.0034143924713134766
0.002095937728881836
0.002986431121826172
0.0032422542572021484
0.0038099288940429688
0.0030455589294433594
0.003759145736694336
0.0033359527587890625
0.003793001174926758
0.002660989761352539
0.0033431053161621094
0.003036975860595703
0.0035135746002197266
0.0035262107849121094
0.0035233497619628906
0.0038025379180908203
0.003417491912841797
0.0030524730682373047
0.0033981800079345703
0.0016777515411376953
0.0031082630157470703
0.002996206283569336
0.0034003257751464844
0.0033359527587890625
0.003049135208129883
0.0033521652221679688
0.0033528804779052734
0.0033025741577148438
0.0036554336547851562
0.00341796875
0.003361225128173828
0.0034644603729248047
0.003355264663696289
0.0028963088989257812
0.0032851696014404297
0.0036096572875976562
0.003478527069091797
0.0038962364196777344
0.0020101070404052734
0.0034835338592529297
0.0037271976470947266
0.0033414363861083984
0.004258155822753906
0.0037331581115722656
0.003688812255859375
0.0034830570220947266
0.003145456314086914
0.0033288002014160156
0.0033631324768066406
0.003642559051513672
0.0037147998809814453
0.0035772323608398438
0.003343820571899414
0.003446340560913086
0.003400564193725586
0.003373384475708008
0.003756284713745117
0.003122568130493164
0.0033278465270996094
0.0033254623413085938
0.0041353702545166016
0.0033898353576660156
0.003041982650756836
0.003543376922607422
0.0029494762420654297
0.003422975540161133
0.0030374526977539062
0.003352642059326172
0.003762483596801758
0.0037195682525634766
0.0033686161041259766
0.002989530563354492
0.003051280975341797
0.003336668014526367
0.0046215057373046875
0.0034494400024414062
0.0035200119018554688
0.0033843517303466797
0.0034027099609375
0.0033254623413085938
0.003033876419067383
0.003321409225463867
0.003443002700805664
0.003392457962036133
0.002925872802734375
0.003326416015625
0.0030295848846435547
0.0030167102813720703
0.003397703170776367
0.0033636093139648438
0.0038733482360839844
0.003311634063720703
0.0033135414123535156
0.003530740737915039
0.0034096240997314453
0.003361225128173828
0.0020570755004882812
0.004123687744140625
0.0039556026458740234
0.0037012100219726562
0.0048596858978271484
0.0038297176361083984
0.004063606262207031
0.0033707618713378906
0.0034914016723632812
0.0034346580505371094
0.003248453140258789
0.0029633045196533203
0.002992391586303711
0.003603696823120117
0.0033936500549316406
0.003414630889892578
0.0030701160430908203
0.002061128616333008
0.003786325454711914
0.003094196319580078
0.0033407211303710938
0.002987384796142578
0.0030107498168945312
0.0032656192779541016
0.0033528804779052734
0.004117488861083984
0.0034437179565429688
0.003377199172973633
0.0033957958221435547
0.0033447742462158203
0.003774881362915039
0.0035088062286376953
0.0035490989685058594
0.0032918453216552734
0.003644227981567383
0.003933906555175781
0.003028392791748047
0.003564596176147461
0.003838062286376953
0.0037145614624023438
0.003458738327026367
0.003203868865966797
0.003307342529296875
0.003295421600341797
0.0033092498779296875
0.0034694671630859375
0.0033757686614990234
0.0036270618438720703
0.0036504268646240234
0.003905057907104492
0.0035486221313476562
0.0031604766845703125
0.0035064220428466797
0.003446817398071289
0.0033266544342041016
0.0036928653717041016
0.0033071041107177734
0.0033524036407470703
0.0034329891204833984
0.0033826828002929688
0.00334930419921875
0.003240346908569336
0.0033669471740722656
0.003470897674560547
0.0032737255096435547
0.0037603378295898438
0.003406524658203125
0.0036084651947021484
0.0032606124877929688
0.003479480743408203
0.003329753875732422
0.0035102367401123047
0.003537416458129883
0.003527402877807617
0.0037429332733154297
0.003572702407836914
0.003461122512817383
0.003545999526977539
0.003305196762084961
0.003405332565307617
0.0037124156951904297
0.0034134387969970703
0.0033600330352783203
0.003726482391357422
0.0035626888275146484
0.0035343170166015625
0.0037233829498291016
0.0028738975524902344
0.003509044647216797
0.0036678314208984375
0.003149271011352539
0.003443479537963867
0.0033681392669677734
0.003046751022338867
0.0034003257751464844
0.0031290054321289062
0.0017082691192626953
0.003688335418701172
0.003050088882446289
0.002191305160522461
0.0035593509674072266
0.003423929214477539
0.0034027099609375
0.0034329891204833984
0.003019094467163086
0.0033867359161376953
0.003515958786010742
0.003161191940307617
0.003230571746826172
0.0021712779998779297
0.003624439239501953
0.003896474838256836
0.002061605453491211
0.0034835338592529297
0.0033998489379882812
0.0037069320678710938
0.003794431686401367
0.0031952857971191406
0.004540920257568359
0.003187894821166992
0.003977060317993164
0.0030379295349121094
0.0033380985260009766
0.003641843795776367
0.003530740737915039
0.0033621788024902344
0.0034606456756591797
0.0033330917358398438
0.0034999847412109375
0.0034825801849365234
0.0038890838623046875
0.0033223628997802734
0.0033097267150878906
0.003412485122680664
0.0034418106079101562
0.003366708755493164
0.003365039825439453
0.003348827362060547
0.003369569778442383
0.00353240966796875
0.0034728050231933594
0.0018901824951171875
0.0020418167114257812
0.0033826828002929688
0.0035681724548339844
0.002977132797241211
0.0017671585083007812
0.0015044212341308594
0.003039836883544922
0.0017385482788085938
0.0037398338317871094
0.0034165382385253906
0.0032978057861328125
0.003170013427734375
0.0038073062896728516
0.0032546520233154297
0.0038650035858154297
0.0033872127532958984
0.0030052661895751953
0.0030210018157958984
0.003596782684326172
0.0030324459075927734
0.0028166770935058594
0.003159761428833008
0.0030961036682128906
0.0028481483459472656
0.002862691879272461
0.0028057098388671875
0.0028607845306396484
0.002994060516357422
0.002856731414794922
0.0030167102813720703
0.003183603286743164
0.0029158592224121094
0.002994537353515625
0.0028655529022216797
0.003024578094482422
0.002866029739379883
0.0030562877655029297
0.0030090808868408203
0.003238677978515625
0.0030210018157958984
0.003240823745727539
0.0028934478759765625
0.0029172897338867188
0.003149747848510742
0.0029501914978027344
0.0029969215393066406
0.002836942672729492
0.0028028488159179688
0.003216981887817383
0.0028760433197021484
0.0030579566955566406
0.002844572067260742
0.0028274059295654297
0.002827167510986328
0.0028023719787597656
0.002831697463989258
0.0028269290924072266
0.0031464099884033203
0.002949953079223633
0.002874135971069336
0.0031027793884277344
0.002827167510986328
0.0028142929077148438
0.0028328895568847656
0.0030231475830078125
0.002832651138305664
0.0032508373260498047
0.0028162002563476562
0.002938508987426758
0.0030050277709960938
0.002809762954711914
0.003056764602661133
0.0032317638397216797
0.0028085708618164062
0.002824068069458008
0.001157522201538086
0.002949237823486328
0.002910614013671875
0.002900362014770508
0.0032956600189208984
0.003182649612426758
0.002890348434448242
0.003233194351196289
0.00299835205078125
0.002872467041015625
0.003229379653930664
0.0028581619262695312
0.002981424331665039
0.0032393932342529297
0.0032227039337158203
0.002844572067260742
0.0029075145721435547
0.002848386764526367
0.0030019283294677734
0.0031218528747558594
0.003081798553466797
0.0029754638671875
0.002858400344848633
0.002884387969970703
0.002809286117553711
0.002900838851928711
0.003000974655151367
0.002878427505493164
0.0031690597534179688
0.0028753280639648438
0.002871274948120117
0.002850770950317383
0.002834320068359375
0.0027298927307128906
0.0026390552520751953
0.0025620460510253906
0.0025510787963867188
0.0025093555450439453
0.002514362335205078
0.0029876232147216797
0.0029840469360351562
0.0029358863830566406
0.0029506683349609375
0.0028657913208007812
0.0030786991119384766
0.002650737762451172
0.002974987030029297
0.0028564929962158203
0.002509593963623047
0.003409862518310547
0.0036535263061523438
0.002849102020263672
0.0028867721557617188
0.0025207996368408203
0.0030257701873779297
0.002496957778930664
0.003184080123901367
0.003165721893310547
0.002900362014770508
0.0028772354125976562
0.0028018951416015625
0.002857208251953125
0.0030236244201660156
0.002779722213745117
0.0028808116912841797
0.0032243728637695312
0.0028221607208251953
0.0028204917907714844
0.002808094024658203
0.0027887821197509766
0.002858877182006836
0.002995729446411133
0.002869844436645508
0.0029189586639404297
0.002889871597290039
0.002890348434448242
0.002846240997314453
0.0030248165130615234
0.0029172897338867188
0.0029790401458740234
0.0032682418823242188
0.0028603076934814453
0.0028367042541503906
0.0031156539916992188
0.0029020309448242188
0.002870798110961914
0.002849102020263672
0.002810239791870117
0.0028553009033203125
0.0029609203338623047
0.002848386764526367
0.0029904842376708984
0.0024690628051757812
0.002476930618286133
0.0025599002838134766
0.0021903514862060547
0.002198457717895508
0.002175569534301758
0.0021867752075195312
0.0017039775848388672
