0.000268175
0.000165124
0.000208806
0.000443950
0.000430030
0.000424278
0.000212754
0.000295369
0.000322555
0.000339113
0.000489000
0.000287953
0.000407752
0.000350841
0.000288815
0.000153965
0.000212205
0.000281266
0.000195669
0.000320727
0.000628555
0.000232936
0.000285347
0.000517485
0.000288650
0.000242955
0.000229927
0.000414227
0.000418243
0.000301641
0.000326276
0.000467403
0.000357627
0.000503921
0.000379894
0.000356965
0.000177696
0.000228757
0.000313529
0.000412912
0.000291035
0.000326938
0.000379087
0.000331669
0.000289059
0.000539663
0.000329488
0.000286403
0.000363656
0.000169547
0.000430598
0.000308829
0.000342380
0.000345830
0.000290000
0.000269666
0.000257259
0.000367568
0.000343025
0.000422448
0.000311996
0.000354430
0.000368948
0.000223518
0.000401209
0.000419897
0.000250415
0.000244062
0.000306180
0.000161641
0.000509345
0.000335802
0.000330655
0.000214155
0.000304132
0.000173618
0.000399633
0.000377460
0.000486852
0.000382952
0.000219178
0.000472010
0.000341108
0.000342234
0.000175237
0.000364745
0.000529247
0.000335483
0.000272990
0.000289822
0.000216612
0.000326631
0.000319481
0.000479018
0.000344109
0.000323819
0.000249718
0.000485334
0.000254438
0.000214483
0.000415366
0.000335487
0.000317315
0.000201567
0.000161348
0.000289516
0.000377380
0.000245199
0.000389395
0.000239640
0.000472657
0.000267570
0.000268273
0.000395035
0.000287021
0.000200031
0.000363266
0.000337584
0.000370397
0.000343971
0.000409805
0.000227797
0.000246843
0.000165050
0.000346146
0.000469140
0.000209012
0.000186479
0.000214273
0.000387421
0.000309824
0.000278924
0.000222604
0.000344733
0.000287886
0.000362013
0.000367028
0.000406453
0.000326450
0.000266946
0.000308940
0.000367637
0.000396097
0.000403837
0.000349040
0.000234923
0.000224263
0.000217953
0.000212555
0.000532867
0.000280044
0.000331863
0.000261209
0.000269378
0.000221766
0.000202432
0.000267057
0.000409209
0.000173209
0.000492716
0.000209836
0.000324398
0.000338406
0.000278453
0.000265612
0.000353417
0.000173518
0.000225151
0.000323115
0.000297325
0.000325744
0.000358775
0.000209575
0.000485948
0.000286357
0.000351416
0.000234256
0.000304477
0.000212205
0.000184307
0.000316420
0.000401015
0.000423765
0.000163247
0.000207605
0.000212421
0.000354090
0.000390661
0.000327239
0.000293934
0.000166612
0.000257520
0.000422136
0.000362741
0.000510246
0.000357141
0.000228043
0.000323329
0.000357153
0.000434776
0.000442617
0.000272388
0.000404887
0.000215759
0.000377152
0.000214730
0.000391820
0.000367813
0.000292336
0.000393978
0.000359801
0.000360935
0.000410501
0.000334557
0.000414797
0.000620576
0.000245599
0.000417166
0.000300389
0.000355249
0.000275307
0.000254010
0.000384379
0.000238595
0.000306057
0.000440447
0.000274274
0.000380378
0.000295388
0.000341748
0.000478895
0.000295463
0.000270798
0.000313828
0.000322010
0.000464041
0.000429538
0.000260118
0.000347984
0.000495637
0.000250560
0.000171393
0.000261859
0.000536161
0.000303071
0.000296481
0.000327042
0.000441207
0.000310078
0.000245002
0.000311370
0.000278751
0.000380119
0.000434331
0.000491247
0.000269842
0.000368153
0.000329821
0.000284549
0.000315334
0.000356427
0.000270128
0.000514353
0.000317697
0.000279372
0.000277748
0.000328161
0.000266999
0.000355251
0.000221998
0.000417744
0.000279383
0.000288509
0.000243425
0.000224278
0.000279884
0.000342761
0.000439520
0.000413321
0.000399094
0.000353049
0.000283916
0.000378861
0.000324161
0.000434219
0.000287780
0.000167876
0.000411749
0.000366922
0.000225485
0.000264487
0.000169077
0.000256790
0.000187638
0.000372366
0.000305492
0.000199958
0.000290884
0.000259120
0.000365816
0.000389966
0.000264207
0.000431992
0.000274584
0.000322081
0.000306516
0.000277794
0.000385394
0.000261002
0.000412613
0.000266824
0.000407704
0.000284568
0.000164813
0.000377588
0.000439037
0.000320182
0.000318958
0.000266676
0.000179382
0.000382113
0.000429194
0.000302149
0.000352868
0.000428414
0.000404484
0.000283781
0.000468885
0.000243855
0.000370789
0.000184079
0.000461030
0.000260949
0.000301070
0.000315777
0.000440041
0.000170549
0.000379437
0.000445094
0.000365933
0.000520772
0.000288813
0.000165800
0.000460486
0.000233443
0.000303289
0.000546388
0.000391711
0.000341492
0.000380323
0.000172526
0.000232694
0.000201924
0.000338132
0.000313187
0.000367640
0.000228132
0.000390702
0.000339233
0.000328819
0.000389466
0.000368003
0.000465848
0.000398051
0.000221978
0.000160656
0.000235522
0.000190759
0.000428574
0.000313859
0.000469246
0.000302893
0.000223973
0.000319932
0.000222862
0.000326430
0.000193141
0.000315987
0.000225616
0.000195751
0.000330513
0.000231347
0.000275963
0.000311059
0.000378329
0.000314954
0.000325038
0.000177851
0.000335946
0.000197395
0.000221462
0.000292335
0.000232903
0.000439955
0.000383139
0.000289777
0.000296400
0.000439847
0.000275558
0.000324625
0.000361375
0.000173178
0.000328036
0.000220802
0.000289733
0.000342789
0.000365982
0.000426944
0.000273482
0.000211032
0.000201498
0.000372969
0.000221980
0.000161830
0.000412195
0.000336332
0.000313271
0.000319888
0.000311239
0.000274461
0.000164833
0.000293163
0.000465077
0.000260109
0.000323356
0.000211853
0.000234094
0.000410236
0.000313094
0.000322307
0.000239982
0.000274734
0.000262672
0.000358357
0.000282566
0.000321112
0.000485784
0.000479569
0.000170635
0.000154001
0.000189896
0.000308682
0.000308673
0.000325817
0.000436441
0.000202550
0.000311972
0.000289462
0.000251035
0.000390583
0.000214162
0.000384442
0.000271817
0.000372353
0.000330257
0.000471619
0.000389123
0.000481249
0.000244922
0.000302122
0.000249770
0.000304609
0.000309095
0.000245434
0.000479686
0.000366025
0.000329661
0.000259935
0.000198252
0.000462240
0.000280885
0.000253804
0.000422206
0.000258999
0.000473809
0.000381087
0.000297638
0.000433264
0.000230338
0.000459009
0.000177793
0.000165442
0.000221939
0.000452946
0.000309488
0.000267312
0.000316496
0.000322264
0.000216484
0.000248547
0.000282844
0.000344168
0.000370093
0.000322059
0.000267739
0.000210567
0.000343341
0.000491750
0.000243881
0.000451597
0.000391898
0.000231191
0.000366923
0.000340422
0.000195158
0.000268841
0.000526389
0.000273647
0.000319625
0.000424090
0.000342567
0.000327044
0.000167542
0.000170077
0.000425589
0.000347984
0.000186589
0.000330706
0.000170760
0.000514498
0.000454984
0.000356839
0.000337825
0.000301342
0.000600326
0.000325627
0.000394376
0.000279329
0.000242366
0.000216417
0.000310155
0.000269948
0.000233173
0.000266583
0.000339426
0.000384779
0.000171141
0.000372506
0.000370839
0.000313334
0.000453091
0.000176119
0.000341160
0.000479513
0.000284546
0.000346631
0.000259061
0.000272980
0.000272177
0.000277388
0.000284958
0.000300715
0.000242143
0.000220388
0.000610655
0.000317600
0.000394927
0.000282908
0.000226194
0.000159036
0.000391119
0.000171956
0.000231704
0.000197897
0.000328311
0.000221643
0.000170491
0.000460839
0.000358927
0.000380621
0.000302748
0.000277318
0.000310630
0.000268497
0.000351425
0.000339404
0.000301826
0.000302142
0.000352112
0.000426103
0.000370533
0.000551614
0.000247576
0.000219269
0.000387670
0.000436281
0.000403217
0.000277155
0.000378464
0.000456056
0.000368720
0.000315461
0.000342533
0.000333773
0.000388037
0.000436478
0.000244163
0.000279665
0.000276974
0.000318330
0.000298604
0.000427219
0.000409280
0.000435736
0.000211257
0.000231800
0.000378693
0.000319870
0.000178066
0.000165325
0.000294024
0.000249101
0.000422627
0.000282946
0.000252609
0.000390357
0.000160967
0.000193324
0.000220139
0.000344724
0.000378521
0.000349838
0.000234028
0.000316708
0.000307787
0.000274980
0.000275064
0.000257084
0.000238491
0.000403793
0.000452778
0.000416421
0.000365560
0.000400108
0.000281063
0.000262013
0.000394593
0.000357385
0.000397768
0.000329144
0.000251709
0.000232876
0.000341217
0.000307117
0.000223854
0.000458679
0.000424081
0.000431615
0.000219530
0.000336785
0.000291736
0.000257136
0.000344741
0.000298222
0.000168628
0.000482490
0.000365442
0.000208991
0.000197828
0.000344942
0.000353414
0.000249094
0.000398737
0.000357467
0.000335205
0.000390946
0.000225466
0.000167877
0.000335959
0.000276174
0.000306407
0.000400926
0.000363577
0.000246081
0.000333171
0.000286261
0.000226217
0.000381509
0.000393018
0.000231686
0.000281366
0.000342152
0.000219170
0.000320116
0.000239487
0.000273260
0.000177026
0.000503686
0.000345984
0.000316700
0.000181477
0.000338728
0.000351573
0.000347458
0.000437292
0.000502816
0.000381327
0.000260803
0.000307873
0.000291771
0.000366842
0.000263662
0.000266788
0.000288104
0.000281871
0.000372323
0.000302695
0.000325274
0.000259728
0.000380548
0.000248226
0.000285360
0.000265917
0.000284128
0.000359494
0.000191582
0.000547429
0.000180775
0.000394851
0.000365181
0.000230834
0.000158059
0.000354888
0.000247185
0.000279070
0.000422023
0.000344683
0.000327382
0.000463502
0.000322802
0.000264535
0.000395487
0.000228225
0.000281418
0.000267690
0.000277766
0.000462638
0.000361384
0.000251945
0.000273822
0.000391440
0.000242287
0.000300915
0.000204092
0.000437168
0.000296666
0.000467530
0.000285374
0.000351187
0.000237879
0.000356125
0.000519125
0.000268918
0.000491656
0.000377852
0.000412748
0.000297758
0.000296638
0.000492284
0.000392691
0.000495472
0.000188488
0.000361005
0.000343378
0.000281576
0.000170858
0.000309111
0.000548886
0.000293485
0.000232721
0.000460903
0.000324934
0.000551108
0.000459147
0.000217072
0.000310572
0.000438014
0.000230230
0.000303782
0.000206595
0.000340916
0.000179939
0.000434291
0.000183174
0.000237181
0.000229390
0.000257128
0.000332965
0.000164389
0.000304702
0.000319511
0.000401865
0.000294437
0.000241505
0.000162471
0.000445772
0.000268151
0.000503569
0.000322388
0.000307229
0.000276661
0.000426129
0.000278571
0.000273607
0.000452110
0.000173448
0.000335672
0.000169142
0.000155088
0.000198209
0.000147423
0.000182847
0.000573100
0.000208301
0.000198235
0.000264688
0.000456307
0.000206437
0.000283749
0.000328875
0.000377856
0.000349074
0.000397003
0.000287642
0.000182157
0.000362891
0.000232802
0.000277322
0.000221159
0.000348378
0.000273411
0.000352729
0.000387289
0.000175562
0.000417166
0.000320143
0.000354622
0.000384326
0.000359529
0.000448629
0.000280831
0.000437070
0.000233970
0.000161807
0.000246759
0.000360027
0.000296672
0.000366089
0.000344718
0.000180280
0.000280347
0.000492538
0.000174744
0.000406802
0.000229834
0.000347540
0.000226031
0.000338690
0.000282890
0.000287879
0.000394467
0.000376085
0.000297856
0.000481895
0.000482762
0.000249140
0.000467824
0.000182413
0.000229445
0.000375132
0.000316898
0.000415454
0.000337609
0.000318938
0.000212568
0.000276073
0.000301270
0.000479379
0.000351746
0.000231039
0.000223156
0.000209361
0.000552595
0.000305702
0.000183883
0.000284898
0.000411633
0.000279688
0.000324030
0.000242453
0.000266388
0.000326522
0.000267200
0.000222308
0.000265414
0.000431958
0.000428063
0.000269370
0.000296917
0.000266918
0.000217447
0.000427029
0.000346593
0.000348538
0.000403613
0.000196311
0.000395445
0.000273236
0.000437950
0.000254080
0.000432027
0.000236603
0.000327149
0.000398586
0.000384251
0.000435073
0.000273099
0.000346068
0.000190104
0.000357300
0.000564206
0.000351258
0.000312996
0.000528029
0.000437767
0.000441530
0.000377179
0.000279168
0.000395124
0.000230048
0.000181589
0.000383782
0.000174817
0.000392917
0.000303529
0.000335739
0.000311082
0.000232055
0.000490098
0.000171244
0.000344777
0.000167347
0.000313100
0.000372545
0.000479937
0.000462539
0.000427903
0.000431276
0.000257053
0.000296432
0.000328511
0.000259797
0.000167493
0.000296820
0.000310935
0.000283394
0.000364466
0.000469228
0.000185332
0.000333406
0.000323689
0.000302221
0.000203520
0.000266539
0.000392733
0.000382347
0.000375765
0.000269349
0.000259461
0.000411225
0.000306109
0.000213854
0.000367617
0.000220162
0.000359719
0.000272001
0.000305830
0.000228069
0.000342238
0.000290918
0.000264762
0.000263956
0.000346856
0.000258457
0.000215509
0.000227803
0.000413610
0.000321840
0.000301339
0.000267768
0.000315346
0.000216396
0.000216388
0.000221048
0.000438593
0.000333475
0.000482457
0.000244195
0.000221761
0.000328441
0.000339294
0.000486903
0.000341032
0.000455837
0.000351964
0.000292027
0.000267163
0.000296108
0.000378969
0.000261737
0.000372151
0.000274327
0.000446642
0.000309025
0.000182881
0.000277726
0.000263704
0.000282647
0.000285040
0.000174199
0.000271884
0.000286862
0.000355523
0.000503222
0.000194008
0.000316592
0.000373660
0.000560179
0.000319639
0.000340088
0.000283956
0.000349764
0.000288892
0.000324144
0.000387182
0.000239676
0.000440563
0.000537103
0.000235629
0.000213608
0.000350590
0.000421247
0.000401183
0.000350445
0.000430241
0.000338227
0.000214685
0.000217286
0.000277377
0.000354514
0.000350534
0.000298908
0.000515585
0.000427809
0.000335259
0.000279522
0.000314993
0.000361306
0.000289873
0.000470833
0.000342197
0.000256511
0.000287222
0.000350228
0.000443485
0.000364108
0.000289587
0.000314142
0.000376706
0.000329225
0.000406232
0.000210537
0.000436897
0.000364980
0.000397859
0.000405334
0.000365063
0.000319327
0.000302841
0.000383778
0.000274910
0.000259252
0.000624607
0.000302971
0.000353390
0.000237045
0.000407135
0.000333589
0.000332001
0.000433089
0.000445330
0.000219442
0.000347485
0.000312581
0.000242408
0.000246119
0.000187666
0.000360705
0.000391320
0.000306561
0.000346752
0.000350685
0.000251129
0.000512871
0.000230587
0.000313498
0.000257209
0.000280706
0.000200319
0.000313309
0.000347739
0.000181733
0.000322062
0.000329631
0.000293842
0.000358123
0.000301129
0.000286825
0.000390710
0.000341799
0.000389512
0.000358506
0.000519837
0.000374160
0.000185732
0.000343964
0.000445696
0.000216998
0.000201047
0.000273440
0.000336052
0.000502719
0.000374978
0.000450913
0.000391714
0.000378247
0.000392803
0.000237138
0.000461296
0.000274305
0.000426678
0.000464244
0.000236447
0.000403407
0.000349721
0.000286883
0.000471186
0.000318029
0.000355749
0.000348662
0.000289896
0.000525571
0.000394512
0.000339024
0.000393832
0.000275671
0.000425747
0.000627833
0.000231451
0.000288368
0.000403484
0.000616420
0.000366902
0.000404216
0.000283744
0.000606693
0.000287095
0.000301770
0.000349515
0.000411636
0.000226077
0.000173127
0.000509489
0.000417465
0.000366041
0.000271163
0.000363101
0.000205324
0.000363346
0.000390567
0.000278911
0.000336751
0.000289169
0.000317475
0.000634965
0.000450767
0.000371948
0.000211796
0.000258186
0.000234311
0.000308964
0.000339523
0.000330309
0.000315161
0.000243161
0.000277838
0.000303296
0.000223545
0.000325465
0.000369451
0.000215545
0.000199356
0.000414411
0.000275556
0.000331522
0.000327871
0.000350012
0.000312544
0.000356324
0.000345058
0.000239668
0.000305673
0.000229574
0.000278062
0.000332356
0.000326075
0.000404637
0.000251124
0.000498686
0.000327692
0.000330642
0.000376405
0.000336306
0.000250368
0.000373966
0.000391231
0.000371236
0.000368716
0.000371427
0.000487138
0.000389464
0.000302819
0.000293090
0.000411372
0.000394803
0.000343545
0.000465559
0.000360088
0.000305251
0.000442440
0.000354799
0.000447545
0.000438206
0.000327003
0.000436235
0.000245348
0.000427126
0.000420435
0.000384397
0.000267168
0.000254862
0.000341749
0.000311890
0.000402731
0.000317629
0.000308325
0.000537297
0.000244483
0.000263534
0.000426669
0.000342889
0.000418195
0.000315088
0.000298156
0.000169451
0.000277596
0.000427101
0.000344077
0.000396012
0.000352128
0.000364588
0.000287865
0.000262462
0.000438978
0.000348438
0.000485703
0.000345762
0.000231231
0.000529087
0.000181034
0.000444828
0.000208373
0.000304748
0.000484984
0.000416544
0.000296610
0.000307871
0.000405185
0.000359539
0.000514201
0.000315392
0.000488400
0.000182847
0.000333286
0.000357399
0.000300008
0.000430915
0.000231621
0.000260149
0.000383118
0.000436790
0.000359530
0.000234665
0.000356148
0.000357667
0.000367498
0.000304838
0.000344884
0.000315574
0.000316447
0.000403903
0.000400171
0.000250299
0.000605856
0.000488278
0.000532855
0.000430720
0.000298166
0.000617711
0.000354115
0.000377424
0.000578713
0.000482367
0.000575879
0.000424136
0.000315772
0.000466770
0.000286050
0.000182480
0.000423757
0.000465807
0.000288182
0.000355000
0.000308550
0.000339081
0.000190872
0.000424539
0.000297740
0.000358832
0.000349745
0.000262520
0.000459211
0.000285731
0.000282995
0.000370203
0.000394247
0.000385831
0.000324191
0.000429580
0.000296128
0.000579059
0.000352359
0.000236044
0.000337548
0.000386560
0.000400286
0.000372997
0.000369199
0.000380754
0.000377883
0.000345879
0.000305158
0.000274283
0.000166777
0.000476763
0.000277575
0.000273457
0.000407120
0.000381859
0.000386561
0.000445877
0.000339253
0.000283097
0.000323269
0.000406486
0.000423451
0.000390522
0.000338740
0.000359858
0.000367574
0.000393509
0.000383702
0.000331183
0.000313662
0.000428846
0.000321617
0.000373856
0.000386673
0.000269656
0.000539045
0.000310127
0.000444445
0.000227321
0.000395945
0.000315691
0.000205581
0.000438642
0.000314422
0.000202037
0.000187926
0.000349828
0.000329148
0.000388337
0.000340322
0.000415608
0.000219080
0.000369346
0.000366249
0.000167100
0.000337363
0.000293811
0.000383643
0.000403149
0.000321665
0.000302926
0.000419078
0.000255129
0.000586881
0.000367105
0.000210387
0.000390833
0.000262308
0.000365722
0.000380169
0.000205841
0.000293022
0.000378818
0.000208651
0.000349479
0.000339124
0.000449001
0.000489068
0.000362666
0.000241063
0.000332883
0.000165243
0.000495826
0.000205697
0.000339018
0.000595383
0.000212357
0.000220013
0.000373794
0.000217101
0.000312045
0.000388157
0.000379152
0.000422597
0.000395302
0.000361739
0.000564217
0.000173601
0.000520923
0.000359446
0.000296613
0.000378018
0.000361331
0.000180421
0.000364595
0.000336427
0.000392890
0.000366680
0.000298307
0.000352445
0.000177005
0.000412222
0.000282088
0.000286558
0.000263702
0.000421179
0.000183715
0.000369786
0.000441163
0.000426231
0.000660151
0.000536707
0.000300332
0.000279512
0.000409187
0.000394140
0.000216378
0.000216372
0.000330724
0.000408504
0.000423434
0.000295941
0.000488194
0.000339514
0.000354999
0.000439591
0.000351151
0.000224661
0.000332228
0.000309486
0.000325536
0.000331227
0.000387130
0.000412621
0.000335809
0.000329291
0.000411723
0.000316375
0.000445840
0.000398487
0.000654355
0.000174961
0.000433555
0.000427495
0.000301307
0.000343136
0.000388863
0.000412620
0.000354694
0.000329503
0.000247857
0.000425756
0.000391415
0.000290918
0.000384926
0.000356771
0.000667628
0.000300660
0.000425521
0.000450531
0.000274489
0.000337490
0.000521273
0.000307212
0.000172926
0.000285129
0.000229462
0.000374288
0.000322456
0.000258759
0.000302103
0.000282790
0.000455024
0.000341011
0.000482324
0.000447307
0.000312867
0.000314348
0.000306012
0.000233860
0.000324432
0.000164558
0.000396345
0.000279896
0.000395820
0.000371160
0.000235434
0.000319561
0.000232481
0.000358891
0.000310334
0.000402586
0.000513205
0.000348242
0.000663037
0.000304344
0.000390834
0.000224895
0.000367449
0.000327502
0.000372065
0.000512336
0.000414828
0.000379105
0.000348830
0.000199665
0.000295567
0.000306205
0.000333263
0.000353264
0.000338059
0.000320049
0.000258408
0.000322482
0.000445350
0.000376978
0.000409820
0.000334631
0.000425939
0.000441315
0.000382724
0.000366145
0.000368905
0.000348725
0.000510943
0.000275606
0.000311755
0.000215469
0.000414862
0.000169091
0.000250896
0.000326635
0.000402368
0.000326111
0.000412821
0.000333742
0.000341444
0.000469460
0.000236849
0.000213453
0.000399828
0.000392148
0.000310883
0.000386666
0.000538216
0.000366146
0.000222160
0.000396201
0.000428790
0.000219676
0.000278147
0.000227104
0.000439993
0.000217591
0.000463981
0.000267479
0.000164387
0.000365995
0.000337121
0.000305598
0.000383144
0.000232871
0.000314804
0.000256088
0.000376781
0.000311037
0.000407962
0.000403400
0.000552496
0.000426027
0.000589096
0.000306877
0.000490036
0.000310150
0.000554301
0.000263973
0.000393272
0.000225276
0.000675218
0.000426575
0.000402372
0.000470824
0.000385727
0.000663518
0.000270914
0.000331014
0.000349191
0.000210646
0.000209959
0.000332061
0.000276638
0.000376989
0.000314412
0.000362751
0.000304125
0.000348759
0.000543214
0.000386807
0.000303505
0.000317427
0.000282764
0.000328969
0.000418773
0.000371152
0.000322468
0.000272502
0.000239880
0.000269232
0.000420401
0.000294576
0.000416827
0.000319532
0.000263848
0.000433002
0.000331208
0.000242708
0.000267523
0.000489991
0.000286159
0.000262583
0.000210625
0.000203320
0.000163636
0.000285415
0.000461386
0.000337005
0.000518403
0.000286474
0.000415075
0.000242375
0.000508889
0.000450945
0.000422867
0.000477548
0.000347224
0.000355821
0.000368759
0.000360982
0.000315439
0.000255372
0.000380823
0.000326141
0.000366172
0.000332905
0.000347867
0.000433061
0.000370608
0.000379450
0.000300313
0.000422912
0.000252013
0.000290626
0.000450537
0.000340261
0.000327767
0.000438275
0.000342505
0.000247955
0.000180323
0.000204212
0.000643210
0.000556923
0.000295789
0.000214659
0.000326118
0.000331464
0.000330732
0.000456815
0.000504124
0.000440995
0.000431582
0.000258657
0.000176720
0.000477452
0.000427666
0.000368462
0.000364339
0.000426896
0.000318350
0.000345941
0.000323083
0.000502201
0.000398976
0.000426682
0.000168518
0.000437327
0.000170006
0.000412309
0.000339200
0.000337925
0.000433050
0.000360849
0.000440823
0.000492363
0.000439440
0.000347269
0.000354041
0.000300588
0.000417107
0.000394236
0.000393723
0.000376735
0.000431587
0.000270095
0.000307010
0.000287637
0.000328131
0.000355082
0.000381157
0.000365603
0.000467053
0.000473140
0.000398532
0.000447701
0.000341784
0.000333799
0.000358301
0.000365474
0.000339776
0.000533207
0.000561485
0.000455202
0.000301306
0.000422817
0.000348118
0.000176786
0.000212373
0.000274955
0.000315716
0.000188407
0.000295199
0.000261179
0.000335104
0.000376707
0.000580245
0.000312442
0.000235863
0.000277200
0.000213877
0.000431269
0.000385629
0.000319672
0.000674647
0.000382401
0.000269809
0.000342016
0.000290781
0.000369534
0.000172867
0.000353764
0.000296111
0.000367666
0.000200956
0.000251843
0.000338814
0.000390485
0.000490752
0.000265422
0.000370576
0.000348551
0.000441626
0.000233084
0.000332993
0.000285057
0.000371114
0.000382782
0.000323119
0.000379352
0.000221537
0.000345912
0.000378639
0.000165769
0.000584193
0.000282580
0.000320530
0.000337282
0.000319799
0.000256538
0.000396048
0.000374849
0.000439221
0.000371129
0.000282449
0.000234828
0.000377378
0.000421315
0.000279602
0.000352099
0.000406694
0.000347996
0.000365309
0.000281009
0.000326852
0.000485680
0.000288250
0.000372310
0.000366936
0.000262038
0.000521656
0.000357438
0.000378291
0.000171262
0.000312997
0.000363007
0.000364889
0.000377049
0.000181016
0.000347087
0.000350921
0.000347061
0.000360255
0.000268149
0.000284322
0.000345637
0.000471942
0.000353106
0.000282663
0.000271723
0.000344811
0.000474108
0.000369201
0.000356296
0.000341216
0.000399484
0.000362097
0.000324560
0.000478019
0.000349634
0.000436245
0.000391603
0.000444847
0.000438050
0.000180049
0.000398798
0.000403270
0.000390776
0.000425387
0.000430570
0.000481455
0.000248576
0.000455043
0.000377780
0.000445863
0.000392353
0.000496279
0.000236887
0.000305064
0.000307046
0.000403578
0.000363972
0.000374002
0.000225017
0.000479218
0.000237170
0.000385885
0.000236585
0.000217867
0.000371704
0.000289902
0.000319770
0.000360944
0.000274494
0.000398595
0.000411544
0.000227615
0.000377727
0.000446009
0.000293974
0.000260961
0.000322905
0.000238918
0.000381696
0.000334408
0.000342043
0.000354412
0.000189365
0.000240099
0.000348330
0.000333380
0.000363109
0.000373995
0.000250927
0.000369798
0.000401310
0.000338140
0.000385496
0.000361365
0.000228693
0.000177821
0.000448163
0.000169675
0.000428507
0.000400844
0.000238283
0.000399047
0.000307590
0.000479071
0.000380900
0.000279106
0.000259095
0.000276481
0.000438851
0.000280707
0.000233557
0.000294616
0.000296314
0.000271395
0.000371651
0.000352795
0.000365997
0.000331728
0.000376320
0.000402158
0.000380895
0.000328597
0.000414537
0.000437842
0.000294586
0.000363228
0.000350138
0.000269836
0.000455864
0.000420975
0.000373156
0.000237033
0.000219148
0.000468317
0.000325777
0.000510023
0.000456237
0.000179681
0.000293354
0.000319010
0.000178457
0.000414425
0.000383558
0.000308895
0.000371882
0.000436929
0.000283087
0.000241621
0.000395675
0.000434347
0.000278947
0.000380217
0.000354599
0.000474771
0.000193354
0.000426916
0.000331250
0.000302339
0.000358113
0.000421479
0.000380650
0.000315279
0.000295007
0.000180402
0.000259040
0.000534711
0.000243709
0.000531676
0.000398729
0.000412254
0.000272328
0.000357749
0.000464282
0.000245604
0.000350759
0.000318929
0.000312694
0.000240763
0.000290956
0.000382709
0.000462525
0.000267298
0.000376633
0.000376691
0.000444869
0.000427061
0.000396680
0.000329633
0.000291280
0.000371573
0.000226449
0.000288468
0.000363336
0.000422617
0.000281498
0.000428045
0.000222773
0.000255465
0.000645270
0.000459367
0.000258018
0.000306744
0.000487029
0.000379692
0.000332055
0.000295147
0.000590028
0.000359035
0.000297295
0.000395252
0.000286101
0.000427325
0.000398765
0.000427760
0.000295319
0.000415408
0.000404732
0.000479724
0.000453970
0.000330598
0.000338881
0.000342643
0.000338920
0.000334407
0.000253369
0.000402362
0.000320196
0.000279749
0.000273869
0.000248621
0.000338483
0.000280178
0.000477462
0.000503712
0.000388825
0.000356494
0.000222760
0.000620719
0.000406811
0.000384090
0.000301452
0.000190350
0.000462599
0.000249344
0.000301665
0.000366097
0.000379707
0.000361067
0.000417793
0.000427677
0.000467353
0.000336063
0.000281396
0.000368732
0.000281316
0.000382043
0.000377965
0.000505420
0.000320143
0.000442643
0.000350074
0.000469371
0.000418724
0.000357842
0.000368175
0.000373434
0.000612460
0.000406276
0.000362391
0.000324520
0.000354123
0.000319074
0.000439673
0.000458563
0.000368065
0.000377046
0.000360756
0.000364073
0.000374933
0.000258181
0.000335394
0.000500736
0.000373920
0.000187087
0.000463531
0.000306961
0.000226683
0.000292078
0.000276697
0.000377294
0.000162289
0.000265535
0.000203723
0.000388012
0.000213469
0.000270571
0.000309562
0.000555359
0.000235250
0.000343332
0.000410838
0.000596070
0.000187164
0.000328526
0.000223545
0.000580862
0.000368446
0.000334749
0.000324080
0.000440563
0.000259432
0.000455792
0.000320687
0.000379467
0.000428308
0.000208969
0.000444053
0.000390456
0.000448470
0.000403847
0.000225745
0.000550137
0.000380573
0.000482450
0.000421360
0.000367675
0.000184651
0.000244261
0.000281396
0.000362167
0.000370642
0.000344472
0.000444790
0.000349368
0.000389551
0.000242382
0.000346088
0.000270256
0.000326873
0.000323149
0.000351873
0.000624315
0.000478278
0.000448340
0.000353098
0.000558392
0.000299644
0.000391828
0.000349358
0.000493367
0.000463216
0.000546026
0.000470309
0.000347895
0.000452106
0.000453783
0.000445379
0.000338591
0.000367016
0.000338554
0.000241275
0.000183750
0.000478075
0.000297837
0.000340420
0.000374317
0.000572829
0.000281697
0.000312543
0.000190515
0.000447707
0.000598415
0.000413225
0.000437854
0.000361861
0.000497234
0.000359201
0.000512683
0.000655753
0.000504508
0.000551214
0.000453221
0.000331324
0.000507090
0.000433948
0.000473588
0.000263808
0.000206756
0.000385146
0.000213675
0.000414304
0.000229860
0.000706214
0.000390780
0.000518794
0.000587439
0.000301428
0.000352321
0.000524919
0.000524850
0.000557544
0.000519908
0.000447733
0.000469867
0.000451948
0.000399091
0.000421916
0.000325936
0.000328536
0.000189842
0.000299300
0.000300086
0.000213797
0.000502989
0.000371636
0.000225397
0.000578805
0.000176638
0.000357358
0.000340927
0.000326381
0.000426743
0.000326405
0.000516896
0.000501433
0.000477966
0.000372515
0.000564195
0.000190027
0.000383746
0.000185219
0.000614366
0.000525574
0.000541844
0.000493140
0.000493645
0.000523290
0.000298530
0.000592415
0.000429757
0.000541613
0.000380564
0.000430605
0.000337447
0.000662563
0.000360541
0.000423270
0.000340075
0.000455453
0.000485716
0.000249174
0.000425973
0.000248285
0.000381237
0.000180933
0.000434018
0.000300116
0.000315766
0.000310574
0.000346593
0.000241594
0.000349709
0.000381692
0.000489793
0.000209690
0.000308236
0.000392296
0.000462727
0.000411190
0.000536712
0.000469312
0.000394816
0.000429153
0.000492563
0.000492072
0.000438347
0.000640892
0.000394662
0.000400587
0.000327724
0.000577566
0.000533270
0.000402518
0.000489961
0.000309976
0.000364184
0.000183170
0.000615211
0.000628173
0.000457669
0.000325500
0.000231170
0.000527523
0.000450702
0.000577122
0.000180360
0.000338624
0.000598791
0.000225010
0.000375941
0.000436418
0.000225008
0.000369320
0.000507193
0.000612222
0.000305090
0.000429482
0.000269194
0.000239207
0.000259260
0.000640219
0.000337285
0.000256228
0.000392414
0.000280710
0.000380568
0.000552286
0.000340762
0.000305396
0.000162002
0.000453107
0.000225415
0.000346684
0.000594490
0.000563477
0.000607339
0.000326027
0.000439533
0.000479316
0.000483159
0.000179531
0.000237744
0.000555531
0.000407554
0.000540546
0.000385218
0.000643501
0.000655090
0.000391505
0.000340008
0.000547961
0.000184220
0.000233604
0.000492819
0.000469521
0.000347570
0.000363089
0.000513305
0.000318071
0.000270771
0.000329865
0.000622256
0.000336838
0.000370045
0.000316644
0.000353567
0.000555851
0.000396443
0.000381436
0.000528065
0.000194462
0.000567848
0.000383621
0.000365207
0.000480075
0.000600097
0.000489339
0.000175966
0.000525698
0.000317096
0.000451629
0.000244567
0.000421583
0.000361842
0.000240489
0.000495994
0.000374248
0.000323090
0.000356901
0.000312605
0.000451128
0.000482279
0.000363482
0.000285829
0.000494133
0.000350742
0.000350488
0.000324675
0.000354317
0.000491112
0.000474488
0.000631379
0.000543313
0.000358415
0.000467040
0.000458555
0.000521166
0.000422332
0.000235550
0.000614940
0.000357408
0.000293399
0.000357922
0.000230109
0.000386987
0.000331636
0.000631939
0.000516101
0.000466474
0.000410721
0.000503895
0.000301169
0.000419539
0.000288026
0.000401509
0.000555724
0.000278898
0.000180473
0.000453263
0.000597189
0.000397632
0.000220265
0.000529440
0.000451764
0.000376110
0.000609246
0.000552982
0.000317714
0.000545188
0.000447398
0.000299013
0.000572088
0.000427094
0.000573378
0.000469640
0.000299705
0.000410873
0.000364818
0.000289079
0.000344427
0.000524447
0.000182067
0.000326717
0.000280541
0.000511683
0.000414921
0.000637912
0.000356414
0.000825961
0.000399149
0.000579133
0.000501615
0.000314532
0.000411502
0.000290298
0.000346428
0.000301856
0.000238436
0.000327732
0.000375108
0.000667459
0.000402091
0.000438115
0.000523906
0.000364985
0.000463292
0.000511394
0.000348093
0.000261903
0.000367829
0.000410531
0.000369453
0.000440878
0.000576289
0.000480634
0.000510428
0.000311177
0.000497063
0.000495386
0.000532989
0.000569518
0.000306524
0.000374123
0.000298679
0.000297651
0.000426064
0.000475234
0.000248738
0.000384822
0.000610815
0.000366286
0.000548742
0.000217369
0.000515725
0.000530332
0.000260326
0.000246485
0.000480161
0.000235068
0.000371600
0.000259939
0.000532453
0.000238783
0.000216994
0.000451111
0.000371026
0.000238600
0.000422845
0.000331651
0.000481928
0.000593637
0.000385434
0.000448383
0.000348169
0.000193657
0.000255794
0.000762796
0.000270886
0.000179001
0.000372490
0.000279014
0.000445006
0.000502838
0.000251894
0.000220833
0.000677582
0.000446681
0.000566110
0.000251360
0.000341325
0.000429538
0.000557564
0.000511323
0.000502089
0.000342244
0.000285465
0.000605103
0.000305979
0.000505138
0.000373534
0.000445567
0.000555638
0.000482369
0.000542590
0.000433138
0.000627332
0.000541838
0.000514017
0.000334406
0.000265950
0.000471025
0.000639669
0.000372760
0.000804027
0.000459418
0.000389470
0.000451817
0.000478830
0.000287619
0.000433931
0.000717535
0.000403282
0.000361168
0.000429035
0.000398995
0.000295499
0.000473589
0.000443685
0.000324906
0.000499347
0.000440277
0.000572674
0.000587070
0.000482615
0.000376159
0.000318745
0.000545890
0.000318072
0.000342416
0.000180860
0.000336754
0.000236066
0.000375658
0.000290292
0.000420817
0.000411556
0.000347928
0.000336701
0.000455012
0.000314955
0.000192117
0.000511162
0.000525455
0.000588696
0.000578403
0.000271817
0.000316468
0.000255096
0.000265380
0.000426523
0.000397162
0.000512354
0.000510447
0.000498822
0.000403778
0.000495254
0.000505554
0.000587129
0.000704214
0.000640808
0.000180432
0.000263712
0.000339177
0.000238971
0.000764190
0.000256052
0.000600065
0.000334255
0.000478935
0.000337016
0.000449082
0.000678645
0.000217665
0.000319443
0.000172515
0.000571012
0.000303579
0.000318596
0.000397351
0.000214116
0.000406803
0.000243978
0.000367195
0.000442040
0.000212975
0.000276750
0.000394680
0.000194850
0.000211523
0.000171320
0.000538538
0.000443177
0.000620657
0.000341184
0.000347685
0.000405690
0.000373982
0.000467740
0.000463297
0.000394995
0.000367563
0.000481330
0.000451405
0.000476234
0.000506781
0.000301689
0.000613879
0.000187100
0.000250324
0.000473952
0.000498460
0.000186533
0.000356795
0.000293129
0.000234179
0.000372154
0.000569224
0.000550187
0.000334060
0.000429444
0.000554137
0.000397581
0.000270819
0.000530317
0.000325667
0.000479129
0.000224573
0.000413188
0.000539343
0.000357212
0.000303119
0.000204392
0.000627818
0.000470432
0.000449145
0.000227785
0.000329125
0.000456124
0.000600494
0.000429747
0.000188409
0.000352149
0.000511007
0.000282308
0.000358302
0.000166255
0.000515411
0.000174618
0.000351992
0.000332126
0.000363583
0.000512634
0.000527872
0.000347800
0.000266061
0.000547345
0.000486246
0.000332740
0.000272628
0.000524097
0.000327626
0.000240161
0.000387586
0.000481460
0.000301539
0.000331782
0.000622643
0.000448509
0.000220580
0.000288615
0.000311635
0.000215370
0.000348097
0.000609636
0.000341673
0.000594379
0.000285567
0.000448589
0.000693084
0.000379335
0.000270638
0.000513453
0.000376772
0.000533921
0.000253413
0.000219948
0.000584469
0.000438835
0.000317017
0.000209760
0.000493256
0.000304199
0.000304651
0.000469310
0.000549880
0.000351959
0.000376506
0.000311773
0.000333977
0.000470383
0.000311961
0.000467126
0.000278454
0.000470405
0.000503736
0.000269441
0.000378995
0.000337714
0.000479830
0.000272235
0.000325560
0.000348511
0.000601073
0.000293253
0.000406346
0.000341719
0.000555008
0.000180613
0.000591538
0.000350686
0.000380658
0.000393109
0.000455809
0.000521119
0.000271425
0.000358508
0.000422289
0.000632341
0.000332763
0.000475982
0.000363837
0.000488270
0.000347458
0.000295119
0.000529290
0.000475613
0.000317108
0.000175833
0.000313240
0.000443143
0.000260823
0.000423205
0.000476123
0.000346953
0.000330960
0.000177706
0.000520251
0.000361948
0.000532946
0.000336306
0.000483051
0.000194359
0.000165576
0.000551333
0.000454919
0.000229242
0.000456859
0.000441543
0.000389433
0.000318621
0.000603150
0.000416320
0.000503939
0.000574164
0.000401633
0.000355852
0.000214642
0.000506273
0.000356008
0.000449349
0.000446954
0.000232439
0.000478626
0.000307100
0.000445499
0.000171454
0.000259651
0.000340915
0.000234387
0.000255115
0.000344289
0.000362714
0.000557211
0.000181545
0.000325338
0.000526047
0.000382042
0.000489273
0.000462081
0.000790536
0.000462318
0.000306873
0.000466658
0.000617013
0.000229685
0.000704370
0.000593775
0.000327712
0.000464493
0.000401585
0.000440958
0.000297581
0.000195987
0.000366201
0.000169476
0.000152803
0.000376252
0.000223754
0.000268177
0.000314469
0.000297863
0.000318602
0.000544757
0.000229338
0.000314507
0.000528834
0.000203487
0.000321894
0.000474600
0.000264501
0.000425085
0.000347806
0.000538750
0.000288586
0.000387595
0.000584584
0.000551934
0.000528068
0.000399966
0.000341717
0.000482901
0.000378542
0.000511844
0.000479657
0.000484347
0.000671492
0.000426537
0.000252915
0.000467577
0.000318743
0.000450648
0.000498243
0.000304558
0.000425070
0.000248318
0.000222769
0.000637005
0.000544955
0.000383514
0.000329952
0.000216840
0.000586689
0.000610410
0.000323873
0.000487261
0.000383459
0.000268977
0.000325828
0.000455211
0.000495086
0.000467905
0.000235770
0.000383461
0.000575803
0.000522311
0.000258422
0.000373816
0.000337366
0.000173538
0.000354655
0.000230757
0.000410993
0.000339890
0.000263432
0.000211981
0.000343866
0.000453584
0.000217171
0.000317879
0.000421739
0.000271951
0.000334898
0.000506133
0.000504538
0.000463617
0.000203821
0.000487700
0.000359079
0.000371807
0.000382949
0.000319006
0.000322530
0.000478000
0.000508042
0.000288024
0.000548577
0.000219731
0.000345031
0.000329486
0.000178109
0.000343476
0.000166606
0.000271340
0.000320272
0.000499888
0.000471960
0.000449605
0.000348420
0.000413081
0.000543989
0.000372028
0.000398497
0.000235769
0.000222557
0.000342260
0.000363482
0.000554584
0.000303224
0.000366045
0.000341752
0.000306528
0.000347847
0.000449351
0.000436551
0.000484218
0.000551756
0.000320425
0.000554402
0.000394640
0.000651886
0.000521967
0.000435392
0.000283405
0.000459992
0.000342034
0.000358121
0.000299602
0.000181262
0.000409485
0.000676219
0.000280651
0.000325778
0.000711915
0.000286357
0.000199757
0.000658125
0.000401061
0.000389789
0.000462702
0.000476447
0.000466289
0.000166952
0.000227001
0.000291955
0.000426901
0.000449741
0.000401173
0.000421234
0.000426218
0.000198551
0.000269610
0.000182334
0.000466442
0.000605100
0.000345240
0.000512089
0.000564270
0.000525618
0.000264612
0.000492998
0.000384438
0.000530432
0.000644180
0.000445710
0.000237378
0.000524752
0.000344301
0.000278652
0.000447737
0.000289253
0.000334504
0.000231692
0.000165319
0.000271371
0.000414436
0.000352304
0.000236370
0.000346003
0.000687451
0.000628295
0.000558389
0.000244209
0.000269929
0.000469866
0.000244877
0.000514889
0.000415159
0.000408827
0.000496365
0.000328696
0.000601563
0.000478276
0.000262109
0.000386363
0.000333278
0.000297190
0.000250361
0.000507269
0.000597556
0.000485418
0.000418987
0.000412153
0.000332336
0.000264342
0.000233192
0.000282715
0.000158946
0.000539507
0.000309466
0.000388325
0.000268704
0.000262448
0.000227006
0.000249293
0.000471708
0.000287628
0.000276392
0.000350693
0.000224040
0.000211380
0.000553589
0.000470398
0.000482754
0.000578310
0.000390009
0.000263640
0.000235512
0.000416750
0.000351747
0.000488802
0.000437449
0.000496061
0.000423893
0.000278843
0.000163147
0.000594596
0.000436886
0.000223017
0.000352400
0.000217781
0.000236868
0.000293634
0.000357872
0.000277486
0.000376148
0.000361560
0.000425173
0.000393870
0.000218570
0.000601540
0.000486806
0.000348550
0.000539982
0.000430942
0.000304654
0.000397645
0.000552949
0.000195201
0.000361270
0.000370283
0.000276370
0.000438673
0.000417143
0.000310758
0.000320513
0.000548041
0.000224204
0.000285898
0.000227438
0.000489829
0.000463099
0.000406749
0.000530911
0.000279549
0.000460602
0.000396076
0.000533357
0.000363461
0.000340655
0.000352716
0.000745533
0.000659598
0.000340118
0.000253643
0.000431420
0.000578230
0.000449087
0.000486872
0.000407143
0.000283976
0.000342517
0.000178781
0.000394757
0.000252851
0.000473935
0.000370424
0.000301889
0.000254565
0.000521831
0.000385330
0.000296747
0.000397882
0.000298177
0.000322308
0.000608497
0.000439542
0.000291423
0.000441383
0.000440344
0.000381834
0.000294038
0.000293572
0.000300223
0.000487525
0.000455868
0.000305875
0.000182229
0.000331574
0.000307662
0.000344682
0.000328344
0.000265191
0.000489585
0.000227457
0.000442544
0.000512147
0.000202692
0.000416763
0.000236673
0.000355047
0.000235860
0.000237521
0.000424158
0.000318773
0.000514699
0.000312947
0.000258062
0.000288892
0.000437339
0.000715616
0.000544559
0.000404202
0.000279746
0.000368699
0.000515075
0.000544067
0.000554526
0.000600790
0.000546215
0.000537717
0.000508917
0.000555081
0.000578492
0.000713976
0.000358129
0.000243853
0.000499081
0.000449258
0.000221311
0.000354147
0.000598317
0.000242909
0.000213252
0.000270139
0.000177161
0.000427760
0.000460258
0.000335889
0.000327345
0.000290414
0.000467584
0.000654448
0.000382230
0.000292139
0.000518720
0.000334482
0.000520822
0.000458725
0.000410716
0.000464992
0.000498718
0.000367974
0.000163233
0.000465548
0.000657714
0.000420202
0.000358486
0.000292490
0.000469324
0.000607065
0.000274460
0.000693600
0.000224241
0.000422259
0.000282868
0.000171628
0.000418798
0.000376691
0.000594019
0.000393314
0.000494113
0.000368849
0.000450760
0.000235807
0.000316399
0.000280432
0.000526920
0.000286827
0.000514139
0.000182769
0.000485125
0.000434989
0.000382449
0.000166419
0.000367498
0.000423409
0.000235644
0.000346031
0.000235275
0.000409857
0.000244237
0.000362928
0.000350346
0.000294532
0.000349014
0.000284784
0.000226298
0.000590369
0.000348562
0.000366675
0.000409234
0.000333756
0.000445377
0.000255741
0.000445762
0.000384362
0.000443737
0.000300368
0.000424203
0.000201397
0.000251464
0.000408854
0.000336925
0.000379076
0.000382733
0.000477767
0.000539464
0.000317902
0.000339874
0.000586308
0.000331513
0.000432226
0.000384721
0.000422614
0.000640099
0.000408288
0.000463378
0.000419613
0.000171641
0.000396441
0.000399842
0.000584057
0.000432067
0.000375403
0.000397124
0.000446497
0.000320235
0.000405027
0.000378706
0.000277543
0.000330711
0.000307263
0.000456419
0.000300889
0.000303306
0.000176356
0.000255106
0.000421940
0.000415432
0.000489079
0.000277479
0.000285270
0.000402923
0.000276389
0.000309060
0.000372755
0.000431715
0.000486613
0.000409471
0.000403600
0.000350937
0.000340333
0.000390576
0.000423772
0.000404956
0.000462542
0.000520190
0.000448804
0.000425184
0.000400992
0.000369368
0.000235995
0.000244849
0.000444655
0.000391467
0.000228353
0.000470684
0.000469040
0.000490260
0.000215660
0.000359112
0.000434154
0.000292401
0.000329092
0.000429963
0.000356522
0.000508754
0.000412038
0.000460454
0.000237443
0.000438737
0.000287078
0.000353146
0.000307725
0.000312142
0.000620054
0.000354452
0.000266835
0.000362800
0.000333209
0.000272402
0.000335109
0.000333262
0.000350735
0.000282956
0.000200599
0.000431594
0.000520449
0.000371366
0.000180226
0.000366309
0.000332384
0.000474428
0.000221972
0.000300207
0.000500485
0.000239330
0.000313842
0.000424818
0.000337958
0.000273612
0.000469988
0.000352985
0.000513637
0.000501645
0.000276370
0.000473135
0.000479557
0.000361188
0.000375147
0.000267833
0.000308930
0.000413083
0.000405891
0.000312246
0.000360303
0.000658665
0.000361056
0.000216966
0.000361740
0.000505473
0.000437282
0.000445119
0.000387773
0.000498393
0.000354008
0.000595019
0.000323975
0.000485928
0.000646571
0.000290078
0.000408533
0.000267967
0.000479352
0.000362801
0.000384538
0.000476580
0.000293952
0.000457399
0.000293030
0.000412205
0.000336702
0.000495903
0.000483381
0.000416691
0.000250360
0.000452687
0.000461404
0.000385612
0.000315355
0.000229889
0.000589732
0.000371623
0.000377489
0.000216989
0.000408484
0.000193418
0.000371007
0.000269268
0.000167826
0.000452794
0.000174663
0.000406222
0.000513210
0.000415639
0.000341058
0.000292041
0.000286214
0.000409463
0.000465001
0.000318258
0.000317126
0.000372992
0.000235260
0.000483049
0.000423045
0.000352966
0.000407407
0.000328004
0.000270831
0.000367756
0.000251020
0.000324965
0.000421259
0.000400127
0.000354738
0.000420316
0.000353303
0.000323652
0.000392423
0.000398316
0.000249620
0.000400476
0.000307687
0.000245726
0.000353136
0.000285595
0.000570625
0.000422497
0.000220516
0.000344589
0.000317835
0.000284414
0.000261851
0.000315710
0.000372994
0.000643139
0.000426771
0.000181553
0.000450251
0.000386620
0.000374331
0.000372344
0.000326959
0.000423043
0.000340298
0.000457398
0.000271864
0.000445405
0.000362914
0.000402425
0.000360947
0.000404800
0.000280896
0.000225765
0.000344617
0.000330714
0.000258625
0.000347928
0.000434078
0.000338689
0.000335525
0.000328795
0.000302473
0.000367607
0.000260479
0.000315654
0.000320324
0.000293314
0.000355653
0.000302931
0.000380221
0.000488461
0.000441139
0.000509136
0.000228964
0.000289134
0.000290395
0.000462528
0.000357792
0.000320598
0.000170529
0.000314553
0.000389572
0.000395286
0.000381065
0.000421914
0.000280663
0.000278329
0.000211795
0.000352255
0.000425947
0.000412604
0.000473089
0.000368061
0.000340979
0.000347150
0.000360768
0.000427369
0.000474424
0.000441529
0.000204139
0.000369183
0.000406576
0.000335946
0.000438084
0.000307358
0.000347103
0.000272435
0.000225201
0.000256041
0.000395060
0.000308198
0.000522461
0.000345262
0.000210067
0.000373473
0.000297852
0.000330032
0.000170570
0.000380071
0.000395289
0.000330469
0.000282222
0.000249948
0.000232731
0.000291571
0.000387106
0.000343833
0.000350816
0.000352083
0.000506168
0.000269019
0.000351836
0.000564749
0.000461080
0.000528118
0.000485079
0.000539608
0.000174213
0.000219206
0.000152602
0.000202564
0.000364990
0.000283287
0.000496198
0.000403300
0.000313014
0.000394468
0.000329052
0.000386958
0.000651582
0.000400823
0.000434059
0.000351504
0.000539912
0.000239300
0.000320013
0.000259281
0.000454083
0.000425027
0.000337161
0.000353637
0.000394609
0.000359642
0.000412717
0.000527020
0.000221603
0.000349454
0.000388968
0.000354707
0.000542937
0.000417267
0.000500068
0.000327755
0.000290123
0.000355221
0.000289563
0.000395635
0.000436386
0.000585632
0.000327043
0.000332007
0.000346565
0.000378835
0.000313546
0.000357545
0.000419641
0.000439604
0.000378988
0.000233426
0.000291671
0.000175514
0.000250045
0.000406110
0.000428601
0.000473403
0.000446105
0.000267220
0.000228365
0.000549569
0.000523130
0.000418204
0.000327231
0.000306194
0.000504258
0.000233209
0.000387029
0.000303082
0.000219146
0.000264749
0.000448894
0.000343834
0.000415097
0.000307790
0.000445831
0.000404219
0.000281598
0.000344068
0.000315644
0.000376729
0.000479927
0.000309594
0.000496882
0.000480267
0.000314112
0.000258523
0.000207186
0.000369087
0.000434194
0.000565985
0.000509246
0.000241684
0.000476152
0.000441228
0.000397408
0.000209127
0.000460022
0.000438194
0.000311681
0.000205144
0.000423454
0.000382384
0.000332656
0.000320669
0.000508346
0.000475736
0.000349532
0.000328145
0.000401618
0.000334235
0.000402132
0.000294191
0.000389556
0.000318128
0.000221942
0.000468480
0.000417297
0.000326518
0.000230004
0.000355333
0.000332258
0.000435381
0.000436390
0.000354881
0.000240780
0.000284411
0.000489501
0.000338809
0.000385044
0.000443403
0.000450476
0.000288077
0.000315281
0.000402892
0.000299263
0.000336771
0.000433201
0.000463256
0.000343064
0.000432351
0.000480502
0.000393496
0.000427083
0.000441924
0.000335155
0.000420810
0.000388824
0.000362035
0.000363319
0.000292714
0.000395468
0.000179379
0.000279825
0.000523376
0.000530672
0.000202293
0.000337427
0.000356094
0.000349905
0.000541142
0.000334524
0.000383955
0.000428329
0.000239229
0.000303533
0.000335454
0.000538356
0.000462999
0.000341004
0.000411711
0.000366171
0.000492169
0.000359087
0.000269177
0.000467654
0.000590599
0.000285202
0.000422077
0.000342931
0.000308143
0.000409383
0.000301170
0.000447007
0.000605899
0.000233001
0.000407432
0.000323676
0.000184146
0.000403179
0.000417951
0.000404799
0.000352194
0.000345103
0.000414608
0.000333109
0.000271432
0.000244869
0.000439600
0.000360241
0.000398646
0.000666767
0.000257259
0.000315115
0.000289089
0.000226434
0.000298097
0.000320882
0.000413392
0.000313365
0.000186652
0.000414160
0.000313673
0.000536532
0.000304525
0.000316128
0.000389577
0.000200963
0.000416586
0.000489300
0.000427430
0.000273393
0.000222783
0.000384626
0.000343940
0.000321283
0.000266003
0.000226070
0.000163689
0.000403523
0.000287090
0.000580935
0.000230865
0.000418328
0.000398504
0.000365107
0.000498199
0.000426585
0.000529208
0.000224741
0.000323398
0.000196622
0.000311530
0.000394364
0.000396067
0.000351904
0.000399952
0.000314347
0.000317846
0.000292931
0.000276347
0.000390032
0.000377233
0.000407197
0.000398361
0.000419911
0.000420368
0.000401910
0.000385954
0.000328122
0.000325068
0.000473501
0.000316013
0.000350112
0.000451498
0.000330156
0.000366488
0.000367925
0.000294695
0.000544103
0.000276879
0.000427057
0.000567524
0.000494341
0.000552939
0.000372591
0.000391884
0.000363563
0.000375457
0.000491000
0.000687129
0.000410136
0.000336645
0.000395511
0.000185645
0.000225796
0.000497377
0.000188116
0.000426251
0.000332903
0.000385030
0.000236389
0.000421580
0.000401085
0.000307992
0.000615246
0.000346278
0.000383616
0.000461388
0.000425778
0.000301375
0.000388896
0.000386707
0.000281273
0.000392521
0.000300431
0.000343254
0.000338185
0.000394699
0.000347772
0.000401061
0.000293068
0.000356589
0.000433048
0.000406609
0.000311339
0.000244062
0.000229440
0.000239810
0.000397635
0.000620305
0.000338496
0.000298223
0.000520133
0.000432759
0.000504171
0.000323061
0.000268219
0.000408872
0.000608572
0.000570677
0.000365192
0.000215868
0.000468229
0.000541387
0.000424046
0.000412076
0.000620399
0.000410181
0.000356793
0.000418040
0.000427473
0.000302213
0.000213722
0.000425663
0.000330636
0.000360084
0.000313785
0.000553527
0.000263038
0.000432336
0.000354750
0.000282032
0.000243137
0.000229850
0.000268581
0.000512559
0.000270393
0.000217690
0.000414720
0.000393148
0.000229678
0.000467607
0.000402350
0.000316417
0.000389398
0.000281034
0.000295124
0.000455474
0.000352114
0.000357648
0.000458715
0.000357502
0.000390461
0.000417234
0.000316218
0.000420070
0.000289256
0.000470663
0.000494909
0.000200759
0.000352465
0.000564952
0.000408468
0.000179455
0.000244426
0.000284009
0.000416725
0.000292368
0.000292323
0.000283808
0.000480148
0.000357201
0.000279588
0.000335846
0.000271668
0.000481961
0.000389366
0.000225854
0.000360088
0.000172191
0.000285289
0.000351692
0.000502579
0.000293477
0.000215100
0.000477965
0.000457194
0.000327230
0.000216044
0.000415604
0.000486971
0.000367800
0.000364554
0.000457318
0.000482699
0.000267349
0.000412184
0.000338947
0.000180879
0.000345408
0.000495472
0.000426465
0.000323133
0.000338927
0.000364153
0.000170548
0.000255050
0.000448016
0.000269312
0.000493144
0.000393359
0.000163234
0.000416093
0.000298045
0.000340881
0.000441089
0.000343149
0.000472233
0.000207892
0.000385505
0.000286481
0.000263177
0.000440773
0.000256254
0.000420846
0.000275754
0.000357965
0.000363522
0.000392255
0.000388725
0.000254370
0.000501193
0.000269379
0.000216467
0.000290110
0.000548065
0.000375856
0.000328095
0.000282257
0.000484865
0.000450135
0.000273929
0.000173066
0.000404138
0.000298239
0.000404037
0.000337244
0.000394648
0.000268537
0.000375711
0.000285807
0.000258347
0.000287827
0.000523935
0.000337459
0.000253839
0.000370366
0.000479467
0.000363398
0.000281992
0.000448421
0.000601119
0.000425800
0.000281322
0.000389971
0.000504656
0.000250646
0.000462260
0.000396651
0.000430686
0.000372504
0.000456558
0.000491337
0.000368214
0.000391882
0.000452201
0.000486956
0.000467570
0.000427915
0.000441239
0.000287931
0.000493400
0.000421249
0.000454393
0.000571643
0.000295902
0.000228830
0.000420118
0.000241438
0.000318827
0.000375322
0.000432474
0.000249037
0.000325352
0.000463236
0.000421442
0.000395267
0.000336581
0.000251651
0.000414153
0.000206431
0.000520751
0.000333752
0.000245027
0.000323412
0.000465174
0.000723129
0.000348059
0.000308385
0.000402812
0.000401899
0.000485947
0.000212762
0.000463373
0.000455170
0.000451870
0.000337330
0.000509710
0.000299597
0.000436096
0.000490734
0.000405372
0.000356212
0.000439823
0.000414938
0.000404022
0.000425899
0.000451147
0.000300880
0.000417705
0.000214946
0.000473510
0.000321600
0.000170885
0.000428168
0.000372977
0.000537808
0.000430441
0.000290162
0.000455346
0.000356717
0.000595992
0.000587132
0.000407745
0.000417900
0.000368871
0.000271592
0.000445841
0.000405044
0.000231081
0.000567163
0.000354652
0.000183468
0.000356946
0.000419326
0.000398803
0.000259715
0.000448556
0.000370544
0.000487568
0.000554760
0.000421443
0.000368058
0.000433109
0.000335237
0.000375764
0.000408759
0.000622418
0.000444021
0.000412353
0.000436824
0.000358813
0.000319860
0.000474247
0.000383062
0.000409096
0.000445987
0.000370630
0.000386731
0.000290193
0.000271283
0.000239318
0.000415688
0.000377152
0.000281171
0.000461302
0.000499519
0.000324139
0.000331547
0.000268698
0.000583141
0.000296376
0.000410877
0.000283661
0.000451130
0.000316133
0.000418950
0.000269157
0.000445107
0.000496766
0.000496313
0.000508011
0.000409123
0.000383734
0.000286887
0.000371768
0.000435630
0.000387229
0.000414120
0.000278800
0.000398503
0.000227819
0.000444250
0.000473664
0.000404526
0.000518478
0.000383115
0.000363109
0.000300360
0.000178151
0.000227991
0.000273442
0.000397623
0.000328670
0.000427933
0.000446867
0.000399244
0.000448575
0.000409415
0.000402621
0.000295970
0.000494023
0.000370634
0.000608457
0.000332039
0.000231971
0.000401747
0.000421532
0.000366225
0.000366176
0.000439998
0.000462240
0.000460519
0.000440507
0.000380518
0.000418763
0.000450212
0.000321015
0.000183993
0.000314666
0.000434944
0.000244797
0.000555370
0.000288017
0.000333848
0.000353942
0.000329786
0.000454895
0.000352854
0.000428190
0.000293813
0.000169217
0.000318852
0.000497203
0.000391134
0.000474044
0.000286660
0.000172123
0.000268651
0.000339844
0.000408313
0.000424883
0.000430623
0.000557845
0.000434524
0.000421167
0.000344586
0.000299533
0.000209101
0.000275983
0.000367039
0.000408070
0.000408697
0.000229339
0.000309879
0.000467419
0.000382459
0.000404072
0.000318379
0.000473478
0.000281440
0.000556942
0.000282485
0.000463402
0.000277550
0.000444769
0.000439487
0.000565416
0.000415712
0.000315580
0.000406058
0.000410973
0.000270544
0.000388992
0.000271931
0.000394871
0.000433235
0.000420610
0.000335667
0.000367901
0.000432212
0.000452134
0.000296439
0.000314936
0.000284054
0.000343253
0.000317303
0.000576223
0.000314473
0.000380148
0.000473550
0.000281413
0.000417214
0.000484782
0.000356916
0.000332826
0.000546747
0.000529566
0.000291422
0.000224324
0.000157812
0.000623865
0.000306254
0.000319464
0.000434605
0.000445495
0.000339403
0.000286395
0.000459363
0.000346163
0.000169970
0.000335470
0.000389825
0.000329753
0.000176376
0.000419199
0.000261975
0.000312562
0.000254275
0.000374919
0.000309422
0.000303819
0.000350666
0.000310168
0.000236186
0.000274774
0.000342265
0.000263926
0.000514480
0.000257586
0.000505194
0.000226679
0.000621729
0.000343609
0.000371693
0.000393492
0.000328755
0.000313439
0.000367945
0.000282159
0.000325826
0.000342679
0.000384128
0.000327996
0.000407954
0.000574834
0.000177167
0.000151404
0.000353456
0.000334249
0.000440181
0.000288289
0.000238954
0.000297686
0.000422099
0.000160833
0.000247016
0.000192689
0.000374780
0.000493024
0.000309344
0.000288415
0.000357188
0.000300429
0.000499373
0.000443836
0.000350668
0.000595450
0.000552107
0.000227776
0.000418242
0.000311073
0.000421092
0.000233867
0.000638521
0.000418540
0.000307090
0.000222987
0.000247931
0.000333971
0.000223330
0.000267253
0.000499716
0.000330111
0.000218280
0.000282695
0.000339607
0.000346397
0.000324226
0.000255088
0.000257801
0.000582678
0.000249353
0.000309898
0.000329005
0.000174514
0.000467780
0.000308606
0.000417015
0.000496421
0.000233422
0.000350107
0.000537137
0.000583091
0.000323551
0.000268160
0.000569379
0.000355563
0.000264410
0.000292777
0.000429305
0.000268940
0.000314819
0.000593714
0.000480513
0.000251859
0.000490662
0.000575901
0.000340240
0.000337379
0.000315723
0.000320817
0.000251232
0.000330435
0.000409563
0.000348758
0.000372730
0.000385614
0.000437600
0.000370440
0.000378198
0.000230478
0.000355105
0.000318976
0.000472732
0.000257103
0.000382936
0.000184395
0.000334938
0.000400594
0.000336384
0.000325939
0.000355137
0.000258491
0.000342517
0.000330455
0.000272507
0.000166724
0.000290185
0.000571772
0.000573867
0.000484818
0.000287841
0.000363622
0.000555808
0.000453931
0.000354031
0.000208998
0.000305519
0.000260778
0.000317047
0.000199827
0.000318038
0.000331898
0.000267620
0.000157695
0.000284355
0.000643402
0.000461261
0.000320441
0.000308018
0.000272252
0.000244695
0.000582507
0.000343717
0.000229857
0.000319659
0.000360550
0.000338389
0.000318226
0.000629762
0.000477815
0.000363807
0.000514188
0.000474634
0.000469359
0.000390076
0.000361220
0.000319183
0.000282209
0.000334676
0.000379767
0.000357602
0.000534689
0.000301627
0.000523462
0.000276030
0.000390545
0.000400980
0.000592191
0.000217015
0.000344329
0.000378207
0.000459674
0.000296743
0.000173049
0.000347047
0.000215526
0.000207860
0.000337136
0.000336976
0.000281200
0.000324942
0.000313264
0.000437099
0.000233979
0.000297124
0.000348454
0.000307769
0.000440527
0.000721591
0.000188700
0.000355722
0.000373511
0.000310630
0.000203035
0.000576257
0.000491064
0.000402652
0.000282277
0.000464783
0.000379711
0.000406140
0.000267700
0.000432119
0.000345059
0.000316243
0.000246863
0.000349889
0.000440192
0.000323220
0.000404768
0.000200530
0.000359649
0.000584475
0.000501777
0.000339171
0.000276273
0.000329249
0.000298158
0.000164909
0.000339427
0.000324185
0.000382707
0.000317643
0.000333180
0.000337516
0.000249447
0.000356176
0.000337395
0.000465883
0.000348568
0.000459144
0.000349443
0.000227207
0.000328058
0.000314977
0.000357494
0.000280909
0.000206894
0.000375452
0.000579300
0.000307285
0.000399925
0.000236563
0.000533850
0.000475301
0.000554484
0.000371326
0.000304784
0.000563672
0.000563808
0.000347221
0.000403033
0.000427619
0.000522729
0.000174623
0.000380871
0.000313461
0.000251666
0.000517467
0.000479926
0.000456995
0.000297709
0.000485883
0.000317984
0.000258038
0.000253440
0.000328203
0.000369896
0.000266325
0.000343065
0.000268689
0.000227369
0.000333292
0.000412148
0.000167468
0.000292803
0.000285332
0.000206633
0.000350230
0.000334831
0.000313297
0.000327005
0.000402115
0.000322680
0.000319059
0.000355528
0.000367399
0.000465702
0.000214338
0.000284988
0.000287122
0.000254905
0.000394678
0.000510508
0.000456725
0.000327840
0.000343491
0.000171438
0.000364675
0.000362684
0.000338466
0.000402718
0.000540223
0.000451071
0.000394450
0.000238028
0.000274664
0.000560597
0.000611027
0.000378501
0.000168774
0.000331357
0.000360574
0.000425354
0.000407759
0.000327910
0.000420841
0.000354687
0.000196353
0.000168459
0.000658453
0.000427837
0.000293003
0.000477000
0.000408240
0.000215939
0.000338707
0.000327079
0.000548440
0.000217006
0.000374653
0.000486278
0.000170129
0.000353903
0.000270622
0.000243863
0.000164613
0.000166690
0.000166807
0.000394783
0.000407723
0.000234079
0.000297330
0.000392662
0.000549145
0.000305883
0.000256725
0.000350432
0.000522187
0.000222847
0.000333808
0.000162953
0.000325291
0.000250231
0.000313648
0.000331510
0.000333744
0.000465707
0.000339328
0.000360672
0.000436209
0.000300328
0.000306422
0.000237167
0.000368697
0.000254230
0.000314480
0.000358508
0.000303150
0.000538856
0.000320407
0.000281194
0.000188160
0.000353722
0.000345778
0.000574405
0.000344556
0.000564668
0.000401929
0.000339018
0.000460139
0.000328554
0.000322486
0.000367385
0.000347574
0.000296427
0.000318408
0.000320456
0.000327670
0.000297240
0.000229481
0.000255458
0.000381152
0.000306077
0.000291442
0.000493119
0.000352519
0.000230402
0.000289310
0.000343307
0.000237965
0.000329898
0.000248620
0.000297406
0.000257020
0.000269057
0.000222660
0.000551922
0.000492655
0.000562068
0.000405347
0.000339002
0.000287496
0.000341841
0.000485433
0.000305585
0.000230758
0.000324806
0.000526442
0.000359269
0.000394105
0.000374408
0.000333899
0.000272903
0.000347088
0.000328185
0.000273744
0.000443075
0.000435601
0.000468957
0.000324088
0.000280824
0.000211679
0.000305553
0.000250973
0.000328984
0.000261183
0.000209532
0.000568011
0.000483364
0.000422820
0.000311726
0.000372619
0.000289568
0.000381407
0.000352434
0.000437325
0.000281476
0.000393268
0.000423663
0.000240082
0.000304570
0.000270667
0.000315558
0.000381381
0.000262969
0.000297557
0.000417178
0.000217808
0.000381389
0.000408105
0.000267819
0.000477810
0.000394154
0.000321378
0.000472960
0.000183479
0.000262579
0.000545569
0.000331644
0.000298805
0.000161707
0.000383533
0.000541105
0.000381852
0.000451860
0.000567768
0.000338815
0.000335970
0.000396398
0.000340354
0.000451750
0.000333737
0.000304757
0.000231980
0.000219021
0.000193054
0.000381990
0.000272434
0.000290460
0.000341331
0.000266762
0.000277830
0.000360837
0.000204878
0.000328044
0.000315527
0.000305804
0.000353274
0.000429202
0.000317668
0.000223496
0.000244430
0.000369797
0.000278332
0.000262615
0.000428949
0.000332613
0.000305723
0.000274222
0.000320081
0.000358146
0.000278748
0.000339420
0.000349937
0.000345392
0.000443130
0.000245548
0.000290850
0.000484260
0.000328512
0.000336762
0.000202920
0.000252816
0.000225817
0.000263150
0.000398869
0.000507589
0.000344725
0.000700298
0.000349309
0.000321568
0.000373948
0.000252799
0.000356374
0.000386732
0.000437996
0.000341207
0.000297315
0.000490616
0.000230521
0.000530685
0.000274853
0.000323011
0.000297024
0.000348886
0.000541028
0.000317180
0.000211037
0.000207239
0.000336674
0.000307413
0.000323669
0.000385259
0.000332802
0.000244125
0.000264288
0.000423707
0.000358899
0.000489130
0.000206605
0.000336846
0.000377453
0.000308749
0.000358808
0.000277802
0.000340209
0.000397160
0.000311934
0.000270877
0.000569695
0.000371530
0.000221554
0.000348665
0.000171653
0.000248043
0.000397824
0.000171267
0.000387440
0.000352445
0.000404636
0.000317312
0.000282492
0.000328835
0.000268956
0.000253557
0.000446042
0.000358098
0.000336539
0.000470869
0.000362565
0.000339036
0.000560641
0.000571262
0.000409484
0.000446146
0.000361993
0.000385439
0.000288120
0.000231797
0.000209280
0.000291235
0.000282830
0.000324059
0.000307122
0.000458614
0.000426644
0.000557406
0.000353635
0.000360626
0.000168135
0.000332961
0.000249866
0.000303220
0.000424108
0.000315675
0.000173969
0.000333560
0.000220964
0.000286166
0.000370555
0.000175988
0.000344339
0.000331663
0.000265599
0.000321873
0.000347835
0.000347756
0.000488101
0.000363074
0.000298947
0.000456308
0.000325750
0.000310173
0.000279835
0.000286764
0.000622658
0.000278704
0.000430996
0.000430223
0.000483112
0.000378719
0.000384850
0.000306642
0.000488888
0.000359544
0.000319544
0.000359591
0.000302742
0.000218884
0.000501824
0.000373359
0.000464540
0.000328086
0.000227834
0.000206409
0.000261259
0.000337577
0.000368034
0.000346098
0.000490763
0.000375659
0.000331048
0.000475273
0.000444827
0.000350829
0.000286825
0.000238411
0.000366740
0.000295527
0.000317093
0.000374035
0.000641737
0.000502673
0.000278108
0.000504904
0.000312922
0.000296641
0.000340797
0.000442251
0.000529533
0.000307510
0.000279366
0.000187205
0.000353389
0.000370391
0.000527070
0.000331491
0.000349594
0.000351839
0.000269587
0.000252236
0.000554167
0.000397985
0.000354161
0.000346939
0.000333782
0.000271997
0.000342690
0.000354431
0.000404820
0.000340599
0.000381632
0.000281448
0.000346106
0.000369085
0.000382388
0.000368629
0.000248012
0.000365192
0.000381608
0.000325444
0.000331681
0.000314650
0.000372607
0.000358120
0.000357954
0.000669428
0.000382683
0.000358547
0.000283577
0.000222271
0.000287705
0.000254968
0.000341791
0.000301351
0.000436843
0.000352059
0.000363258
0.000221861
0.000286875
0.000272180
0.000624453
0.000331430
0.000332511
0.000353201
0.000371127
0.000313871
0.000213491
0.000345467
0.000371104
0.000313354
0.000309957
0.000250379
0.000227885
0.000247583
0.000322598
0.000393731
0.000327289
0.000333840
0.000205838
0.000267694
0.000349537
0.000355066
0.000456958
0.000343350
0.000287327
0.000351257
0.000316044
0.000280722
0.000487537
0.000371467
0.000626668
0.000274913
0.000166336
0.000342181
0.000327897
0.000300010
0.000605080
0.000312204
0.000437398
0.000287836
0.000381915
0.000346551
0.000312789
0.000341307
0.000325385
0.000320667
0.000484548
0.000442583
0.000177956
0.000338047
0.000350769
0.000294791
0.000457526
0.000256345
0.000347624
0.000309466
0.000302943
0.000335001
0.000167161
0.000302984
0.000538828
0.000345502
0.000282686
0.000320614
0.000365870
0.000457017
0.000314870
0.000343931
0.000309790
0.000360465
0.000267920
0.000394011
0.000221814
0.000460062
0.000207460
0.000220286
0.000275680
0.000411017
0.000343452
0.000487917
0.000385944
0.000277202
0.000255832
0.000508576
0.000244921
0.000440575
0.000335009
0.000569513
0.000468010
0.000317356
0.000207265
0.000296804
0.000340253
0.000589886
0.000371958
0.000331244
0.000528983
0.000222328
0.000333755
0.000445987
0.000316265
0.000335472
0.000263680
0.000395062
0.000315035
0.000355314
0.000342006
0.000305030
0.000346779
0.000296741
0.000280773
0.000254750
0.000304613
0.000290142
0.000238426
0.000353473
0.000375547
0.000348278
0.000358471
0.000355428
0.000178340
0.000360246
0.000385432
0.000312398
0.000274546
0.000210207
0.000280925
0.000458290
0.000353168
0.000339250
0.000218714
0.000288585
0.000183700
0.000164013
0.000418311
0.000353135
0.000284857
0.000589524
0.000246442
0.000339210
0.000255434
0.000225452
0.000564090
0.000434208
0.000324706
0.000354381
0.000434980
0.000185492
0.000583338
0.000604485
0.000383302
0.000312491
0.000296661
0.000225794
0.000382035
0.000297892
0.000226612
0.000347844
0.000359852
0.000354976
0.000388377
0.000347816
0.000335126
0.000369936
0.000358643
0.000424919
0.000340671
0.000474102
0.000441687
0.000231126
0.000320370
0.000415279
0.000351332
0.000389168
0.000236529
0.000249005
0.000320643
0.000314855
0.000360832
0.000504003
0.000644854
0.000224980
0.000380920
0.000371945
0.000338165
0.000505185
0.000595791
0.000356479
0.000348202
0.000330350
0.000397476
0.000474360
0.000480984
0.000493684
0.000510859
0.000193393
0.000462285
0.000495838
0.000354487
0.000325003
0.000512005
0.000297083
0.000384742
0.000226292
0.000386613
0.000326034
0.000430703
0.000289396
0.000214204
0.000339046
0.000305152
0.000252441
0.000423545
0.000267059
0.000253628
0.000356083
0.000343952
0.000297446
0.000289092
0.000453442
0.000449896
0.000341545
0.000328825
0.000343866
0.000465161
0.000389685
0.000314342
0.000277781
0.000318593
0.000207278
0.000278941
0.000244110
0.000384287
0.000343083
0.000495119
0.000326696
0.000391078
0.000476514
0.000329666
0.000341839
0.000257290
0.000337901
0.000594239
0.000332204
0.000533731
0.000356259
0.000315886
0.000648944
0.000317542
0.000330808
0.000464240
0.000272188
0.000312654
0.000197148
0.000309450
0.000486385
0.000284992
0.000360378
0.000436429
0.000250545
0.000162606
0.000328895
0.000326887
0.000353539
0.000335277
0.000568943
0.000362764
0.000266445
0.000282825
0.000223511
0.000507273
0.000276911
0.000350230
0.000433020
0.000346283
0.000304630
0.000438912
0.000305895
0.000302736
0.000306317
0.000273904
0.000568582
0.000239082
0.000337346
0.000298376
0.000474191
0.000228658
0.000371586
0.000313293
0.000270412
0.000273376
0.000209671
0.000349480
0.000234074
0.000429319
0.000328757
0.000206359
0.000328018
0.000643599
0.000198952
0.000447663
0.000295143
0.000543596
0.000490759
0.000276761
0.000389031
0.000416954
0.000236109
0.000221438
0.000431933
0.000348952
0.000498678
0.000326256
0.000242131
0.000237982
0.000265375
0.000332546
0.000520112
0.000370993
0.000389898
0.000180126
0.000228609
0.000438303
0.000275769
0.000519428
0.000429194
0.000270613
0.000320557
0.000282961
0.000541522
0.000332288
0.000318478
0.000300191
0.000281251
0.000447355
0.000302457
0.000353628
0.000375213
0.000338324
0.000332629
0.000509145
0.000306558
0.000170793
0.000321945
0.000247162
0.000353789
0.000352226
0.000477416
0.000362376
0.000367856
0.000325215
0.000359653
0.000305727
0.000310265
0.000291982
0.000276722
0.000630306
0.000295937
0.000265968
0.000321036
0.000426317
0.000542902
0.000244947
0.000414720
0.000427822
0.000371310
0.000355489
0.000478044
0.000400453
0.000557336
0.000389727
0.000535470
0.000551187
0.000520172
0.000462730
0.000549271
0.000512203
0.000188437
0.000505165
0.000418674
0.000418156
0.000370503
0.000607589
0.000573925
0.000414740
0.000329785
0.000398694
0.000461566
0.000546737
0.000388134
0.000538091
0.000455433
0.000452654
0.000538818
0.000368599
0.000447201
0.000506836
0.000537179
0.000613828
0.000479841
0.000422388
0.000392146
0.000562606
0.000244335
0.000511881
0.000424546
0.000439950
0.000446758
0.000464908
0.000445690
0.000556124
0.000413970
0.000500705
0.000420144
0.000435137
0.000464972
0.000429137
0.000452736
0.000426205
0.000389301
0.000464882
0.000400109
0.000433188
0.000431674
0.000454246
0.000476478
0.000503635
0.000567099
0.000561478
0.000346842
0.000425750
0.000456318
0.000483321
0.000369881
0.000392710
0.000407429
0.000459203
0.000478396
0.000581397
0.000472648
0.000243981
0.000450452
0.000239767
0.000530070
0.000246900
0.000567534
0.000290240
0.000423809
0.000478202
0.000397248
0.000506814
0.000456820
0.000559972
0.000449083
0.000547154
0.000421202
0.000423680
0.000193930
0.000432356
0.000615079
0.000563048
0.000542652
0.000472939
0.000460844
0.000462969
0.000560696
0.000453305
0.000473553
0.000459884
0.000465055
0.000423854
0.000466984
0.000587740
0.000596484
0.000641123
0.000423206
0.000414172
0.000527360
0.000466587
0.000436645
0.000343183
0.000417705
0.000567585
0.000387328
0.000438810
0.000400968
0.000439084
0.000488690
0.000440249
0.000391044
0.000418880
0.000394963
0.000483831
0.000447632
0.000480210
0.000354496
0.000505902
0.000414613
0.000360617
0.000532374
0.000429860
0.000239398
0.000398983
0.000445284
0.000439610
0.000389142
0.000387011
0.000490493
0.000253873
0.000387029
0.000403996
0.000426635
0.000505760
0.000508708
0.000373845
0.000418252
0.000389075
0.000420408
0.000409791
0.000495962
0.000600194
0.000460673
0.000179268
0.000461867
0.000421680
0.000462310
0.000388799
0.000415563
0.000449492
0.000458290
0.000382501
0.000539891
0.000441102
0.000516989
0.000414124
0.000296983
0.000487344
0.000432568
0.000408144
0.000548620
0.000602846
0.000415437
0.000531463
0.000540272
0.000404964
0.000418965
0.000388071
0.000401266
0.000278211
0.000606945
0.000365192
0.000457666
0.000545299
0.000397814
0.000384096
0.000557297
0.000548577
0.000529332
0.000260645
0.000467440
0.000554392
0.000535095
0.000445122
0.000526102
0.000460546
0.000407319
0.000478813
0.000480892
0.000448890
0.000574304
0.000270611
0.000585847
0.000440745
0.000460119
0.000463136
0.000501480
0.000453550
0.000416379
0.000418510
0.000452163
0.000440817
0.000537636
0.000426635
0.000445195
0.000423332
0.000428304
0.000440803
0.000346226
0.000340295
0.000418643
0.000458759
0.000491414
0.000408124
0.000491998
0.000397218
0.000458331
0.000421377
0.000357594
0.000337809
0.000523091
0.000419763
0.000499465
0.000442222
0.000457848
0.000501734
0.000428364
0.000479868
0.000410589
0.000507106
0.000422833
0.000408390
0.000405803
0.000412141
0.000460366
0.000430204
0.000421804
0.000376546
0.000574632
0.000425419
0.000525817
0.000504316
0.000507956
0.000430446
0.000419670
0.000532078
0.000431043
0.000525162
0.000418897
0.000392152
0.000491009
0.000487729
0.000569960
0.000518453
0.000476984
0.000407436
0.000463051
0.000454210
0.000439600
0.000452906
0.000509900
0.000451941
0.000422475
0.000409004
0.000451238
0.000442740
0.000451800
0.000566088
0.000536608
0.000472422
0.000426767
0.000549657
0.000459493
0.000415973
0.000389015
0.000346592
0.000237048
0.000445806
0.000442471
0.000485111
0.000489194
0.000404797
0.000649445
0.000355295
0.000376474
0.000513596
0.000471059
0.000607922
0.000348216
0.000357074
0.000474710
0.000478184
0.000500770
0.000446250
0.000332632
0.000361385
0.000342499
0.000429147
0.000455012
0.000430700
0.000179455
0.000501456
0.000453147
0.000423593
0.000437647
0.000566775
0.000426714
0.000368915
0.000531501
0.000455794
0.000460171
0.000397558
0.000504663
0.000479276
0.000453915
0.000232743
0.000436705
0.000446685
0.000524429
0.000425424
0.000448220
0.000411785
0.000493859
0.000470311
0.000357470
0.000470100
0.000449911
0.000407692
0.000412770
0.000406035
0.000423622
0.000549144
0.000440065
0.000389074
0.000499804
0.000508873
0.000386962
0.000353717
0.000179261
0.000400587
0.000361711
0.000442707
0.000517936
0.000450951
0.000376324
0.000358094
0.000416664
0.000453830
0.000410999
0.000365511
0.000368217
0.000432860
0.000368907
0.000409848
0.000469383
0.000525798
0.000410732
0.000571499
0.000600674
0.000401760
0.000475555
0.000580861
0.000385653
0.000429402
0.000274255
0.000557843
0.000400676
0.000369103
0.000498280
0.000546124
0.000495957
0.000396000
0.000413551
0.000377167
0.000411759
0.000408976
0.000400562
0.000439377
0.000385379
0.000498742
0.000384267
0.000408453
0.000492642
0.000413787
0.000385338
0.000384496
0.000263915
0.000451676
0.000354940
0.000418478
0.000383352
0.000433475
0.000416412
0.000390741
0.000390421
0.000438314
0.000343045
0.000492513
0.000430337
0.000563708
0.000400111
0.000388246
0.000400643
0.000437988
0.000503826
0.000392712
0.000389831
0.000372204
0.000329003
0.000372178
0.000416347
0.000409945
0.000422517
0.000327477
0.000444173
0.000490084
0.000400721
0.000412247
0.000391282
0.000341321
0.000388871
0.000458461
0.000476930
0.000373377
0.000492735
0.000319821
0.000369470
0.000365019
0.000444666
0.000398878
0.000455790
0.000444423
0.000373397
0.000405564
0.000540528
0.000253270
0.000340930
0.000567849
0.000530518
0.000431834
0.000433565
0.000416802
0.000404676
0.000534198
0.000475584
0.000424279
0.000384545
0.000429164
0.000428895
0.000428894
0.000414483
0.000427277
0.000390664
0.000377687
0.000411448
0.000375611
0.000378527
0.000429830
0.000502905
0.000484563
0.000415989
0.000503420
0.000419514
0.000388615
0.000205555
0.000395732
0.000578348
0.000482532
0.000466200
0.000534058
0.000275130
0.000508401
0.000211982
0.000439559
0.000224099
0.000430933
0.000450184
0.000389836
0.000493295
0.000498338
0.000427694
0.000424963
0.000470092
0.000218342
0.000505708
0.000515608
0.000521280
0.000393762
0.000452869
0.000204259
0.000420763
0.000500697
0.000429319
0.000390503
0.000454364
0.000396349
0.000425257
0.000417954
0.000399301
0.000458413
0.000407580
0.000405622
0.000444671
0.000386109
0.000377811
0.000438740
0.000443418
0.000419705
0.000417990
0.000348711
0.000567010
0.000462556
0.000421755
0.000467728
0.000448311
0.000387664
0.000374594
0.000380492
0.000364790
0.000422614
0.000398678
0.000218638
0.000502618
0.000446655
0.000553565
0.000410093
0.000433679
0.000404570
0.000521165
0.000423750
0.000400130
0.000230856
0.000506287
0.000456650
0.000456231
0.000474732
0.000358151
0.000380692
0.000469128
0.000417987
0.000499892
0.000408954
0.000509459
0.000509989
0.000522366
0.000488120
0.000404489
0.000471577
0.000386420
0.000466890
0.000521679
0.000186752
0.000437168
0.000383182
0.000390135
0.000444445
0.000421077
0.000372716
0.000396218
0.000378316
0.000336284
0.000515969
0.000412092
0.000652150
0.000493466
0.000504899
0.000446353
0.000380957
0.000433547
0.000446908
0.000428919
0.000443748
0.000343817
0.000558980
0.000469757
0.000349404
0.000485745
0.000450411
0.000272152
0.000370261
0.000209529
0.000400263
0.000477349
0.000550813
0.000420833
0.000525996
0.000464331
0.000352581
0.000533838
0.000399731
0.000466713
0.000445777
0.000424688
0.000513249
0.000455932
0.000519114
0.000424214
0.000381898
0.000451851
0.000525665
0.000428187
0.000414013
0.000388966
0.000435476
0.000511560
0.000488253
0.000404250
0.000380733
0.000503544
0.000455933
0.000453347
0.000395846
0.000406310
0.000604645
0.000416990
0.000190850
0.000465249
0.000600433
0.000449271
0.000453022
0.000390845
0.000222838
0.000498247
0.000389833
0.000429606
0.000498117
0.000428308
0.000445070
0.000387442
0.000377337
0.000446440
0.000411772
0.000511481
0.000456616
0.000450003
0.000553578
0.000575877
0.000447829
0.000399948
0.000400368
0.000503211
0.000400384
0.000453834
0.000282736
0.000390403
0.000433843
0.000380052
0.000400055
0.000450943
0.000468559
0.000465611
0.000509746
0.000464505
0.000473035
0.000465138
0.000435387
0.000509661
0.000512367
0.000424729
0.000442850
0.000448015
0.000359055
0.000434529
0.000388229
0.000415220
0.000171397
0.000158058
0.000468362
0.000397219
0.000435949
0.000442519
0.000552903
0.000446393
0.000388486
0.000544431
0.000424999
0.000363914
0.000468530
0.000421620
0.000486934
0.000492100
0.000489647
0.000457795
0.000456836
0.000437634
0.000416405
0.000465501
0.000451862
0.000441243
0.000474000
0.000499777
0.000496857
0.000428715
0.000373033
0.000407627
0.000425929
0.000374241
0.000404465
0.000424062
0.000387096
0.000469822
0.000434448
0.000410630
0.000451586
0.000395238
0.000419128
0.000528826
0.000419512
0.000460179
0.000432044
0.000378801
0.000376655
0.000397667
0.000260938
0.000421055
0.000412473
0.000460681
0.000416663
0.000456268
0.000482864
0.000526165
0.000443120
0.000412272
0.000594788
0.000505012
0.000407480
0.000411381
0.000539131
0.000443091
0.000399622
0.000426421
0.000468039
0.000429002
0.000408896
0.000678621
0.000422955
0.000347806
0.000176672
0.000461462
0.000428607
0.000453973
0.000467759
0.000539692
0.000528391
0.000445133
0.000410085
0.000432481
0.000433626
0.000399610
0.000432397
0.000437288
0.000458337
0.000552212
0.000419489
0.000609710
0.000193971
0.000489305
0.000485329
0.000504826
0.000489441
0.000441426
0.000475511
0.000463697
0.000538444
0.000508531
0.000481057
0.000514596
0.000425902
0.000580763
0.000382713
0.000492225
0.000504705
0.000457695
0.000516528
0.000472657
0.000603729
0.000630279
0.000370864
0.000182368
0.000390670
0.000411095
0.000491319
0.000246118
0.000686936
0.000431329
0.000449356
0.000547048
0.000485460
0.000525288
0.000443441
0.000434145
0.000575465
0.000454494
0.000392634
0.000571461
0.000501896
0.000550553
0.000400726
0.000289172
0.000461151
0.000524465
0.000516105
0.000456045
0.000563698
0.000467268
0.000477064
0.000407942
0.000591771
0.000624461
0.000494818
0.000435457
0.000501142
0.000519476
0.000552578
0.000456186
0.000389260
0.000429742
0.000439263
0.000460738
0.000411675
0.000403697
0.000372163
0.000451070
0.000416467
0.000546959
0.000376423
0.000433082
0.000428098
0.000515439
0.000513287
0.000440578
0.000493753
0.000449373
0.000394894
0.000393741
0.000427512
0.000492915
0.000276836
0.000432143
0.000374448
0.000401461
0.000364958
0.000425118
0.000432226
0.000435324
0.000580450
0.000452259
0.000367478
0.000358061
0.000452121
0.000384791
0.000430600
0.000419449
0.000318248
0.000379525
0.000491276
0.000504432
0.000401181
0.000440692
0.000412773
0.000513214
0.000373490
0.000394682
0.000392268
0.000441076
0.000427978
0.000641771
0.000419601
0.000467513
0.000402282
0.000399545
0.000467659
0.000442351
0.000456922
0.000487368
0.000441035
0.000506735
0.000471290
0.000422080
0.000413888
0.000422501
0.000474807
0.000402090
0.000534125
0.000338944
0.000449568
0.000451074
0.000527555
0.000423474
0.000408825
0.000280064
0.000494705
0.000515947
0.000491031
0.000434050
0.000391432
0.000421854
0.000395701
0.000413401
0.000530080
0.000369185
0.000456226
0.000512566
0.000376588
0.000343809
0.000301218
0.000416351
0.000434032
0.000479462
0.000405356
0.000186171
0.000518628
0.000422227
0.000458535
0.000408975
0.000573877
0.000489289
0.000478909
0.000434291
0.000474403
0.000383103
0.000395645
0.000498165
0.000495900
0.000411076
0.000444164
0.000373209
0.000503849
0.000512283
0.000455853
0.000440085
0.000439573
0.000430034
0.000467859
0.000398975
0.000349034
0.000419293
0.000627875
0.000471707
0.000377561
0.000481953
0.000374129
0.000445785
0.000441052
0.000470952
0.000660300
0.000565573
0.000449504
0.000571950
0.000413994
0.000430912
0.000432135
0.000440978
0.000285049
0.000511484
0.000446132
0.000422233
0.000412821
0.000483776
0.000377223
0.000406797
0.000478870
0.000409194
0.000402262
0.000451691
0.000434026
0.000389294
0.000429498
0.000426648
0.000498866
0.000367483
0.000392333
0.000369189
0.000447651
0.000375322
0.000542284
0.000498544
0.000423111
0.000380234
0.000421298
0.000440854
0.000475194
0.000398615
0.000382064
0.000461991
0.000623580
0.000397077
0.000386744
0.000575483
0.000367528
0.000491060
0.000400725
0.000380420
0.000554977
0.000398167
0.000411896
0.000478736
0.000393484
0.000480702
0.000189432
0.000390610
0.000167260
0.000404863
0.000399996
0.000513030
0.000453299
0.000454401
0.000546692
0.000387243
0.000509138
0.000396399
0.000453938
0.000418558
0.000436786
0.000385070
0.000587890
0.000413951
0.000494864
0.000506903
0.000505400
0.000396068
0.000413046
0.000394446
0.000429088
0.000519016
0.000469939
0.000392435
0.000369322
0.000384528
0.000442007
0.000435903
0.000373986
0.000425515
0.000399701
0.000428255
0.000384069
0.000549202
0.000411252
0.000420881
0.000446772
0.000411625
0.000590768
0.000503820
0.000384486
0.000423163
0.000427602
0.000343009
0.000227375
0.000381828
0.000457665
0.000403429
0.000493718
0.000396041
0.000411963
0.000506404
0.000421551
0.000504155
0.000456304
0.000373294
0.000539342
0.000451251
0.000392301
0.000392247
0.000481339
0.000582395
0.000476161
0.000418872
0.000381806
0.000512290
0.000410400
0.000570833
0.000358544
0.000413761
0.000441615
0.000368204
0.000261590
0.000409791
0.000447747
0.000438391
0.000409455
0.000438769
0.000475725
0.000511331
0.000538756
0.000434500
0.000493582
0.000400990
0.000420039
0.000380618
0.000359960
0.000380936
0.000427156
0.000398805
0.000428151
0.000433893
0.000357053
0.000339484
0.000177036
0.000561010
0.000632437
0.000568228
0.000360535
0.000575994
0.000174600
0.000359641
0.000408999
0.000236103
0.000584989
0.000537064
0.000298527
0.000166311
0.000506928
0.000359759
0.000313270
0.000382416
0.000268800
0.000219714
0.000443625
0.000578158
0.000460701
0.000408682
0.000322052
0.000251517
0.000208065
0.000503916
0.000443587
0.000449805
0.000336441
0.000681795
0.000426314
0.000362303
0.000342331
0.000535429
0.000435449
0.000391182
0.000327974
0.000488451
0.000480157
0.000252497
0.000676934
0.000396035
0.000250805
0.000295687
0.000423564
0.000330974
0.000448359
0.000279509
0.000617890
0.000447794
0.000396631
0.000335439
0.000701429
0.000247651
0.000323314
0.000179273
0.000540359
0.000510317
0.000237238
0.000339035
0.000409323
0.000387811
0.000361881
0.000264021
0.000343371
0.000232750
0.000609625
0.000490637
0.000547404
0.000334384
0.000422006
0.000594003
0.000474023
0.000376167
0.000479436
0.000519286
0.000361308
0.000218828
0.000184019
0.000352061
0.000399373
0.000580780
0.000227595
0.000491585
0.000588021
0.000472903
0.000361351
0.000339456
0.000589543
0.000208073
0.000364063
0.000401061
0.000185773
0.000490216
0.000330273
0.000250745
0.000306536
0.000608886
0.000331112
0.000177981
0.000716255
0.000656090
0.000363679
0.000373547
0.000649022
0.000468492
0.000310506
0.000471497
0.000288913
0.000477728
0.000258651
0.000553111
0.000454181
0.000314118
0.000595943
0.000326834
0.000586992
0.000329001
0.000253145
0.000545944
0.000357614
0.000589343
0.000341159
0.000317855
0.000653743
0.000411498
0.000616566
0.000389140
0.000516711
0.000296660
0.000257319
0.000356697
0.000221780
0.000199385
0.000345458
0.000304211
0.000395402
0.000342006
0.000591095
0.000359846
0.000501360
0.000727729
0.000419206
0.000370975
0.000441373
0.000478939
0.000299933
0.000353236
0.000378603
0.000417294
0.000213357
0.000358835
0.000407080
0.000223836
0.000252528
0.000412938
0.000324525
0.000634165
0.000573700
0.000349690
0.000325905
0.000322647
0.000406363
0.000321763
0.000409725
0.000378582
0.000589958
0.000406717
0.000635424
0.000430278
0.000211510
0.000412540
0.000459690
0.000580586
0.000403334
0.000328437
0.000581221
0.000342728
0.000300885
0.000447745
0.000443491
0.000361010
0.000277012
0.000615281
0.000257085
0.000493358
0.000186184
0.000307384
0.000417819
0.000233514
0.000744170
0.000317511
0.000534846
0.000461421
0.000307182
0.000302095
0.000390643
0.000207046
0.000396372
0.000662681
0.000400339
0.000291299
0.000212191
0.000207599
0.000388420
0.000224173
0.000663488
0.000393883
0.000420871
0.000337683
0.000721649
0.000492660
0.000224990
0.000614349
0.000403892
0.000354988
0.000602304
0.000559609
0.000292892
0.000267268
0.000496576
0.000316349
0.000719163
0.000491348
0.000322791
0.000395891
0.000421870
0.000396004
0.000279132
0.000355387
0.000392380
0.000527819
0.000537689
0.000439641
0.000638668
0.000632776
0.000557747
0.000272972
0.000264074
0.000379204
0.000370324
0.000436460
0.000353109
0.000248232
0.000475395
0.000397484
0.000352804
0.000370526
0.000268813
0.000662321
0.000270008
0.000394787
0.000345148
0.000557270
0.000494832
0.000322322
0.000602379
0.000384906
0.000301350
0.000534179
0.000610752
0.000356473
0.000469040
0.000463082
0.000577341
0.000657219
0.000261064
0.000417808
0.000444742
0.000474792
0.000246936
0.000296670
0.000353308
0.000393760
0.000649017
0.000185124
0.000338528
0.000497362
0.000312556
0.000335804
0.000272867
0.000573293
0.000299253
0.000505778
0.000261815
0.000402967
0.000692669
0.000373052
0.000745586
0.000179423
0.000294647
0.000206320
0.000345751
0.000311696
0.000366867
0.000355636
0.000409488
0.000670420
0.000425034
0.000454394
0.000574865
0.000240193
0.000340184
0.000249165
0.000529001
0.000322570
0.000233700
0.000217561
0.000552772
0.000554266
0.000601865
0.000491651
0.000230239
0.000342706
0.000592452
0.000407347
0.000283315
0.000286576
0.000419855
0.000673180
0.000301041
0.000296364
0.000490564
0.000263946
0.000292432
0.000233673
0.000329359
0.000197470
0.000293785
0.000324902
0.000306436
0.000562353
0.000635938
0.000196566
0.000306347
0.000203184
0.000516512
0.000417892
0.000488602
0.000643870
0.000323547
0.000482436
0.000410366
0.000187475
0.000363427
0.000538252
0.000399230
0.000683900
0.000416231
0.000242452
0.000610734
0.000328531
0.000393002
0.000346909
0.000202117
0.000496234
0.000429346
0.000348088
0.000357124
0.000339669
0.000404387
0.000640876
0.000617176
0.000731776
0.000390510
0.000596009
0.000279443
0.000430871
0.000341109
0.000486822
0.000268137
0.000421796
0.000247413
0.000318034
0.000617138
0.000335796
0.000513364
0.000329671
0.000267985
0.000366828
0.000322147
0.000325784
0.000324865
0.000429806
0.000280583
0.000420688
0.000405617
0.000339226
0.000274531
0.000336398
0.000264095
0.000532235
0.000234521
0.000212006
0.000348516
0.000323928
0.000318570
0.000263679
0.000578121
0.000398883
0.000582014
0.000183266
0.000288786
0.000578908
0.000343051
0.000287031
0.000324930
0.000306214
0.000544502
0.000206018
0.000668131
0.000392450
0.000557977
0.000216424
0.000399087
0.000394129
0.000481799
0.000398606
0.000375965
0.000401424
0.000660372
0.000373840
0.000453662
0.000399309
0.000237927
0.000659140
0.000294770
0.000334910
0.000263645
0.000699778
0.000431271
0.000343680
0.000632792
0.000360056
0.000282728
0.000221052
0.000416741
0.000287759
0.000233662
0.000273738
0.000573347
0.000418767
0.000489992
0.000259079
0.000461636
0.000330689
0.000390116
0.000492701
0.000455489
0.000341944
0.000336028
0.000281353
0.000639726
0.000474064
0.000402438
0.000319044
0.000468707
0.000228020
0.000409521
0.000647832
0.000293866
0.000317810
0.000265850
0.000360615
0.000464134
0.000485125
0.000481340
0.000383113
0.000464292
0.000551945
0.000353937
0.000596666
0.000531367
0.000466158
0.000335754
0.000364184
0.000267159
0.000431052
0.000392426
0.000494318
0.000373344
0.000384165
0.000264052
0.000637266
0.000346720
0.000642959
0.000411953
0.000341297
0.000279306
0.000180303
0.000231913
0.000426740
0.000581664
0.000362240
0.000231832
0.000610051
0.000492751
0.000404736
0.000317315
0.000234026
0.000311870
0.000588652
0.000447922
0.000365673
0.000681615
0.000199046
0.000331398
0.000433074
0.000355101
0.000327399
0.000276398
0.000411906
0.000237464
0.000603853
0.000293994
0.000642308
0.000289805
0.000361871
0.000278864
0.000563389
0.000391064
0.000392149
0.000254372
0.000581527
0.000417485
0.000302101
0.000694547
0.000328418
0.000622623
0.000576046
0.000241212
0.000236287
0.000232735
0.000485925
0.000685862
0.000335719
0.000255245
0.000502987
0.000631567
0.000532629
0.000184106
0.000224776
0.000516880
0.000679864
0.000412211
0.000218975
0.000473676
0.000215111
0.000369671
0.000308907
0.000353694
0.000366872
0.000176695
0.000322728
0.000231538
0.000173408
0.000161677
0.000158856
0.000377834
0.000579817
0.000266533
0.000436223
0.000357648
0.000506413
0.000361762
0.000261180
0.000319705
0.000199209
0.000504542
0.000408926
0.000277106
0.000367444
0.000285743
0.000273429
0.000358268
0.000273985
0.000331173
0.000517286
0.000618658
0.000308349
0.000250363
0.000733715
0.000403352
0.000709863
0.000620010
0.000438332
0.000435185
0.000375965
0.000340086
0.000596259
0.000629113
0.000340017
0.000567659
0.000226223
0.000577978
0.000339481
0.000268809
0.000213201
0.000434367
0.000602420
0.000456252
0.000242747
0.000273730
0.000262547
0.000194031
0.000715565
0.000471524
0.000353718
0.000255240
0.000254573
0.000380876
0.000431018
0.000382966
0.000223613
0.000340447
0.000201077
0.000476110
0.000219808
0.000255965
0.000669310
0.000451277
0.000287399
0.000498061
0.000242003
0.000336390
0.000597856
0.000331378
0.000462540
0.000547703
0.000673337
0.000440937
0.000656357
0.000358749
0.000428021
0.000415251
0.000334707
0.000663545
0.000551548
0.000538050
0.000324146
0.000399744
0.000604316
0.000245884
0.000340290
0.000569127
0.000265980
0.000594386
0.000581723
0.000369651
0.000335664
0.000413365
0.000312667
0.000296922
0.000174464
0.000378961
0.000564617
0.000283582
0.000463151
0.000287661
0.000279028
0.000209876
0.000648385
0.000336743
0.000395175
0.000242455
0.000269124
0.000703646
0.000599168
0.000445668
0.000312699
0.000267647
0.000335403
0.000312841
0.000578276
0.000342064
0.000579082
0.000237511
0.000441130
0.000442200
0.000351002
0.000322678
0.000355237
0.000448965
0.000310299
0.000311840
0.000584969
0.000397073
0.000423782
0.000505445
0.000474147
0.000242032
0.000682984
0.000411827
0.000246679
0.000277156
0.000657483
0.000181859
0.000361451
0.000259831
0.000640936
0.000202120
0.000383049
0.000201041
0.000228003
0.000277610
0.000369559
0.000395339
0.000686757
0.000649921
0.000368824
0.000277687
0.000636738
0.000243852
0.000604752
0.000440982
0.000423339
0.000332048
0.000422375
0.000268346
0.000317399
0.000433549
0.000322828
0.000645112
0.000357467
0.000335655
0.000217869
0.000537126
0.000316173
0.000361712
0.000250783
0.000314740
0.000276797
0.000299248
0.000642479
0.000427633
0.000388760
0.000594996
0.000178325
0.000643216
0.000319980
0.000357787
0.000435150
0.000680724
0.000481380
0.000555099
0.000441856
0.000334802
0.000269839
0.000630759
0.000532462
0.000517013
0.000327111
0.000224328
0.000399716
0.000295404
0.000492067
0.000593441
0.000414117
0.000568828
0.000532114
0.000274593
0.000250135
0.000443980
0.000442139
0.000243908
0.000313053
0.000422694
0.000279988
0.000263171
0.000196997
0.000346640
0.000317171
0.000315692
0.000418355
0.000317068
0.000404091
0.000309921
0.000396580
0.000566890
0.000254956
0.000252925
0.000648421
0.000600847
0.000285320
0.000302358
0.000259199
0.000389912
0.000339659
0.000228527
0.000264403
0.000548180
0.000245294
0.000357049
0.000646704
0.000742921
0.000304133
0.000311132
0.000563048
0.000183990
0.000218264
0.000511110
0.000398881
0.000357075
0.000213185
0.000454076
0.000430317
0.000260230
0.000354480
0.000340158
0.000351713
0.000300011
0.000293684
0.000668867
0.000609778
0.000623632
0.000263909
0.000586198
0.000412074
0.000339883
0.000284905
0.000177134
0.000574781
0.000327939
0.000664621
0.000333369
0.000366642
0.000572528
0.000267199
0.000173570
0.000688877
0.000238069
0.000258960
0.000329214
0.000229198
0.000420976
0.000414859
0.000428681
0.000233260
0.000204501
0.000597139
0.000266082
0.000652624
0.000225119
0.000526636
0.000295185
0.000361046
0.000435778
0.000402942
0.000345348
0.000335921
0.000656216
0.000586250
0.000334156
0.000288889
0.000308424
0.000570629
0.000562366
0.000249256
0.000460427
0.000230935
0.000387485
0.000339043
0.000203685
0.000386274
0.000323098
0.000596027
0.000346402
0.000456287
0.000590064
0.000537489
0.000294714
0.000247095
0.000568606
0.000396699
0.000317186
0.000471214
0.000369358
0.000516130
0.000419711
0.000292710
0.000254485
0.000489932
0.000249934
0.000637322
0.000376228
0.000460784
0.000630895
0.000593353
0.000558394
0.000372295
0.000329333
0.000423088
0.000631846
0.000229688
0.000402153
0.000664647
0.000398482
0.000601059
0.000533870
0.000208311
0.000336706
0.000447078
0.000707873
0.000379766
0.000322889
0.000686294
0.000307054
0.000484022
0.000216788
0.000167209
0.000384582
0.000165816
0.000541448
0.000214286
0.000448845
0.000304918
0.000340914
0.000550010
0.000474788
0.000177747
0.000379372
0.000437116
0.000446180
0.000170022
0.000373205
0.000656177
0.000372804
0.000346998
0.000317216
0.000401051
0.000288295
0.000608655
0.000412068
0.000321262
0.000475067
0.000308814
0.000378331
0.000327443
0.000426299
0.000412125
0.000293454
0.000259774
0.000338099
0.000173762
0.000324779
0.000176921
0.000564793
0.000453894
0.000798604
0.000570934
0.000458371
0.000384922
0.000575259
0.000274413
0.000569223
0.000185828
0.000626196
0.000578643
0.000331910
0.000289279
0.000421341
0.000643995
0.000340147
0.000232853
0.000292029
0.000280030
0.000322431
0.000235129
0.000451149
0.000614193
0.000571777
0.000300973
0.000350739
0.000311963
0.000421049
0.000447027
0.000275540
0.000452670
0.000315724
0.000268081
0.000419520
0.000528394
0.000266127
0.000378039
0.000371543
0.000256711
0.000403722
0.000305062
0.000362598
0.000594364
0.000544222
0.000331908
0.000573641
0.000524819
0.000304656
0.000264377
0.000473627
0.000299163
0.000276598
0.000446502
0.000231579
0.000451933
0.000323731
0.000280751
0.000324209
0.000649480
0.000500576
0.000324803
0.000419246
0.000457649
0.000257576
0.000365962
0.000511678
0.000458261
0.000388125
0.000399239
0.000270701
0.000658053
0.000365768
0.000431787
0.000350182
0.000470107
0.000270240
0.000276912
0.000414925
0.000337202
0.000641645
0.000177693
0.000417151
0.000331785
0.000334544
0.000337142
0.000293949
0.000330845
0.000309877
0.000452055
0.000369794
0.000194543
0.000515202
0.000492848
0.000301805
0.000468871
0.000179343
0.000689757
0.000710848
0.000439442
0.000391626
0.000513805
0.000682287
0.000742582
0.000410539
0.000317571
0.000450815
0.000766689
0.000391778
0.000631304
0.000371386
0.000281407
0.000372163
0.000322683
0.000320056
0.000344586
0.000273418
0.000421504
0.000247052
0.000165218
0.000225067
0.000348535
0.000594528
0.000592875
0.000264493
0.000523566
0.000443083
0.000296561
0.000415918
0.000547163
0.000433359
0.000469190
0.000400893
0.000666994
0.000594724
0.000240470
0.000412554
0.000346564
0.000397930
0.000393984
0.000588115
0.000405001
0.000256289
0.000379175
0.000205179
0.000333510
0.000265982
0.000394466
0.000368456
0.000191065
0.000317716
0.000268369
0.000388727
0.000414337
0.000310369
0.000405361
0.000265578
0.000315405
0.000317754
0.000432713
0.000176362
0.000360376
0.000324422
0.000366985
0.000400771
0.000300617
0.000216139
0.000620620
0.000375508
0.000441852
0.000449051
0.000289798
0.000495562
0.000455793
0.000446331
0.000173593
0.000369983
0.000351420
0.000411167
0.000352118
0.000411453
0.000352447
0.000434754
0.000450657
0.000480262
0.000430188
0.000332499
0.000368018
0.000354613
0.000287597
0.000344157
0.000278510
0.000235332
0.000351353
0.000439426
0.000177328
0.000321257
0.000459595
0.000486119
0.000469610
0.000429448
0.000293814
0.000415325
0.000404167
0.000472626
0.000310098
0.000200835
0.000416701
0.000367694
0.000367417
0.000318757
0.000163680
0.000205627
0.000329783
0.000160724
0.000421568
0.000468823
0.000342423
0.000471462
0.000369265
0.000372192
0.000351321
0.000446103
0.000324730
0.000320072
0.000421345
0.000291282
0.000277623
0.000362283
0.000345364
0.000396184
0.000170572
0.000498993
0.000329910
0.000358537
0.000373553
0.000577709
0.000407744
0.000226701
0.000452723
0.000436654
0.000409627
0.000487074
0.000312134
0.000482922
0.000373394
0.000193422
0.000515551
0.000183009
0.000447984
0.000292862
0.000307850
0.000356830
0.000300011
0.000270938
0.000477140
0.000477477
0.000457138
0.000474754
0.000217492
0.000392466
0.000389784
0.000444065
0.000462883
0.000388790
0.000443051
0.000473133
0.000329483
0.000447068
0.000406540
0.000462568
0.000423529
0.000241321
0.000383573
0.000519280
0.000368272
0.000568563
0.000506434
0.000484535
0.000441973
0.000650764
0.000496481
0.000362803
0.000378046
0.000474049
0.000430394
0.000422400
0.000355772
0.000328357
0.000390974
0.000501818
0.000222394
0.000299706
0.000376126
0.000431608
0.000510803
0.000463933
0.000352420
0.000225371
0.000392014
0.000422247
0.000397685
0.000560795
0.000381856
0.000302367
0.000351536
0.000269407
0.000318485
0.000463070
0.000435527
0.000430798
0.000436473
0.000354424
0.000389059
0.000331942
0.000292459
0.000401784
0.000335362
0.000465713
0.000362735
0.000375589
0.000269025
0.000214017
0.000340250
0.000488133
0.000184690
0.000564966
0.000398468
0.000386819
0.000503270
0.000183071
0.000271858
0.000334185
0.000326534
0.000469722
0.000327044
0.000377981
0.000485968
0.000348257
0.000436920
0.000401542
0.000230330
0.000346901
0.000476072
0.000210594
0.000368660
0.000459891
0.000401124
0.000351368
0.000333995
0.000343365
0.000268469
0.000418249
0.000175429
0.000330076
0.000339540
0.000290859
0.000355319
0.000448876
0.000338851
0.000331493
0.000293479
0.000430839
0.000411088
0.000293520
0.000446893
0.000402273
0.000329534
0.000224737
0.000393150
0.000396587
0.000344980
0.000356311
0.000428293
0.000410088
0.000377383
0.000398700
0.000284559
0.000267990
0.000262208
0.000462793
0.000525390
0.000475245
0.000499857
0.000499926
0.000342073
0.000451435
0.000421910
0.000337054
0.000427171
0.000374614
0.000405577
0.000183013
0.000284471
0.000429624
0.000215151
0.000272054
0.000496905
0.000409073
0.000394384
0.000356260
0.000472357
0.000333018
0.000332187
0.000432034
0.000426239
0.000189995
0.000473973
0.000238122
0.000359981
0.000275517
0.000301369
0.000413525
0.000282845
0.000436011
0.000342414
0.000415052
0.000393556
0.000296333
0.000409210
0.000428762
0.000425056
0.000464919
0.000300854
0.000475390
0.000225393
0.000476075
0.000353114
0.000306686
0.000396828
0.000434642
0.000438954
0.000288473
0.000471737
0.000461098
0.000373828
0.000304118
0.000347918
0.000391515
0.000409580
0.000353552
0.000386241
0.000332461
0.000382807
0.000479886
0.000413956
0.000213848
0.000345618
0.000399721
0.000346995
0.000271905
0.000318540
0.000398390
0.000425535
0.000409359
0.000384965
0.000625864
0.000485124
0.000422736
0.000253180
0.000312356
0.000411048
0.000178024
0.000454049
0.000307155
0.000250056
0.000455243
0.000317736
0.000369167
0.000502261
0.000363872
0.000407716
0.000411342
0.000474140
0.000341139
0.000489048
0.000292321
0.000309924
0.000592911
0.000349225
0.000445847
0.000349454
0.000499750
0.000455391
0.000437662
0.000370929
0.000381297
0.000328645
0.000351325
0.000323027
0.000378136
0.000392721
0.000443676
0.000311502
0.000331078
0.000463357
0.000265678
0.000251467
0.000511284
0.000278812
0.000278649
0.000482691
0.000337542
0.000411282
0.000338095
0.000273729
0.000444934
0.000432571
0.000373728
0.000349682
0.000418257
0.000266314
0.000340855
0.000292213
0.000294050
0.000309387
0.000376086
0.000513688
0.000449432
0.000465608
0.000407729
0.000400179
0.000356826
0.000356222
0.000232045
0.000341865
0.000484156
0.000323460
0.000209145
0.000337481
0.000368501
0.000587738
0.000304275
0.000443173
0.000337488
0.000365517
0.000388251
0.000322122
0.000412435
0.000386634
0.000265912
0.000323235
0.000376057
0.000170792
0.000473503
0.000351399
0.000335474
0.000439845
0.000370461
0.000354962
0.000471859
0.000168068
0.000325339
0.000406008
0.000167011
0.000369186
0.000294888
0.000336942
0.000437480
0.000435693
0.000373190
0.000446667
0.000340299
0.000311960
0.000348273
0.000368307
0.000329367
0.000439243
0.000372311
0.000208836
0.000327025
0.000434079
0.000387938
0.000344295
0.000412404
0.000338936
0.000314197
0.000313363
0.000419352
0.000452669
0.000295026
0.000341195
0.000352454
0.000272788
0.000401372
0.000387104
0.000291651
0.000376576
0.000335042
0.000369229
0.000434566
0.000389060
0.000312729
0.000386199
0.000480816
0.000446978
0.000295029
0.000567856
0.000473647
0.000430743
0.000456210
0.000336223
0.000376519
0.000182880
0.000398840
0.000429443
0.000462713
0.000420827
0.000359767
0.000324461
0.000457601
0.000179882
0.000362533
0.000407733
0.000280622
0.000223996
0.000436974
0.000382283
0.000352722
0.000407811
0.000330227
0.000349000
0.000424493
0.000281118
0.000541527
0.000323820
0.000504159
0.000424063
0.000399187
0.000348127
0.000230780
0.000166564
0.000391733
0.000403980
0.000331129
0.000274660
0.000352511
0.000312894
0.000477779
0.000430963
0.000287312
0.000294817
0.000486335
0.000452032
0.000257666
0.000480122
0.000407982
0.000422313
0.000404627
0.000175544
0.000360589
0.000341195
0.000305728
0.000482309
0.000343199
0.000466711
0.000378107
0.000250081
0.000436452
0.000384446
0.000408501
0.000319931
0.000496799
0.000373689
0.000442043
0.000292127
0.000368434
0.000353256
0.000346701
0.000363353
0.000321510
0.000164619
0.000478586
0.000363600
0.000329075
0.000316391
0.000465398
0.000356316
0.000433688
0.000405616
0.000423682
0.000325261
0.000390868
0.000399896
0.000296977
0.000464021
0.000427328
0.000332889
0.000401460
0.000405172
0.000299929
0.000452914
0.000564904
0.000341301
0.000457481
0.000462786
0.000448436
0.000365462
0.000353548
0.000443199
0.000437684
0.000178929
0.000400938
0.000386893
0.000431970
0.000359664
0.000344145
0.000276697
0.000460135
0.000462278
0.000348712
0.000236501
0.000285454
0.000397810
0.000436603
0.000266957
0.000336157
0.000270488
0.000469602
0.000214885
0.000353757
0.000338759
0.000476517
0.000249198
0.000378893
0.000329935
0.000434203
0.000320638
0.000344314
0.000509766
0.000570102
0.000414612
0.000448118
0.000287141
0.000451374
0.000442067
0.000366004
0.000266155
0.000444355
0.000364530
0.000174048
0.000299862
0.000424348
0.000354500
0.000462683
0.000264212
0.000347418
0.000276743
0.000313883
0.000244286
0.000460170
0.000466551
0.000243238
0.000355805
0.000384450
0.000448794
0.000345267
0.000406617
0.000472860
0.000413534
0.000359761
0.000351525
0.000396516
0.000602504
0.000393468
0.000359221
0.000423929
0.000424559
0.000164232
0.000319638
0.000429223
0.000322518
0.000470238
0.000377563
0.000291011
0.000454034
0.000465987
0.000324136
0.000309685
0.000385514
0.000313224
0.000437396
0.000357965
0.000413772
0.000454052
0.000169109
0.000389020
0.000367571
0.000454153
0.000313342
0.000239103
0.000339505
0.000405627
0.000494622
0.000211559
0.000408839
0.000354541
0.000389554
0.000267645
0.000368660
0.000405169
0.000265044
0.000328869
0.000412547
0.000456334
0.000308827
0.000272999
0.000433564
0.000294587
0.000232460
0.000448641
0.000351093
0.000476069
0.000317889
0.000368913
0.000421658
0.000276293
0.000347845
0.000406158
0.000339638
0.000474067
0.000334414
0.000321688
0.000334129
0.000352602
0.000434656
0.000288848
0.000267973
0.000375737
0.000343134
0.000389403
0.000329196
0.000357178
0.000422530
0.000263845
0.000517288
0.000347810
0.000460177
0.000472992
0.000367243
0.000414048
0.000333272
0.000286420
0.000395379
0.000425323
0.000428874
0.000591307
0.000222523
0.000357759
0.000354139
0.000458639
0.000336440
0.000335224
0.000383352
0.000324002
0.000270082
0.000377179
0.000386172
0.000354690
0.000440978
0.000403762
0.000451753
0.000177179
0.000433568
0.000275965
0.000422316
0.000204419
0.000434875
0.000279597
0.000245719
0.000340757
0.000422484
0.000438379
0.000405869
0.000327827
0.000376258
0.000440844
0.000321408
0.000313001
0.000414891
0.000462524
0.000295803
0.000216098
0.000320598
0.000420273
0.000232987
0.000345912
0.000261135
0.000460878
0.000409071
0.000397701
0.000447842
0.000413087
0.000396193
0.000205675
0.000469301
0.000213658
0.000395179
0.000404702
0.000388051
0.000346076
0.000376182
0.000426394
0.000348394
0.000338642
0.000400647
0.000469951
0.000293212
0.000409377
0.000394084
0.000369320
0.000358107
0.000425560
0.000296965
0.000663966
0.000420010
0.000382680
0.000426382
0.000276328
0.000434463
0.000524976
0.000405264
0.000393984
0.000442891
0.000240870
0.000420178
0.000348019
0.000323074
0.000369710
0.000408020
0.000386347
0.000560708
0.000441538
0.000352778
0.000309294
0.000472411
0.000419236
0.000395080
0.000368245
0.000279147
0.000422545
0.000465277
0.000304335
0.000404768
0.000367779
0.000282552
0.000263318
0.000448391
0.000326834
0.000430580
0.000481588
0.000325435
0.000336008
0.000267273
0.000418208
0.000359498
0.000448883
0.000493929
0.000281462
0.000686828
0.000521163
0.000412821
0.000379958
0.000437716
0.000409203
0.000443949
0.000390775
0.000444026
0.000448582
0.000427994
0.000369735
0.000406898
0.000410922
0.000542618
0.000394570
0.000351780
0.000557604
0.000429338
0.000295032
0.000423908
0.000446225
0.000344743
0.000349346
0.000395613
0.000303793
0.000440791
0.000478922
0.000466576
0.000361395
0.000352946
0.000365940
0.000371129
0.000476473
0.000414136
0.000365263
0.000313894
0.000448714
0.000431060
0.000570604
0.000188330
0.000372105
0.000430516
0.000335179
0.000306912
0.000317826
0.000411895
0.000365250
0.000335862
0.000270195
0.000359748
0.000267347
0.000342875
0.000469051
0.000424704
0.000235183
0.000439255
0.000285957
0.000388409
0.000496036
0.000605068
0.000364010
0.000462142
0.000385471
0.000385006
0.000342888
0.000302201
0.000419108
0.000305477
0.000317351
0.000421532
0.000446327
0.000437482
0.000463625
0.000328779
0.000435498
0.000352337
0.000409614
0.000320263
0.000337334
0.000191377
0.000285194
0.000442988
0.000428992
0.000478819
0.000414225
0.000315709
0.000400093
0.000345079
0.000463614
0.000376958
0.000473991
0.000283453
0.000408538
0.000276370
0.000208709
0.000331372
0.000441506
0.000381426
0.000464301
0.000325327
0.000347421
0.000314257
0.000456466
0.000422531
0.000425012
0.000400840
0.000390397
0.000458788
0.000335697
0.000433245
0.000381924
0.000377007
0.000486461
0.000234569
0.000349913
0.000485576
0.000455027
0.000439182
0.000331954
0.000461944
0.000356944
0.000474489
0.000608881
0.000298147
0.000372241
0.000441154
0.000358586
0.000354385
0.000483193
0.000400326
0.000294769
0.000406789
0.000668805
0.000355029
0.000352737
0.000350116
0.000296708
0.000303646
0.000307924
0.000347535
0.000448762
0.000461430
0.000439899
0.000337529
0.000168103
0.000319361
0.000406742
0.000340111
0.000310685
0.000373754
0.000270897
0.000393402
0.000383378
0.000458608
0.000395302
0.000383938
0.000363599
0.000466132
0.000370430
0.000430673
0.000416120
0.000450346
0.000427892
0.000470347
0.000324496
0.000320293
0.000228652
0.000173319
0.000563287
0.000478179
0.000410790
0.000377367
0.000285356
0.000453583
0.000494717
0.000354259
0.000468952
0.000249242
0.000347190
0.000377866
0.000338615
0.000372801
0.000185717
0.000463161
0.000220643
0.000217689
0.000436142
0.000407055
0.000475826
0.000440814
0.000446319
0.000461298
0.000376550
0.000353006
0.000362665
0.000394556
0.000329792
0.000434883
0.000237505
0.000322221
0.000501723
0.000314813
0.000449832
0.000329193
0.000379045
0.000409711
0.000495969
0.000372800
0.000613617
0.000315319
0.000518706
0.000372350
0.000558440
0.000465879
0.000434186
0.000438446
0.000315959
0.000340198
0.000380295
0.000424673
0.000440069
0.000466584
0.000389756
0.000273821
0.000364862
0.000388866
0.000415140
0.000362395
0.000432260
0.000327866
0.000346224
0.000459815
0.000312862
0.000179634
0.000473486
0.000419695
0.000372613
0.000369087
0.000457625
0.000282616
0.000202641
0.000202440
0.000413478
0.000318643
0.000267547
0.000366504
0.000277014
0.000440716
0.000342115
0.000605951
0.000341031
0.000343270
0.000172687
0.000461618
0.000492774
0.000404331
0.000352694
0.000398137
0.000589566
0.000414393
0.000402768
0.000416852
0.000458923
0.000327738
0.000296120
0.000402247
0.000346118
0.000429795
0.000303111
0.000403292
0.000455367
0.000386843
0.000453597
0.000455039
0.000351019
0.000331322
0.000514480
0.000573924
0.000402045
0.000354974
0.000431938
0.000340021
0.000368938
0.000178263
0.000413147
0.000269125
0.000338490
0.000351198
0.000437317
0.000467077
0.000413964
0.000425052
0.000410555
0.000381442
0.000475415
0.000421197
0.000211631
0.000472116
0.000276663
0.000466111
0.000359707
0.000310011
0.000225894
0.000390773
0.000311782
0.000426705
0.000375640
0.000361142
0.000350630
0.000342530
0.000265744
0.000361588
0.000502561
0.000544588
0.000656277
0.000201855
0.000459462
0.000525138
0.000545635
0.000521751
0.000608994
0.000500726
0.000514883
0.000494219
0.000497276
0.000484262
0.000493136
0.000598182
0.000388727
0.000632806
0.000529631
0.000411700
0.000463049
0.000547814
0.000549635
0.000535278
0.000427529
0.000532699
0.000484526
0.000420763
0.000508737
0.000450224
0.000614437
0.000503941
0.000182836
0.000470704
0.000498797
0.000464087
0.000541892
0.000460455
0.000515748
0.000509414
0.000509872
0.000448648
0.000477263
0.000476034
0.000633982
0.000408669
0.000509435
0.000211409
0.000438172
0.000617619
0.000495912
0.000500070
0.000559950
0.000627490
0.000575085
0.000491142
0.000496656
0.000449695
0.000546900
0.000528746
0.000297455
0.000532115
0.000571465
0.000521032
0.000515189
0.000482022
0.000447215
0.000495612
0.000524607
0.000496570
0.000499946
0.000670211
0.000522427
0.000481971
0.000613907
0.000502194
0.000532030
0.000642823
0.000582843
0.000285778
0.000478495
0.000435899
0.000544637
0.000509199
0.000617543
0.000524536
0.000447928
0.000616440
0.000612666
0.000518355
0.000447279
0.000504124
0.000444665
0.000527338
0.000592349
0.000337280
0.000622366
0.000649906
0.000629776
0.000514020
0.000423865
0.000566633
0.000486347
0.000470847
0.000551838
0.000482032
0.000507260
0.000550489
0.000663322
0.000466618
0.000357704
0.000451166
0.000174031
0.000465203
0.000648601
0.000209222
0.000490085
0.000484557
0.000590570
0.000433925
0.000490911
0.000290231
0.000500079
0.000491712
0.000498173
0.000272756
0.000507278
0.000511093
0.000490504
0.000407175
0.000667629
0.000499450
0.000549073
0.000364269
0.000570011
0.000335868
0.000431877
0.000491223
0.000630963
0.000570836
0.000619291
0.000615547
0.000586521
0.000192432
0.000244290
0.000541044
0.000564246
0.000441435
0.000483032
0.000595172
0.000377602
0.000424675
0.000536065
0.000518760
0.000658199
0.000442467
0.000478622
0.000526461
0.000542922
0.000521908
0.000422744
0.000443842
0.000409316
0.000577537
0.000491643
0.000509916
0.000636107
0.000506382
0.000444708
0.000699666
0.000439867
0.000523968
0.000522389
0.000454822
0.000602326
0.000462524
0.000453974
0.000483884
0.000515431
0.000492330
0.000481491
0.000367603
0.000231984
0.000434802
0.000358642
0.000493644
0.000572945
0.000416535
0.000424203
0.000499296
0.000416592
0.000479380
0.000202382
0.000435870
0.000492336
0.000351307
0.000531057
0.000574867
0.000471674
0.000316483
0.000538656
0.000489948
0.000438130
0.000397362
0.000220110
0.000508808
0.000224070
0.000576044
0.000187959
0.000526678
0.000607449
0.000566292
0.000580189
0.000574356
0.000491863
0.000464732
0.000535203
0.000511460
0.000300513
0.000378141
0.000555327
0.000435932
0.000495173
0.000518552
0.000512460
0.000572084
0.000567287
0.000609370
0.000513407
0.000560616
0.000194087
0.000455332
0.000442283
0.000555541
0.000534480
0.000430767
0.000487146
0.000440777
0.000536256
0.000484979
0.000545412
0.000540142
0.000591893
0.000545344
0.000424651
0.000566272
0.000546885
0.000525895
0.000509332
0.000343831
0.000505604
0.000178833
0.000429270
0.000476396
0.000447395
0.000598057
0.000544132
0.000455746
0.000540395
0.000413412
0.000200992
0.000482593
0.000427497
0.000528488
0.000481667
0.000507630
0.000343864
0.000531359
0.000490743
0.000561139
0.000456931
0.000487556
0.000472634
0.000298094
0.000430263
0.000169417
0.000568650
0.000554263
0.000501166
0.000431554
0.000512619
0.000556047
0.000432843
0.000523237
0.000409155
0.000441155
0.000539075
0.000501905
0.000552300
0.000396705
0.000172137
0.000484267
0.000419454
0.000561579
0.000536884
0.000318172
0.000607952
0.000480347
0.000635183
0.000648501
0.000505420
0.000494801
0.000466160
0.000545380
0.000561193
0.000440520
0.000372773
0.000478596
0.000499042
0.000503925
0.000496562
0.000628881
0.000560119
0.000491585
0.000384653
0.000485956
0.000507585
0.000482068
0.000536894
0.000454553
0.000448681
0.000635750
0.000669542
0.000449901
0.000487158
0.000587911
0.000529448
0.000483071
0.000297619
0.000496252
0.000561766
0.000540324
0.000511837
0.000436263
0.000433785
0.000588325
0.000547210
0.000533039
0.000489561
0.000491093
0.000230852
0.000320656
0.000496043
0.000487513
0.000568843
0.000281321
0.000214389
0.000504782
0.000478073
0.000473932
0.000448165
0.000553552
0.000593256
0.000561081
0.000484569
0.000489474
0.000198474
0.000378005
0.000545641
0.000653791
0.000450752
0.000634949
0.000515483
0.000687791
0.000612348
0.000699263
0.000508895
0.000610413
0.000589950
0.000586142
0.000503865
0.000594534
0.000485573
0.000657274
0.000641004
0.000503652
0.000532102
0.000424672
0.000213845
0.000164880
0.000539899
0.000204562
0.000474994
0.000406941
0.000291966
0.000601037
0.000541953
0.000534954
0.000292377
0.000553401
0.000431217
0.000531722
0.000498968
0.000463692
0.000477953
0.000515459
0.000511898
0.000441665
0.000485150
0.000375753
0.000511467
0.000548038
0.000230506
0.000554303
0.000492076
0.000418570
0.000545703
0.000413812
0.000439169
0.000610857
0.000597211
0.000605210
0.000475437
0.000360911
0.000548156
0.000628416
0.000479072
0.000564635
0.000177051
0.000473321
0.000415802
0.000418757
0.000596786
0.000498712
0.000517485
0.000522821
0.000420945
0.000455071
0.000499473
0.000469048
0.000220359
0.000483564
0.000491019
0.000562553
0.000436430
0.000510935
0.000223633
0.000506563
0.000508535
0.000483467
0.000576717
0.000203195
0.000496776
0.000502238
0.000485867
0.000269507
0.000456466
0.000355251
0.000549712
0.000556075
0.000472884
0.000288143
0.000525525
0.000486392
0.000441479
0.000526701
0.000541515
0.000448413
0.000469367
0.000393105
0.000488354
0.000537572
0.000481839
0.000541258
0.000500081
0.000524910
0.000181384
0.000502080
0.000498968
0.000453121
0.000457150
0.000471281
0.000501654
0.000565416
0.000497360
0.000479907
0.000257943
0.000453710
0.000424288
0.000479897
0.000552213
0.000487622
0.000504702
0.000549608
0.000356457
0.000458789
0.000563737
0.000540213
0.000535468
0.000598323
0.000505657
0.000486916
0.000526954
0.000456371
0.000441468
0.000182381
0.000481743
0.000549168
0.000439212
0.000524859
0.000526741
0.000525652
0.000500431
0.000524926
0.000426888
0.000442101
0.000470466
0.000463548
0.000224141
0.000493966
0.000542700
0.000177436
0.000569615
0.000207163
0.000579522
0.000541466
0.000534187
0.000600558
0.000379562
0.000232234
0.000556842
0.000612473
0.000523303
0.000537715
0.000618130
0.000550579
0.000490022
0.000520139
0.000520457
0.000359958
0.000493928
0.000184631
0.000683006
0.000489743
0.000444964
0.000492693
0.000497980
0.000564344
0.000426514
0.000588542
0.000581560
0.000547483
0.000477043
0.000555116
0.000487079
0.000470874
0.000439767
0.000189281
0.000557032
0.000587346
0.000493647
0.000235082
0.000562371
0.000486247
0.000572013
0.000485367
0.000481445
0.000523359
0.000589160
0.000231600
0.000548342
0.000540033
0.000510208
0.000575819
0.000505516
0.000421516
0.000551672
0.000642186
0.000497638
0.000518586
0.000279197
0.000502308
0.000485758
0.000493939
0.000591156
0.000411795
0.000397657
0.000617680
0.000653404
0.000471874
0.000522850
0.000484743
0.000568463
0.000486392
0.000230939
0.000553036
0.000514543
0.000525382
0.000500659
0.000493995
0.000605743
0.000503555
0.000565155
0.000496085
0.000503113
0.000299906
0.000507934
0.000400058
0.000624535
0.000388334
0.000452776
0.000487729
0.000533309
0.000613669
0.000194020
0.000501701
0.000454952
0.000447604
0.000511252
0.000655515
0.000607219
0.000466013
0.000442665
0.000504403
0.000607701
0.000598860
0.000295697
0.000656962
0.000175651
0.000480279
0.000511619
0.000507934
0.000507065
0.000531923
0.000617724
0.000478654
0.000227648
0.000517215
0.000627675
0.000435780
0.000523260
0.000489101
0.000502077
0.000438113
0.000496592
0.000502350
0.000441648
0.000558532
0.000500653
0.000494061
0.000404058
0.000475457
0.000536820
0.000311058
0.000231279
0.000263648
0.000417357
0.000490419
0.000594750
0.000502010
0.000535933
0.000230604
0.000539005
0.000499903
0.000336141
0.000482983
0.000230401
0.000514841
0.000433718
0.000670839
0.000578445
0.000499985
0.000556717
0.000478316
0.000492928
0.000485570
0.000443889
0.000420291
0.000217240
0.000498108
0.000541044
0.000449708
0.000518006
0.000300810
0.000218091
0.000254093
0.000604253
0.000284389
0.000252230
0.000299463
0.000220890
0.000303139
0.000317364
0.000161594
0.000373428
0.000239025
0.000194446
0.000182212
0.000158552
0.000259010
0.000189814
0.000203712
0.000161250
0.000208418
0.000202417
0.000154648
0.000200102
0.000360009
0.000231092
0.000190023
0.000164687
0.000209801
0.000388147
0.000220263
0.000307240
0.000231958
0.000157105
0.000328029
0.000166500
0.000223727
0.000346738
0.000247770
0.000162701
0.000160130
0.000395721
0.000212956
0.000204253
0.000176093
0.000249548
0.000202170
0.000159504
0.000146899
0.000138267
0.000262109
0.000233633
0.000240501
0.000281311
0.000214964
0.000153490
0.000312103
0.000198722
0.000150888
0.000271126
0.000259361
0.000180423
0.000322775
0.000297942
0.000207369
0.000191083
0.000248908
0.000165174
0.000214735
0.000248692
0.000449889
0.000332855
0.000244032
0.000416259
0.000214605
0.000252450
0.000255114
0.000189088
0.000154918
0.000261834
0.000371445
0.000243521
0.000204925
0.000228697
0.000307298
0.000161954
0.000289714
0.000154390
0.000352757
0.000233616
0.000368206
0.000350314
0.000338973
0.000268441
0.000340822
0.000196202
0.000277149
0.000206250
0.000280501
0.000254835
0.000150784
0.000265454
0.000173550
0.000337703
0.000217570
0.000281165
0.000273972
0.000258475
0.000226255
0.000289520
0.000233826
0.000326582
0.000219471
0.000199569
0.000302047
0.000251119
0.000281154
0.000154779
0.000213527
0.000274994
0.000202331
0.000323874
0.000277892
0.000248843
0.000205998
0.000255890
0.000208069
0.000204424
0.000180520
0.000263701
0.000202923
0.000198727
0.000267711
0.000247870
0.000267072
0.000262611
0.000302812
0.000253540
0.000272849
0.000186410
0.000289333
0.000251532
0.000253352
0.000203976
0.000194341
0.000208796
0.000196187
0.000306536
0.000249198
0.000222875
0.000284660
0.000200958
0.000200123
0.000320607
0.000246378
0.000229907
0.000275328
0.000187007
0.000263379
0.000189022
0.000259115
0.000211697
0.000253804
0.000305245
0.000259715
0.000298750
0.000263914
0.000312997
0.000257445
0.000241066
0.000152509
0.000257799
0.000207706
0.000321899
0.000263862
0.000336725
0.000270689
0.000233006
0.000256288
0.000300060
0.000185161
0.000270203
0.000262457
0.000236615
0.000208052
0.000255194
0.000266825
0.000207023
0.000261983
0.000280051
0.000279540
0.000259212
0.000263963
0.000323403
0.000284116
0.000241743
0.000199214
0.000280020
0.000264422
0.000220974
0.000335875
0.000257884
0.000258444
0.000312522
0.000273069
0.000261831
0.000292978
0.000206313
0.000203936
0.000269921
0.000246657
0.000235514
0.000318380
0.000167023
0.000251623
0.000285642
0.000249604
0.000248689
0.000214156
0.000243604
0.000316218
0.000230604
0.000173186
0.000253422
0.000293378
0.000246185
0.000406720
0.000324168
0.000314453
0.000300901
0.000321353
0.000326001
0.000311516
0.000318725
0.000318437
0.000397098
0.000308471
0.000331235
0.000407001
0.000320313
0.000361552
0.000385907
0.000262684
0.000314388
0.000362975
0.000372471
0.000374517
0.000340856
0.000361383
0.000390714
0.000362491
0.000368997
0.000263156
0.000373342
0.000329851
0.000402419
0.000354949
0.000352892
0.000372983
0.000335075
0.000348527
0.000268886
0.000302103
0.000328876
0.000343751
0.000303984
0.000366050
0.000317610
0.000381257
0.000384215
0.000354636
0.000392285
0.000374602
0.000303171
0.000340355
0.000261176
0.000318265
0.000326230
0.000350077
0.000344125
0.000377231
0.000286600
0.000405156
0.000377361
0.000387739
0.000326615
0.000256600
0.000352149
0.000339793
0.000315882
0.000349602
0.000391240
0.000348075
0.000419446
0.000333987
0.000359624
0.000358963
0.000303930
0.000316866
0.000349331
0.000308893
0.000337131
0.000338709
0.000318222
0.000376860
0.000333056
0.000340533
0.000416414
0.000400902
0.000365980
0.000331167
0.000396223
0.000310868
0.000367939
0.000342677
0.000322476
0.000324225
0.000338551
0.000403018
0.000334165
0.000317585
0.000413646
0.000290503
0.000311187
0.000373234
0.000276458
0.000288912
0.000337691
0.000357717
0.000384045
0.000309399
0.000300297
0.000335648
0.000320303
0.000358779
0.000337677
0.000301771
0.000476049
0.000487673
0.000399280
0.000400715
0.000459765
0.000471003
0.000378568
0.000306353
0.000475310
0.000464274
0.000431826
0.000461286
0.000479554
0.000462721
0.000483948
0.000183475
0.000481370
0.000411902
0.000434156
0.000423460
0.000378076
0.000341082
0.000407123
0.000370354
0.000566173
0.000484265
0.000515311
0.000409977
0.000365896
0.000515406
0.000340887
0.000422230
0.000314141
0.000374186
0.000409931
0.000424537
0.000449684
0.000530333
0.000370355
0.000433922
0.000398704
0.000422954
0.000427978
0.000413869
0.000437012
0.000414477
0.000479292
0.000260378
0.000409913
0.000481437
0.000449223
0.000438201
0.000493670
0.000167464
0.000151577
0.000328521
0.000531061
0.000165156
0.000570014
0.000291451
0.000390718
0.000456954
0.000396116
0.000396453
0.000414348
0.000399907
0.000379790
0.000362014
0.000378597
0.000444124
0.000415302
0.000166908
0.000512510
0.000480311
0.000428785
0.000426656
0.000417629
0.000446447
0.000526307
0.000495871
0.000443822
0.000162069
0.000456209
0.000437677
0.000542417
0.000408115
0.000327090
0.000412978
0.000455346
0.000528096
0.000386935
0.000428580
0.000527214
0.000335153
0.000446094
0.000473737
0.000419381
0.000165557
0.000426460
0.000402013
0.000479199
0.000433895
0.000498405
0.000328809
0.000507321
0.000401139
0.000455147
0.000402929
0.000388811
0.000578115
0.000416117
0.000214276
0.000197613
0.000267531
0.000153735
0.000387895
0.000311130
0.000210088
0.000301517
0.000290873
0.000369294
0.000269552
0.000165686
0.000226052
0.000287990
0.000264399
0.000212368
0.000282020
0.000357350
0.000345215
0.000220385
0.000201109
0.000162273
0.000310857
0.000353480
0.000257889
0.000284680
0.000231588
0.000268580
0.000286554
0.000314183
0.000357133
0.000242941
0.000315560
0.000253342
0.000266357
0.000266799
0.000261792
0.000150877
0.000208666
0.000313246
0.000312104
0.000315062
0.000300344
0.000268590
0.000323043
0.000317102
0.000305699
0.000322066
0.000185797
0.000313531
0.000214321
0.000287252
0.000309352
0.000210184
0.000238162
0.000217361
0.000284404
0.000236724
0.000333741
0.000322056
0.000216362
0.000238105
0.000313472
0.000302565
0.000283997
0.000215506
0.000314246
0.000160428
0.000229216
0.000212470
0.000296727
0.000266466
0.000333760
0.000220898
0.000211187
0.000280350
0.000204944
0.000256602
0.000296175
0.000227283
0.000267922
0.000232197
0.000346772
0.000300901
0.000190249
0.000265808
0.000278423
0.000201997
0.000268936
0.000237523
0.000296885
0.000267035
0.000228423
0.000266058
0.000291409
0.000246447
0.000195878
0.000321967
0.000287220
0.000267009
0.000244282
0.000244496
0.000264671
0.000220529
0.000202059
0.000207550
0.000301576
0.000327763
0.000380357
0.000304434
0.000292059
0.000381034
0.000378887
0.000339034
0.000313302
0.000348950
0.000387217
0.000380816
0.000366339
0.000330558
0.000384464
0.000427279
0.000352679
0.000377493
0.000392715
0.000309704
0.000309060
0.000433570
0.000357211
0.000402321
0.000325866
0.000348574
0.000325032
0.000438841
0.000425059
0.000348446
0.000366385
0.000447398
0.000298165
0.000368417
0.000374824
0.000362632
0.000392511
0.000363076
0.000406780
0.000434085
0.000307032
0.000417577
0.000390031
0.000346459
0.000400262
0.000312438
0.000341698
0.000357384
0.000392657
0.000349240
0.000333061
0.000395111
0.000413750
0.000314662
0.000298855
0.000408498
0.000355737
0.000438909
0.000348030
0.000367653
0.000407002
0.000317563
0.000335610
0.000402711
0.000331748
0.000460918
0.000415772
0.000351515
0.000387802
0.000403957
0.000359316
0.000455820
0.000395934
0.000447210
0.000340582
0.000343075
0.000364524
0.000315940
0.000367349
0.000423146
0.000384105
0.000420774
0.000305253
0.000389231
0.000358196
0.000420334
0.000405275
0.000447786
0.000401768
0.000372192
0.000328550
0.000166385
0.000422733
0.000396808
0.000329808
0.000379470
0.000382638
0.000360699
0.000423160
0.000390155
0.000366911
0.000384877
0.000345951
0.000409033
0.000437631
0.000326934
0.000376528
0.000379333
0.000424026
0.000377537
0.000367088
0.000332587
0.000407481
0.000328195
0.000329371
0.000345214
0.000400138
0.000557828
0.000491793
0.000265630
0.000320660
0.000236483
0.000157364
0.000201418
0.000162371
0.000238349
0.000245397
0.000240969
0.000193740
0.000242129
0.000249914
0.000551747
0.000178707
0.000493024
0.000255588
0.000265358
0.000222624
0.000249569
0.000253825
0.000301716
0.000238209
0.000160315
0.000234956
0.000165419
0.000205481
0.000194435
0.000159918
0.000143557
0.000470185
0.000249337
0.000241282
0.000231883
0.000184496
0.000232665
0.000512864
0.000166117
0.000207327
0.000202311
0.000448229
0.000252431
0.000212573
0.000204138
0.000176903
0.000296588
0.000522294
0.000231518
0.000359548
0.000165196
0.000146614
0.000207421
0.000217133
0.000265316
0.000206316
0.000318334
0.000158011
0.000183732
0.000239107
0.000208100
0.000149620
0.000447806
0.000301389
0.000248047
0.000226761
0.000150859
0.000159138
0.000483343
0.000194515
0.000153146
0.000149465
0.000143834
0.000136489
0.000131252
0.000181389
0.000204843
0.000154793
0.000454210
0.000210791
0.000209986
0.000287189
0.000161799
0.000258442
0.000309000
0.000186127
0.000244822
0.000217801
0.000495930
0.000284825
0.000158365
0.000151433
0.000239613
0.000247343
0.000188610
0.000176490
0.000281001
0.000232415
0.000444119
0.000234962
0.000230622
0.000252383
0.000258870
0.000318387
0.000267481
0.000268332
0.000225758
0.000204616
0.000252297
0.000300567
0.000166161
0.000199906
0.000280672
0.000331019
0.000383134
0.000291081
0.000286831
0.000157268
0.000513328
0.000313840
0.000316381
0.000339727
0.000333924
0.000321455
0.000353073
0.000300141
0.000207276
0.000384536
0.000284886
0.000418177
0.000371729
0.000295279
0.000396328
0.000458420
0.000384108
0.000158614
0.000150661
0.000411649
0.000329711
0.000359172
0.000302414
0.000429721
0.000320727
0.000336725
0.000364396
0.000318245
0.000346561
0.000287557
0.000292442
0.000302489
0.000451478
0.000484120
0.000314262
0.000387181
0.000231184
0.000356542
0.000398864
0.000177935
0.000412710
0.000297126
0.000362839
0.000436332
0.000348123
0.000354508
0.000322599
0.000413150
0.000376746
0.000389543
0.000344578
0.000448554
0.000332642
0.000347407
0.000274608
0.000172015
0.000334774
0.000218874
0.000426743
0.000214235
0.000416347
0.000165596
0.000302177
0.000150539
0.000198257
0.000206259
0.000280945
0.000167663
0.000146350
0.000145631
0.000137204
0.000207810
0.000442873
0.000396133
0.000340748
0.000356984
0.000358410
0.000365737
0.000162428
0.000288679
0.000312691
0.000442189
0.000303325
0.000156349
0.000320978
0.000274636
0.000326558
0.000198132
0.000340179
0.000342904
0.000319600
0.000295123
0.000418418
0.000326711
0.000434327
0.000304803
0.000196041
0.000354539
0.000290824
0.000304212
0.000303307
0.000326285
0.000489167
0.000282032
0.000194636
0.000263671
0.000216502
0.000271457
0.000234075
0.000210002
0.000266906
0.000231008
0.000222776
0.000270412
0.000247746
0.000306678
0.000238010
0.000277413
0.000271997
0.000214339
0.000246388
0.000203357
0.000276944
0.000235534
0.000245936
0.000259016
0.000198095
0.000261111
0.000267184
0.000226273
0.000238923
0.000199249
0.000254669
0.000265654
0.000231679
0.000207265
0.000162740
0.000202623
0.000224284
0.000207823
0.000244458
0.000274508
0.000192798
0.000298172
0.000254105
0.000205959
0.000254585
0.000158182
0.000232467
0.000265534
0.000256103
0.000154414
0.000258750
0.000227442
0.000189419
0.000255206
0.000287920
0.000245483
0.000258774
0.000255083
0.000164717
0.000207621
0.000262882
0.000276634
0.000238461
0.000271506
0.000256017
0.000220883
0.000251680
0.000219079
0.000209983
0.000192824
0.000259741
0.000284599
0.000250552
0.000213350
0.000275152
0.000297733
0.000275724
0.000266495
0.000211773
0.000232200
0.000221307
0.000214023
0.000250341
0.000186749
0.000180377
0.000212347
0.000234575
0.000185249
0.000178123
0.000210544
0.000260036
0.000229526
0.000237681
0.000231820
0.000199442
0.000254825
0.000256190
0.000249084
0.000226669
0.000222618
0.000226552
0.000244056
0.000245580
0.000242196
0.000252079
0.000226933
0.000273229
0.000226237
0.000253254
0.000201976
0.000180222
0.000250243
0.000314939
0.000297229
0.000330606
0.000365903
0.000311255
0.000339665
0.000355075
0.000242980
0.000303800
0.000348412
0.000317368
0.000301432
0.000337555
0.000306543
0.000319726
0.000326195
0.000309116
0.000322603
0.000292819
0.000290752
0.000300239
0.000324956
0.000290587
0.000357747
0.000317528
0.000357747
0.000316052
0.000322939
0.000282524
0.000316952
0.000299537
0.000317338
0.000360898
0.000290364
0.000262455
0.000335883
0.000340340
0.000297113
0.000271455
0.000296034
0.000347388
0.000349223
0.000283607
0.000341450
0.000340533
0.000324304
0.000321772
0.000342494
0.000321600
0.000178770
0.000309399
0.000348468
0.000285615
0.000254833
0.000353627
0.000297201
0.000271982
0.000304917
0.000304718
0.000318648
0.000333322
0.000318350
0.000280078
0.000305808
0.000347358
0.000266881
0.000265520
0.000315504
0.000279542
0.000285383
0.000305781
0.000270744
0.000349485
0.000337472
0.000284198
0.000355599
0.000339929
0.000320839
0.000329556
0.000333049
0.000323853
0.000286241
0.000277350
0.000274080
0.000322092
0.000312734
0.000325285
0.000318062
0.000316939
0.000328576
0.000324647
0.000370303
0.000314789
0.000337073
0.000351605
0.000312852
0.000335716
0.000267745
0.000379655
0.000308524
0.000381161
0.000326425
0.000301913
0.000365929
0.000334203
0.000338035
0.000304770
0.000325543
0.000334340
0.000297877
0.000285576
0.000342175
0.000403994
0.000378620
0.000346699
0.000376062
0.000405879
0.000380549
0.000342947
0.000339986
0.000303233
0.000305039
0.000406060
0.000386060
0.000324983
0.000397585
0.000324788
0.000388136
0.000402341
0.000391519
0.000413488
0.000340678
0.000396115
0.000349641
0.000325385
0.000409411
0.000372572
0.000334562
0.000357321
0.000368407
0.000325486
0.000418424
0.000353710
0.000394291
0.000372176
0.000397977
0.000320302
0.000407752
0.000407819
0.000243577
0.000384215
0.000465922
0.000318856
0.000373737
0.000344331
0.000350256
0.000364734
0.000353929
0.000417209
0.000321597
0.000383418
0.000409318
0.000448271
0.000457052
0.000390849
0.000353943
0.000327909
0.000352946
0.000332254
0.000421811
0.000352232
0.000434122
0.000350964
0.000407795
0.000339308
0.000365662
0.000399029
0.000393464
0.000418362
0.000384838
0.000331852
0.000335236
0.000340015
0.000412271
0.000370762
0.000310623
0.000386472
0.000324890
0.000335094
0.000317430
0.000397930
0.000382946
0.000403805
0.000403243
0.000418983
0.000381357
0.000344081
0.000381311
0.000415089
0.000418715
0.000383081
0.000384095
0.000342229
0.000473011
0.000367412
0.000363517
0.000386477
0.000416483
0.000345652
0.000344203
0.000354814
0.000413818
0.000322341
0.000398893
0.000365025
0.000391698
0.000400743
0.000376039
0.000408811
0.000312570
0.000279758
0.000348411
0.000454101
0.000596835
0.000467241
0.000421435
0.000431689
0.000467006
0.000427357
0.000451129
0.000181434
0.000559261
0.000503537
0.000542083
0.000185417
0.000448803
0.000416071
0.000544474
0.000177844
0.000470527
0.000439343
0.000582272
0.000452740
0.000616416
0.000521054
0.000591650
0.000181591
0.000429929
0.000419251
0.000178107
0.000623396
0.000663767
0.000171114
0.000690411
0.000471501
0.000179289
0.000524357
0.000735284
0.000464649
0.000189992
0.000448349
0.000438896
0.000419087
0.000477980
0.000666662
0.000684823
0.000545003
0.000447849
0.000428139
0.000446612
0.000519741
0.000186508
0.000514273
0.000471298
0.000405232
0.000174886
0.000544685
0.000413025
0.000442485
0.000473606
0.000420527
0.000176088
0.000476891
0.000398369
0.000424535
0.000524220
0.000435155
0.000189721
0.000169383
0.000151890
0.000506462
0.000179708
0.000621695
0.000456995
0.000553200
0.000180794
0.000519826
0.000476107
0.000414218
0.000465529
0.000454832
0.000442086
0.000179909
0.000424800
0.000438320
0.000458310
0.000173258
0.000530564
0.000375394
0.000387699
0.000418251
0.000462927
0.000587032
0.000478107
0.000644064
0.000201335
0.000533459
0.000487158
0.000623529
0.000491565
0.000177024
0.000614101
0.000245060
0.000201944
0.000507022
0.000464238
0.000574219
0.000473544
0.000524191
0.000451196
0.000492420
0.000185401
0.000485395
0.000319441
0.000195625
0.000209358
0.000270255
0.000196538
0.000263497
0.000241701
0.000262857
0.000248518
0.000260588
0.000234754
0.000262862
0.000230401
0.000213168
0.000251556
0.000325166
0.000256166
0.000211687
0.000211159
0.000277863
0.000218296
0.000202973
0.000290599
0.000254195
0.000228158
0.000225779
0.000223200
0.000274172
0.000249822
0.000226408
0.000204341
0.000200030
0.000238900
0.000189528
0.000202004
0.000327539
0.000217516
0.000203270
0.000187843
0.000212178
0.000208632
0.000274804
0.000252031
0.000198628
0.000284369
0.000244402
0.000276005
0.000219203
0.000196381
0.000211185
0.000239117
0.000240043
0.000196093
0.000269308
0.000203462
0.000208218
0.000252979
0.000269265
0.000235437
0.000257752
0.000206267
0.000239469
0.000221271
0.000240167
0.000160406
0.000265417
0.000225305
0.000259093
0.000240367
0.000259194
0.000279369
0.000273452
0.000234707
0.000197536
0.000254641
0.000249262
0.000246423
0.000281348
0.000290811
0.000210417
0.000210757
0.000297551
0.000269908
0.000215450
0.000273907
0.000219233
0.000286808
0.000206073
0.000187120
0.000260113
0.000265017
0.000258212
0.000262580
0.000280670
0.000227772
0.000207318
0.000222459
0.000227259
0.000294937
0.000276141
0.000270155
0.000242708
0.000237196
0.000231743
0.000226752
0.000165431
0.000236387
0.000198924
0.000228413
0.000259437
0.000210512
0.000273853
0.000255712
0.000293464
0.000334751
0.000313332
0.000206733
0.000328726
0.000214661
0.000260864
0.000314679
0.000292333
0.000340663
0.000334166
0.000281156
0.000348541
0.000338038
0.000311589
0.000339500
0.000310773
0.000353046
0.000314683
0.000405717
0.000323242
0.000294826
0.000331982
0.000384460
0.000309511
0.000360051
0.000352311
0.000352610
0.000350748
0.000300779
0.000284127
0.000371436
0.000301054
0.000331528
0.000315768
0.000217203
0.000305562
0.000293230
0.000266233
0.000316603
0.000395825
0.000322759
0.000353138
0.000316034
0.000299846
0.000323979
0.000322997
0.000317143
0.000315673
0.000347436
0.000271209
0.000309415
0.000236608
0.000349937
0.000336411
0.000302801
0.000338057
0.000293849
0.000296773
0.000219569
0.000325486
0.000324286
0.000330774
0.000343346
0.000341270
0.000390596
0.000317973
0.000369190
0.000321673
0.000253179
0.000300728
0.000357287
0.000346148
0.000335782
0.000298976
0.000360769
0.000378013
0.000299141
0.000359868
0.000298128
0.000234373
0.000309023
0.000375264
0.000228520
0.000314550
0.000344392
0.000248955
0.000388729
0.000329736
0.000366608
0.000318531
0.000287980
0.000342902
0.000310722
0.000347178
0.000317829
0.000319572
0.000331360
0.000323942
0.000309051
0.000342995
0.000274545
0.000210380
0.000358317
0.000309809
0.000307483
0.000309450
0.000293953
0.000300996
0.000333188
0.000455376
0.000412216
0.000287441
0.000427946
0.000377671
0.000335017
0.000298060
0.000332615
0.000275752
0.000320173
0.000410632
0.000389888
0.000383141
0.000415387
0.000401783
0.000360985
0.000322604
0.000419177
0.000373754
0.000346858
0.000383058
0.000456166
0.000415227
0.000362982
0.000352611
0.000406233
0.000380888
0.000370324
0.000390720
0.000327630
0.000297305
0.000320565
0.000391603
0.000339563
0.000365775
0.000301627
0.000393940
0.000352883
0.000341179
0.000344942
0.000269788
0.000323636
0.000269736
0.000386498
0.000455566
0.000329025
0.000326678
0.000404784
0.000395226
0.000394622
0.000410527
0.000468394
0.000459511
0.000296049
0.000423709
0.000378347
0.000358903
0.000371802
0.000423246
0.000330081
0.000386091
0.000358008
0.000364583
0.000382595
0.000326835
0.000351744
0.000480269
0.000426899
0.000380957
0.000424800
0.000391071
0.000299340
0.000348901
0.000330387
0.000352495
0.000354031
0.000291728
0.000264162
0.000424008
0.000405549
0.000371712
0.000419698
0.000379005
0.000344453
0.000395921
0.000268987
0.000382034
0.000444871
0.000442199
0.000385488
0.000417959
0.000403959
0.000386663
0.000456107
0.000404216
0.000453056
0.000419581
0.000366517
0.000261472
0.000375612
0.000360550
0.000426077
0.000340700
0.000447446
0.000374862
0.000324185
0.000428629
0.000377717
0.000452083
0.000441361
0.000184227
0.000477132
0.000496489
0.000464185
0.000476366
0.000533456
0.000598213
0.000561890
0.000200198
0.000535624
0.000323462
0.000705919
0.000400196
0.000424370
0.000528838
0.000399472
0.000504538
0.000474054
0.000420245
0.000274256
0.000290740
0.000513625
0.000174100
0.000397473
0.000453426
0.000506000
0.000290603
0.000399108
0.000507422
0.000286629
0.000567864
0.000525054
0.000171876
0.000429545
0.000414235
0.000161221
0.000286297
0.000449710
0.000189419
0.000574174
0.000528832
0.000554280
0.000306687
0.000502360
0.000447981
0.000423705
0.000408297
0.000441011
0.000180824
0.000322609
0.000275650
0.000507107
0.000420735
0.000432650
0.000433014
0.000514236
0.000528212
0.000393995
0.000457716
0.000180133
0.000562010
0.000432805
0.000563705
0.000555193
0.000458049
0.000408080
0.000473930
0.000471538
0.000575817
0.000484652
0.000715361
0.000453792
0.000495459
0.000520287
0.000448691
0.000556666
0.000457117
0.000677430
0.000497667
0.000180112
0.000514520
0.000393788
0.000470245
0.000184700
0.000486454
0.000196682
0.000165145
0.000445675
0.000315724
0.000429277
0.000468511
0.000174181
0.000152770
0.000148396
0.000552729
0.000450648
0.000660300
0.000431973
0.000280312
0.000447002
0.000462102
0.000447958
0.000392677
0.000444012
0.000580971
0.000542572
0.000422096
0.000552321
0.000449517
0.000433775
0.000401955
0.000205695
0.000228826
0.000243299
0.000290731
0.000258735
0.000296272
0.000259048
0.000239699
0.000232508
0.000225175
0.000250103
0.000226902
0.000254637
0.000174310
0.000305678
0.000260620
0.000237010
0.000261630
0.000223187
0.000367947
0.000304052
0.000267194
0.000270129
0.000210656
0.000217506
0.000292497
0.000202047
0.000184137
0.000192827
0.000273926
0.000244233
0.000220562
0.000294455
0.000252334
0.000223769
0.000263905
0.000340590
0.000233714
0.000197849
0.000206899
0.000332580
0.000193079
0.000209309
0.000286459
0.000217709
0.000280048
0.000203357
0.000256050
0.000251246
0.000248645
0.000251990
0.000295040
0.000289306
0.000203546
0.000235418
0.000233082
0.000218720
0.000166520
0.000370027
0.000225232
0.000256426
0.000227913
0.000244573
0.000215614
0.000246876
0.000178643
0.000285647
0.000227247
0.000241561
0.000243440
0.000353868
0.000225082
0.000289510
0.000223564
0.000234579
0.000226145
0.000224618
0.000264955
0.000250642
0.000252146
0.000272614
0.000285312
0.000254685
0.000289386
0.000206449
0.000284721
0.000215029
0.000250057
0.000216206
0.000232019
0.000221992
0.000282575
0.000215973
0.000265976
0.000253755
0.000353567
0.000272805
0.000286093
0.000290422
0.000257288
0.000310968
0.000320014
0.000221717
0.000249338
0.000211352
0.000202302
0.000260861
0.000208192
0.000170430
0.000233012
0.000296079
0.000290725
0.000279366
0.000348112
0.000296641
0.000339956
0.000328756
0.000322913
0.000272768
0.000283059
0.000289076
0.000320636
0.000318598
0.000322655
0.000289548
0.000365344
0.000355462
0.000299027
0.000276672
0.000328636
0.000342485
0.000300743
0.000279672
0.000359335
0.000342290
0.000316640
0.000298505
0.000291238
0.000323778
0.000263966
0.000330791
0.000326080
0.000308801
0.000272959
0.000338831
0.000330755
0.000309149
0.000280793
0.000333021
0.000297376
0.000332045
0.000290126
0.000336400
0.000296864
0.000305879
0.000368131
0.000320607
0.000314374
0.000347493
0.000371490
0.000367748
0.000339715
0.000331250
0.000305090
0.000278366
0.000331207
0.000316978
0.000272774
0.000329403
0.000282480
0.000271983
0.000334828
0.000279667
0.000319934
0.000300853
0.000280648
0.000259625
0.000327345
0.000305863
0.000312180
0.000303332
0.000288716
0.000296564
0.000337716
0.000284967
0.000322453
0.000337869
0.000279980
0.000293492
0.000314373
0.000276727
0.000328067
0.000336382
0.000335482
0.000308769
0.000315313
0.000274692
0.000272612
0.000314534
0.000277246
0.000303084
0.000276776
0.000291823
0.000278187
0.000308828
0.000286636
0.000261813
0.000327694
0.000273152
0.000294951
0.000343504
0.000312626
0.000331849
0.000272670
0.000308668
0.000334069
0.000331345
0.000362759
0.000344293
0.000299860
0.000338173
0.000277866
0.000319762
0.000333515
0.000398522
0.000381542
0.000359740
0.000379181
0.000415077
0.000412118
0.000366468
0.000380769
0.000324439
0.000354829
0.000333449
0.000358704
0.000377268
0.000337107
0.000317066
0.000364701
0.000335539
0.000364850
0.000367561
0.000338148
0.000329094
0.000376750
0.000380236
0.000322443
0.000359777
0.000336614
0.000354201
0.000368015
0.000329457
0.000340466
0.000336489
0.000350933
0.000344243
0.000381071
0.000342695
0.000379938
0.000349110
0.000334335
0.000392133
0.000366133
0.000363379
0.000323487
0.000325096
0.000372120
0.000357741
0.000361401
0.000313612
0.000337016
0.000348018
0.000322375
0.000362084
0.000334574
0.000325363
0.000327424
0.000336930
0.000337310
0.000326691
0.000332383
0.000318311
0.000349797
0.000337971
0.000364725
0.000354315
0.000318879
0.000350910
0.000339780
0.000372347
0.000358828
0.000335935
0.000379997
0.000399873
0.000356656
0.000359788
0.000353970
0.000339288
0.000372512
0.000348127
0.000348853
0.000332006
0.000334462
0.000348653
0.000385465
0.000350952
0.000342290
0.000360185
0.000335324
0.000340673
0.000364701
0.000347998
0.000340964
0.000343684
0.000376291
0.000343940
0.000378559
0.000364515
0.000359259
0.000361458
0.000410245
0.000380308
0.000378864
0.000362473
0.000432013
0.000355978
0.000322575
0.000330015
0.000328282
0.000354890
0.000366019
0.000327826
0.000372210
0.000475941
0.000467378
0.000428413
0.000390740
0.000405507
0.000451455
0.000391358
0.000411025
0.000457547
0.000412287
0.000468701
0.000475223
0.000381433
0.000391044
0.000404598
0.000425675
0.000417995
0.000379265
0.000359849
0.000372761
0.000383565
0.000417826
0.000461238
0.000398469
0.000374462
0.000400571
0.000425320
0.000385661
0.000431666
0.000459873
0.000425083
0.000390943
0.000355829
0.000431792
0.000384716
0.000416018
0.000441196
0.000383180
0.000351090
0.000457188
0.000390339
0.000408926
0.000436201
0.000403687
0.000399517
0.000411080
0.000428392
0.000389251
0.000392210
0.000456168
0.000424494
0.000448943
0.000403416
0.000481860
0.000436660
0.000447587
0.000441156
0.000438968
0.000397768
0.000380033
0.000403393
0.000426256
0.000204049
0.000453518
0.000424432
0.000382768
0.000359883
0.000419991
0.000450723
0.000458862
0.000427955
0.000414609
0.000513184
0.000511852
0.000490357
0.000523473
0.000405120
0.000430277
0.000487449
0.000446782
0.000416523
0.000592193
0.000431674
0.000389384
0.000455300
0.000417130
0.000440645
0.000397089
0.000477527
0.000411694
0.000394283
0.000488139
0.000392753
0.000434808
0.000397108
0.000405733
0.000388068
0.000369733
0.000387920
0.000400077
0.000386705
0.000428254
0.000453509
0.000496552
0.000429585
0.000414254
0.000374905
0.000516555
0.000378096
0.000445171
0.000445595
0.000541752
0.000492030
0.000516516
0.000505880
0.000441509
0.000425032
0.000477625
0.000534004
0.000490821
0.000250788
0.000226519
0.000522939
0.000442921
0.000459195
0.000496660
0.000512333
0.000437775
0.000429441
0.000445864
0.000455217
0.000493336
0.000462994
0.000540194
0.000398649
0.000455098
0.000507497
0.000521191
0.000434901
0.000511707
0.000395694
0.000419231
0.000440240
0.000295943
0.000484780
0.000463246
0.000241687
0.000460830
0.000449053
0.000487426
0.000470972
0.000461776
0.000451508
0.000463875
0.000492528
0.000432187
0.000448164
0.000427323
0.000232502
0.000516393
0.000488389
0.000424369
0.000485111
0.000484011
0.000509034
0.000215302
0.000573556
0.000478504
0.000456688
0.000422268
0.000482402
0.000432428
0.000436033
0.000421303
0.000539496
0.000410473
0.000537296
0.000520321
0.000469462
0.000554869
0.000554721
0.000499022
0.000477231
0.000524107
0.000582449
0.000526575
0.000501502
0.000462873
0.000470333
0.000500559
0.000233724
0.000441304
0.000440017
0.000493981
0.000450469
0.000414547
0.000226129
0.000214968
0.000441860
0.000215794
0.000442706
0.000509514
0.000470342
0.000424586
0.000396678
0.000407489
0.000481462
0.000453853
0.000479027
0.000449755
0.000422791
0.000426367
0.000497481
0.000502605
0.000496743
0.000479346
0.000465999
0.000443807
0.000415414
0.000497730
0.000186797
0.000511876
0.000497626
0.000523564
0.000499173
0.000464709
0.000321956
0.000508817
0.000486523
0.000522695
0.000536653
0.000496906
0.000474125
0.000563369
0.000520250
0.000292438
0.000485533
0.000634377
0.000511460
0.000608675
0.000306695
0.000570310
0.000538356
0.000457774
0.000485043
0.000571918
0.000606965
0.000488943
0.000457642
0.000502784
0.000471564
0.000473131
0.000463001
0.000518735
0.000612806
0.000491634
0.000516331
0.000487907
0.000295672
0.000443099
0.000517158
0.000464686
0.000506584
0.000527259
0.000490249
0.000515380
0.000529282
0.000538931
0.000496506
0.000514281
0.000460770
0.000504053
0.000494622
0.000612846
0.000290084
0.000552145
0.000499770
0.000519135
0.000467430
0.000457311
0.000515219
0.000457927
0.000483213
0.000476449
0.000478837
0.000449973
0.000526549
0.000499717
0.000484365
0.000472534
0.000515948
0.000563486
0.000511814
0.000513248
0.000481844
0.000292810
0.000266515
0.000472976
0.000590548
0.000470284
0.000501710
0.000207540
0.000516203
0.000465485
0.000513622
0.000284522
0.000452289
0.000451029
0.000508573
0.000477239
0.000621518
0.000551899
0.000524852
0.000259210
0.000587423
0.000474572
0.000515954
0.000483378
0.000487007
0.000458125
0.000298558
0.000477939
0.000498140
0.000502249
0.000511363
0.000475505
0.000443495
0.000430716
0.000490853
0.000459129
0.000558947
0.000495991
